# Original VFX mesh; Unity Y-up, +Z forward
o Beast
v -0.0221354309 0.208884463 -0.07164868
v -0.0221354309 0.2123329 -0.07164868
v -0.0221354309 0.207787409 -0.07164868
v -0.0221354309 0.2073362 -0.07164868
v -0.0221354309 0.207787409 -0.07164868
v -0.0221354309 0.2123329 -0.07164868
v -0.0221354309 0.208884463 -0.07164868
v -0.0221354309 0.205436036 -0.07164868
v -0.0221354309 0.209981516 -0.07164868
v -0.0221354309 0.210432753 -0.07164868
v -0.0221354309 0.209981516 -0.07164868
v -0.0221354309 0.205436036 -0.07164868
v -0.0221354309 0.208884463 -0.07164868
v 0.0345625877 0.196118459 -0.07164868
v 0.0268656667 0.1957593 -0.0119236736
v 0.005395258 0.1910697 0.0290187057
v -0.0221354328 0.195046842 0.0473137572
v -0.05068446 0.1973525 0.0327423029
v -0.07061076 0.193886518 -0.012564485
v -0.07784831 0.193079442 -0.0716486946
v -0.0704850256 0.193438634 -0.130579621
v -0.0508101843 0.198128209 -0.176499411
v -0.0221354309 0.194151089 -0.18999812
v 0.005520988 0.191845432 -0.17277582
v 0.0267399363 0.195311412 -0.1312204
v 0.0345625877 0.196118459 -0.0716486648
v 0.081223 0.153283909 -0.07164868
v 0.06661289 0.152158588 0.03652226
v 0.0298823379 0.154149145 0.118557021
v -0.0221354347 0.155274466 0.149841145
v -0.07440106 0.154782534 0.119463257
v -0.110140212 0.151061535 0.035616003
v -0.126485243 0.1545507 -0.0716487
v -0.113267705 0.155676 -0.182725281
v -0.07397176 0.15368548 -0.261190951
v -0.02213543 0.15256016 -0.288654
v 0.0294530578 0.153052092 -0.2602847
v 0.06974041 0.156773061 -0.183631524
v 0.08122299 0.153283909 -0.07164864
v 0.11187163 0.09214113 -0.07164868
v 0.0947479457 0.09264829 0.070814684
v 0.04718227 0.09459078 0.181815088
v -0.0221354365 0.09258502 0.21302563
v -0.08924251 0.09225073 0.173731789
v -0.139544562 0.0929696038 0.0714555159
v -0.159512252 0.0939246342 -0.0716487
v -0.140277386 0.09341749 -0.215646073
v -0.08850966 0.09147499 -0.314349532
v -0.02213543 0.09348076 -0.359895855
v 0.0464494228 0.09381505 -0.322432816
v 0.0954807848 0.09309617 -0.215005189
v 0.11187163 0.09214113 -0.071648635
v 0.125727862 0.0212148111 -0.07164868
v 0.106223755 0.0212148111 0.08480197
v 0.0515483655 0.0212148111 0.197779968
v -0.0221354365 0.0212148111 0.233763278
v -0.09532355 0.0212148111 0.1959674
v -0.151981682 0.0212148111 0.08661452
v -0.168015957 0.0212148111 -0.0716487
v -0.148165837 0.0212148111 -0.225260913
v -0.09532352 0.0212148111 -0.33926478
v -0.02213543 0.0212148111 -0.3863625
v 0.05154835 0.0212148111 -0.341077328
v 0.10240794 0.0212148111 -0.223448321
v 0.125727862 0.0212148111 -0.07164863
v 0.1159424 -0.0518660471 -0.07164868
v 0.09548078 -0.05066654 0.0717079
v 0.04441406 -0.04923088 0.171693012
v -0.0221354365 -0.0510511361 0.216598511
v -0.09054505 -0.05119991 0.1784946
v -0.140277386 -0.05098786 0.07234873
v -0.155441478 -0.04934047 -0.0716487
v -0.139544562 -0.05053998 -0.214752853
v -0.09127787 -0.0519756451 -0.3244716
v -0.02213543 -0.05015539 -0.356322974
v 0.0451468825 -0.05000661 -0.317669958
v 0.0947479755 -0.0502186641 -0.214111969
v 0.1159424 -0.0518660471 -0.071648635
v 0.081223 -0.110854268 -0.07164868
v 0.06704217 -0.110362336 0.0370454863
v 0.0294530634 -0.110622436 0.11698731
v -0.0221354347 -0.114111587 0.151934072
v -0.07397178 -0.111255832 0.117893547
v -0.1105695 -0.109265283 0.0361392424
v -0.126485243 -0.112121053 -0.0716487
v -0.112838417 -0.11261297 -0.182202056
v -0.07440104 -0.112352885 -0.262760639
v -0.02213543 -0.108863734 -0.286561072
v 0.0298823379 -0.111719489 -0.26185438
v 0.06931111 -0.113710023 -0.183108285
v 0.081223 -0.110854268 -0.07164864
v 0.0328764 -0.148487315 -0.07164868
v 0.0267399065 -0.1528818 -0.0120769525
v 0.00636405824 -0.154617339 0.03256117
v -0.0221354328 -0.151721463 0.0467007048
v -0.0499671 -0.150497079 0.030119231
v -0.070485 -0.151009008 -0.012717763
v -0.07953444 -0.155851364 -0.0716486946
v -0.07061074 -0.151456878 -0.130732834
v -0.0498413555 -0.149721339 -0.172956839
v -0.0221354309 -0.152617216 -0.190611064
v 0.00623832224 -0.153841615 -0.175398782
v 0.0268656481 -0.15332967 -0.131373629
v 0.0328764 -0.148487315 -0.0716486648
v -0.0221354421 -0.166454822 -0.07164868
v -0.02213544 -0.1686365 -0.0716486946
v -0.0221354365 -0.167551875 -0.0716487
v -0.0221354309 -0.162373 -0.0716487
v -0.0221354235 -0.167551875 -0.0716487
v -0.02213542 -0.1686365 -0.0716486946
v -0.0221354179 -0.166454822 -0.07164868
v -0.02213542 -0.164273173 -0.07164867
v -0.0221354235 -0.165357769 -0.07164866
v -0.0221354309 -0.170536637 -0.07164865
v -0.0221354365 -0.165357769 -0.07164866
v -0.02213544 -0.164273173 -0.07164867
v -0.0221354421 -0.166454822 -0.07164868
v -0.0221354309 0.225203574 0.181297362
v -0.0221354309 0.225203574 0.181297362
v -0.0221354309 0.225203574 0.181297362
v -0.0221354309 0.225203574 0.181297362
v -0.0221354309 0.225203574 0.181297362
v -0.0221354309 0.225203574 0.181297362
v -0.0221354309 0.225203574 0.181297362
v -0.0221354309 0.225203574 0.181297362
v -0.0221354309 0.225203574 0.181297362
v -0.0221354309 0.225203574 0.181297362
v -0.0221354309 0.225203574 0.181297362
v 0.0451301932 0.205810383 0.181297362
v 0.0322836041 0.205810383 0.222916037
v -0.00134921039 0.205810383 0.2486378
v -0.0429216623 0.205810383 0.2486378
v -0.07655447 0.205810383 0.222916037
v -0.08940105 0.205810383 0.181297347
v -0.0765544549 0.205810383 0.139678657
v -0.04292166 0.205810383 0.113956928
v -0.00134920119 0.205810383 0.113956928
v 0.0322836041 0.205810383 0.139678687
v 0.0451301932 0.205810383 0.181297377
v 0.09907303 0.151471868 0.181297362
v 0.07592428 0.151471868 0.256291628
v 0.0153200421 0.151471868 0.302640617
v -0.05959093 0.151471868 0.302640617
v -0.120195143 0.151471868 0.2562916
v -0.1433439 0.151471868 0.181297347
v -0.120195113 0.151471868 0.106303066
v -0.0595909134 0.151471868 0.0599540956
v 0.0153200608 0.151471868 0.0599540956
v 0.07592428 0.151471868 0.106303088
v 0.09907303 0.151471868 0.181297392
v 0.129009053 0.07295045 0.181297362
v 0.100143023 0.07295045 0.274813682
v 0.02457078 0.07295045 0.332609951
v -0.068841666 0.07295045 0.332609951
v -0.144413888 0.07295045 0.274813682
v -0.173279911 0.07295045 0.181297347
v -0.144413844 0.07295045 0.0877810046
v -0.06884166 0.07295045 0.02998478
v 0.0245708 0.07295045 0.02998478
v 0.100143023 0.07295045 0.0877810344
v 0.129009053 0.07295045 0.181297392
v 0.129009053 -0.0142017482 0.181297362
v 0.100143023 -0.0142017482 0.274813682
v 0.02457078 -0.0142017482 0.332609951
v -0.068841666 -0.0142017482 0.332609951
v -0.144413888 -0.0142017482 0.274813682
v -0.173279911 -0.0142017482 0.181297347
v -0.144413844 -0.0142017482 0.0877810046
v -0.06884166 -0.0142017482 0.02998478
v 0.0245708 -0.0142017482 0.02998478
v 0.100143023 -0.0142017482 0.0877810344
v 0.129009053 -0.0142017482 0.181297392
v 0.09907302 -0.09272317 0.181297362
v 0.07592427 -0.09272317 0.2562916
v 0.0153200394 -0.09272317 0.302640617
v -0.05959092 -0.09272317 0.3026406
v -0.120195135 -0.09272317 0.2562916
v -0.143343881 -0.09272317 0.181297347
v -0.120195113 -0.09272317 0.106303066
v -0.0595909134 -0.09272317 0.059954118
v 0.0153200543 -0.09272317 0.059954118
v 0.07592426 -0.09272317 0.106303088
v 0.09907302 -0.09272317 0.181297392
v 0.0451301746 -0.147061646 0.181297362
v 0.0322835855 -0.147061646 0.222916037
v -0.001349218 -0.147061646 0.248637766
v -0.0429216549 -0.147061646 0.248637766
v -0.0765544549 -0.147061646 0.222916
v -0.08940104 -0.147061646 0.181297347
v -0.07655443 -0.147061646 0.139678672
v -0.0429216474 -0.147061646 0.113956958
v -0.00134920736 -0.147061646 0.113956958
v 0.0322835855 -0.147061646 0.1396787
v 0.0451301746 -0.147061646 0.181297377
v -0.022135444 -0.1664548 0.181297362
v -0.02213544 -0.1664548 0.181297347
v -0.0221354347 -0.1664548 0.181297347
v -0.0221354254 -0.1664548 0.181297347
v -0.02213542 -0.1664548 0.181297347
v -0.022135416 -0.1664548 0.181297362
v -0.02213542 -0.1664548 0.181297377
v -0.0221354254 -0.1664548 0.181297377
v -0.0221354347 -0.1664548 0.181297377
v -0.02213544 -0.1664548 0.181297377
v -0.022135444 -0.1664548 0.181297362
v -0.0221354309 0.278240651 0.3363288
v -0.0221354309 0.278240651 0.3363288
v -0.0221354309 0.278240651 0.3363288
v -0.0221354309 0.278240651 0.3363288
v -0.0221354309 0.278240651 0.3363288
v -0.0221354309 0.278240651 0.3363288
v -0.0221354309 0.278240651 0.3363288
v -0.0221354309 0.278240651 0.3363288
v -0.0221354309 0.278240651 0.3363288
v -0.0221354309 0.278240651 0.3363288
v -0.0221354309 0.278240651 0.3363288
v -0.0221354309 0.278240651 0.3363288
v -0.0221354309 0.278240651 0.3363288
v 0.0371925421 0.267371237 0.3363288
v 0.0292440988 0.267371237 0.358967125
v 0.00752855232 0.267371237 0.3755395
v -0.0221354328 0.267371237 0.381605417
v -0.0517994165 0.267371237 0.3755395
v -0.07351496 0.267371237 0.358967125
v -0.081463404 0.267371237 0.3363288
v -0.07351496 0.267371237 0.3136905
v -0.05179941 0.267371237 0.297118127
v -0.0221354309 0.267371237 0.291052222
v 0.00752854953 0.267371237 0.297118127
v 0.02924411 0.267371237 0.313690543
v 0.0371925421 0.267371237 0.3363288
v 0.08748835 0.236417815 0.3363288
v 0.0728015453 0.236417815 0.378158957
v 0.0326764546 0.236417815 0.408780754
v -0.0221354347 0.236417815 0.4199891
v -0.07694733 0.236417815 0.408780754
v -0.117072411 0.236417815 0.378158957
v -0.131759211 0.236417815 0.3363288
v -0.117072411 0.236417815 0.294498682
v -0.07694731 0.236417815 0.263876915
v -0.02213543 0.236417815 0.25266856
v 0.03267645 0.236417815 0.263876915
v 0.07280157 0.236417815 0.2944987
v 0.08748835 0.236417815 0.336328834
v 0.12109495 0.1900927 0.3363288
v 0.101905711 0.1900927 0.3909825
v 0.0494797528 0.1900927 0.430991828
v -0.0221354365 0.1900927 0.4456362
v -0.0937506258 0.1900927 0.430991828
v -0.146176577 0.1900927 0.3909825
v -0.165365815 0.1900927 0.3363288
v -0.146176577 0.1900927 0.28167513
v -0.0937506 0.1900927 0.24166584
v -0.02213543 0.1900927 0.227021441
v 0.04947974 0.1900927 0.24166584
v 0.101905733 0.1900927 0.28167516
v 0.12109495 0.1900927 0.336328834
v 0.132896021 0.135448515 0.3363288
v 0.112125739 0.135448515 0.39548555
v 0.0553802848 0.135448515 0.438791275
v -0.0221354365 0.135448515 0.4546423
v -0.0996511653 0.135448515 0.438791275
v -0.1563966 0.135448515 0.39548555
v -0.177166879 0.135448515 0.3363288
v -0.1563966 0.135448515 0.2771721
v -0.09965114 0.135448515 0.233866334
v -0.02213543 0.135448515 0.218015358
v 0.05538028 0.135448515 0.233866334
v 0.112125762 0.135448515 0.277172118
v 0.132896021 0.135448515 0.336328834
v 0.12109495 0.0808043256 0.3363288
v 0.101905711 0.0808043256 0.3909825
v 0.0494797528 0.0808043256 0.430991828
v -0.0221354365 0.0808043256 0.4456362
v -0.0937506258 0.0808043256 0.430991828
v -0.146176577 0.0808043256 0.3909825
v -0.165365815 0.0808043256 0.3363288
v -0.146176577 0.0808043256 0.28167513
v -0.0937506 0.0808043256 0.24166584
v -0.02213543 0.0808043256 0.227021441
v 0.04947974 0.0808043256 0.24166584
v 0.101905733 0.0808043256 0.28167516
v 0.12109495 0.0808043256 0.336328834
v 0.08748835 0.0344792455 0.3363288
v 0.0728015453 0.0344792455 0.378158957
v 0.0326764546 0.0344792455 0.408780754
v -0.0221354347 0.0344792455 0.4199891
v -0.07694733 0.0344792455 0.408780754
v -0.117072411 0.0344792455 0.378158957
v -0.131759211 0.0344792455 0.3363288
v -0.117072411 0.0344792455 0.294498682
v -0.07694731 0.0344792455 0.263876915
v -0.02213543 0.0344792455 0.25266856
v 0.03267645 0.0344792455 0.263876915
v 0.07280157 0.0344792455 0.2944987
v 0.08748835 0.0344792455 0.336328834
v 0.0371925123 0.00352579751 0.3363288
v 0.0292440727 0.00352579751 0.3589671
v 0.007528537 0.00352579751 0.375539482
v -0.0221354328 0.00352579751 0.3816054
v -0.0517994054 0.00352579751 0.375539482
v -0.07351493 0.00352579751 0.3589671
v -0.0814633742 0.00352579751 0.3363288
v -0.07351493 0.00352579751 0.313690543
v -0.0517993979 0.00352579751 0.297118157
v -0.0221354309 0.00352579751 0.291052252
v 0.007528537 0.00352579751 0.297118157
v 0.0292440858 0.00352579751 0.313690543
v 0.0371925123 0.00352579751 0.3363288
v -0.022135444 -0.00734359771 0.3363288
v -0.0221354421 -0.00734359771 0.3363288
v -0.0221354365 -0.00734359771 0.3363288
v -0.0221354309 -0.00734359771 0.3363288
v -0.0221354235 -0.00734359771 0.3363288
v -0.0221354179 -0.00734359771 0.3363288
v -0.022135416 -0.00734359771 0.3363288
v -0.0221354179 -0.00734359771 0.3363288
v -0.0221354235 -0.00734359771 0.3363288
v -0.0221354309 -0.00734359771 0.3363288
v -0.0221354365 -0.00734359771 0.3363288
v -0.0221354421 -0.00734359771 0.3363288
v -0.022135444 -0.00734359771 0.3363288
v -0.0221354309 0.139528289 0.43832323
v -0.0221354309 0.139528289 0.43832323
v -0.0221354309 0.139528289 0.43832323
v -0.0221354309 0.139528289 0.43832323
v -0.0221354309 0.139528289 0.43832323
v -0.0221354309 0.139528289 0.43832323
v -0.0221354309 0.139528289 0.43832323
v -0.0221354309 0.139528289 0.43832323
v -0.0221354309 0.139528289 0.43832323
v 0.0402133875 0.127840772 0.43832323
v 0.0219518375 0.127840772 0.462740749
v -0.0221354328 0.127840772 0.472854823
v -0.0662227 0.127840772 0.462740749
v -0.08448425 0.127840772 0.43832323
v -0.0662227 0.127840772 0.4139056
v -0.0221354309 0.127840772 0.403791517
v 0.0219518561 0.127840772 0.41390568
v 0.0402133875 0.127840772 0.43832323
v 0.07874708 0.09724246 0.43832323
v 0.0491992757 0.09724246 0.477831632
v -0.0221354347 0.09724246 0.494196624
v -0.09347014 0.09724246 0.477831632
v -0.123017944 0.09724246 0.43832323
v -0.09347013 0.09724246 0.398814738
v -0.02213543 0.09724246 0.3824498
v 0.0491993 0.09724246 0.398814738
v 0.07874708 0.09724246 0.43832323
v 0.07874707 0.059420865 0.43832323
v 0.0491992719 0.059420865 0.477831632
v -0.0221354347 0.059420865 0.494196624
v -0.0934701338 0.059420865 0.477831632
v -0.123017944 0.059420865 0.43832323
v -0.09347012 0.059420865 0.398814738
v -0.02213543 0.059420865 0.3824498
v 0.0491992943 0.059420865 0.398814738
v 0.07874707 0.059420865 0.43832323
v 0.0402133837 0.0288225561 0.43832323
v 0.0219518337 0.0288225561 0.462740749
v -0.0221354328 0.0288225561 0.472854823
v -0.0662227 0.0288225561 0.462740749
v -0.08448424 0.0288225561 0.43832323
v -0.06622269 0.0288225561 0.4139056
v -0.0221354309 0.0288225561 0.403791517
v 0.0219518524 0.0288225561 0.41390568
v 0.0402133837 0.0288225561 0.43832323
v -0.02213544 0.01713504 0.43832323
v -0.0221354365 0.01713504 0.43832323
v -0.0221354309 0.01713504 0.43832323
v -0.0221354235 0.01713504 0.43832323
v -0.0221354216 0.01713504 0.43832323
v -0.0221354235 0.01713504 0.43832323
v -0.0221354309 0.01713504 0.43832323
v -0.0221354365 0.01713504 0.43832323
v -0.02213544 0.01713504 0.43832323
v -0.0221354309 0.117497511 0.487280458
v -0.0221354309 0.117497511 0.487280458
v -0.0221354309 0.117497511 0.487280458
v -0.0221354309 0.117497511 0.487280458
v -0.0221354309 0.117497511 0.487280458
v -0.0221354309 0.117497511 0.487280458
v -0.0221354309 0.117497511 0.487280458
v 0.00671293633 0.110805862 0.487280458
v -0.00771124847 0.110805862 0.496274471
v -0.0365596153 0.110805862 0.496274471
v -0.0509837978 0.110805862 0.487280458
v -0.0365596078 0.110805862 0.478286445
v -0.00771125033 0.110805862 0.478286445
v 0.00671293633 0.110805862 0.487280458
v 0.01866232 0.0946507752 0.487280458
v -0.00173655688 0.0946507752 0.5
v -0.04253431 0.0946507752 0.5
v -0.06293318 0.0946507752 0.487280458
v -0.0425343029 0.0946507752 0.474561036
v -0.00173655839 0.0946507752 0.474561036
v 0.01866232 0.0946507752 0.487280458
v 0.00671293633 0.07849569 0.487280458
v -0.00771124847 0.07849569 0.496274471
v -0.0365596153 0.07849569 0.496274471
v -0.0509837978 0.07849569 0.487280458
v -0.0365596078 0.07849569 0.478286445
v -0.00771125033 0.07849569 0.478286445
v 0.00671293633 0.07849569 0.487280458
v -0.0221354328 0.07180404 0.487280458
v -0.0221354309 0.07180404 0.487280458
v -0.02213543 0.07180404 0.487280458
v -0.0221354272 0.07180404 0.487280458
v -0.02213543 0.07180404 0.487280458
v -0.0221354309 0.07180404 0.487280458
v -0.0221354328 0.07180404 0.487280458
v -0.133921266 0.32311818 0.315929949
v -0.133921266 0.32311818 0.315929949
v -0.133921266 0.32311818 0.315929949
v -0.133921266 0.32311818 0.315929949
v -0.133921266 0.32311818 0.315929949
v -0.133921266 0.32311818 0.315929949
v -0.133921266 0.32311818 0.315929949
v -0.133921266 0.32311818 0.315929949
v -0.106104091 0.311430633 0.315929949
v -0.116577536 0.311430633 0.3305538
v -0.140111163 0.311430633 0.334165633
v -0.158983663 0.311430633 0.3240456
v -0.158983648 0.311430633 0.3078143
v -0.140111148 0.311430633 0.297694266
v -0.116577536 0.311430633 0.301306069
v -0.106104091 0.311430633 0.315929949
v -0.08891214 0.28083235 0.315929949
v -0.105858535 0.28083235 0.339591861
v -0.143936738 0.28083235 0.3454359
v -0.174473077 0.28083235 0.3290613
v -0.174473077 0.28083235 0.302798539
v -0.143936709 0.28083235 0.286423981
v -0.10585852 0.28083235 0.292268
v -0.08891214 0.28083235 0.315929949
v -0.0889121443 0.24301073 0.315929949
v -0.105858535 0.24301073 0.339591861
v -0.143936738 0.24301073 0.3454359
v -0.174473077 0.24301073 0.3290613
v -0.174473077 0.24301073 0.302798539
v -0.143936709 0.24301073 0.286423981
v -0.10585852 0.24301073 0.292268
v -0.0889121443 0.24301073 0.315929949
v -0.106104106 0.212412417 0.315929949
v -0.116577536 0.212412417 0.3305538
v -0.140111163 0.212412417 0.334165633
v -0.158983663 0.212412417 0.3240456
v -0.158983648 0.212412417 0.3078143
v -0.140111148 0.212412417 0.297694266
v -0.116577536 0.212412417 0.301306069
v -0.106104106 0.212412417 0.315929949
v -0.133921266 0.2007249 0.315929949
v -0.133921266 0.2007249 0.315929949
v -0.133921266 0.2007249 0.315929949
v -0.133921266 0.2007249 0.315929949
v -0.133921266 0.2007249 0.315929949
v -0.133921266 0.2007249 0.315929949
v -0.133921266 0.2007249 0.315929949
v -0.133921266 0.2007249 0.315929949
v -0.133921266 0.176246271 0.432611465
v -0.133921266 0.176246271 0.432611465
v -0.133921266 0.176246271 0.432611465
v -0.133921266 0.176246271 0.432611465
v -0.133921266 0.176246271 0.432611465
v -0.133921266 0.176246271 0.432611465
v -0.133921266 0.176246271 0.432611465
v -0.112573467 0.171944484 0.432611465
v -0.123247363 0.171944484 0.440106541
v -0.144595161 0.171944484 0.440106541
v -0.155269057 0.171944484 0.432611465
v -0.144595161 0.171944484 0.42511645
v -0.123247363 0.171944484 0.42511645
v -0.112573467 0.171944484 0.432611465
v -0.103730924 0.161559075 0.432611465
v -0.118826091 0.161559075 0.443211
v -0.149016425 0.161559075 0.443211
v -0.1641116 0.161559075 0.432611465
v -0.149016425 0.161559075 0.4220119
v -0.118826091 0.161559075 0.4220119
v -0.103730924 0.161559075 0.432611465
v -0.112573467 0.151173666 0.432611465
v -0.123247363 0.151173666 0.440106541
v -0.144595161 0.151173666 0.440106541
v -0.155269057 0.151173666 0.432611465
v -0.144595161 0.151173666 0.42511645
v -0.123247363 0.151173666 0.42511645
v -0.112573467 0.151173666 0.432611465
v -0.133921266 0.14687188 0.432611465
v -0.133921266 0.14687188 0.432611465
v -0.133921266 0.14687188 0.432611465
v -0.133921266 0.14687188 0.432611465
v -0.133921266 0.14687188 0.432611465
v -0.133921266 0.14687188 0.432611465
v -0.133921266 0.14687188 0.432611465
v -0.120050035 -0.06316288 0.105756752
v -0.0792219043 -0.0590432 0.1249821
v -0.0691382 -0.04978636 0.168181062
v -0.0973921344 -0.042362947 0.202823952
v -0.142707914 -0.042362947 0.202823952
v -0.170961857 -0.04978636 0.168181062
v -0.160878137 -0.0590432025 0.124982089
v -0.120050006 -0.06316288 0.105756752
v -0.120050035 -0.09530088 0.115084916
v -0.0810883343 -0.09136953 0.13343139
v -0.071465604 -0.08253586 0.174655557
v -0.09842793 -0.07545181 0.207714751
v -0.141672134 -0.07545181 0.207714751
v -0.168634444 -0.0825358555 0.174655557
v -0.1590117 -0.09136953 0.133431375
v -0.120050021 -0.09530088 0.115084916
v -0.120050035 -0.127438843 0.124413066
v -0.0829547644 -0.123695835 0.141880676
v -0.073792994 -0.115285389 0.181130037
v -0.0994637161 -0.108540729 0.212605581
v -0.140636355 -0.108540729 0.212605581
v -0.166307062 -0.115285389 0.181130037
v -0.157145277 -0.123695835 0.141880661
v -0.120050021 -0.127438843 0.124413066
v -0.120050035 -0.159577459 0.133741349
v -0.08482119 -0.156022549 0.150330022
v -0.07612039 -0.148034751 0.187604472
v -0.1004995 -0.141629025 0.217496231
v -0.139600545 -0.141629025 0.217496231
v -0.163979664 -0.148034751 0.187604472
v -0.155278847 -0.156022549 0.150330022
v -0.120050021 -0.159577459 0.133741349
v -0.120050035 -0.191715017 0.143069416
v -0.08668762 -0.188348621 0.158779263
v -0.07844779 -0.180784345 0.194078967
v -0.1015353 -0.174718291 0.222387135
v -0.138564765 -0.174718291 0.222387135
v -0.161652252 -0.180784345 0.194078967
v -0.153412417 -0.188348621 0.158779249
v -0.120050021 -0.191715017 0.143069416
v -0.120050035 -0.223853 0.152397588
v -0.08855405 -0.220674932 0.167228565
v -0.08077519 -0.213533849 0.200553462
v -0.102571085 -0.207807153 0.227277964
v -0.137528986 -0.207807153 0.227277964
v -0.15932487 -0.213533849 0.200553462
v -0.151545987 -0.220674932 0.16722855
v -0.120050021 -0.223853 0.152397588
v -0.120050035 -0.255989969 0.161725521
v -0.09042048 -0.253000617 0.1756777
v -0.0831025839 -0.2462836 0.207027972
v -0.10360688 -0.24089697 0.232168943
v -0.136493191 -0.24089697 0.232168943
v -0.156997472 -0.2462836 0.207027972
v -0.149679556 -0.253000617 0.175677687
v -0.120050021 -0.255989969 0.161725521
v -0.120050035 -0.288128227 0.171053708
v -0.09228691 -0.2853271 0.184127018
v -0.08542998 -0.279033035 0.213502422
v -0.104642652 -0.2739856 0.2370597
v -0.1354574 -0.2739856 0.2370597
v -0.15467006 -0.279033035 0.213502422
v -0.147813141 -0.2853271 0.184127
v -0.120050021 -0.288128227 0.171053708
v -0.120050035 -0.0522211269 0.1568187
v -0.120050035 -0.280688524 0.205776
v -0.120050035 -0.252946049 0.23025468
v -0.120050035 -0.252946049 0.23025468
v -0.120050035 -0.252946049 0.23025468
v -0.120050035 -0.252946049 0.23025468
v -0.120050035 -0.252946049 0.23025468
v -0.120050035 -0.252946049 0.23025468
v -0.120050035 -0.252946049 0.23025468
v -0.120050035 -0.252946049 0.23025468
v -0.08081625 -0.262266576 0.23025468
v -0.09558817 -0.262266576 0.277619243
v -0.128780365 -0.262266576 0.28931734
v -0.155398443 -0.262266576 0.25654003
v -0.155398428 -0.262266576 0.203969315
v -0.12878035 -0.262266576 0.171192
v -0.09558816 -0.262266576 0.182890117
v -0.08081625 -0.262266576 0.23025468
v -0.0645650849 -0.284768283 0.23025468
v -0.08545573 -0.284768283 0.29723832
v -0.1323966 -0.284768283 0.3137819
v -0.170040235 -0.284768283 0.267427772
v -0.17004022 -0.284768283 0.193081543
v -0.132396564 -0.284768283 0.146727458
v -0.0854557157 -0.284768283 0.16327107
v -0.0645650849 -0.284768283 0.2302547
v -0.08081625 -0.30727002 0.23025468
v -0.09558817 -0.30727002 0.277619243
v -0.128780365 -0.30727002 0.28931734
v -0.155398443 -0.30727002 0.25654003
v -0.155398428 -0.30727002 0.203969315
v -0.12878035 -0.30727002 0.171192
v -0.09558816 -0.30727002 0.182890117
v -0.08081625 -0.30727002 0.23025468
v -0.120050035 -0.316590548 0.23025468
v -0.120050035 -0.316590548 0.23025468
v -0.120050035 -0.316590548 0.23025468
v -0.120050021 -0.316590548 0.23025468
v -0.120050021 -0.316590548 0.23025468
v -0.120050035 -0.316590548 0.23025468
v -0.120050035 -0.316590548 0.23025468
v -0.120050035 -0.316590548 0.23025468
v -0.182878554 -0.06854022 -0.242999226
v -0.159222975 -0.0350720435 -0.278954566
v -0.106069356 -0.0268060863 -0.2878348
v -0.0634434745 -0.0499667935 -0.262952924
v -0.0634434745 -0.08711366 -0.223045528
v -0.106069356 -0.110274374 -0.198163673
v -0.15922299 -0.1020084 -0.2070439
v -0.182878554 -0.06854022 -0.242999226
v -0.1783908 -0.100012779 -0.2713216
v -0.15642491 -0.07070254 -0.30627048
v -0.10706798 -0.0634635 -0.314902127
v -0.06748679 -0.08374683 -0.290716767
v -0.0674868 -0.11627873 -0.251926452
v -0.107067972 -0.136562049 -0.227741063
v -0.156424925 -0.129323 -0.236372724
v -0.1783908 -0.100012772 -0.2713216
v -0.173903048 -0.131485328 -0.294034362
v -0.153626844 -0.110351689 -0.330450237
v -0.108066596 -0.1051321 -0.33944422
v -0.07153012 -0.119757041 -0.314243644
v -0.071530126 -0.143213615 -0.2738251
v -0.108066596 -0.157838553 -0.248624533
v -0.153626844 -0.152618974 -0.257618517
v -0.173903048 -0.131485328 -0.294034362
v -0.120050035 -0.152944341 -0.354978025
v -0.0814546943 -0.156714529 -0.3367779
v -0.07192244 -0.1651861 -0.295882553
v -0.09863124 -0.17197977 -0.263087064
v -0.141468823 -0.17197977 -0.263087064
v -0.16817762 -0.1651861 -0.295882553
v -0.158645347 -0.156714529 -0.3367779
v -0.120050021 -0.152944341 -0.354978025
v -0.120050035 -0.20353274 -0.350583762
v -0.08496336 -0.200105622 -0.3340381
v -0.07629768 -0.192404985 -0.2968604
v -0.100578405 -0.186229542 -0.267046154
v -0.139521658 -0.186229542 -0.267046183
v -0.16380237 -0.192404985 -0.2968604
v -0.155136675 -0.200105622 -0.3340381
v -0.120050021 -0.20353274 -0.350583762
v -0.07966026 -0.22590299 -0.294034362
v -0.0948674157 -0.210051864 -0.266723
v -0.129037589 -0.206136972 -0.259977639
v -0.15643996 -0.217106283 -0.2788777
v -0.15643996 -0.2346997 -0.309191048
v -0.1290376 -0.245669 -0.3280911
v -0.09486741 -0.2417541 -0.321345747
v -0.07966026 -0.22590299 -0.294034362
v -0.0841480047 -0.257375538 -0.271321565
v -0.09766548 -0.239338592 -0.249814466
v -0.128038973 -0.234883815 -0.244502649
v -0.152396634 -0.247365773 -0.259386033
v -0.152396619 -0.267385274 -0.283257127
v -0.128038973 -0.279867232 -0.2981405
v -0.0976654738 -0.27541247 -0.2928287
v -0.0841480047 -0.257375538 -0.271321565
v -0.08863576 -0.2888481 -0.242999226
v -0.100463554 -0.2721143 -0.225021288
v -0.127040356 -0.26798138 -0.220581084
v -0.148353308 -0.279561549 -0.233022228
v -0.148353308 -0.298134655 -0.252976239
v -0.127040356 -0.3097148 -0.265417367
v -0.100463547 -0.305581868 -0.260977179
v -0.08863576 -0.2888481 -0.242999226
v -0.120050035 -0.06854022 -0.242999226
v -0.120050035 -0.2888481 -0.242999226
v -0.120050035 -0.2627375 -0.194041923
v -0.120050035 -0.2627375 -0.194041923
v -0.120050035 -0.2627375 -0.194041923
v -0.120050035 -0.2627375 -0.194041923
v -0.120050035 -0.2627375 -0.194041923
v -0.120050035 -0.2627375 -0.194041923
v -0.120050035 -0.2627375 -0.194041923
v -0.120050035 -0.2627375 -0.194041923
v -0.08254715 -0.27158004 -0.194041923
v -0.09666737 -0.27158004 -0.151188254
v -0.1283952 -0.27158004 -0.140604272
v -0.153838947 -0.27158004 -0.170259938
v -0.153838947 -0.27158004 -0.217823938
v -0.128395185 -0.27158004 -0.247479573
v -0.09666736 -0.27158004 -0.236895576
v -0.08254715 -0.27158004 -0.194041923
v -0.06701295 -0.292927831 -0.194041923
v -0.08698196 -0.292927831 -0.1334377
v -0.131851882 -0.292927831 -0.118469685
v -0.167834774 -0.292927831 -0.160409138
v -0.167834774 -0.292927831 -0.227674752
v -0.131851867 -0.292927831 -0.2696142
v -0.08698194 -0.292927831 -0.254646152
v -0.06701295 -0.292927831 -0.194041923
v -0.08254715 -0.314275622 -0.194041923
v -0.09666737 -0.314275622 -0.151188254
v -0.1283952 -0.314275622 -0.140604272
v -0.153838947 -0.314275622 -0.170259938
v -0.153838947 -0.314275622 -0.217823938
v -0.128395185 -0.314275622 -0.247479573
v -0.09666736 -0.314275622 -0.236895576
v -0.08254715 -0.314275622 -0.194041923
v -0.120050035 -0.32311818 -0.194041923
v -0.120050035 -0.32311818 -0.194041923
v -0.120050035 -0.32311818 -0.194041938
v -0.120050021 -0.32311818 -0.194041923
v -0.120050021 -0.32311818 -0.194041923
v -0.120050035 -0.32311818 -0.194041923
v -0.120050035 -0.32311818 -0.194041923
v -0.120050035 -0.32311818 -0.194041923
v 0.0896504 0.32311818 0.315929949
v 0.0896504 0.32311818 0.315929949
v 0.0896504 0.32311818 0.315929949
v 0.0896504 0.32311818 0.315929949
v 0.0896504 0.32311818 0.315929949
v 0.0896504 0.32311818 0.315929949
v 0.0896504 0.32311818 0.315929949
v 0.0896504 0.32311818 0.315929949
v 0.117467567 0.311430633 0.315929949
v 0.106994115 0.311430633 0.3305538
v 0.08346049 0.311430633 0.334165633
v 0.0645879954 0.311430633 0.3240456
v 0.064588 0.311430633 0.3078143
v 0.08346051 0.311430633 0.297694266
v 0.106994115 0.311430633 0.301306069
v 0.117467567 0.311430633 0.315929949
v 0.134659529 0.28083235 0.315929949
v 0.117713124 0.28083235 0.339591861
v 0.07963492 0.28083235 0.3454359
v 0.0490985848 0.28083235 0.3290613
v 0.0490985848 0.28083235 0.302798539
v 0.07963494 0.28083235 0.286423981
v 0.117713138 0.28083235 0.292268
v 0.134659529 0.28083235 0.315929949
v 0.134659514 0.24301073 0.315929949
v 0.117713124 0.24301073 0.339591861
v 0.07963492 0.24301073 0.3454359
v 0.0490985848 0.24301073 0.3290613
v 0.0490985923 0.24301073 0.302798539
v 0.07963494 0.24301073 0.286423981
v 0.117713138 0.24301073 0.292268
v 0.134659514 0.24301073 0.315929949
v 0.117467552 0.212412417 0.315929949
v 0.106994115 0.212412417 0.3305538
v 0.08346049 0.212412417 0.334165633
v 0.0645879954 0.212412417 0.3240456
v 0.064588 0.212412417 0.3078143
v 0.08346051 0.212412417 0.297694266
v 0.106994115 0.212412417 0.301306069
v 0.117467552 0.212412417 0.315929949
v 0.0896504 0.2007249 0.315929949
v 0.0896504 0.2007249 0.315929949
v 0.0896504 0.2007249 0.315929949
v 0.0896504 0.2007249 0.315929949
v 0.0896504 0.2007249 0.315929949
v 0.0896504 0.2007249 0.315929949
v 0.0896504 0.2007249 0.315929949
v 0.0896504 0.2007249 0.315929949
v 0.0896504 0.176246271 0.432611465
v 0.0896504 0.176246271 0.432611465
v 0.0896504 0.176246271 0.432611465
v 0.0896504 0.176246271 0.432611465
v 0.0896504 0.176246271 0.432611465
v 0.0896504 0.176246271 0.432611465
v 0.0896504 0.176246271 0.432611465
v 0.110998191 0.171944484 0.432611465
v 0.100324295 0.171944484 0.440106541
v 0.0789765045 0.171944484 0.440106541
v 0.06830261 0.171944484 0.432611465
v 0.0789765045 0.171944484 0.42511645
v 0.100324295 0.171944484 0.42511645
v 0.110998191 0.171944484 0.432611465
v 0.119840734 0.161559075 0.432611465
v 0.104745567 0.161559075 0.443211
v 0.07455523 0.161559075 0.443211
v 0.0594600625 0.161559075 0.432611465
v 0.07455523 0.161559075 0.4220119
v 0.104745567 0.161559075 0.4220119
v 0.119840734 0.161559075 0.432611465
v 0.110998191 0.151173666 0.432611465
v 0.100324295 0.151173666 0.440106541
v 0.0789765045 0.151173666 0.440106541
v 0.06830261 0.151173666 0.432611465
v 0.0789765045 0.151173666 0.42511645
v 0.100324295 0.151173666 0.42511645
v 0.110998191 0.151173666 0.432611465
v 0.0896504 0.14687188 0.432611465
v 0.0896504 0.14687188 0.432611465
v 0.0896504 0.14687188 0.432611465
v 0.0896504 0.14687188 0.432611465
v 0.0896504 0.14687188 0.432611465
v 0.0896504 0.14687188 0.432611465
v 0.0896504 0.14687188 0.432611465
v 0.07577916 -0.06316288 0.105756752
v 0.116607279 -0.0590432 0.1249821
v 0.126691 -0.04978636 0.168181062
v 0.09843706 -0.042362947 0.202823952
v 0.0531212725 -0.042362947 0.202823952
v 0.0248673353 -0.04978636 0.168181062
v 0.0349510536 -0.0590432025 0.124982089
v 0.07577918 -0.06316288 0.105756752
v 0.07577916 -0.09530088 0.115084916
v 0.114740849 -0.09136953 0.13343139
v 0.124363594 -0.08253586 0.174655557
v 0.09740126 -0.07545181 0.207714751
v 0.0541570559 -0.07545181 0.207714751
v 0.0271947384 -0.0825358555 0.174655557
v 0.0368174836 -0.09136953 0.133431375
v 0.07577917 -0.09530088 0.115084916
v 0.07577916 -0.127438843 0.124413066
v 0.112874433 -0.123695835 0.141880676
v 0.122036204 -0.115285389 0.181130037
v 0.0963654742 -0.108540729 0.212605581
v 0.0551928468 -0.108540729 0.212605581
v 0.02952213 -0.115285389 0.181130037
v 0.0386839136 -0.123695835 0.141880661
v 0.07577917 -0.127438843 0.124413066
v 0.07577916 -0.159577459 0.133741349
v 0.111008 -0.156022549 0.150330022
v 0.1197088 -0.148034751 0.187604472
v 0.0953296944 -0.141629025 0.217496231
v 0.05622864 -0.141629025 0.217496231
v 0.0318495333 -0.148034751 0.187604472
v 0.0405503437 -0.156022549 0.150330022
v 0.07577917 -0.159577459 0.133741349
v 0.07577916 -0.191715017 0.143069416
v 0.109141573 -0.188348621 0.158779263
v 0.117381394 -0.180784345 0.194078967
v 0.09429389 -0.174718291 0.222387135
v 0.0572644249 -0.174718291 0.222387135
v 0.0341769271 -0.180784345 0.194078967
v 0.0424167737 -0.188348621 0.158779249
v 0.07577917 -0.191715017 0.143069416
v 0.07577916 -0.223853 0.152397588
v 0.107275143 -0.220674932 0.167228565
v 0.115054011 -0.213533849 0.200553462
v 0.0932581052 -0.207807153 0.227277964
v 0.0583002158 -0.207807153 0.227277964
v 0.0365043245 -0.213533849 0.200553462
v 0.0442831963 -0.220674932 0.16722855
v 0.07577917 -0.223853 0.152397588
v 0.07577916 -0.255989969 0.161725521
v 0.105408713 -0.253000617 0.1756777
v 0.112726606 -0.2462836 0.207027972
v 0.0922223255 -0.24089697 0.232168943
v 0.0593360066 -0.24089697 0.232168943
v 0.0388317257 -0.2462836 0.207027972
v 0.0461496264 -0.253000617 0.175677687
v 0.07577917 -0.255989969 0.161725521
v 0.07577916 -0.288128227 0.171053708
v 0.103542291 -0.2853271 0.184127018
v 0.1103992 -0.279033035 0.213502422
v 0.09118652 -0.2739856 0.2370597
v 0.0603717938 -0.2739856 0.2370597
v 0.04115912 -0.279033035 0.213502422
v 0.04801605 -0.2853271 0.184127
v 0.07577917 -0.288128227 0.171053708
v 0.07577916 -0.0522211269 0.1568187
v 0.07577916 -0.280688524 0.205776
v 0.07577916 -0.252946049 0.23025468
v 0.07577916 -0.252946049 0.23025468
v 0.07577916 -0.252946049 0.23025468
v 0.07577916 -0.252946049 0.23025468
v 0.07577916 -0.252946049 0.23025468
v 0.07577916 -0.252946049 0.23025468
v 0.07577916 -0.252946049 0.23025468
v 0.07577916 -0.252946049 0.23025468
v 0.115012951 -0.262266576 0.23025468
v 0.10024102 -0.262266576 0.277619243
v 0.0670488253 -0.262266576 0.28931734
v 0.04043075 -0.262266576 0.25654003
v 0.0404307619 -0.262266576 0.203969315
v 0.06704884 -0.262266576 0.171192
v 0.100241028 -0.262266576 0.182890117
v 0.115012951 -0.262266576 0.23025468
v 0.1312641 -0.284768283 0.23025468
v 0.110373452 -0.284768283 0.29723832
v 0.0634326 -0.284768283 0.3137819
v 0.0257889573 -0.284768283 0.267427772
v 0.0257889666 -0.284768283 0.193081543
v 0.06343263 -0.284768283 0.146727458
v 0.110373475 -0.284768283 0.16327107
v 0.1312641 -0.284768283 0.2302547
v 0.115012951 -0.30727002 0.23025468
v 0.10024102 -0.30727002 0.277619243
v 0.0670488253 -0.30727002 0.28931734
v 0.04043075 -0.30727002 0.25654003
v 0.0404307619 -0.30727002 0.203969315
v 0.06704884 -0.30727002 0.171192
v 0.100241028 -0.30727002 0.182890117
v 0.115012951 -0.30727002 0.23025468
v 0.07577916 -0.316590548 0.23025468
v 0.07577916 -0.316590548 0.23025468
v 0.07577916 -0.316590548 0.23025468
v 0.07577917 -0.316590548 0.23025468
v 0.07577917 -0.316590548 0.23025468
v 0.07577916 -0.316590548 0.23025468
v 0.07577916 -0.316590548 0.23025468
v 0.07577916 -0.316590548 0.23025468
v 0.0129506318 -0.06854022 -0.242999226
v 0.0366062149 -0.0350720435 -0.278954566
v 0.08975983 -0.0268060863 -0.2878348
v 0.132385716 -0.0499667935 -0.262952924
v 0.132385716 -0.08711366 -0.223045528
v 0.08975984 -0.110274374 -0.198163673
v 0.0366062 -0.1020084 -0.2070439
v 0.0129506318 -0.06854022 -0.242999226
v 0.0174383875 -0.100012779 -0.2713216
v 0.0394042879 -0.07070254 -0.30627048
v 0.08876121 -0.0634635 -0.314902127
v 0.12834239 -0.08374683 -0.290716767
v 0.12834239 -0.11627873 -0.251926452
v 0.08876121 -0.136562049 -0.227741063
v 0.039404273 -0.129323 -0.236372724
v 0.0174383875 -0.100012772 -0.2713216
v 0.0219261367 -0.131485328 -0.294034362
v 0.0422023535 -0.110351689 -0.330450237
v 0.0877625942 -0.1051321 -0.33944422
v 0.124299079 -0.119757041 -0.314243644
v 0.124299064 -0.143213615 -0.2738251
v 0.0877625942 -0.157838553 -0.248624533
v 0.0422023423 -0.152618974 -0.257618517
v 0.0219261367 -0.131485328 -0.294034362
v 0.07577916 -0.152944341 -0.354978025
v 0.114374496 -0.156714529 -0.3367779
v 0.123906754 -0.1651861 -0.295882553
v 0.09719794 -0.17197977 -0.263087064
v 0.0543603748 -0.17197977 -0.263087064
v 0.0276515819 -0.1651861 -0.295882553
v 0.0371838473 -0.156714529 -0.3367779
v 0.07577917 -0.152944341 -0.354978025
v 0.07577916 -0.20353274 -0.350583762
v 0.110865831 -0.200105622 -0.3340381
v 0.119531512 -0.192404985 -0.2968604
v 0.0952507854 -0.186229542 -0.267046154
v 0.0563075356 -0.186229542 -0.267046183
v 0.0320268162 -0.192404985 -0.2968604
v 0.0406925119 -0.200105622 -0.3340381
v 0.07577917 -0.20353274 -0.350583762
v 0.116168931 -0.22590299 -0.294034362
v 0.100961775 -0.210051864 -0.266723
v 0.066791594 -0.206136972 -0.259977639
v 0.0393892378 -0.217106283 -0.2788777
v 0.0393892378 -0.2346997 -0.309191048
v 0.066791594 -0.245669 -0.3280911
v 0.100961782 -0.2417541 -0.321345747
v 0.116168931 -0.22590299 -0.294034362
v 0.111681193 -0.257375538 -0.271321565
v 0.09816371 -0.239338592 -0.249814466
v 0.06779022 -0.234883815 -0.244502649
v 0.0434325635 -0.247365773 -0.259386033
v 0.0434325673 -0.267385274 -0.283257127
v 0.06779021 -0.279867232 -0.2981405
v 0.0981637239 -0.27541247 -0.2928287
v 0.111681193 -0.257375538 -0.271321565
v 0.107193433 -0.2888481 -0.242999226
v 0.09536564 -0.2721143 -0.225021288
v 0.0687888339 -0.26798138 -0.220581084
v 0.04747589 -0.279561549 -0.233022228
v 0.04747589 -0.298134655 -0.252976239
v 0.0687888339 -0.3097148 -0.265417367
v 0.09536564 -0.305581868 -0.260977179
v 0.107193433 -0.2888481 -0.242999226
v 0.07577916 -0.06854022 -0.242999226
v 0.07577916 -0.2888481 -0.242999226
v 0.07577916 -0.2627375 -0.194041923
v 0.07577916 -0.2627375 -0.194041923
v 0.07577916 -0.2627375 -0.194041923
v 0.07577916 -0.2627375 -0.194041923
v 0.07577916 -0.2627375 -0.194041923
v 0.07577916 -0.2627375 -0.194041923
v 0.07577916 -0.2627375 -0.194041923
v 0.07577916 -0.2627375 -0.194041923
v 0.11328204 -0.27158004 -0.194041923
v 0.09916181 -0.27158004 -0.151188254
v 0.06743398 -0.27158004 -0.140604272
v 0.0419902466 -0.27158004 -0.170259938
v 0.04199025 -0.27158004 -0.217823938
v 0.0674340054 -0.27158004 -0.247479573
v 0.09916184 -0.27158004 -0.236895576
v 0.11328204 -0.27158004 -0.194041923
v 0.128816247 -0.292927831 -0.194041923
v 0.108847231 -0.292927831 -0.1334377
v 0.0639773 -0.292927831 -0.118469685
v 0.0279944148 -0.292927831 -0.160409138
v 0.0279944222 -0.292927831 -0.227674752
v 0.06397733 -0.292927831 -0.2696142
v 0.108847246 -0.292927831 -0.254646152
v 0.128816247 -0.292927831 -0.194041923
v 0.11328204 -0.314275622 -0.194041923
v 0.09916181 -0.314275622 -0.151188254
v 0.06743398 -0.314275622 -0.140604272
v 0.0419902466 -0.314275622 -0.170259938
v 0.04199025 -0.314275622 -0.217823938
v 0.0674340054 -0.314275622 -0.247479573
v 0.09916184 -0.314275622 -0.236895576
v 0.11328204 -0.314275622 -0.194041923
v 0.07577916 -0.32311818 -0.194041923
v 0.07577916 -0.32311818 -0.194041923
v 0.07577916 -0.32311818 -0.194041938
v 0.07577917 -0.32311818 -0.194041923
v 0.07577917 -0.32311818 -0.194041923
v 0.07577916 -0.32311818 -0.194041923
v 0.07577916 -0.32311818 -0.194041923
v 0.07577916 -0.32311818 -0.194041923
v -0.009818097 0.0456934758 -0.3458387
v -0.0172147378 0.0601240434 -0.3275015
v -0.00505341962 0.0601240434 -0.306257516
v 0.0145045351 0.0456934758 -0.303350747
v 0.0219011754 0.0312629081 -0.321687937
v 0.00973986 0.0312629081 -0.342931926
v -0.009818099 0.0456934758 -0.3458387
v 0.0208412725 0.0829528645 -0.3622186
v 0.01330203 0.09684765 -0.344482452
v 0.02479024 0.09684765 -0.3236859
v 0.0438176952 0.0829528645 -0.320625484
v 0.0513569377 0.0690580755 -0.338361621
v 0.0398687273 0.0690580755 -0.359158158
v 0.02084127 0.0829528645 -0.3622186
v 0.0501886234 0.119399361 -0.377531022
v 0.04273033 0.132723942 -0.36027956
v 0.053836327 0.132723942 -0.340094417
v 0.07240059 0.119399361 -0.3371607
v 0.0798588842 0.106074773 -0.354412168
v 0.06875289 0.106074773 -0.374597341
v 0.0501886234 0.119399361 -0.377531022
v 0.07722645 0.154237837 -0.391771376
v 0.0700800046 0.166950017 -0.374875933
v 0.08110577 0.166950017 -0.355470777
v 0.0992779657 0.154237837 -0.352961063
v 0.106424421 0.141525641 -0.369856477
v 0.0953986645 0.141525641 -0.389261633
v 0.07722645 0.154237837 -0.391771376
v 0.100994356 0.186708227 -0.404896259
v 0.09444166 0.19875665 -0.388210773
v 0.1057316 0.19875665 -0.369797558
v 0.123574212 0.186708227 -0.368069857
v 0.1301269 0.1746598 -0.384755373
v 0.118836984 0.1746598 -0.403168559
v 0.100994356 0.186708227 -0.404896259
v 0.120574109 0.216102138 -0.416783482
v 0.115038186 0.227428168 -0.400140136
v 0.127036512 0.227428168 -0.383053124
v 0.144570783 0.216102138 -0.382609427
v 0.150106713 0.204776123 -0.3992528
v 0.138108373 0.204776123 -0.416339844
v 0.120574109 0.216102138 -0.416783482
v 0.135089874 0.241778255 -0.427123725
v 0.131328449 0.252331257 -0.410364628
v 0.144664392 0.252331257 -0.3952473
v 0.161761731 0.241778255 -0.396889031
v 0.165523171 0.231225252 -0.4136481
v 0.152187243 0.231225252 -0.428765416
v 0.135089874 0.241778255 -0.427123725
v 0.143778831 0.263176441 -0.43511
v 0.143313959 0.2729973 -0.418340832
v 0.158839643 0.2729973 -0.4066436
v 0.1748302 0.263176441 -0.411715567
v 0.17529507 0.253355622 -0.4284848
v 0.159769386 0.253355622 -0.44018203
v 0.143778831 0.263176441 -0.43511
v 0.146797583 0.2798299 -0.438909858
v 0.1523363 0.2894479 -0.4238362
v 0.170376778 0.2894479 -0.418842047
v 0.182878554 0.2798299 -0.428921729
v 0.177339852 0.270211846 -0.4439954
v 0.159299374 0.270211846 -0.448989481
v 0.146797583 0.2798299 -0.438909858
v 0.1476181 0.29137516 -0.4382772
v 0.159318358 0.302786261 -0.430737
v 0.176538333 0.302786261 -0.435975045
v 0.182058036 0.29137516 -0.4487532
v 0.170357779 0.2799641 -0.456293553
v 0.153137818 0.2799641 -0.4510555
v 0.1476181 0.29137516 -0.4382772
v 0.14709273 0.2975605 -0.4399867
v 0.156201243 0.311910123 -0.443099439
v 0.168413013 0.311910123 -0.455323964
v 0.171516269 0.2975605 -0.464435667
v 0.162407756 0.2832109 -0.461322963
v 0.150196 0.2832109 -0.449098438
v 0.14709273 0.2975605 -0.4399867
v 0.1404897 0.298250884 -0.445470273
v 0.142770126 0.312461972 -0.453658521
v 0.150706217 0.312461972 -0.468192041
v 0.156361908 0.298250884 -0.4745372
v 0.1540815 0.2840398 -0.466348976
v 0.1461454 0.2840398 -0.451815456
v 0.1404897 0.298250884 -0.445470273
v 0.127284318 0.2934313 -0.451962531
v 0.125214145 0.3062042 -0.4610974
v 0.130502269 0.3062042 -0.476027668
v 0.137860566 0.2934313 -0.481823057
v 0.139930755 0.280658424 -0.4726882
v 0.134642631 0.280658424 -0.45775795
v 0.127284318 0.2934313 -0.451962531
v 0.10864082 0.28320685 -0.4582047
v 0.104252577 0.294630527 -0.467083454
v 0.107896022 0.294630527 -0.481757015
v 0.1159277 0.28320685 -0.487551838
v 0.120315939 0.271783173 -0.4786732
v 0.1166725 0.271783173 -0.463999629
v 0.10864082 0.28320685 -0.4582047
v 0.08569366 0.267800629 -0.4637903
v 0.08002561 0.278079957 -0.4721298
v 0.082584165 0.278079957 -0.4862999
v 0.09081076 0.267800629 -0.492130429
v 0.0964788049 0.257521331 -0.483791023
v 0.09392026 0.257521331 -0.4696209
v 0.08569366 0.267800629 -0.4637903
v 0.0594972931 0.247548759 -0.468578279
v 0.05309085 0.256824523 -0.476326853
v 0.0548881441 0.256824523 -0.489887476
v 0.06309188 0.247548759 -0.4956996
v 0.06949833 0.23827301 -0.48795104
v 0.0677010342 0.23827301 -0.474390417
v 0.0594972931 0.247548759 -0.468578279
v 0.0311009474 0.222893029 -0.4725131
v 0.0242589712 0.231251121 -0.4796737
v 0.0254875235 0.231251121 -0.492574662
v 0.0335580334 0.222893029 -0.498315
v 0.0404000059 0.214534938 -0.491154522
v 0.0391714573 0.214534938 -0.478253573
v 0.0311009474 0.222893029 -0.4725131
v 0.001559332 0.1943714 -0.475571573
v -0.00552569 0.20186913 -0.482158452
v -0.00474181725 0.2018691 -0.494372666
v 0.00312707783 0.1943714 -0.5
v 0.0102121 0.186873689 -0.493413
v 0.009428227 0.186873689 -0.4811988
v 0.0015593305 0.1943714 -0.475571573
v 0.00234321877 0.0456934758 -0.324594736
v 0.002343205 0.1943714 -0.4877858
vt 0 0
vt 0.0833333358 0
vt 0.166666672 0
vt 0.25 0
vt 0.333333343 0
vt 0.416666657 0
vt 0.5 0
vt 0.5833333 0
vt 0.6666667 0
vt 0.75 0
vt 0.8333333 0
vt 0.9166667 0
vt 1 0
vt 0 0.125
vt 0.0833333358 0.125
vt 0.166666672 0.125
vt 0.25 0.125
vt 0.333333343 0.125
vt 0.416666657 0.125
vt 0.5 0.125
vt 0.5833333 0.125
vt 0.6666667 0.125
vt 0.75 0.125
vt 0.8333333 0.125
vt 0.9166667 0.125
vt 1 0.125
vt 0 0.25
vt 0.0833333358 0.25
vt 0.166666672 0.25
vt 0.25 0.25
vt 0.333333343 0.25
vt 0.416666657 0.25
vt 0.5 0.25
vt 0.5833333 0.25
vt 0.6666667 0.25
vt 0.75 0.25
vt 0.8333333 0.25
vt 0.9166667 0.25
vt 1 0.25
vt 0 0.375
vt 0.0833333358 0.375
vt 0.166666672 0.375
vt 0.25 0.375
vt 0.333333343 0.375
vt 0.416666657 0.375
vt 0.5 0.375
vt 0.5833333 0.375
vt 0.6666667 0.375
vt 0.75 0.375
vt 0.8333333 0.375
vt 0.9166667 0.375
vt 1 0.375
vt 0 0.5
vt 0.0833333358 0.5
vt 0.166666672 0.5
vt 0.25 0.5
vt 0.333333343 0.5
vt 0.416666657 0.5
vt 0.5 0.5
vt 0.5833333 0.5
vt 0.6666667 0.5
vt 0.75 0.5
vt 0.8333333 0.5
vt 0.9166667 0.5
vt 1 0.5
vt 0 0.625
vt 0.0833333358 0.625
vt 0.166666672 0.625
vt 0.25 0.625
vt 0.333333343 0.625
vt 0.416666657 0.625
vt 0.5 0.625
vt 0.5833333 0.625
vt 0.6666667 0.625
vt 0.75 0.625
vt 0.8333333 0.625
vt 0.9166667 0.625
vt 1 0.625
vt 0 0.75
vt 0.0833333358 0.75
vt 0.166666672 0.75
vt 0.25 0.75
vt 0.333333343 0.75
vt 0.416666657 0.75
vt 0.5 0.75
vt 0.5833333 0.75
vt 0.6666667 0.75
vt 0.75 0.75
vt 0.8333333 0.75
vt 0.9166667 0.75
vt 1 0.75
vt 0 0.875
vt 0.0833333358 0.875
vt 0.166666672 0.875
vt 0.25 0.875
vt 0.333333343 0.875
vt 0.416666657 0.875
vt 0.5 0.875
vt 0.5833333 0.875
vt 0.6666667 0.875
vt 0.75 0.875
vt 0.8333333 0.875
vt 0.9166667 0.875
vt 1 0.875
vt 0 1
vt 0.0833333358 1
vt 0.166666672 1
vt 0.25 1
vt 0.333333343 1
vt 0.416666657 1
vt 0.5 1
vt 0.5833333 1
vt 0.6666667 1
vt 0.75 1
vt 0.8333333 1
vt 0.9166667 1
vt 1 1
vt 0 0
vt 0.1 0
vt 0.2 0
vt 0.3 0
vt 0.4 0
vt 0.5 0
vt 0.6 0
vt 0.7 0
vt 0.8 0
vt 0.9 0
vt 1 0
vt 0 0.142857149
vt 0.1 0.142857149
vt 0.2 0.142857149
vt 0.3 0.142857149
vt 0.4 0.142857149
vt 0.5 0.142857149
vt 0.6 0.142857149
vt 0.7 0.142857149
vt 0.8 0.142857149
vt 0.9 0.142857149
vt 1 0.142857149
vt 0 0.2857143
vt 0.1 0.2857143
vt 0.2 0.2857143
vt 0.3 0.2857143
vt 0.4 0.2857143
vt 0.5 0.2857143
vt 0.6 0.2857143
vt 0.7 0.2857143
vt 0.8 0.2857143
vt 0.9 0.2857143
vt 1 0.2857143
vt 0 0.428571433
vt 0.1 0.428571433
vt 0.2 0.428571433
vt 0.3 0.428571433
vt 0.4 0.428571433
vt 0.5 0.428571433
vt 0.6 0.428571433
vt 0.7 0.428571433
vt 0.8 0.428571433
vt 0.9 0.428571433
vt 1 0.428571433
vt 0 0.5714286
vt 0.1 0.5714286
vt 0.2 0.5714286
vt 0.3 0.5714286
vt 0.4 0.5714286
vt 0.5 0.5714286
vt 0.6 0.5714286
vt 0.7 0.5714286
vt 0.8 0.5714286
vt 0.9 0.5714286
vt 1 0.5714286
vt 0 0.714285731
vt 0.1 0.714285731
vt 0.2 0.714285731
vt 0.3 0.714285731
vt 0.4 0.714285731
vt 0.5 0.714285731
vt 0.6 0.714285731
vt 0.7 0.714285731
vt 0.8 0.714285731
vt 0.9 0.714285731
vt 1 0.714285731
vt 0 0.857142866
vt 0.1 0.857142866
vt 0.2 0.857142866
vt 0.3 0.857142866
vt 0.4 0.857142866
vt 0.5 0.857142866
vt 0.6 0.857142866
vt 0.7 0.857142866
vt 0.8 0.857142866
vt 0.9 0.857142866
vt 1 0.857142866
vt 0 1
vt 0.1 1
vt 0.2 1
vt 0.3 1
vt 0.4 1
vt 0.5 1
vt 0.6 1
vt 0.7 1
vt 0.8 1
vt 0.9 1
vt 1 1
vt 0 0
vt 0.0833333358 0
vt 0.166666672 0
vt 0.25 0
vt 0.333333343 0
vt 0.416666657 0
vt 0.5 0
vt 0.5833333 0
vt 0.6666667 0
vt 0.75 0
vt 0.8333333 0
vt 0.9166667 0
vt 1 0
vt 0 0.125
vt 0.0833333358 0.125
vt 0.166666672 0.125
vt 0.25 0.125
vt 0.333333343 0.125
vt 0.416666657 0.125
vt 0.5 0.125
vt 0.5833333 0.125
vt 0.6666667 0.125
vt 0.75 0.125
vt 0.8333333 0.125
vt 0.9166667 0.125
vt 1 0.125
vt 0 0.25
vt 0.0833333358 0.25
vt 0.166666672 0.25
vt 0.25 0.25
vt 0.333333343 0.25
vt 0.416666657 0.25
vt 0.5 0.25
vt 0.5833333 0.25
vt 0.6666667 0.25
vt 0.75 0.25
vt 0.8333333 0.25
vt 0.9166667 0.25
vt 1 0.25
vt 0 0.375
vt 0.0833333358 0.375
vt 0.166666672 0.375
vt 0.25 0.375
vt 0.333333343 0.375
vt 0.416666657 0.375
vt 0.5 0.375
vt 0.5833333 0.375
vt 0.6666667 0.375
vt 0.75 0.375
vt 0.8333333 0.375
vt 0.9166667 0.375
vt 1 0.375
vt 0 0.5
vt 0.0833333358 0.5
vt 0.166666672 0.5
vt 0.25 0.5
vt 0.333333343 0.5
vt 0.416666657 0.5
vt 0.5 0.5
vt 0.5833333 0.5
vt 0.6666667 0.5
vt 0.75 0.5
vt 0.8333333 0.5
vt 0.9166667 0.5
vt 1 0.5
vt 0 0.625
vt 0.0833333358 0.625
vt 0.166666672 0.625
vt 0.25 0.625
vt 0.333333343 0.625
vt 0.416666657 0.625
vt 0.5 0.625
vt 0.5833333 0.625
vt 0.6666667 0.625
vt 0.75 0.625
vt 0.8333333 0.625
vt 0.9166667 0.625
vt 1 0.625
vt 0 0.75
vt 0.0833333358 0.75
vt 0.166666672 0.75
vt 0.25 0.75
vt 0.333333343 0.75
vt 0.416666657 0.75
vt 0.5 0.75
vt 0.5833333 0.75
vt 0.6666667 0.75
vt 0.75 0.75
vt 0.8333333 0.75
vt 0.9166667 0.75
vt 1 0.75
vt 0 0.875
vt 0.0833333358 0.875
vt 0.166666672 0.875
vt 0.25 0.875
vt 0.333333343 0.875
vt 0.416666657 0.875
vt 0.5 0.875
vt 0.5833333 0.875
vt 0.6666667 0.875
vt 0.75 0.875
vt 0.8333333 0.875
vt 0.9166667 0.875
vt 1 0.875
vt 0 1
vt 0.0833333358 1
vt 0.166666672 1
vt 0.25 1
vt 0.333333343 1
vt 0.416666657 1
vt 0.5 1
vt 0.5833333 1
vt 0.6666667 1
vt 0.75 1
vt 0.8333333 1
vt 0.9166667 1
vt 1 1
vt 0 0
vt 0.125 0
vt 0.25 0
vt 0.375 0
vt 0.5 0
vt 0.625 0
vt 0.75 0
vt 0.875 0
vt 1 0
vt 0 0.2
vt 0.125 0.2
vt 0.25 0.2
vt 0.375 0.2
vt 0.5 0.2
vt 0.625 0.2
vt 0.75 0.2
vt 0.875 0.2
vt 1 0.2
vt 0 0.4
vt 0.125 0.4
vt 0.25 0.4
vt 0.375 0.4
vt 0.5 0.4
vt 0.625 0.4
vt 0.75 0.4
vt 0.875 0.4
vt 1 0.4
vt 0 0.6
vt 0.125 0.6
vt 0.25 0.6
vt 0.375 0.6
vt 0.5 0.6
vt 0.625 0.6
vt 0.75 0.6
vt 0.875 0.6
vt 1 0.6
vt 0 0.8
vt 0.125 0.8
vt 0.25 0.8
vt 0.375 0.8
vt 0.5 0.8
vt 0.625 0.8
vt 0.75 0.8
vt 0.875 0.8
vt 1 0.8
vt 0 1
vt 0.125 1
vt 0.25 1
vt 0.375 1
vt 0.5 1
vt 0.625 1
vt 0.75 1
vt 0.875 1
vt 1 1
vt 0 0
vt 0.166666672 0
vt 0.333333343 0
vt 0.5 0
vt 0.6666667 0
vt 0.8333333 0
vt 1 0
vt 0 0.25
vt 0.166666672 0.25
vt 0.333333343 0.25
vt 0.5 0.25
vt 0.6666667 0.25
vt 0.8333333 0.25
vt 1 0.25
vt 0 0.5
vt 0.166666672 0.5
vt 0.333333343 0.5
vt 0.5 0.5
vt 0.6666667 0.5
vt 0.8333333 0.5
vt 1 0.5
vt 0 0.75
vt 0.166666672 0.75
vt 0.333333343 0.75
vt 0.5 0.75
vt 0.6666667 0.75
vt 0.8333333 0.75
vt 1 0.75
vt 0 1
vt 0.166666672 1
vt 0.333333343 1
vt 0.5 1
vt 0.6666667 1
vt 0.8333333 1
vt 1 1
vt 0 0
vt 0.142857149 0
vt 0.2857143 0
vt 0.428571433 0
vt 0.5714286 0
vt 0.714285731 0
vt 0.857142866 0
vt 1 0
vt 0 0.2
vt 0.142857149 0.2
vt 0.2857143 0.2
vt 0.428571433 0.2
vt 0.5714286 0.2
vt 0.714285731 0.2
vt 0.857142866 0.2
vt 1 0.2
vt 0 0.4
vt 0.142857149 0.4
vt 0.2857143 0.4
vt 0.428571433 0.4
vt 0.5714286 0.4
vt 0.714285731 0.4
vt 0.857142866 0.4
vt 1 0.4
vt 0 0.6
vt 0.142857149 0.6
vt 0.2857143 0.6
vt 0.428571433 0.6
vt 0.5714286 0.6
vt 0.714285731 0.6
vt 0.857142866 0.6
vt 1 0.6
vt 0 0.8
vt 0.142857149 0.8
vt 0.2857143 0.8
vt 0.428571433 0.8
vt 0.5714286 0.8
vt 0.714285731 0.8
vt 0.857142866 0.8
vt 1 0.8
vt 0 1
vt 0.142857149 1
vt 0.2857143 1
vt 0.428571433 1
vt 0.5714286 1
vt 0.714285731 1
vt 0.857142866 1
vt 1 1
vt 0 0
vt 0.166666672 0
vt 0.333333343 0
vt 0.5 0
vt 0.6666667 0
vt 0.8333333 0
vt 1 0
vt 0 0.25
vt 0.166666672 0.25
vt 0.333333343 0.25
vt 0.5 0.25
vt 0.6666667 0.25
vt 0.8333333 0.25
vt 1 0.25
vt 0 0.5
vt 0.166666672 0.5
vt 0.333333343 0.5
vt 0.5 0.5
vt 0.6666667 0.5
vt 0.8333333 0.5
vt 1 0.5
vt 0 0.75
vt 0.166666672 0.75
vt 0.333333343 0.75
vt 0.5 0.75
vt 0.6666667 0.75
vt 0.8333333 0.75
vt 1 0.75
vt 0 1
vt 0.166666672 1
vt 0.333333343 1
vt 0.5 1
vt 0.6666667 1
vt 0.8333333 1
vt 1 1
vt 0 0
vt 0.142857149 0
vt 0.2857143 0
vt 0.428571433 0
vt 0.5714286 0
vt 0.714285731 0
vt 0.857142866 0
vt 1 0
vt 0 0.142857149
vt 0.142857149 0.142857149
vt 0.2857143 0.142857149
vt 0.428571433 0.142857149
vt 0.5714286 0.142857149
vt 0.714285731 0.142857149
vt 0.857142866 0.142857149
vt 1 0.142857149
vt 0 0.2857143
vt 0.142857149 0.2857143
vt 0.2857143 0.2857143
vt 0.428571433 0.2857143
vt 0.5714286 0.2857143
vt 0.714285731 0.2857143
vt 0.857142866 0.2857143
vt 1 0.2857143
vt 0 0.428571433
vt 0.142857149 0.428571433
vt 0.2857143 0.428571433
vt 0.428571433 0.428571433
vt 0.5714286 0.428571433
vt 0.714285731 0.428571433
vt 0.857142866 0.428571433
vt 1 0.428571433
vt 0 0.5714286
vt 0.142857149 0.5714286
vt 0.2857143 0.5714286
vt 0.428571433 0.5714286
vt 0.5714286 0.5714286
vt 0.714285731 0.5714286
vt 0.857142866 0.5714286
vt 1 0.5714286
vt 0 0.714285731
vt 0.142857149 0.714285731
vt 0.2857143 0.714285731
vt 0.428571433 0.714285731
vt 0.5714286 0.714285731
vt 0.714285731 0.714285731
vt 0.857142866 0.714285731
vt 1 0.714285731
vt 0 0.857142866
vt 0.142857149 0.857142866
vt 0.2857143 0.857142866
vt 0.428571433 0.857142866
vt 0.5714286 0.857142866
vt 0.714285731 0.857142866
vt 0.857142866 0.857142866
vt 1 0.857142866
vt 0 1
vt 0.142857149 1
vt 0.2857143 1
vt 0.428571433 1
vt 0.5714286 1
vt 0.714285731 1
vt 0.857142866 1
vt 1 1
vt 0.5 0
vt 0.5 1
vt 0 0
vt 0.142857149 0
vt 0.2857143 0
vt 0.428571433 0
vt 0.5714286 0
vt 0.714285731 0
vt 0.857142866 0
vt 1 0
vt 0 0.25
vt 0.142857149 0.25
vt 0.2857143 0.25
vt 0.428571433 0.25
vt 0.5714286 0.25
vt 0.714285731 0.25
vt 0.857142866 0.25
vt 1 0.25
vt 0 0.5
vt 0.142857149 0.5
vt 0.2857143 0.5
vt 0.428571433 0.5
vt 0.5714286 0.5
vt 0.714285731 0.5
vt 0.857142866 0.5
vt 1 0.5
vt 0 0.75
vt 0.142857149 0.75
vt 0.2857143 0.75
vt 0.428571433 0.75
vt 0.5714286 0.75
vt 0.714285731 0.75
vt 0.857142866 0.75
vt 1 0.75
vt 0 1
vt 0.142857149 1
vt 0.2857143 1
vt 0.428571433 1
vt 0.5714286 1
vt 0.714285731 1
vt 0.857142866 1
vt 1 1
vt 0 0
vt 0.142857149 0
vt 0.2857143 0
vt 0.428571433 0
vt 0.5714286 0
vt 0.714285731 0
vt 0.857142866 0
vt 1 0
vt 0 0.142857149
vt 0.142857149 0.142857149
vt 0.2857143 0.142857149
vt 0.428571433 0.142857149
vt 0.5714286 0.142857149
vt 0.714285731 0.142857149
vt 0.857142866 0.142857149
vt 1 0.142857149
vt 0 0.2857143
vt 0.142857149 0.2857143
vt 0.2857143 0.2857143
vt 0.428571433 0.2857143
vt 0.5714286 0.2857143
vt 0.714285731 0.2857143
vt 0.857142866 0.2857143
vt 1 0.2857143
vt 0 0.428571433
vt 0.142857149 0.428571433
vt 0.2857143 0.428571433
vt 0.428571433 0.428571433
vt 0.5714286 0.428571433
vt 0.714285731 0.428571433
vt 0.857142866 0.428571433
vt 1 0.428571433
vt 0 0.5714286
vt 0.142857149 0.5714286
vt 0.2857143 0.5714286
vt 0.428571433 0.5714286
vt 0.5714286 0.5714286
vt 0.714285731 0.5714286
vt 0.857142866 0.5714286
vt 1 0.5714286
vt 0 0.714285731
vt 0.142857149 0.714285731
vt 0.2857143 0.714285731
vt 0.428571433 0.714285731
vt 0.5714286 0.714285731
vt 0.714285731 0.714285731
vt 0.857142866 0.714285731
vt 1 0.714285731
vt 0 0.857142866
vt 0.142857149 0.857142866
vt 0.2857143 0.857142866
vt 0.428571433 0.857142866
vt 0.5714286 0.857142866
vt 0.714285731 0.857142866
vt 0.857142866 0.857142866
vt 1 0.857142866
vt 0 1
vt 0.142857149 1
vt 0.2857143 1
vt 0.428571433 1
vt 0.5714286 1
vt 0.714285731 1
vt 0.857142866 1
vt 1 1
vt 0.5 0
vt 0.5 1
vt 0 0
vt 0.142857149 0
vt 0.2857143 0
vt 0.428571433 0
vt 0.5714286 0
vt 0.714285731 0
vt 0.857142866 0
vt 1 0
vt 0 0.25
vt 0.142857149 0.25
vt 0.2857143 0.25
vt 0.428571433 0.25
vt 0.5714286 0.25
vt 0.714285731 0.25
vt 0.857142866 0.25
vt 1 0.25
vt 0 0.5
vt 0.142857149 0.5
vt 0.2857143 0.5
vt 0.428571433 0.5
vt 0.5714286 0.5
vt 0.714285731 0.5
vt 0.857142866 0.5
vt 1 0.5
vt 0 0.75
vt 0.142857149 0.75
vt 0.2857143 0.75
vt 0.428571433 0.75
vt 0.5714286 0.75
vt 0.714285731 0.75
vt 0.857142866 0.75
vt 1 0.75
vt 0 1
vt 0.142857149 1
vt 0.2857143 1
vt 0.428571433 1
vt 0.5714286 1
vt 0.714285731 1
vt 0.857142866 1
vt 1 1
vt 0 0
vt 0.142857149 0
vt 0.2857143 0
vt 0.428571433 0
vt 0.5714286 0
vt 0.714285731 0
vt 0.857142866 0
vt 1 0
vt 0 0.2
vt 0.142857149 0.2
vt 0.2857143 0.2
vt 0.428571433 0.2
vt 0.5714286 0.2
vt 0.714285731 0.2
vt 0.857142866 0.2
vt 1 0.2
vt 0 0.4
vt 0.142857149 0.4
vt 0.2857143 0.4
vt 0.428571433 0.4
vt 0.5714286 0.4
vt 0.714285731 0.4
vt 0.857142866 0.4
vt 1 0.4
vt 0 0.6
vt 0.142857149 0.6
vt 0.2857143 0.6
vt 0.428571433 0.6
vt 0.5714286 0.6
vt 0.714285731 0.6
vt 0.857142866 0.6
vt 1 0.6
vt 0 0.8
vt 0.142857149 0.8
vt 0.2857143 0.8
vt 0.428571433 0.8
vt 0.5714286 0.8
vt 0.714285731 0.8
vt 0.857142866 0.8
vt 1 0.8
vt 0 1
vt 0.142857149 1
vt 0.2857143 1
vt 0.428571433 1
vt 0.5714286 1
vt 0.714285731 1
vt 0.857142866 1
vt 1 1
vt 0 0
vt 0.166666672 0
vt 0.333333343 0
vt 0.5 0
vt 0.6666667 0
vt 0.8333333 0
vt 1 0
vt 0 0.25
vt 0.166666672 0.25
vt 0.333333343 0.25
vt 0.5 0.25
vt 0.6666667 0.25
vt 0.8333333 0.25
vt 1 0.25
vt 0 0.5
vt 0.166666672 0.5
vt 0.333333343 0.5
vt 0.5 0.5
vt 0.6666667 0.5
vt 0.8333333 0.5
vt 1 0.5
vt 0 0.75
vt 0.166666672 0.75
vt 0.333333343 0.75
vt 0.5 0.75
vt 0.6666667 0.75
vt 0.8333333 0.75
vt 1 0.75
vt 0 1
vt 0.166666672 1
vt 0.333333343 1
vt 0.5 1
vt 0.6666667 1
vt 0.8333333 1
vt 1 1
vt 0 0
vt 0.142857149 0
vt 0.2857143 0
vt 0.428571433 0
vt 0.5714286 0
vt 0.714285731 0
vt 0.857142866 0
vt 1 0
vt 0 0.142857149
vt 0.142857149 0.142857149
vt 0.2857143 0.142857149
vt 0.428571433 0.142857149
vt 0.5714286 0.142857149
vt 0.714285731 0.142857149
vt 0.857142866 0.142857149
vt 1 0.142857149
vt 0 0.2857143
vt 0.142857149 0.2857143
vt 0.2857143 0.2857143
vt 0.428571433 0.2857143
vt 0.5714286 0.2857143
vt 0.714285731 0.2857143
vt 0.857142866 0.2857143
vt 1 0.2857143
vt 0 0.428571433
vt 0.142857149 0.428571433
vt 0.2857143 0.428571433
vt 0.428571433 0.428571433
vt 0.5714286 0.428571433
vt 0.714285731 0.428571433
vt 0.857142866 0.428571433
vt 1 0.428571433
vt 0 0.5714286
vt 0.142857149 0.5714286
vt 0.2857143 0.5714286
vt 0.428571433 0.5714286
vt 0.5714286 0.5714286
vt 0.714285731 0.5714286
vt 0.857142866 0.5714286
vt 1 0.5714286
vt 0 0.714285731
vt 0.142857149 0.714285731
vt 0.2857143 0.714285731
vt 0.428571433 0.714285731
vt 0.5714286 0.714285731
vt 0.714285731 0.714285731
vt 0.857142866 0.714285731
vt 1 0.714285731
vt 0 0.857142866
vt 0.142857149 0.857142866
vt 0.2857143 0.857142866
vt 0.428571433 0.857142866
vt 0.5714286 0.857142866
vt 0.714285731 0.857142866
vt 0.857142866 0.857142866
vt 1 0.857142866
vt 0 1
vt 0.142857149 1
vt 0.2857143 1
vt 0.428571433 1
vt 0.5714286 1
vt 0.714285731 1
vt 0.857142866 1
vt 1 1
vt 0.5 0
vt 0.5 1
vt 0 0
vt 0.142857149 0
vt 0.2857143 0
vt 0.428571433 0
vt 0.5714286 0
vt 0.714285731 0
vt 0.857142866 0
vt 1 0
vt 0 0.25
vt 0.142857149 0.25
vt 0.2857143 0.25
vt 0.428571433 0.25
vt 0.5714286 0.25
vt 0.714285731 0.25
vt 0.857142866 0.25
vt 1 0.25
vt 0 0.5
vt 0.142857149 0.5
vt 0.2857143 0.5
vt 0.428571433 0.5
vt 0.5714286 0.5
vt 0.714285731 0.5
vt 0.857142866 0.5
vt 1 0.5
vt 0 0.75
vt 0.142857149 0.75
vt 0.2857143 0.75
vt 0.428571433 0.75
vt 0.5714286 0.75
vt 0.714285731 0.75
vt 0.857142866 0.75
vt 1 0.75
vt 0 1
vt 0.142857149 1
vt 0.2857143 1
vt 0.428571433 1
vt 0.5714286 1
vt 0.714285731 1
vt 0.857142866 1
vt 1 1
vt 0 0
vt 0.142857149 0
vt 0.2857143 0
vt 0.428571433 0
vt 0.5714286 0
vt 0.714285731 0
vt 0.857142866 0
vt 1 0
vt 0 0.142857149
vt 0.142857149 0.142857149
vt 0.2857143 0.142857149
vt 0.428571433 0.142857149
vt 0.5714286 0.142857149
vt 0.714285731 0.142857149
vt 0.857142866 0.142857149
vt 1 0.142857149
vt 0 0.2857143
vt 0.142857149 0.2857143
vt 0.2857143 0.2857143
vt 0.428571433 0.2857143
vt 0.5714286 0.2857143
vt 0.714285731 0.2857143
vt 0.857142866 0.2857143
vt 1 0.2857143
vt 0 0.428571433
vt 0.142857149 0.428571433
vt 0.2857143 0.428571433
vt 0.428571433 0.428571433
vt 0.5714286 0.428571433
vt 0.714285731 0.428571433
vt 0.857142866 0.428571433
vt 1 0.428571433
vt 0 0.5714286
vt 0.142857149 0.5714286
vt 0.2857143 0.5714286
vt 0.428571433 0.5714286
vt 0.5714286 0.5714286
vt 0.714285731 0.5714286
vt 0.857142866 0.5714286
vt 1 0.5714286
vt 0 0.714285731
vt 0.142857149 0.714285731
vt 0.2857143 0.714285731
vt 0.428571433 0.714285731
vt 0.5714286 0.714285731
vt 0.714285731 0.714285731
vt 0.857142866 0.714285731
vt 1 0.714285731
vt 0 0.857142866
vt 0.142857149 0.857142866
vt 0.2857143 0.857142866
vt 0.428571433 0.857142866
vt 0.5714286 0.857142866
vt 0.714285731 0.857142866
vt 0.857142866 0.857142866
vt 1 0.857142866
vt 0 1
vt 0.142857149 1
vt 0.2857143 1
vt 0.428571433 1
vt 0.5714286 1
vt 0.714285731 1
vt 0.857142866 1
vt 1 1
vt 0.5 0
vt 0.5 1
vt 0 0
vt 0.142857149 0
vt 0.2857143 0
vt 0.428571433 0
vt 0.5714286 0
vt 0.714285731 0
vt 0.857142866 0
vt 1 0
vt 0 0.25
vt 0.142857149 0.25
vt 0.2857143 0.25
vt 0.428571433 0.25
vt 0.5714286 0.25
vt 0.714285731 0.25
vt 0.857142866 0.25
vt 1 0.25
vt 0 0.5
vt 0.142857149 0.5
vt 0.2857143 0.5
vt 0.428571433 0.5
vt 0.5714286 0.5
vt 0.714285731 0.5
vt 0.857142866 0.5
vt 1 0.5
vt 0 0.75
vt 0.142857149 0.75
vt 0.2857143 0.75
vt 0.428571433 0.75
vt 0.5714286 0.75
vt 0.714285731 0.75
vt 0.857142866 0.75
vt 1 0.75
vt 0 1
vt 0.142857149 1
vt 0.2857143 1
vt 0.428571433 1
vt 0.5714286 1
vt 0.714285731 1
vt 0.857142866 1
vt 1 1
vt 0 0
vt 0.166666672 0
vt 0.333333343 0
vt 0.5 0
vt 0.6666667 0
vt 0.8333333 0
vt 1 0
vt 0 0.05882353
vt 0.166666672 0.05882353
vt 0.333333343 0.05882353
vt 0.5 0.05882353
vt 0.6666667 0.05882353
vt 0.8333333 0.05882353
vt 1 0.05882353
vt 0 0.117647059
vt 0.166666672 0.117647059
vt 0.333333343 0.117647059
vt 0.5 0.117647059
vt 0.6666667 0.117647059
vt 0.8333333 0.117647059
vt 1 0.117647059
vt 0 0.1764706
vt 0.166666672 0.1764706
vt 0.333333343 0.1764706
vt 0.5 0.1764706
vt 0.6666667 0.1764706
vt 0.8333333 0.1764706
vt 1 0.1764706
vt 0 0.235294119
vt 0.166666672 0.235294119
vt 0.333333343 0.235294119
vt 0.5 0.235294119
vt 0.6666667 0.235294119
vt 0.8333333 0.235294119
vt 1 0.235294119
vt 0 0.294117659
vt 0.166666672 0.294117659
vt 0.333333343 0.294117659
vt 0.5 0.294117659
vt 0.6666667 0.294117659
vt 0.8333333 0.294117659
vt 1 0.294117659
vt 0 0.3529412
vt 0.166666672 0.3529412
vt 0.333333343 0.3529412
vt 0.5 0.3529412
vt 0.6666667 0.3529412
vt 0.8333333 0.3529412
vt 1 0.3529412
vt 0 0.4117647
vt 0.166666672 0.4117647
vt 0.333333343 0.4117647
vt 0.5 0.4117647
vt 0.6666667 0.4117647
vt 0.8333333 0.4117647
vt 1 0.4117647
vt 0 0.470588237
vt 0.166666672 0.470588237
vt 0.333333343 0.470588237
vt 0.5 0.470588237
vt 0.6666667 0.470588237
vt 0.8333333 0.470588237
vt 1 0.470588237
vt 0 0.5294118
vt 0.166666672 0.5294118
vt 0.333333343 0.5294118
vt 0.5 0.5294118
vt 0.6666667 0.5294118
vt 0.8333333 0.5294118
vt 1 0.5294118
vt 0 0.5882353
vt 0.166666672 0.5882353
vt 0.333333343 0.5882353
vt 0.5 0.5882353
vt 0.6666667 0.5882353
vt 0.8333333 0.5882353
vt 1 0.5882353
vt 0 0.647058845
vt 0.166666672 0.647058845
vt 0.333333343 0.647058845
vt 0.5 0.647058845
vt 0.6666667 0.647058845
vt 0.8333333 0.647058845
vt 1 0.647058845
vt 0 0.7058824
vt 0.166666672 0.7058824
vt 0.333333343 0.7058824
vt 0.5 0.7058824
vt 0.6666667 0.7058824
vt 0.8333333 0.7058824
vt 1 0.7058824
vt 0 0.7647059
vt 0.166666672 0.7647059
vt 0.333333343 0.7647059
vt 0.5 0.7647059
vt 0.6666667 0.7647059
vt 0.8333333 0.7647059
vt 1 0.7647059
vt 0 0.8235294
vt 0.166666672 0.8235294
vt 0.333333343 0.8235294
vt 0.5 0.8235294
vt 0.6666667 0.8235294
vt 0.8333333 0.8235294
vt 1 0.8235294
vt 0 0.882352948
vt 0.166666672 0.882352948
vt 0.333333343 0.882352948
vt 0.5 0.882352948
vt 0.6666667 0.882352948
vt 0.8333333 0.882352948
vt 1 0.882352948
vt 0 0.9411765
vt 0.166666672 0.9411765
vt 0.333333343 0.9411765
vt 0.5 0.9411765
vt 0.6666667 0.9411765
vt 0.8333333 0.9411765
vt 1 0.9411765
vt 0 1
vt 0.166666672 1
vt 0.333333343 1
vt 0.5 1
vt 0.6666667 1
vt 0.8333333 1
vt 1 1
vt 0.5 0
vt 0.5 1
vn 0 0 0
vn 0.274723232 0.960641 0.04118122
vn 0.06375034 0.9871542 0.146500856
vn 0.207374826 0.9730831 0.100523904
vn 0.0259415414 0.9939793 0.1064526
vn -0.29426378 0.954056561 0.0564341
vn -0.272861421 0.9618395 0.02028578
vn -0.216480687 0.976058841 -0.0210995488
vn -0.292966455 0.955714941 -0.0279220045
vn 0.0730493143 0.9880224 -0.13592501
vn 0.162983313 0.9779192 -0.130806535
vn 0.06445178 0.9912046 -0.115582868
vn 0.219464719 0.974714935 -0.0420238823
vn 0.494875073 0.8662215 0.0689849854
vn 0.4975769 0.856195033 0.139094517
vn 0.350270033 0.910912037 0.21806021
vn 0.151571229 0.9541755 0.25802213
vn -0.255920678 0.934785962 0.246332809
vn -0.5182348 0.8449046 0.132547975
vn -0.522335052 0.8518123 0.0397712849
vn -0.495072126 0.866114 -0.06892198
vn -0.329879344 0.917590559 -0.221826956
vn 0.0245872289 0.951215446 -0.3075459
vn 0.220322117 0.9387953 -0.264804661
vn 0.371407419 0.9113665 -0.177391067
vn 0.558434963 0.827520132 -0.0579719767
vn 0.775011957 0.6223735 0.109578855
vn 0.7566186 0.62740767 0.184086263
vn 0.5570559 0.749995768 0.356644273
vn 0.05064053 0.8396518 0.5407591
vn -0.5284124 0.731659 0.4306453
vn -0.7302317 0.644836366 0.225715667
vn -0.781203032 0.6230483 0.0391490757
vn -0.7536759 0.6315135 -0.182108328
vn -0.525295556 0.7289533 -0.4389668
vn -0.0642038956 0.843803942 -0.532797158
vn 0.410601079 0.79908514 -0.439169556
vn 0.7304372 0.645936251 -0.221873492
vn 0.8478842 0.524231136 -0.07920869
vn 0.9248153 0.3625625 0.115174189
vn 0.910193264 0.351316869 0.219373286
vn 0.709788 0.4329099 0.5556887
vn -0.018032182 0.5119682 0.858815134
vn -0.6804116 0.4404865 0.5856719
vn -0.8863853 0.3718626 0.275752366
vn -0.954995632 0.29651165 0.008004856
vn -0.91769 0.303392947 -0.256510645
vn -0.7122745 0.4291294 -0.5554396
vn -0.09133086 0.5889325 -0.803005159
vn 0.6771816 0.445917219 -0.58530575
vn 0.9237117 0.2947241 -0.244733453
vn 0.9615676 0.245784223 -0.1223843
vn 0.989643455 0.07596996 0.121796414
vn 0.9647539 0.0017674613 0.263147444
vn 0.7496917 -0.04912867 0.659961164
vn 0.00497186743 0.006530604 0.999966264
vn -0.753166258 0.04033986 0.656592131
vn -0.9644029 0.00173359783 0.264431477
vn -0.9995141 -0.0282399878 -0.0131839151
vn -0.96439594 -0.0017052067 -0.264457047
vn -0.7927675 0.0467510149 -0.607728541
vn 0.004782513 -0.00663648266 -0.9999666
vn 0.7904487 -0.03887639 -0.611293256
vn 0.964761 -0.00173998147 -0.263122052
vn 0.9883514 -0.0207167547 -0.150771916
vn 0.9556737 -0.263349026 0.1316623
vn 0.8900305 -0.3646974 0.2735718
vn 0.6750913 -0.446716249 0.5871084
vn 0.0219374318 -0.510601044 0.85953784
vn -0.710546136 -0.4297068 0.557204
vn -0.908719 -0.35653758 0.217050076
vn -0.954944253 -0.296645939 -0.009092824
vn -0.920816541 -0.301844 -0.246955737
vn -0.682393134 -0.439642072 -0.5839987
vn 0.09442897 -0.589469552 -0.802252352
vn 0.7115794 -0.432269573 -0.5538934
vn 0.9188204 -0.2981306 -0.2586258
vn 0.931004941 -0.342038929 -0.127433345
vn 0.8039164 -0.5839629 0.112719312
vn 0.7287241 -0.647044957 0.224263012
vn 0.533949256 -0.7261066 0.433206
vn -0.05730834 -0.844061732 0.533175
vn -0.5567524 -0.7467569 0.3638419
vn -0.754961252 -0.6306795 0.179657534
vn -0.8232958 -0.5676063 0.00270203245
vn -0.7319563 -0.64371413 -0.223320588
vn -0.403816879 -0.8041947 -0.436122447
vn 0.05717167 -0.839518368 -0.540315032
vn 0.5259417 -0.7330446 -0.431313068
vn 0.7554799 -0.628091037 -0.1864179
vn 0.7407049 -0.6697868 -0.05236403
vn 0.575289547 -0.8171091 0.03707697
vn 0.503916442 -0.8538023 0.130728409
vn 0.256253 -0.9327825 0.2534786
vn -0.13594465 -0.9567056 0.257358551
vn -0.362277716 -0.908266842 0.2092992
vn -0.5007813 -0.8524612 0.150093436
vn -0.523175657 -0.851966 -0.02100397
vn -0.38750717 -0.904237747 -0.179421932
vn -0.2192476 -0.9409432 -0.257985055
vn -0.008373224 -0.9509141 -0.309341669
vn 0.317442626 -0.9198059 -0.2306237
vn 0.491176069 -0.8691305 -0.05795028
vn 0.458982676 -0.8880702 0.025810333
vn 0.310245782 -0.949892 -0.0381131619
vn 0.230602235 -0.9707025 0.06752131
vn -0.034916345 -0.990568042 0.132498354
vn -0.09676374 -0.991300642 0.08921787
vn -0.20136112 -0.973535836 0.108081572
vn -0.2160241 -0.9698428 0.112864681
vn -0.180746838 -0.9784255 -0.100070991
vn -0.1320431 -0.9856178 -0.105462067
vn -0.1693022 -0.979960144 -0.104951069
vn 0.0371614546 -0.9881617 -0.148847729
vn 0.162708163 -0.984545052 -0.06478575
vn 0.275475949 -0.960001 0.05011053
vn 0 0 0
vn 0 0 0
vn 0.276016831 0.9573692 0.08519913
vn 0.170980722 0.959574342 0.223568
vn 0 0.9609449 0.276739955
vn -0.170980722 0.959574342 0.223567963
vn -0.2760169 0.957369268 0.08519907
vn -0.276016772 0.9573692 -0.0851991251
vn -0.170980617 0.9595744 -0.223568022
vn 0 0.9609449 -0.276739925
vn 0.170980737 0.959574342 -0.223567948
vn 0.2760169 0.957369268 -0.08519911
vn 0.513142645 0.8435616 0.158393621
vn 0.5189551 0.811393142 0.2689364
vn 0.256019264 0.819628835 0.5125063
vn -0.110262312 0.821773 0.559045136
vn -0.431387752 0.814766645 0.387375742
vn -0.5841265 0.808467567 0.0719478652
vn -0.518955052 0.811393 -0.268936455
vn -0.256019145 0.8196289 -0.512506366
vn 0.110262305 0.821773052 -0.5590451
vn 0.431387663 0.814766645 -0.3873757
vn 0.6069655 0.772328556 -0.187354147
vn 0.7948682 0.5549645 0.245354861
vn 0.7298307 0.517390668 0.446826726
vn 0.320846945 0.5286993 0.785833538
vn -0.227213368 0.5300337 0.816969037
vn -0.6754908 0.519418359 0.5233707
vn -0.8578021 0.5119568 0.0455604121
vn -0.729830742 0.517390549 -0.446826845
vn -0.320846766 0.5286993 -0.785833538
vn 0.227213278 0.5300337 -0.8169691
vn 0.6754908 0.5194183 -0.5233706
vn 0.854002357 0.448543 -0.263607919
vn 0.9321237 0.21991238 0.287722081
vn 0.8192538 0.174351677 0.546282649
vn 0.3341388 0.1793684 0.925299
vn -0.302478343 0.1795465 0.936093
vn -0.801269 0.17461659 0.5722561
vn -0.985046744 0.171609461 0.0152718266
vn -0.819253862 0.1743516 -0.5462826
vn -0.334138632 0.179368362 -0.925299048
vn 0.302478254 0.1795464 -0.936093
vn 0.801269054 0.174616545 -0.572256
vn 0.9494577 0.112421229 -0.293072522
vn 0.949457645 -0.112421244 0.2930726
vn 0.8012689 -0.1746166 0.572256148
vn 0.302478343 -0.179546535 0.936092854
vn -0.33413887 -0.179368511 0.9252989
vn -0.8192538 -0.174351811 0.5462825
vn -0.985046744 -0.171609521 -0.0152722849
vn -0.801269 -0.174616545 -0.5722561
vn -0.302478075 -0.179546431 -0.9360929
vn 0.334138751 -0.179368451 -0.925299
vn 0.819253862 -0.174351722 -0.5462825
vn 0.932123661 -0.21991244 -0.287721932
vn 0.854002237 -0.448543161 0.263608068
vn 0.675490558 -0.5194185 0.523370743
vn 0.227213129 -0.5300339 0.816969
vn -0.320847064 -0.5286996 0.7858333
vn -0.7298307 -0.5173908 0.446826547
vn -0.857802033 -0.51195693 -0.04556077
vn -0.675490558 -0.519418538 -0.523370743
vn -0.227212965 -0.5300338 -0.8169691
vn 0.320846856 -0.528699458 -0.785833359
vn 0.7298307 -0.517390847 -0.446826518
vn 0.794868052 -0.554964662 -0.245354757
vn 0.606965065 -0.7723288 0.187354147
vn 0.4313874 -0.8147668 0.3873756
vn 0.110262029 -0.8217732 0.5590448
vn -0.256019175 -0.8196291 0.512506
vn -0.5189549 -0.8113934 0.2689362
vn -0.5841261 -0.808467746 -0.071948044
vn -0.431387216 -0.814766943 -0.387375653
vn -0.110262066 -0.8217732 -0.559044838
vn 0.2560191 -0.819629133 -0.512505949
vn 0.5189549 -0.8113934 -0.268936157
vn 0.513142347 -0.8435618 -0.158393472
vn 0.276016474 -0.9573693 0.08519901
vn 0.170980364 -0.959574461 0.223567754
vn 0 -0.9609449 0.2767396
vn -0.170980543 -0.959574461 0.2235677
vn -0.276016474 -0.957369447 0.0851990059
vn -0.2760164 -0.9573693 -0.0851991
vn -0.170980364 -0.959574461 -0.223567754
vn 0 -0.960945 -0.2767396
vn 0.170980483 -0.959574461 -0.223567709
vn 0.276016474 -0.9573693 -0.08519901
vn 0 0 0
vn 0 0 0
vn 0.1798498 0.9816652 0.0631463155
vn 0.130956277 0.9764244 0.171597928
vn 0.0476800576 0.971266568 0.2331689
vn -0.047680065 0.971266568 0.233168915
vn -0.130956292 0.9764244 0.171597913
vn -0.1798498 0.9816652 0.0631463155
vn -0.179849818 0.981665254 -0.0631464049
vn -0.130956322 0.9764244 -0.171598032
vn -0.04768008 0.971266568 -0.233169049
vn 0.0476800762 0.971266568 -0.233169049
vn 0.130956441 0.9764244 -0.171597943
vn 0.1798498 0.9816652 -0.0631464
vn 0.353693 0.927081347 0.124183647
vn 0.374423 0.9016802 0.216287479
vn 0.234940723 0.876359046 0.420473069
vn 0.04222111 0.860065 0.5084345
vn -0.158758149 0.8672474 0.4718874
vn -0.3265283 0.8917646 0.313265055
vn -0.4105292 0.9099668 0.05853417
vn -0.374423 0.9016802 -0.216287643
vn -0.234940737 0.876359 -0.4204733
vn -0.0422211364 0.8600648 -0.5084348
vn 0.158758342 0.8672473 -0.471887529
vn 0.326528281 0.8917646 -0.313265383
vn 0.434040457 0.8879103 -0.152394116
vn 0.629958868 0.7444665 0.221182212
vn 0.5990341 0.6926507 0.401738
vn 0.339122027 0.6426906 0.686982453
vn 0.0303345546 0.6179305 0.7856473
vn -0.281062633 0.63498 0.7195862
vn -0.557180464 0.6830263 0.472255319
vn -0.6956251 0.7169233 0.046116624
vn -0.599033952 0.692650557 -0.401738137
vn -0.3391219 0.6426905 -0.6869827
vn -0.0303346086 0.6179304 -0.785647452
vn 0.281062722 0.634979963 -0.7195862
vn 0.5571802 0.6830262 -0.472255617
vn 0.710042953 0.6585503 -0.249300033
vn 0.8466339 0.441416562 0.297258139
vn 0.752671 0.3743587 0.54161036
vn 0.3959406 0.3329634 0.8557841
vn 0.0154989613 0.31572035 0.94872576
vn -0.3648133 0.3304127 0.870481968
vn -0.7272041 0.370744228 0.5776876
vn -0.9163379 0.3995799 0.0257032644
vn -0.7526708 0.374358654 -0.5416106
vn -0.395940572 0.3329637 -0.855784
vn -0.0154988552 0.315720648 -0.9487256
vn 0.3648131 0.330412954 -0.8704818
vn 0.7272039 0.370744318 -0.5776878
vn 0.8925327 0.3243185 -0.3133733
vn 0.9415829 0.06425279 0.330595344
vn 0.7974942 -1.3327147E-07 0.6033267
vn 0.403205842 -2.23481589E-08 0.915109336
vn 2.349941E-09 0 1
vn -0.403205842 -2.483129E-09 0.915109336
vn -0.797494233 9.0738034E-08 0.603326559
vn -1 -1.23169324E-08 1.23169324E-08
vn -0.7974941 7.656022E-08 -0.6033268
vn -0.403205723 -4.96625763E-09 -0.915109336
vn -2.349941E-09 4.699882E-09 -1
vn 0.403205842 3.2280667E-08 -0.9151092
vn 0.7974942 -6.805352E-08 -0.6033266
vn 0.941583037 -0.06425278 -0.330595165
vn 0.8925327 -0.324318558 0.313373476
vn 0.727203965 -0.3707443 0.57768774
vn 0.3648132 -0.330412716 0.870481968
vn -0.0154989939 -0.315720469 0.9487257
vn -0.395940661 -0.3329635 0.855784059
vn -0.7526711 -0.374358773 0.541610241
vn -0.9163379 -0.399580061 -0.0257032961
vn -0.7272037 -0.370744348 -0.5776879
vn -0.36481294 -0.330413 -0.870481968
vn 0.0154988877 -0.315720737 -0.9487256
vn 0.3959407 -0.3329638 -0.8557838
vn 0.752670944 -0.374358833 -0.5416104
vn 0.8466339 -0.44141677 -0.29725796
vn 0.710042655 -0.65855056 0.2493001
vn 0.557180166 -0.6830265 0.4722552
vn 0.281062543 -0.6349802 0.719585955
vn -0.0303345136 -0.6179307 0.7856471
vn -0.339121968 -0.6426909 0.6869822
vn -0.599033952 -0.692650855 0.40173775
vn -0.695624769 -0.716923535 -0.0461165458
vn -0.55718 -0.6830265 -0.472255528
vn -0.281062543 -0.6349801 -0.719586
vn 0.0303345658 -0.6179306 -0.7856471
vn 0.339121968 -0.6426907 -0.686982453
vn 0.5990338 -0.692650735 -0.401737928
vn 0.6299588 -0.744466543 -0.221182019
vn 0.434040517 -0.887910366 0.152394161
vn 0.3265283 -0.8917646 0.313265264
vn 0.158758178 -0.867247343 0.471887439
vn -0.042221155 -0.8600649 0.5084346
vn -0.234940857 -0.876359046 0.42047298
vn -0.374423146 -0.9016802 0.216287464
vn -0.410529226 -0.9099667 -0.0585342459
vn -0.326528281 -0.891764462 -0.3132655
vn -0.1587583 -0.8672472 -0.471887738
vn 0.0422211848 -0.8600648 -0.508434832
vn 0.234940916 -0.8763589 -0.420473337
vn 0.374423146 -0.9016801 -0.216287628
vn 0.353693068 -0.9270813 -0.124183722
vn 0.179849565 -0.9816652 0.0631462559
vn 0.130956173 -0.976424456 0.1715977
vn 0.0476800352 -0.9712666 0.233168691
vn -0.0476800278 -0.9712666 0.233168676
vn -0.1309562 -0.976424456 0.17159766
vn -0.179849565 -0.9816652 0.0631462857
vn -0.17984955 -0.9816652 -0.06314637
vn -0.130956233 -0.976424456 -0.171597764
vn -0.04768007 -0.9712666 -0.233168826
vn 0.04768006 -0.971266568 -0.233168811
vn 0.130956188 -0.9764244 -0.171597809
vn 0.17984958 -0.981665254 -0.06314625
vn 0 0 0
vn 0 0 0
vn 0.182519943 0.973680139 0.136504367
vn 0.0733493939 0.9446653 0.319730133
vn -0.0733493939 0.9446653 0.319730133
vn -0.182519943 0.973680139 0.136504367
vn -0.182519943 0.973680139 -0.1365037
vn -0.07334917 0.9446657 -0.319729179
vn 0.07334978 0.9446656 -0.319729149
vn 0.182519957 0.9736802 -0.136504054
vn 0.371364146 0.88597405 0.2777385
vn 0.341044962 0.824027538 0.452401221
vn 0.0571451373 0.7359692 0.674599051
vn -0.236653537 0.778291762 0.5815987
vn -0.4491753 0.884790957 0.124042273
vn -0.341045231 0.824027956 -0.452400327
vn -0.0571445 0.7359691 -0.674599051
vn 0.236653686 0.7782921 -0.5815982
vn 0.4602196 0.8183704 -0.344191283
vn 0.695208669 0.496336758 0.5199373
vn 0.483685523 0.342628479 0.805390537
vn 0.021528095 0.2772585 0.9605542
vn -0.42941156 0.329838246 0.8407214
vn -0.884938955 0.46119687 0.06465686
vn -0.483685941 0.3426279 -0.8053906
vn -0.0215277541 0.277258 -0.9605543
vn 0.42941153 0.3298388 -0.8407212
vn 0.7690303 0.2789264 -0.5751456
vn 0.7690295 -0.278926343 0.5751468
vn 0.42941153 -0.329838276 0.840721369
vn -0.0215280987 -0.2772585 0.9605541
vn -0.483685553 -0.3426286 0.8053906
vn -0.884939 -0.46119675 -0.06465719
vn -0.429411739 -0.3298384 -0.84072125
vn 0.02152795 -0.277257532 -0.9605544
vn 0.48368606 -0.342628777 -0.8053901
vn 0.6952092 -0.496337324 -0.519936144
vn 0.460219443 -0.8183703 0.344192058
vn 0.236653537 -0.7782918 0.581598639
vn -0.05714514 -0.735969245 0.674599051
vn -0.341044873 -0.8240276 0.452401161
vn -0.4491754 -0.8847909 -0.12404234
vn -0.23665376 -0.7782921 -0.5815981
vn 0.0571453236 -0.7359694 -0.6745987
vn 0.3410452 -0.8240281 -0.452400059
vn 0.371364176 -0.8859742 -0.277737826
vn 0.182519913 -0.9736802 0.1365043
vn 0.07334939 -0.9446653 0.3197301
vn -0.0733494 -0.9446654 0.319730133
vn -0.182519913 -0.973680139 0.136504263
vn -0.182519928 -0.973680139 -0.136503652
vn -0.07334917 -0.9446657 -0.3197291
vn 0.0733497739 -0.9446656 -0.31972912
vn 0.182519928 -0.973680258 -0.136504009
vn 0 0 0
vn 0 0 0
vn 0.2124411 0.915854752 0.340703279
vn 0 0.8023002 0.596920669
vn -0.2124411 0.915854752 0.340703219
vn -0.2124411 0.915854752 -0.3407034
vn 0 0.8023002 -0.59692055
vn 0.2124411 0.915854752 -0.3407033
vn 0.384592533 0.6867725 0.6167918
vn 0.250513762 0.5399955 0.8035221
vn -0.109182708 0.470701069 0.87551105
vn -0.5462898 0.785036147 0.292037278
vn -0.250513226 0.5399928 -0.803524
vn 0.109182991 0.470696926 -0.8755132
vn 0.439951777 0.555522859 -0.7055754
vn 0.5263647 0.10169635 0.8441552
vn 0.203497648 8.996651E-07 0.9790755
vn -0.203497663 -9.31605939E-07 0.9790755
vn -1 -1.543435E-06 -3.13918974E-07
vn -0.2034963 -3.46025161E-07 -0.97907573
vn 0.203496292 3.67319E-07 -0.97907573
vn 0.526362062 -0.101694956 -0.844157
vn 0.4399526 -0.5555247 0.70557344
vn 0.109182708 -0.470701069 0.87551105
vn -0.250513762 -0.539995551 0.803521931
vn -0.5462897 -0.78503567 -0.2920385
vn -0.109183 -0.470696956 -0.875513256
vn 0.2505132 -0.5399928 -0.803524
vn 0.384592533 -0.6867725 -0.6167919
vn 0.2124411 -0.915854752 0.340703279
vn 0 -0.8023003 0.596920669
vn -0.2124411 -0.915854752 0.340703219
vn -0.212441087 -0.9158548 -0.340703368
vn 0 -0.8023002 -0.5969206
vn 0.212441131 -0.9158548 -0.340703368
vn 0 0 0
vn 0 0 0
vn 0.373257577 0.888379 0.267323017
vn 0.08564898 0.8253663 0.5580633
vn -0.247639254 0.851705849 0.4618138
vn -0.42264092 0.9062972 -3.89041844E-07
vn -0.247639313 0.85170573 -0.461813927
vn 0.0856483 0.825366437 -0.558063149
vn 0.373257637 0.8883791 -0.2673225
vn 0.614773333 0.6543661 0.440294057
vn 0.49746567 0.573355258 0.650992751
vn -0.0281427056 0.503133655 0.86375016
vn -0.551464438 0.5882969 0.5914337
vn -0.7105903 0.638462961 -0.295679837
vn -0.233923048 0.519297242 -0.821955264
vn 0.291107267 0.5280814 -0.7977383
vn 0.683212042 0.5420324 -0.48930797
vn 0.787039161 0.250693023 0.5636687
vn 0.500205 0.1761498 0.8478008
vn -0.118220448 0.155606225 0.980719447
vn -0.763213754 0.201533049 0.6139131
vn -0.8267602 0.208640277 -0.5224335
vn -0.181634367 0.157359511 -0.970694065
vn 0.4309409 0.170786649 -0.886071
vn 0.806056 0.130435556 -0.5772871
vn 0.8060555 -0.1304356 0.5772878
vn 0.430940449 -0.170786425 0.886071265
vn -0.1816347 -0.157359272 0.970694
vn -0.8267606 -0.208639681 0.522433162
vn -0.7632131 -0.201533273 -0.613913834
vn -0.118220188 -0.1556066 -0.980719447
vn 0.500205457 -0.17615 -0.847800434
vn 0.7870399 -0.2506933 -0.563667655
vn 0.683212042 -0.5420319 0.489308476
vn 0.291107327 -0.528080761 0.797738731
vn -0.233923137 -0.5192966 0.821955562
vn -0.7105907 -0.638462663 0.29567945
vn -0.551463664 -0.588297069 -0.5914341
vn -0.02814303 -0.503133953 -0.8637501
vn 0.497466177 -0.5733557 -0.650992155
vn 0.61477375 -0.654366434 -0.440292865
vn 0.373256981 -0.8883794 0.267322272
vn 0.08564885 -0.825367033 0.5580624
vn -0.2476388 -0.851706445 0.461812973
vn -0.422640026 -0.9062976 -3.88005134E-07
vn -0.247638837 -0.8517063 -0.461813033
vn 0.0856481642 -0.8253672 -0.5580622
vn 0.373257041 -0.8883795 -0.267321765
vn 0 0 0
vn 0 0 0
vn 0.190157548 0.943664968 0.2708074
vn 0 0.8673001 0.4977855
vn -0.1901576 0.9436649 0.270807475
vn -0.1901575 0.9436643 -0.270809472
vn 0 0.8672984 -0.497788519
vn 0.190157428 0.9436644 -0.270809352
vn 0.3713029 0.7632336 0.528780341
vn 0.255912155 0.6349866 0.728903949
vn -0.114460193 0.5680069 0.815025747
vn -0.502413332 0.8310826 0.23850064
vn -0.2559115 0.6349868 -0.728904068
vn 0.1144591 0.5680089 -0.8150245
vn 0.441046447 0.6410599 -0.6281085
vn 0.570023835 0.126771539 0.8117892
vn 0.227901191 -1.81956636E-06 0.9736843
vn -0.227901176 1.81956625E-06 0.9736843
vn -1 1.15975752E-06 0
vn -0.227901146 2.78221144E-08 -0.9736843
vn 0.227901146 -2.225769E-08 -0.9736843
vn 0.570023656 -0.126772821 -0.811789155
vn 0.4410472 -0.6410599 0.628107965
vn 0.114460185 -0.568007 0.8150257
vn -0.255912185 -0.6349865 0.728904068
vn -0.502412736 -0.831083059 -0.238500133
vn -0.114459105 -0.56800884 -0.8150245
vn 0.2559115 -0.634986937 -0.728903949
vn 0.371302068 -0.7632319 -0.5287833
vn 0.190157548 -0.943664968 0.2708074
vn 0 -0.867300153 0.4977855
vn -0.1901576 -0.9436649 0.270807475
vn -0.1901575 -0.9436643 -0.270809472
vn 0 -0.867298543 -0.497788519
vn 0.190157428 -0.9436644 -0.270809382
vn 0 0 0
vn 0.362652183 0.379019618 -0.851368
vn 0.6214865 0.608552635 -0.4933742
vn 0.6649731 0.738360941 0.112400241
vn 0.207721964 0.8264188 0.523338735
vn -0.405947924 0.806417167 0.429997176
vn -0.7139313 0.69341743 -0.09733662
vn -0.484309644 0.572510839 -0.6615706
vn -0.2588641 0.672080338 -0.6937559
vn 0.4329856 -0.251264483 -0.8656728
vn 0.7750345 -0.20131059 -0.598995566
vn 0.9741221 -0.02481369 0.224655941
vn 0.439675868 0.117844105 0.890391946
vn -0.425855279 0.11923869 0.8968999
vn -0.9707087 -0.0216802377 0.239279032
vn -0.7845988 -0.198797762 -0.5872683
vn -0.432985425 -0.2512644 -0.865673
vn 0.4329857 -0.2512635 -0.8656731
vn 0.7747914 -0.201372862 -0.59928906
vn 0.9742053 -0.0248932112 0.2242861
vn 0.44002372 0.117807493 0.890225053
vn -0.425505668 0.1192727 0.8970613
vn -0.9706202 -0.0216013175 0.2396452
vn -0.7848362 -0.198733419 -0.586972833
vn -0.432985544 -0.251264066 -0.865673065
vn 0.432985663 -0.251264483 -0.8656729
vn 0.7745222 -0.201442033 -0.5996138
vn 0.9742965 -0.0249792617 0.223880127
vn 0.440403938 0.117769212 0.890042067
vn -0.425121278 0.119310707 0.8972385
vn -0.9705215 -0.0215148851 0.240052089
vn -0.785101056 -0.198663071 -0.586642563
vn -0.432985783 -0.251263916 -0.865672946
vn 0.432985574 -0.251265 -0.865672767
vn 0.7742242 -0.201519653 -0.5999722
vn 0.974397957 -0.0250762384 0.2234272
vn 0.440831125 0.117726408 0.8898362
vn -0.424690127 0.119355366 0.8974367
vn -0.9704117 -0.0214165654 0.240504712
vn -0.785393238 -0.198584944 -0.586277664
vn -0.4329856 -0.25126496 -0.8656727
vn 0.432985365 -0.2512655 -0.865672767
vn 0.773889 -0.201605678 -0.6003758
vn 0.974511 -0.0251839887 0.222921371
vn 0.4413051 0.11767786 0.889607549
vn -0.424211353 0.119402632 0.8976568
vn -0.9702888 -0.02130814 0.241009369
vn -0.78572166 -0.198497087 -0.5858674
vn -0.432985544 -0.251265317 -0.865672767
vn 0.432985067 -0.251264572 -0.865673244
vn 0.773512244 -0.201702431 -0.600828469
vn 0.9746389 -0.0253069736 0.222348034
vn 0.441844553 0.117621876 0.889347255
vn -0.423668027 0.119455978 0.8979063
vn -0.970150352 -0.021185983 0.241577178
vn -0.7860874 -0.198397636 -0.5854101
vn -0.432984978 -0.251265019 -0.8656731
vn 0.303302944 -0.8311622 -0.466022253
vn 0.533230841 -0.7134666 -0.454566
vn 0.796841741 -0.579264462 0.171744034
vn 0.460414141 -0.4524082 0.7637707
vn -0.222720861 -0.428425223 0.8756982
vn -0.738138556 -0.525375843 0.423239559
vn -0.6977188 -0.670251966 -0.252885163
vn -0.3836664 -0.6235414 -0.6811726
vn -4.875133E-10 0.977802753 -0.209527329
vn -1.845044E-08 -0.977807 0.209507778
vn 0 0 0
vn 0.230533019 0.9704047 0.07189797
vn 0.05778022 0.9847758 0.16394572
vn -0.1608321 0.978301644 0.13060993
vn -0.254961878 0.966951132 -7.572007E-08
vn -0.160832137 0.978301644 -0.13060993
vn 0.0577803068 0.9847757 -0.16394566
vn 0.230533019 0.9704047 -0.0718979239
vn 0.491629034 0.8571998 0.153327823
vn 0.453751326 0.8500394 0.267474353
vn -0.0426026881 0.9054298 0.4223528
vn -0.4967872 0.8384962 0.22388956
vn -0.5655017 0.8174938 -0.109140955
vn -0.240561754 0.8905586 -0.386051178
vn 0.31228137 0.8798879 -0.358158857
vn 0.618118048 0.7620808 -0.1927767
vn 0.939534843 0.17723994 0.293019235
vn 0.77627033 -1.7761268E-08 0.63040024
vn -0.332395434 -2.13095547E-07 0.94314003
vn -0.9546492 1.51155621E-08 0.297732919
vn -0.95464915 -3.02311278E-08 -0.2977332
vn -0.332395047 -1.06547795E-07 -0.943140149
vn 0.776270449 -1.7761268E-08 -0.6304001
vn 0.939534962 -0.17723988 -0.293019116
vn 0.6181184 -0.7620805 0.1927769
vn 0.31228134 -0.87988764 0.358159155
vn -0.240562156 -0.8905583 0.3860515
vn -0.565502048 -0.817493558 0.109140813
vn -0.4967873 -0.838496 -0.223889858
vn -0.0426024981 -0.9054297 -0.4223532
vn 0.4537518 -0.8500392 -0.267474532
vn 0.491629452 -0.8571996 -0.1533279
vn 0.230533019 -0.9704047 0.0718979761
vn 0.0577802323 -0.9847758 0.16394572
vn -0.160832122 -0.978301644 0.13060993
vn -0.2549618 -0.9669512 -7.22688753E-08
vn -0.160832077 -0.978301644 -0.1306099
vn 0.05778031 -0.9847758 -0.163945675
vn 0.230533019 -0.9704047 -0.07189793
vn 0 0 0
vn -0.782019138 0.619845748 0.0650939643
vn -0.382587463 0.922398746 -0.0529851057
vn 0.2798685 0.956058562 -0.08732574
vn 0.7152287 0.6367448 0.288104266
vn 0.6000484 0.225635484 0.7674832
vn 0.0513218828 0.0245261118 0.998381
vn -0.5367897 0.166832253 0.827057362
vn -0.563124537 0.386612117 0.7303573
vn -0.8973377 0.189887092 -0.3984069
vn -0.6209987 0.406077355 -0.670419157
vn 0.20690769 0.5364976 -0.818143964
vn 0.8822168 0.214099616 -0.419350743
vn 0.912813365 -0.335558027 0.2327501
vn 0.255101681 -0.706198037 0.660460055
vn -0.6066368 -0.5948263 0.527421534
vn -0.8971479 -0.353366375 0.265061826
vn -0.578541338 0.2310741 -0.782237053
vn -0.449238569 0.0009278633 -0.8934113
vn 0.25436452 0.0718866661 -0.9644331
vn 0.773299932 -0.2038694 -0.6003703
vn 0.769108832 -0.637745559 -0.04185843
vn 0.187289938 -0.905900836 0.379823953
vn -0.601043761 -0.764127 0.234214246
vn -0.759670436 -0.649079144 0.0399642177
vn 0.40552175 0.5417933 -0.7362148
vn 0.5663939 0.4431196 -0.694869041
vn 0.9129594 0.407378256 -0.0234127715
vn 0.6011743 0.32849893 0.7284764
vn -0.314997166 0.363110483 0.876885235
vn -0.9018952 0.363734484 0.23298566
vn -0.779789269 0.317931443 -0.539303541
vn -0.7665877 -0.0503694266 -0.6401612
vn 0.7411452 -0.192870423 -0.6430435
vn 0.719958961 -0.458900183 -0.5206435
vn 0.837046564 -0.498571634 0.225342929
vn 0.311952561 -0.522777259 0.793340743
vn -0.4730989 -0.5130681 0.7161973
vn -0.835444748 -0.5432551 0.08310207
vn -0.5949229 -0.5503292 -0.585836649
vn -0.397105664 -0.5383339 -0.7433059
vn 0.8305992 0.534019232 0.157887325
vn 0.7258005 0.5531226 0.408985376
vn -0.152132347 0.7298134 0.666504443
vn -0.870826 0.44477 0.209384277
vn -0.893902063 -0.0257833172 -0.447520137
vn -0.338931084 -0.307851374 -0.8890182
vn 0.437801033 -0.24136351 -0.8660681
vn 0.5380056 -0.449798971 -0.7129032
vn 0.895936549 0.202168509 0.3955066
vn 0.6330361 0.395786971 0.6652953
vn -0.217370167 0.5163555 0.8283279
vn -0.8952024 0.17411156 0.410241365
vn -0.89636606 -0.358077317 -0.2613589
vn -0.235571846 -0.684817553 -0.689587355
vn 0.60123384 -0.570857346 -0.559141934
vn 0.895633757 -0.3422248 -0.284116834
vn 0.71339 -0.213007048 0.667609751
vn 0.6470182 0.0122634089 0.7623759
vn -0.04246307 0.200038254 0.978867531
vn -0.7001264 -0.03483442 0.7131686
vn -0.837673664 -0.5232704 0.156495437
vn -0.338682 -0.899908 -0.274700016
vn 0.4217816 -0.8726649 -0.246081725
vn 0.83746624 -0.5444059 -0.047669895
vn 2.82907457E-08 0.7319699 0.681337059
vn 5.25399422E-08 -0.7319813 0.68132484
vn 0 0 0
vn 0.228836536 0.9705404 0.0754013
vn 0.0572718345 0.9834857 0.171685
vn -0.159521729 0.977660835 0.136865273
vn -0.253173172 0.967420936 0
vn -0.15952155 0.9776607 -0.136865333
vn 0.0572719052 0.9834858 -0.171685
vn 0.2288365 0.9705402 -0.07540124
vn 0.488254249 0.8577445 0.160879061
vn 0.449442416 0.8483251 0.279903561
vn -0.0419134758 0.8975098 0.438998252
vn -0.492742926 0.8379503 0.234614059
vn -0.562273562 0.818965256 -0.114649296
vn -0.2371085 0.884403 -0.402008682
vn 0.308202654 0.8749536 -0.3734532
vn 0.614101946 0.7628467 -0.202345535
vn 0.9346626 0.177652091 0.30797
vn 0.758945346 -7.080567E-08 0.651154459
vn -0.316444248 -5.90860374E-08 0.948611
vn -0.9497704 7.883882E-08 0.3129478
vn -0.9497704 8.759871E-08 -0.312947959
vn -0.316443682 1.65440909E-07 -0.9486113
vn 0.758945465 -1.11266047E-07 -0.6511543
vn 0.93466264 -0.17765218 -0.307969719
vn 0.614102066 -0.7628465 0.202345759
vn 0.308202833 -0.874953449 0.3734535
vn -0.237108886 -0.884402752 0.402008861
vn -0.5622737 -0.8189651 0.114649273
vn -0.492742836 -0.837950349 -0.234614164
vn -0.0419132262 -0.8975099 -0.438998282
vn 0.4494425 -0.848325 -0.279903531
vn 0.488254577 -0.8577443 -0.160879046
vn 0.228837267 -0.970540166 0.0754015446
vn 0.05727203 -0.983485639 0.171685576
vn -0.1595222 -0.9776608 0.136865675
vn -0.2531739 -0.967420757 0
vn -0.159522012 -0.9776607 -0.136865735
vn 0.0572721027 -0.983485639 -0.171685562
vn 0.228837237 -0.9705401 -0.075401485
vn 0 0 0
vn 0 0 0
vn 0.3732576 0.888378859 0.267323256
vn 0.08564898 0.825366259 0.5580633
vn -0.247639254 0.8517059 0.461813658
vn -0.422640771 0.9062973 -1.94520851E-07
vn -0.2476392 0.8517058 -0.4618139
vn 0.0856483355 0.825366557 -0.5580632
vn 0.3732577 0.888379037 -0.267322779
vn 0.6147732 0.6543659 0.4402943
vn 0.4974656 0.5733553 0.6509929
vn -0.02814271 0.5031337 0.8637502
vn -0.551464438 0.5882969 0.591433644
vn -0.710590243 0.638462961 -0.2956798
vn -0.233923048 0.519297242 -0.8219552
vn 0.291107267 0.5280814 -0.797738433
vn 0.6832118 0.542032361 -0.4893081
vn 0.787039042 0.250693053 0.563668966
vn 0.500205 0.176149815 0.8478008
vn -0.118220448 0.15560621 0.980719447
vn -0.763213754 0.201532975 0.613913059
vn -0.826760232 0.208640128 -0.52243346
vn -0.1816344 0.157359526 -0.970694065
vn 0.430940837 0.1707867 -0.8860711
vn 0.8060559 0.130435541 -0.577287138
vn 0.8060554 -0.130435646 0.577287853
vn 0.430940449 -0.170786455 0.886071265
vn -0.181634739 -0.157359272 0.970694065
vn -0.8267607 -0.208639681 0.5224331
vn -0.7632132 -0.201533228 -0.6139136
vn -0.118220195 -0.155606613 -0.980719447
vn 0.500205457 -0.176150054 -0.8478005
vn 0.787039757 -0.2506934 -0.5636677
vn 0.6832119 -0.5420318 0.4893086
vn 0.291107327 -0.528080761 0.79773885
vn -0.233923182 -0.5192966 0.8219556
vn -0.7105908 -0.6384626 0.2956794
vn -0.5514638 -0.5882971 -0.591434
vn -0.0281430259 -0.503133953 -0.8637501
vn 0.497466177 -0.5733556 -0.6509921
vn 0.61477375 -0.6543663 -0.4402932
vn 0.373257071 -0.888379335 0.26732254
vn 0.0856488645 -0.825367 0.5580625
vn -0.2476388 -0.8517065 0.4618128
vn -0.4226399 -0.906297743 -1.9400251E-07
vn -0.247638747 -0.8517064 -0.461813062
vn 0.085648194 -0.825367153 -0.5580622
vn 0.37325713 -0.888379455 -0.267322034
vn 0 0 0
vn 0 0 0
vn 0.1901576 0.9436649 0.270807475
vn 0 0.8673002 0.497785568
vn -0.1901576 0.9436649 0.270807475
vn -0.1901575 0.9436643 -0.270809472
vn 0 0.8672984 -0.4977885
vn 0.1901575 0.9436643 -0.270809472
vn 0.371302933 0.7632335 0.5287804
vn 0.255912244 0.6349866 0.728904068
vn -0.114460208 0.568006933 0.8150258
vn -0.5024133 0.831082642 0.23850055
vn -0.255911529 0.6349868 -0.728903949
vn 0.11445912 0.5680089 -0.815024555
vn 0.4410465 0.6410599 -0.6281086
vn 0.570023835 0.126771539 0.8117892
vn 0.227901191 -1.81956636E-06 0.9736843
vn -0.227901191 1.87521061E-06 0.9736843
vn -1 1.1475496E-06 0
vn -0.227901161 -5.564423E-09 -0.9736843
vn 0.227901161 -5.564423E-09 -0.9736843
vn 0.570023656 -0.126772821 -0.811789155
vn 0.441047221 -0.6410598 0.628108
vn 0.114460215 -0.568006933 0.8150258
vn -0.255912185 -0.6349865 0.728903949
vn -0.5024127 -0.8310832 -0.238500029
vn -0.11445912 -0.5680089 -0.815024555
vn 0.255911529 -0.6349868 -0.728903949
vn 0.371302128 -0.7632318 -0.5287834
vn 0.1901576 -0.9436649 0.270807475
vn 0 -0.8673002 0.497785568
vn -0.1901576 -0.9436649 0.270807475
vn -0.1901575 -0.9436643 -0.270809472
vn 0 -0.8672984 -0.4977885
vn 0.1901575 -0.9436643 -0.270809472
vn 0 0 0
vn 0.3626523 0.3790196 -0.851368
vn 0.621486545 0.608552456 -0.493374377
vn 0.664973259 0.738361 0.112400226
vn 0.207721949 0.8264188 0.523338854
vn -0.405947834 0.8064172 0.429997176
vn -0.7139312 0.6934175 -0.0973367
vn -0.484309644 0.572510839 -0.661570549
vn -0.258864164 0.672080338 -0.6937559
vn 0.432985753 -0.251264453 -0.865672946
vn 0.7750345 -0.201310456 -0.5989955
vn 0.9741222 -0.0248137042 0.224655882
vn 0.4396759 0.117844105 0.890391946
vn -0.4258552 0.119238593 0.8968999
vn -0.9707087 -0.021680247 0.239279032
vn -0.7845988 -0.198797718 -0.587268353
vn -0.432985485 -0.251264423 -0.865673065
vn 0.432985753 -0.251263529 -0.8656731
vn 0.7747914 -0.201372817 -0.59928894
vn 0.974205434 -0.0248931777 0.224286079
vn 0.440023661 0.117807522 0.890225
vn -0.4255057 0.119272687 0.8970612
vn -0.9706201 -0.02160147 0.239645362
vn -0.7848362 -0.198733479 -0.586972833
vn -0.432985544 -0.251264066 -0.865673065
vn 0.432985723 -0.251264453 -0.8656729
vn 0.7745222 -0.2014421 -0.599613667
vn 0.9742965 -0.0249794926 0.223880082
vn 0.4404039 0.117769189 0.890042
vn -0.425121278 0.119310826 0.897238433
vn -0.9705216 -0.02151471 0.240052059
vn -0.785101056 -0.198663071 -0.586642444
vn -0.432985783 -0.251263916 -0.865672946
vn 0.432985663 -0.251265 -0.865672767
vn 0.7742243 -0.201519564 -0.5999721
vn 0.974397957 -0.0250761528 0.223427251
vn 0.440831184 0.117726333 0.889836133
vn -0.424690038 0.119355261 0.897436738
vn -0.9704117 -0.0214165 0.240504652
vn -0.785393238 -0.19858481 -0.5862778
vn -0.4329856 -0.25126496 -0.8656727
vn 0.432985455 -0.251265466 -0.8656727
vn 0.773889 -0.201605678 -0.6003758
vn 0.974511147 -0.0251838639 0.222921327
vn 0.4413051 0.117677979 0.889607549
vn -0.424211353 0.119402565 0.8976568
vn -0.970288754 -0.0213082954 0.241009712
vn -0.7857215 -0.198497117 -0.585867345
vn -0.4329855 -0.251265317 -0.865672767
vn 0.432985127 -0.2512645 -0.8656732
vn 0.773512363 -0.201702416 -0.6008284
vn 0.9746389 -0.0253072549 0.22234796
vn 0.441844553 0.117621772 0.8893472
vn -0.423668027 0.119456105 0.8979063
vn -0.9701503 -0.0211858451 0.2415773
vn -0.786087453 -0.1983977 -0.585409939
vn -0.4329849 -0.251265049 -0.8656731
vn 0.303302944 -0.8311622 -0.466022253
vn 0.533231 -0.7134666 -0.454565972
vn 0.796841741 -0.5792643 0.1717442
vn 0.460414141 -0.452408254 0.76377064
vn -0.222720861 -0.428425163 0.8756982
vn -0.738138556 -0.5253757 0.423239559
vn -0.69771874 -0.670252 -0.252885044
vn -0.383666366 -0.623541534 -0.681172669
vn -4.87513363E-10 0.977802753 -0.209527344
vn -1.845044E-08 -0.977807 0.209507763
vn 0 0 0
vn 0.230533019 0.9704047 0.0718980059
vn 0.05778022 0.9847757 0.16394572
vn -0.1608321 0.978301644 0.130609915
vn -0.254961848 0.966951132 -6.057605E-08
vn -0.160832137 0.978301644 -0.13060993
vn 0.0577803142 0.9847758 -0.163945675
vn 0.230533019 0.9704047 -0.07189797
vn 0.491629124 0.8571998 0.153327927
vn 0.453751415 0.8500395 0.267474473
vn -0.0426026955 0.9054298 0.422352761
vn -0.496787161 0.8384962 0.22388953
vn -0.56550163 0.8174938 -0.10914091
vn -0.240561754 0.8905586 -0.386051178
vn 0.31228134 0.8798878 -0.358158857
vn 0.618118167 0.762080848 -0.192776769
vn 0.939534843 0.1772399 0.293019354
vn 0.7762702 3.552253E-08 0.6304002
vn -0.3323955 -2.13095589E-07 0.9431401
vn -0.9546492 0 0.297732919
vn -0.95464915 -6.04622556E-08 -0.297733158
vn -0.332395047 -1.06547795E-07 -0.943140149
vn 0.776270449 -8.880634E-08 -0.6304001
vn 0.9395348 -0.17723988 -0.293019116
vn 0.6181185 -0.7620805 0.192777008
vn 0.31228137 -0.8798877 0.358159184
vn -0.240562156 -0.8905583 0.3860515
vn -0.5655021 -0.817493558 0.109140836
vn -0.4967873 -0.838496 -0.223889858
vn -0.0426024981 -0.9054297 -0.4223532
vn 0.453751862 -0.850039244 -0.2674746
vn 0.491629452 -0.85719943 -0.153327972
vn 0.230533019 -0.9704047 0.07189801
vn 0.0577802323 -0.9847757 0.16394572
vn -0.160832122 -0.978301644 0.130609915
vn -0.254961818 -0.9669512 -5.42016636E-08
vn -0.160832077 -0.978301644 -0.1306099
vn 0.05778031 -0.9847758 -0.163945675
vn 0.230533019 -0.9704047 -0.0718979761
vn 0 0 0
vn -0.782019138 0.619845867 0.0650939
vn -0.382587463 0.922398746 -0.0529851057
vn 0.2798685 0.956058562 -0.08732579
vn 0.7152287 0.6367448 0.288104147
vn 0.6000485 0.22563538 0.7674831
vn 0.05132189 0.0245260857 0.998381
vn -0.536789656 0.166832149 0.827057362
vn -0.5631245 0.386612147 0.730357349
vn -0.8973376 0.189887211 -0.398407072
vn -0.6209987 0.406077325 -0.670419157
vn 0.2069077 0.536497653 -0.8181439
vn 0.882216752 0.214099631 -0.419350743
vn 0.912813365 -0.335558027 0.2327501
vn 0.2551017 -0.706198037 0.66046
vn -0.6066368 -0.5948263 0.527421534
vn -0.8971478 -0.3533665 0.2650619
vn -0.5785412 0.231074169 -0.782237053
vn -0.449238569 0.0009279348 -0.8934113
vn 0.254364461 0.0718866 -0.964432955
vn 0.7733 -0.203869522 -0.6003702
vn 0.7691089 -0.637745559 -0.04185828
vn 0.187289923 -0.9059009 0.379823953
vn -0.601043761 -0.7641271 0.234214216
vn -0.759670436 -0.649079144 0.03996431
vn 0.40552178 0.541793346 -0.7362147
vn 0.5663939 0.4431196 -0.694869
vn 0.9129593 0.407378316 -0.0234126039
vn 0.6011744 0.3284988 0.7284764
vn -0.314997166 0.3631104 0.8768852
vn -0.9018951 0.363734454 0.23298572
vn -0.7797894 0.3179312 -0.539303541
vn -0.7665877 -0.05036964 -0.640161157
vn 0.741145253 -0.192870259 -0.6430434
vn 0.7199592 -0.458900124 -0.5206435
vn 0.837046564 -0.4985717 0.2253429
vn 0.311952561 -0.5227771 0.793340862
vn -0.4730989 -0.5130682 0.7161973
vn -0.8354448 -0.543255031 0.0831022263
vn -0.5949229 -0.5503291 -0.5858367
vn -0.397105664 -0.5383339 -0.7433059
vn 0.8305992 0.5340193 0.157887369
vn 0.725800335 0.553122759 0.408985376
vn -0.152132362 0.729813337 0.6665044
vn -0.870826 0.4447699 0.209384233
vn -0.893902063 -0.0257832 -0.4475202
vn -0.338931084 -0.307851553 -0.8890181
vn 0.437800974 -0.241363391 -0.8660681
vn 0.5380056 -0.449798852 -0.7129034
vn 0.895936549 0.2021686 0.39550662
vn 0.633036 0.3957871 0.6652953
vn -0.217370212 0.5163556 0.828327954
vn -0.8952023 0.174111456 0.410241365
vn -0.8963662 -0.358077228 -0.2613587
vn -0.235571846 -0.684817553 -0.6895875
vn 0.6012338 -0.570857346 -0.559142
vn 0.895633757 -0.342224747 -0.2841169
vn 0.713390052 -0.2130072 0.6676097
vn 0.6470182 0.0122634852 0.762375951
vn -0.0424630679 0.2000382 0.9788675
vn -0.700126469 -0.03483453 0.713168561
vn -0.837673664 -0.523270369 0.156495675
vn -0.338682 -0.899908 -0.274699867
vn 0.42178157 -0.872665 -0.246081874
vn 0.83746624 -0.544405937 -0.0476698279
vn 2.82907457E-08 0.731969833 0.6813371
vn 5.25399422E-08 -0.7319813 0.6813248
vn 0 0 0
vn 0.228836581 0.970540345 0.07540137
vn 0.0572718419 0.983485758 0.17168501
vn -0.159521744 0.9776609 0.136865228
vn -0.253173172 0.967420936 -1.751915E-08
vn -0.15952158 0.977660835 -0.136865318
vn 0.0572719 0.9834858 -0.171685025
vn 0.228836581 0.9705403 -0.0754012242
vn 0.488254249 0.8577445 0.16087915
vn 0.449442357 0.848325133 0.2799036
vn -0.0419134721 0.8975098 0.4389982
vn -0.492742926 0.837950349 0.23461397
vn -0.5622735 0.818965256 -0.114649288
vn -0.2371085 0.884403 -0.402008682
vn 0.308202684 0.8749536 -0.3734532
vn 0.614102066 0.762846649 -0.20234558
vn 0.9346626 0.17765221 0.3079701
vn 0.7589452 -1.51726425E-07 0.651154459
vn -0.316444248 -7.090325E-08 0.948611
vn -0.9497704 1.31398039E-07 0.312947631
vn -0.9497704 -1.75197421E-08 -0.312948018
vn -0.316443682 1.29989289E-07 -0.9486113
vn 0.758945465 -1.01150953E-07 -0.6511543
vn 0.93466264 -0.177651972 -0.3079698
vn 0.614102 -0.7628465 0.202345833
vn 0.3082028 -0.874953449 0.373453528
vn -0.237108916 -0.884402752 0.402008832
vn -0.5622737 -0.8189651 0.114649162
vn -0.492742926 -0.8379503 -0.2346142
vn -0.0419132262 -0.897509754 -0.438998282
vn 0.449442565 -0.848324955 -0.27990362
vn 0.488254577 -0.8577443 -0.160878956
vn 0.228837311 -0.970540166 0.0754016
vn 0.0572720319 -0.9834857 0.171685591
vn -0.1595222 -0.977660656 0.136865616
vn -0.253173918 -0.967420757 -1.98289971E-08
vn -0.159522057 -0.9776607 -0.136865735
vn 0.0572720841 -0.9834855 -0.171685547
vn 0.228837267 -0.9705401 -0.0754014552
vn 0 0 0
vn -0.8462209 0.189844191 -0.497864932
vn -0.9054546 0.3972771 0.149408638
vn -0.330892563 0.2746386 0.9028199
vn 0.4009059 -0.3365481 0.8520621
vn 0.560235262 -0.826972544 0.0474637076
vn -0.0140837543 -0.7056457 -0.7084249
vn -0.323618829 -0.5879367 -0.741351
vn -0.734291255 0.346259981 -0.583883762
vn -0.793915 0.591602266 -0.140377179
vn -0.3133733 0.5984561 0.737324536
vn 0.48980087 0.01690434 0.8716704
vn 0.8112704 -0.570277 0.128936052
vn 0.330871135 -0.5765213 -0.747092664
vn -0.0934548 -0.32842198 -0.939896464
vn -0.7385761 0.343426 -0.5801413
vn -0.7981835 0.5856059 -0.141310781
vn -0.320254982 0.593848765 0.7380924
vn 0.487198681 0.0191736389 0.8730806
vn 0.8163132 -0.5626893 0.130436122
vn 0.339587569 -0.571191669 -0.747275352
vn -0.0846805349 -0.32469824 -0.9420193
vn -0.75300616 0.339725345 -0.563532
vn -0.805799842 0.5779111 -0.129249543
vn -0.3169082 0.587556243 0.744544744
vn 0.498300016 0.0219248421 0.866727352
vn 0.825112641 -0.552412868 0.118444152
vn 0.3388841 -0.5633599 -0.753513932
vn -0.0885002 -0.319248855 -0.943529546
vn -0.7797876 0.335068375 -0.5288292
vn -0.8166134 0.5684352 -0.100120381
vn -0.2996117 0.5792636 0.7580808
vn 0.52661705 0.0253029782 0.849726
vn 0.8377999 -0.538695455 0.0888745338
vn 0.325813174 -0.55233556 -0.7673143
vn -0.107684582 -0.3112459 -0.944208741
vn -0.82205236 0.3295709 -0.464341283
vn -0.828710437 0.5578355 -0.0453685075
vn -0.259309083 0.5690776 0.7803266
vn 0.5790875 0.0296823 0.8147249
vn 0.8531387 -0.5206306 0.0331389755
vn 0.2931796 -0.5373145 -0.790783763
vn -0.148402542 -0.29912293 -0.942603946
vn -0.8813221 0.323940068 -0.3439973
vn -0.833733737 0.549693048 0.0522071347
vn -0.174530074 0.558994651 0.8105951
vn 0.6681061 0.0361631 0.743186653
vn 0.8649602 -0.497496158 -0.06588959
vn 0.224915355 -0.5175929 -0.8255365
vn -0.223153681 -0.278808028 -0.9340603
vn -0.9409007 0.318745434 -0.114487253
vn -0.799871147 0.5573071 0.222744077
vn 0.0028221102 0.5585068 0.8294952
vn 0.807274461 0.0483063757 0.588196039
vn 0.8498444 -0.471358746 -0.235765487
vn 0.08963361 -0.494472682 -0.864559233
vn -0.3559481 -0.238414 -0.90358156
vn -0.911673069 0.299852967 0.2809635
vn -0.630921543 0.6056086 0.4849497
vn 0.326100856 0.592093647 0.7369419
vn 0.960606 0.06341386 0.2705824
vn 0.7472427 -0.468473166 -0.471339881
vn -0.145246923 -0.489276856 -0.8599485
vn -0.587669969 -0.174020573 -0.790165
vn -0.6347091 0.295068324 0.714198053
vn -0.26477477 0.735111952 0.6241031
vn 0.619451642 0.6991639 0.357000828
vn 0.9812151 0.0594974 -0.183512881
vn 0.5342656 -0.557021439 -0.635836
vn -0.453873456 -0.61659795 -0.643277347
vn -0.8858129 -0.22356528 -0.4066377
vn -0.475772142 0.4640758 0.7471778
vn -0.189608961 0.88829 0.4183172
vn 0.511131644 0.843772233 -0.1636859
vn 0.779677331 0.08585874 -0.620267332
vn 0.334868222 -0.7352679 -0.589274466
vn -0.4712265 -0.8650937 0.1719254
vn -0.7778794 -0.479545116 0.406128168
vn -0.5046726 0.4739226 0.721597433
vn -0.37401855 0.8765087 0.3030555
vn 0.138728276 0.857701361 -0.495078534
vn 0.4942416 0.050318934 -0.867867053
vn 0.354112834 -0.831392467 -0.428241551
vn -0.155431181 -0.841015339 0.5182031
vn -0.40328905 -0.5053752 0.7628589
vn -0.4879946 0.439522654 0.7541094
vn -0.502148569 0.804675043 0.3167726
vn -0.1441287 0.7928602 -0.592114449
vn 0.323352545 0.00661361031 -0.9462555
vn 0.4493122 -0.8091772 -0.37861678
vn 0.0926837847 -0.8065934 0.5837952
vn -0.170768365 -0.4746762 0.8634353
vn -0.4650356 0.413049072 0.7830277
vn -0.563361168 0.7459625 0.355195969
vn -0.305779964 0.7393961 -0.599826634
vn 0.228902087 -0.006364892 -0.973428667
vn 0.5162746 -0.7643661 -0.386270583
vn 0.2599777 -0.763044238 0.5917559
vn -0.0136448629 -0.445834875 0.8950111
vn -0.446931839 0.3919274 0.8041423
vn -0.5973676 0.7011561 0.3892713
vn -0.408458143 0.6993239 -0.586607158
vn 0.166196644 -0.007711794 -0.9860625
vn 0.5585785 -0.722866058 -0.406761348
vn 0.370948881 -0.724148452 0.581382751
vn 0.09204244 -0.422029823 0.9018975
vn -0.4337423 0.3732282 0.820102632
vn -0.620842636 0.663722634 0.417165071
vn -0.482511073 0.665678561 -0.569258451
vn 0.119666979 -0.00613046065 -0.992795169
vn 0.5882661 -0.6860371 -0.4281311
vn 0.4510753 -0.689961731 0.566113
vn 0.168147981 -0.4015155 0.9002841
vn -0.424084574 0.3552102 0.8330534
vn -0.6400239 0.629345536 0.440787345
vn -0.5417787 0.6343567 -0.551423
vn 0.08224371 -0.004041392 -0.996604
vn 0.611795 -0.65174377 -0.44825986
vn 0.5145608 -0.658082 0.549686551
vn 0.22761099 -0.38258782 0.8954439
vn -0.579255641 0.1555834 0.800160468
vn -0.7000111 0.392359853 0.596689463
vn -0.7574501 0.5356718 -0.3732628
vn -0.201065734 0.000444932375 -0.9795776
vn 0.4087162 -0.673710346 -0.61568296
vn 0.464144468 -0.8142626 0.348634779
vn 0.172477126 -0.456195652 0.873004735
vn -0.590763569 -0.7325484 0.338188171
vn -0.70590806 -0.7068533 -0.04530286
f 2/2/2 15/15/15 14/14/14
f 3/3/3 16/16/16 15/15/15
f 4/4/4 17/17/17 16/16/16
f 5/5/5 18/18/18 17/17/17
f 6/6/6 19/19/19 18/18/18
f 7/7/7 20/20/20 19/19/19
f 8/8/8 21/21/21 20/20/20
f 9/9/9 22/22/22 21/21/21
f 10/10/10 23/23/23 22/22/22
f 11/11/11 24/24/24 23/23/23
f 12/12/12 25/25/25 24/24/24
f 13/13/13 26/26/26 25/25/25
f 14/14/14 15/15/15 27/27/27
f 15/15/15 28/28/28 27/27/27
f 15/15/15 16/16/16 28/28/28
f 16/16/16 29/29/29 28/28/28
f 16/16/16 17/17/17 29/29/29
f 17/17/17 30/30/30 29/29/29
f 17/17/17 18/18/18 30/30/30
f 18/18/18 31/31/31 30/30/30
f 18/18/18 19/19/19 31/31/31
f 19/19/19 32/32/32 31/31/31
f 19/19/19 20/20/20 32/32/32
f 20/20/20 33/33/33 32/32/32
f 20/20/20 21/21/21 33/33/33
f 21/21/21 34/34/34 33/33/33
f 21/21/21 22/22/22 34/34/34
f 22/22/22 35/35/35 34/34/34
f 22/22/22 23/23/23 35/35/35
f 23/23/23 36/36/36 35/35/35
f 23/23/23 24/24/24 36/36/36
f 24/24/24 37/37/37 36/36/36
f 24/24/24 25/25/25 37/37/37
f 25/25/25 38/38/38 37/37/37
f 25/25/25 26/26/26 38/38/38
f 26/26/26 39/39/39 38/38/38
f 27/27/27 28/28/28 40/40/40
f 28/28/28 41/41/41 40/40/40
f 28/28/28 29/29/29 41/41/41
f 29/29/29 42/42/42 41/41/41
f 29/29/29 30/30/30 42/42/42
f 30/30/30 43/43/43 42/42/42
f 30/30/30 31/31/31 43/43/43
f 31/31/31 44/44/44 43/43/43
f 31/31/31 32/32/32 44/44/44
f 32/32/32 45/45/45 44/44/44
f 32/32/32 33/33/33 45/45/45
f 33/33/33 46/46/46 45/45/45
f 33/33/33 34/34/34 46/46/46
f 34/34/34 47/47/47 46/46/46
f 34/34/34 35/35/35 47/47/47
f 35/35/35 48/48/48 47/47/47
f 35/35/35 36/36/36 48/48/48
f 36/36/36 49/49/49 48/48/48
f 36/36/36 37/37/37 49/49/49
f 37/37/37 50/50/50 49/49/49
f 37/37/37 38/38/38 50/50/50
f 38/38/38 51/51/51 50/50/50
f 38/38/38 39/39/39 51/51/51
f 39/39/39 52/52/52 51/51/51
f 40/40/40 41/41/41 53/53/53
f 41/41/41 54/54/54 53/53/53
f 41/41/41 42/42/42 54/54/54
f 42/42/42 55/55/55 54/54/54
f 42/42/42 43/43/43 55/55/55
f 43/43/43 56/56/56 55/55/55
f 43/43/43 44/44/44 56/56/56
f 44/44/44 57/57/57 56/56/56
f 44/44/44 45/45/45 57/57/57
f 45/45/45 58/58/58 57/57/57
f 45/45/45 46/46/46 58/58/58
f 46/46/46 59/59/59 58/58/58
f 46/46/46 47/47/47 59/59/59
f 47/47/47 60/60/60 59/59/59
f 47/47/47 48/48/48 60/60/60
f 48/48/48 61/61/61 60/60/60
f 48/48/48 49/49/49 61/61/61
f 49/49/49 62/62/62 61/61/61
f 49/49/49 50/50/50 62/62/62
f 50/50/50 63/63/63 62/62/62
f 50/50/50 51/51/51 63/63/63
f 51/51/51 64/64/64 63/63/63
f 51/51/51 52/52/52 64/64/64
f 52/52/52 65/65/65 64/64/64
f 53/53/53 54/54/54 66/66/66
f 54/54/54 67/67/67 66/66/66
f 54/54/54 55/55/55 67/67/67
f 55/55/55 68/68/68 67/67/67
f 55/55/55 56/56/56 68/68/68
f 56/56/56 69/69/69 68/68/68
f 56/56/56 57/57/57 69/69/69
f 57/57/57 70/70/70 69/69/69
f 57/57/57 58/58/58 70/70/70
f 58/58/58 71/71/71 70/70/70
f 58/58/58 59/59/59 71/71/71
f 59/59/59 72/72/72 71/71/71
f 59/59/59 60/60/60 72/72/72
f 60/60/60 73/73/73 72/72/72
f 60/60/60 61/61/61 73/73/73
f 61/61/61 74/74/74 73/73/73
f 61/61/61 62/62/62 74/74/74
f 62/62/62 75/75/75 74/74/74
f 62/62/62 63/63/63 75/75/75
f 63/63/63 76/76/76 75/75/75
f 63/63/63 64/64/64 76/76/76
f 64/64/64 77/77/77 76/76/76
f 64/64/64 65/65/65 77/77/77
f 65/65/65 78/78/78 77/77/77
f 66/66/66 67/67/67 79/79/79
f 67/67/67 80/80/80 79/79/79
f 67/67/67 68/68/68 80/80/80
f 68/68/68 81/81/81 80/80/80
f 68/68/68 69/69/69 81/81/81
f 69/69/69 82/82/82 81/81/81
f 69/69/69 70/70/70 82/82/82
f 70/70/70 83/83/83 82/82/82
f 70/70/70 71/71/71 83/83/83
f 71/71/71 84/84/84 83/83/83
f 71/71/71 72/72/72 84/84/84
f 72/72/72 85/85/85 84/84/84
f 72/72/72 73/73/73 85/85/85
f 73/73/73 86/86/86 85/85/85
f 73/73/73 74/74/74 86/86/86
f 74/74/74 87/87/87 86/86/86
f 74/74/74 75/75/75 87/87/87
f 75/75/75 88/88/88 87/87/87
f 75/75/75 76/76/76 88/88/88
f 76/76/76 89/89/89 88/88/88
f 76/76/76 77/77/77 89/89/89
f 77/77/77 90/90/90 89/89/89
f 77/77/77 78/78/78 90/90/90
f 78/78/78 91/91/91 90/90/90
f 79/79/79 80/80/80 92/92/92
f 80/80/80 93/93/93 92/92/92
f 80/80/80 81/81/81 93/93/93
f 81/81/81 94/94/94 93/93/93
f 81/81/81 82/82/82 94/94/94
f 82/82/82 95/95/95 94/94/94
f 82/82/82 83/83/83 95/95/95
f 83/83/83 96/96/96 95/95/95
f 83/83/83 84/84/84 96/96/96
f 84/84/84 97/97/97 96/96/96
f 84/84/84 85/85/85 97/97/97
f 85/85/85 98/98/98 97/97/97
f 85/85/85 86/86/86 98/98/98
f 86/86/86 99/99/99 98/98/98
f 86/86/86 87/87/87 99/99/99
f 87/87/87 100/100/100 99/99/99
f 87/87/87 88/88/88 100/100/100
f 88/88/88 101/101/101 100/100/100
f 88/88/88 89/89/89 101/101/101
f 89/89/89 102/102/102 101/101/101
f 89/89/89 90/90/90 102/102/102
f 90/90/90 103/103/103 102/102/102
f 90/90/90 91/91/91 103/103/103
f 91/91/91 104/104/104 103/103/103
f 92/92/92 93/93/93 105/105/105
f 93/93/93 94/94/94 106/106/106
f 94/94/94 95/95/95 107/107/107
f 95/95/95 96/96/96 108/108/108
f 96/96/96 97/97/97 109/109/109
f 97/97/97 98/98/98 110/110/110
f 98/98/98 99/99/99 111/111/111
f 99/99/99 100/100/100 112/112/112
f 100/100/100 101/101/101 113/113/113
f 101/101/101 102/102/102 114/114/114
f 102/102/102 103/103/103 115/115/115
f 103/103/103 104/104/104 116/116/116
f 119/119/119 130/130/130 129/129/129
f 120/120/120 131/131/131 130/130/130
f 121/121/121 132/132/132 131/131/131
f 122/122/122 133/133/133 132/132/132
f 123/123/123 134/134/134 133/133/133
f 124/124/124 135/135/135 134/134/134
f 125/125/125 136/136/136 135/135/135
f 126/126/126 137/137/137 136/136/136
f 127/127/127 138/138/138 137/137/137
f 128/128/128 139/139/139 138/138/138
f 129/129/129 130/130/130 140/140/140
f 130/130/130 141/141/141 140/140/140
f 130/130/130 131/131/131 141/141/141
f 131/131/131 142/142/142 141/141/141
f 131/131/131 132/132/132 142/142/142
f 132/132/132 143/143/143 142/142/142
f 132/132/132 133/133/133 143/143/143
f 133/133/133 144/144/144 143/143/143
f 133/133/133 134/134/134 144/144/144
f 134/134/134 145/145/145 144/144/144
f 134/134/134 135/135/135 145/145/145
f 135/135/135 146/146/146 145/145/145
f 135/135/135 136/136/136 146/146/146
f 136/136/136 147/147/147 146/146/146
f 136/136/136 137/137/137 147/147/147
f 137/137/137 148/148/148 147/147/147
f 137/137/137 138/138/138 148/148/148
f 138/138/138 149/149/149 148/148/148
f 138/138/138 139/139/139 149/149/149
f 139/139/139 150/150/150 149/149/149
f 140/140/140 141/141/141 151/151/151
f 141/141/141 152/152/152 151/151/151
f 141/141/141 142/142/142 152/152/152
f 142/142/142 153/153/153 152/152/152
f 142/142/142 143/143/143 153/153/153
f 143/143/143 154/154/154 153/153/153
f 143/143/143 144/144/144 154/154/154
f 144/144/144 155/155/155 154/154/154
f 144/144/144 145/145/145 155/155/155
f 145/145/145 156/156/156 155/155/155
f 145/145/145 146/146/146 156/156/156
f 146/146/146 157/157/157 156/156/156
f 146/146/146 147/147/147 157/157/157
f 147/147/147 158/158/158 157/157/157
f 147/147/147 148/148/148 158/158/158
f 148/148/148 159/159/159 158/158/158
f 148/148/148 149/149/149 159/159/159
f 149/149/149 160/160/160 159/159/159
f 149/149/149 150/150/150 160/160/160
f 150/150/150 161/161/161 160/160/160
f 151/151/151 152/152/152 162/162/162
f 152/152/152 163/163/163 162/162/162
f 152/152/152 153/153/153 163/163/163
f 153/153/153 164/164/164 163/163/163
f 153/153/153 154/154/154 164/164/164
f 154/154/154 165/165/165 164/164/164
f 154/154/154 155/155/155 165/165/165
f 155/155/155 166/166/166 165/165/165
f 155/155/155 156/156/156 166/166/166
f 156/156/156 167/167/167 166/166/166
f 156/156/156 157/157/157 167/167/167
f 157/157/157 168/168/168 167/167/167
f 157/157/157 158/158/158 168/168/168
f 158/158/158 169/169/169 168/168/168
f 158/158/158 159/159/159 169/169/169
f 159/159/159 170/170/170 169/169/169
f 159/159/159 160/160/160 170/170/170
f 160/160/160 171/171/171 170/170/170
f 160/160/160 161/161/161 171/171/171
f 161/161/161 172/172/172 171/171/171
f 162/162/162 163/163/163 173/173/173
f 163/163/163 174/174/174 173/173/173
f 163/163/163 164/164/164 174/174/174
f 164/164/164 175/175/175 174/174/174
f 164/164/164 165/165/165 175/175/175
f 165/165/165 176/176/176 175/175/175
f 165/165/165 166/166/166 176/176/176
f 166/166/166 177/177/177 176/176/176
f 166/166/166 167/167/167 177/177/177
f 167/167/167 178/178/178 177/177/177
f 167/167/167 168/168/168 178/178/178
f 168/168/168 179/179/179 178/178/178
f 168/168/168 169/169/169 179/179/179
f 169/169/169 180/180/180 179/179/179
f 169/169/169 170/170/170 180/180/180
f 170/170/170 181/181/181 180/180/180
f 170/170/170 171/171/171 181/181/181
f 171/171/171 182/182/182 181/181/181
f 171/171/171 172/172/172 182/182/182
f 172/172/172 183/183/183 182/182/182
f 173/173/173 174/174/174 184/184/184
f 174/174/174 185/185/185 184/184/184
f 174/174/174 175/175/175 185/185/185
f 175/175/175 186/186/186 185/185/185
f 175/175/175 176/176/176 186/186/186
f 176/176/176 187/187/187 186/186/186
f 176/176/176 177/177/177 187/187/187
f 177/177/177 188/188/188 187/187/187
f 177/177/177 178/178/178 188/188/188
f 178/178/178 189/189/189 188/188/188
f 178/178/178 179/179/179 189/189/189
f 179/179/179 190/190/190 189/189/189
f 179/179/179 180/180/180 190/190/190
f 180/180/180 191/191/191 190/190/190
f 180/180/180 181/181/181 191/191/191
f 181/181/181 192/192/192 191/191/191
f 181/181/181 182/182/182 192/192/192
f 182/182/182 193/193/193 192/192/192
f 182/182/182 183/183/183 193/193/193
f 183/183/183 194/194/194 193/193/193
f 184/184/184 185/185/185 195/195/195
f 185/185/185 186/186/186 196/196/196
f 186/186/186 187/187/187 197/197/197
f 187/187/187 188/188/188 198/198/198
f 188/188/188 189/189/189 199/199/199
f 189/189/189 190/190/190 200/200/200
f 190/190/190 191/191/191 201/201/201
f 191/191/191 192/192/192 202/202/202
f 192/192/192 193/193/193 203/203/203
f 193/193/193 194/194/194 204/204/204
f 207/207/207 220/220/220 219/219/219
f 208/208/208 221/221/221 220/220/220
f 209/209/209 222/222/222 221/221/221
f 210/210/210 223/223/223 222/222/222
f 211/211/211 224/224/224 223/223/223
f 212/212/212 225/225/225 224/224/224
f 213/213/213 226/226/226 225/225/225
f 214/214/214 227/227/227 226/226/226
f 215/215/215 228/228/228 227/227/227
f 216/216/216 229/229/229 228/228/228
f 217/217/217 230/230/230 229/229/229
f 218/218/218 231/231/231 230/230/230
f 219/219/219 220/220/220 232/232/232
f 220/220/220 233/233/233 232/232/232
f 220/220/220 221/221/221 233/233/233
f 221/221/221 234/234/234 233/233/233
f 221/221/221 222/222/222 234/234/234
f 222/222/222 235/235/235 234/234/234
f 222/222/222 223/223/223 235/235/235
f 223/223/223 236/236/236 235/235/235
f 223/223/223 224/224/224 236/236/236
f 224/224/224 237/237/237 236/236/236
f 224/224/224 225/225/225 237/237/237
f 225/225/225 238/238/238 237/237/237
f 225/225/225 226/226/226 238/238/238
f 226/226/226 239/239/239 238/238/238
f 226/226/226 227/227/227 239/239/239
f 227/227/227 240/240/240 239/239/239
f 227/227/227 228/228/228 240/240/240
f 228/228/228 241/241/241 240/240/240
f 228/228/228 229/229/229 241/241/241
f 229/229/229 242/242/242 241/241/241
f 229/229/229 230/230/230 242/242/242
f 230/230/230 243/243/243 242/242/242
f 230/230/230 231/231/231 243/243/243
f 231/231/231 244/244/244 243/243/243
f 232/232/232 233/233/233 245/245/245
f 233/233/233 246/246/246 245/245/245
f 233/233/233 234/234/234 246/246/246
f 234/234/234 247/247/247 246/246/246
f 234/234/234 235/235/235 247/247/247
f 235/235/235 248/248/248 247/247/247
f 235/235/235 236/236/236 248/248/248
f 236/236/236 249/249/249 248/248/248
f 236/236/236 237/237/237 249/249/249
f 237/237/237 250/250/250 249/249/249
f 237/237/237 238/238/238 250/250/250
f 238/238/238 251/251/251 250/250/250
f 238/238/238 239/239/239 251/251/251
f 239/239/239 252/252/252 251/251/251
f 239/239/239 240/240/240 252/252/252
f 240/240/240 253/253/253 252/252/252
f 240/240/240 241/241/241 253/253/253
f 241/241/241 254/254/254 253/253/253
f 241/241/241 242/242/242 254/254/254
f 242/242/242 255/255/255 254/254/254
f 242/242/242 243/243/243 255/255/255
f 243/243/243 256/256/256 255/255/255
f 243/243/243 244/244/244 256/256/256
f 244/244/244 257/257/257 256/256/256
f 245/245/245 246/246/246 258/258/258
f 246/246/246 259/259/259 258/258/258
f 246/246/246 247/247/247 259/259/259
f 247/247/247 260/260/260 259/259/259
f 247/247/247 248/248/248 260/260/260
f 248/248/248 261/261/261 260/260/260
f 248/248/248 249/249/249 261/261/261
f 249/249/249 262/262/262 261/261/261
f 249/249/249 250/250/250 262/262/262
f 250/250/250 263/263/263 262/262/262
f 250/250/250 251/251/251 263/263/263
f 251/251/251 264/264/264 263/263/263
f 251/251/251 252/252/252 264/264/264
f 252/252/252 265/265/265 264/264/264
f 252/252/252 253/253/253 265/265/265
f 253/253/253 266/266/266 265/265/265
f 253/253/253 254/254/254 266/266/266
f 254/254/254 267/267/267 266/266/266
f 254/254/254 255/255/255 267/267/267
f 255/255/255 268/268/268 267/267/267
f 255/255/255 256/256/256 268/268/268
f 256/256/256 269/269/269 268/268/268
f 256/256/256 257/257/257 269/269/269
f 257/257/257 270/270/270 269/269/269
f 258/258/258 259/259/259 271/271/271
f 259/259/259 272/272/272 271/271/271
f 259/259/259 260/260/260 272/272/272
f 260/260/260 273/273/273 272/272/272
f 260/260/260 261/261/261 273/273/273
f 261/261/261 274/274/274 273/273/273
f 261/261/261 262/262/262 274/274/274
f 262/262/262 275/275/275 274/274/274
f 262/262/262 263/263/263 275/275/275
f 263/263/263 276/276/276 275/275/275
f 263/263/263 264/264/264 276/276/276
f 264/264/264 277/277/277 276/276/276
f 264/264/264 265/265/265 277/277/277
f 265/265/265 278/278/278 277/277/277
f 265/265/265 266/266/266 278/278/278
f 266/266/266 279/279/279 278/278/278
f 266/266/266 267/267/267 279/279/279
f 267/267/267 280/280/280 279/279/279
f 267/267/267 268/268/268 280/280/280
f 268/268/268 281/281/281 280/280/280
f 268/268/268 269/269/269 281/281/281
f 269/269/269 282/282/282 281/281/281
f 269/269/269 270/270/270 282/282/282
f 270/270/270 283/283/283 282/282/282
f 271/271/271 272/272/272 284/284/284
f 272/272/272 285/285/285 284/284/284
f 272/272/272 273/273/273 285/285/285
f 273/273/273 286/286/286 285/285/285
f 273/273/273 274/274/274 286/286/286
f 274/274/274 287/287/287 286/286/286
f 274/274/274 275/275/275 287/287/287
f 275/275/275 288/288/288 287/287/287
f 275/275/275 276/276/276 288/288/288
f 276/276/276 289/289/289 288/288/288
f 276/276/276 277/277/277 289/289/289
f 277/277/277 290/290/290 289/289/289
f 277/277/277 278/278/278 290/290/290
f 278/278/278 291/291/291 290/290/290
f 278/278/278 279/279/279 291/291/291
f 279/279/279 292/292/292 291/291/291
f 279/279/279 280/280/280 292/292/292
f 280/280/280 293/293/293 292/292/292
f 280/280/280 281/281/281 293/293/293
f 281/281/281 294/294/294 293/293/293
f 281/281/281 282/282/282 294/294/294
f 282/282/282 295/295/295 294/294/294
f 282/282/282 283/283/283 295/295/295
f 283/283/283 296/296/296 295/295/295
f 284/284/284 285/285/285 297/297/297
f 285/285/285 298/298/298 297/297/297
f 285/285/285 286/286/286 298/298/298
f 286/286/286 299/299/299 298/298/298
f 286/286/286 287/287/287 299/299/299
f 287/287/287 300/300/300 299/299/299
f 287/287/287 288/288/288 300/300/300
f 288/288/288 301/301/301 300/300/300
f 288/288/288 289/289/289 301/301/301
f 289/289/289 302/302/302 301/301/301
f 289/289/289 290/290/290 302/302/302
f 290/290/290 303/303/303 302/302/302
f 290/290/290 291/291/291 303/303/303
f 291/291/291 304/304/304 303/303/303
f 291/291/291 292/292/292 304/304/304
f 292/292/292 305/305/305 304/304/304
f 292/292/292 293/293/293 305/305/305
f 293/293/293 306/306/306 305/305/305
f 293/293/293 294/294/294 306/306/306
f 294/294/294 307/307/307 306/306/306
f 294/294/294 295/295/295 307/307/307
f 295/295/295 308/308/308 307/307/307
f 295/295/295 296/296/296 308/308/308
f 296/296/296 309/309/309 308/308/308
f 297/297/297 298/298/298 310/310/310
f 298/298/298 299/299/299 311/311/311
f 299/299/299 300/300/300 312/312/312
f 300/300/300 301/301/301 313/313/313
f 301/301/301 302/302/302 314/314/314
f 302/302/302 303/303/303 315/315/315
f 303/303/303 304/304/304 316/316/316
f 304/304/304 305/305/305 317/317/317
f 305/305/305 306/306/306 318/318/318
f 306/306/306 307/307/307 319/319/319
f 307/307/307 308/308/308 320/320/320
f 308/308/308 309/309/309 321/321/321
f 324/324/324 333/333/333 332/332/332
f 325/325/325 334/334/334 333/333/333
f 326/326/326 335/335/335 334/334/334
f 327/327/327 336/336/336 335/335/335
f 328/328/328 337/337/337 336/336/336
f 329/329/329 338/338/338 337/337/337
f 330/330/330 339/339/339 338/338/338
f 331/331/331 340/340/340 339/339/339
f 332/332/332 333/333/333 341/341/341
f 333/333/333 342/342/342 341/341/341
f 333/333/333 334/334/334 342/342/342
f 334/334/334 343/343/343 342/342/342
f 334/334/334 335/335/335 343/343/343
f 335/335/335 344/344/344 343/343/343
f 335/335/335 336/336/336 344/344/344
f 336/336/336 345/345/345 344/344/344
f 336/336/336 337/337/337 345/345/345
f 337/337/337 346/346/346 345/345/345
f 337/337/337 338/338/338 346/346/346
f 338/338/338 347/347/347 346/346/346
f 338/338/338 339/339/339 347/347/347
f 339/339/339 348/348/348 347/347/347
f 339/339/339 340/340/340 348/348/348
f 340/340/340 349/349/349 348/348/348
f 341/341/341 342/342/342 350/350/350
f 342/342/342 351/351/351 350/350/350
f 342/342/342 343/343/343 351/351/351
f 343/343/343 352/352/352 351/351/351
f 343/343/343 344/344/344 352/352/352
f 344/344/344 353/353/353 352/352/352
f 344/344/344 345/345/345 353/353/353
f 345/345/345 354/354/354 353/353/353
f 345/345/345 346/346/346 354/354/354
f 346/346/346 355/355/355 354/354/354
f 346/346/346 347/347/347 355/355/355
f 347/347/347 356/356/356 355/355/355
f 347/347/347 348/348/348 356/356/356
f 348/348/348 357/357/357 356/356/356
f 348/348/348 349/349/349 357/357/357
f 349/349/349 358/358/358 357/357/357
f 350/350/350 351/351/351 359/359/359
f 351/351/351 360/360/360 359/359/359
f 351/351/351 352/352/352 360/360/360
f 352/352/352 361/361/361 360/360/360
f 352/352/352 353/353/353 361/361/361
f 353/353/353 362/362/362 361/361/361
f 353/353/353 354/354/354 362/362/362
f 354/354/354 363/363/363 362/362/362
f 354/354/354 355/355/355 363/363/363
f 355/355/355 364/364/364 363/363/363
f 355/355/355 356/356/356 364/364/364
f 356/356/356 365/365/365 364/364/364
f 356/356/356 357/357/357 365/365/365
f 357/357/357 366/366/366 365/365/365
f 357/357/357 358/358/358 366/366/366
f 358/358/358 367/367/367 366/366/366
f 359/359/359 360/360/360 368/368/368
f 360/360/360 361/361/361 369/369/369
f 361/361/361 362/362/362 370/370/370
f 362/362/362 363/363/363 371/371/371
f 363/363/363 364/364/364 372/372/372
f 364/364/364 365/365/365 373/373/373
f 365/365/365 366/366/366 374/374/374
f 366/366/366 367/367/367 375/375/375
f 378/378/378 385/385/385 384/384/384
f 379/379/379 386/386/386 385/385/385
f 380/380/380 387/387/387 386/386/386
f 381/381/381 388/388/388 387/387/387
f 382/382/382 389/389/389 388/388/388
f 383/383/383 390/390/390 389/389/389
f 384/384/384 385/385/385 391/391/391
f 385/385/385 392/392/392 391/391/391
f 385/385/385 386/386/386 392/392/392
f 386/386/386 393/393/393 392/392/392
f 386/386/386 387/387/387 393/393/393
f 387/387/387 394/394/394 393/393/393
f 387/387/387 388/388/388 394/394/394
f 388/388/388 395/395/395 394/394/394
f 388/388/388 389/389/389 395/395/395
f 389/389/389 396/396/396 395/395/395
f 389/389/389 390/390/390 396/396/396
f 390/390/390 397/397/397 396/396/396
f 391/391/391 392/392/392 398/398/398
f 392/392/392 399/399/399 398/398/398
f 392/392/392 393/393/393 399/399/399
f 393/393/393 400/400/400 399/399/399
f 393/393/393 394/394/394 400/400/400
f 394/394/394 401/401/401 400/400/400
f 394/394/394 395/395/395 401/401/401
f 395/395/395 402/402/402 401/401/401
f 395/395/395 396/396/396 402/402/402
f 396/396/396 403/403/403 402/402/402
f 396/396/396 397/397/397 403/403/403
f 397/397/397 404/404/404 403/403/403
f 398/398/398 399/399/399 405/405/405
f 399/399/399 400/400/400 406/406/406
f 400/400/400 401/401/401 407/407/407
f 401/401/401 402/402/402 408/408/408
f 402/402/402 403/403/403 409/409/409
f 403/403/403 404/404/404 410/410/410
f 413/413/413 421/421/421 420/420/420
f 414/414/414 422/422/422 421/421/421
f 415/415/415 423/423/423 422/422/422
f 416/416/416 424/424/424 423/423/423
f 417/417/417 425/425/425 424/424/424
f 418/418/418 426/426/426 425/425/425
f 419/419/419 427/427/427 426/426/426
f 420/420/420 421/421/421 428/428/428
f 421/421/421 429/429/429 428/428/428
f 421/421/421 422/422/422 429/429/429
f 422/422/422 430/430/430 429/429/429
f 422/422/422 423/423/423 430/430/430
f 423/423/423 431/431/431 430/430/430
f 423/423/423 424/424/424 431/431/431
f 424/424/424 432/432/432 431/431/431
f 424/424/424 425/425/425 432/432/432
f 425/425/425 433/433/433 432/432/432
f 425/425/425 426/426/426 433/433/433
f 426/426/426 434/434/434 433/433/433
f 426/426/426 427/427/427 434/434/434
f 427/427/427 435/435/435 434/434/434
f 428/428/428 429/429/429 436/436/436
f 429/429/429 437/437/437 436/436/436
f 429/429/429 430/430/430 437/437/437
f 430/430/430 438/438/438 437/437/437
f 430/430/430 431/431/431 438/438/438
f 431/431/431 439/439/439 438/438/438
f 431/431/431 432/432/432 439/439/439
f 432/432/432 440/440/440 439/439/439
f 432/432/432 433/433/433 440/440/440
f 433/433/433 441/441/441 440/440/440
f 433/433/433 434/434/434 441/441/441
f 434/434/434 442/442/442 441/441/441
f 434/434/434 435/435/435 442/442/442
f 435/435/435 443/443/443 442/442/442
f 436/436/436 437/437/437 444/444/444
f 437/437/437 445/445/445 444/444/444
f 437/437/437 438/438/438 445/445/445
f 438/438/438 446/446/446 445/445/445
f 438/438/438 439/439/439 446/446/446
f 439/439/439 447/447/447 446/446/446
f 439/439/439 440/440/440 447/447/447
f 440/440/440 448/448/448 447/447/447
f 440/440/440 441/441/441 448/448/448
f 441/441/441 449/449/449 448/448/448
f 441/441/441 442/442/442 449/449/449
f 442/442/442 450/450/450 449/449/449
f 442/442/442 443/443/443 450/450/450
f 443/443/443 451/451/451 450/450/450
f 444/444/444 445/445/445 452/452/452
f 445/445/445 446/446/446 453/453/453
f 446/446/446 447/447/447 454/454/454
f 447/447/447 448/448/448 455/455/455
f 448/448/448 449/449/449 456/456/456
f 449/449/449 450/450/450 457/457/457
f 450/450/450 451/451/451 458/458/458
f 461/461/461 468/468/468 467/467/467
f 462/462/462 469/469/469 468/468/468
f 463/463/463 470/470/470 469/469/469
f 464/464/464 471/471/471 470/470/470
f 465/465/465 472/472/472 471/471/471
f 466/466/466 473/473/473 472/472/472
f 467/467/467 468/468/468 474/474/474
f 468/468/468 475/475/475 474/474/474
f 468/468/468 469/469/469 475/475/475
f 469/469/469 476/476/476 475/475/475
f 469/469/469 470/470/470 476/476/476
f 470/470/470 477/477/477 476/476/476
f 470/470/470 471/471/471 477/477/477
f 471/471/471 478/478/478 477/477/477
f 471/471/471 472/472/472 478/478/478
f 472/472/472 479/479/479 478/478/478
f 472/472/472 473/473/473 479/479/479
f 473/473/473 480/480/480 479/479/479
f 474/474/474 475/475/475 481/481/481
f 475/475/475 482/482/482 481/481/481
f 475/475/475 476/476/476 482/482/482
f 476/476/476 483/483/483 482/482/482
f 476/476/476 477/477/477 483/483/483
f 477/477/477 484/484/484 483/483/483
f 477/477/477 478/478/478 484/484/484
f 478/478/478 485/485/485 484/484/484
f 478/478/478 479/479/479 485/485/485
f 479/479/479 486/486/486 485/485/485
f 479/479/479 480/480/480 486/486/486
f 480/480/480 487/487/487 486/486/486
f 481/481/481 482/482/482 488/488/488
f 482/482/482 483/483/483 489/489/489
f 483/483/483 484/484/484 490/490/490
f 484/484/484 485/485/485 491/491/491
f 485/485/485 486/486/486 492/492/492
f 486/486/486 487/487/487 493/493/493
f 495/495/495 496/496/496 504/504/504
f 495/495/495 504/504/504 503/503/503
f 496/496/496 497/497/497 505/505/505
f 496/496/496 505/505/505 504/504/504
f 497/497/497 498/498/498 506/506/506
f 497/497/497 506/506/506 505/505/505
f 498/498/498 499/499/499 507/507/507
f 498/498/498 507/507/507 506/506/506
f 499/499/499 500/500/500 508/508/508
f 499/499/499 508/508/508 507/507/507
f 500/500/500 501/501/501 509/509/509
f 500/500/500 509/509/509 508/508/508
f 501/501/501 502/502/502 510/510/510
f 501/501/501 510/510/510 509/509/509
f 503/503/503 504/504/504 512/512/512
f 503/503/503 512/512/512 511/511/511
f 504/504/504 505/505/505 513/513/513
f 504/504/504 513/513/513 512/512/512
f 505/505/505 506/506/506 514/514/514
f 505/505/505 514/514/514 513/513/513
f 506/506/506 507/507/507 515/515/515
f 506/506/506 515/515/515 514/514/514
f 507/507/507 508/508/508 516/516/516
f 507/507/507 516/516/516 515/515/515
f 508/508/508 509/509/509 517/517/517
f 508/508/508 517/517/517 516/516/516
f 509/509/509 510/510/510 518/518/518
f 509/509/509 518/518/518 517/517/517
f 511/511/511 512/512/512 520/520/520
f 511/511/511 520/520/520 519/519/519
f 512/512/512 513/513/513 521/521/521
f 512/512/512 521/521/521 520/520/520
f 513/513/513 514/514/514 522/522/522
f 513/513/513 522/522/522 521/521/521
f 514/514/514 515/515/515 523/523/523
f 514/514/514 523/523/523 522/522/522
f 515/515/515 516/516/516 524/524/524
f 515/515/515 524/524/524 523/523/523
f 516/516/516 517/517/517 525/525/525
f 516/516/516 525/525/525 524/524/524
f 517/517/517 518/518/518 526/526/526
f 517/517/517 526/526/526 525/525/525
f 519/519/519 520/520/520 528/528/528
f 519/519/519 528/528/528 527/527/527
f 520/520/520 521/521/521 529/529/529
f 520/520/520 529/529/529 528/528/528
f 521/521/521 522/522/522 530/530/530
f 521/521/521 530/530/530 529/529/529
f 522/522/522 523/523/523 531/531/531
f 522/522/522 531/531/531 530/530/530
f 523/523/523 524/524/524 532/532/532
f 523/523/523 532/532/532 531/531/531
f 524/524/524 525/525/525 533/533/533
f 524/524/524 533/533/533 532/532/532
f 525/525/525 526/526/526 534/534/534
f 525/525/525 534/534/534 533/533/533
f 527/527/527 528/528/528 536/536/536
f 527/527/527 536/536/536 535/535/535
f 528/528/528 529/529/529 537/537/537
f 528/528/528 537/537/537 536/536/536
f 529/529/529 530/530/530 538/538/538
f 529/529/529 538/538/538 537/537/537
f 530/530/530 531/531/531 539/539/539
f 530/530/530 539/539/539 538/538/538
f 531/531/531 532/532/532 540/540/540
f 531/531/531 540/540/540 539/539/539
f 532/532/532 533/533/533 541/541/541
f 532/532/532 541/541/541 540/540/540
f 533/533/533 534/534/534 542/542/542
f 533/533/533 542/542/542 541/541/541
f 535/535/535 536/536/536 544/544/544
f 535/535/535 544/544/544 543/543/543
f 536/536/536 537/537/537 545/545/545
f 536/536/536 545/545/545 544/544/544
f 537/537/537 538/538/538 546/546/546
f 537/537/537 546/546/546 545/545/545
f 538/538/538 539/539/539 547/547/547
f 538/538/538 547/547/547 546/546/546
f 539/539/539 540/540/540 548/548/548
f 539/539/539 548/548/548 547/547/547
f 540/540/540 541/541/541 549/549/549
f 540/540/540 549/549/549 548/548/548
f 541/541/541 542/542/542 550/550/550
f 541/541/541 550/550/550 549/549/549
f 543/543/543 544/544/544 552/552/552
f 543/543/543 552/552/552 551/551/551
f 544/544/544 545/545/545 553/553/553
f 544/544/544 553/553/553 552/552/552
f 545/545/545 546/546/546 554/554/554
f 545/545/545 554/554/554 553/553/553
f 546/546/546 547/547/547 555/555/555
f 546/546/546 555/555/555 554/554/554
f 547/547/547 548/548/548 556/556/556
f 547/547/547 556/556/556 555/555/555
f 548/548/548 549/549/549 557/557/557
f 548/548/548 557/557/557 556/556/556
f 549/549/549 550/550/550 558/558/558
f 549/549/549 558/558/558 557/557/557
f 559/559/559 496/496/496 495/495/495
f 560/560/560 551/551/551 552/552/552
f 559/559/559 497/497/497 496/496/496
f 560/560/560 552/552/552 553/553/553
f 559/559/559 498/498/498 497/497/497
f 560/560/560 553/553/553 554/554/554
f 559/559/559 499/499/499 498/498/498
f 560/560/560 554/554/554 555/555/555
f 559/559/559 500/500/500 499/499/499
f 560/560/560 555/555/555 556/556/556
f 559/559/559 501/501/501 500/500/500
f 560/560/560 556/556/556 557/557/557
f 559/559/559 502/502/502 501/501/501
f 560/560/560 557/557/557 558/558/558
f 562/562/562 570/570/570 569/569/569
f 563/563/563 571/571/571 570/570/570
f 564/564/564 572/572/572 571/571/571
f 565/565/565 573/573/573 572/572/572
f 566/566/566 574/574/574 573/573/573
f 567/567/567 575/575/575 574/574/574
f 568/568/568 576/576/576 575/575/575
f 569/569/569 570/570/570 577/577/577
f 570/570/570 578/578/578 577/577/577
f 570/570/570 571/571/571 578/578/578
f 571/571/571 579/579/579 578/578/578
f 571/571/571 572/572/572 579/579/579
f 572/572/572 580/580/580 579/579/579
f 572/572/572 573/573/573 580/580/580
f 573/573/573 581/581/581 580/580/580
f 573/573/573 574/574/574 581/581/581
f 574/574/574 582/582/582 581/581/581
f 574/574/574 575/575/575 582/582/582
f 575/575/575 583/583/583 582/582/582
f 575/575/575 576/576/576 583/583/583
f 576/576/576 584/584/584 583/583/583
f 577/577/577 578/578/578 585/585/585
f 578/578/578 586/586/586 585/585/585
f 578/578/578 579/579/579 586/586/586
f 579/579/579 587/587/587 586/586/586
f 579/579/579 580/580/580 587/587/587
f 580/580/580 588/588/588 587/587/587
f 580/580/580 581/581/581 588/588/588
f 581/581/581 589/589/589 588/588/588
f 581/581/581 582/582/582 589/589/589
f 582/582/582 590/590/590 589/589/589
f 582/582/582 583/583/583 590/590/590
f 583/583/583 591/591/591 590/590/590
f 583/583/583 584/584/584 591/591/591
f 584/584/584 592/592/592 591/591/591
f 585/585/585 586/586/586 593/593/593
f 586/586/586 587/587/587 594/594/594
f 587/587/587 588/588/588 595/595/595
f 588/588/588 589/589/589 596/596/596
f 589/589/589 590/590/590 597/597/597
f 590/590/590 591/591/591 598/598/598
f 591/591/591 592/592/592 599/599/599
f 601/601/601 602/602/602 610/610/610
f 601/601/601 610/610/610 609/609/609
f 602/602/602 603/603/603 611/611/611
f 602/602/602 611/611/611 610/610/610
f 603/603/603 604/604/604 612/612/612
f 603/603/603 612/612/612 611/611/611
f 604/604/604 605/605/605 613/613/613
f 604/604/604 613/613/613 612/612/612
f 605/605/605 606/606/606 614/614/614
f 605/605/605 614/614/614 613/613/613
f 606/606/606 607/607/607 615/615/615
f 606/606/606 615/615/615 614/614/614
f 607/607/607 608/608/608 616/616/616
f 607/607/607 616/616/616 615/615/615
f 609/609/609 610/610/610 618/618/618
f 609/609/609 618/618/618 617/617/617
f 610/610/610 611/611/611 619/619/619
f 610/610/610 619/619/619 618/618/618
f 611/611/611 612/612/612 620/620/620
f 611/611/611 620/620/620 619/619/619
f 612/612/612 613/613/613 621/621/621
f 612/612/612 621/621/621 620/620/620
f 613/613/613 614/614/614 622/622/622
f 613/613/613 622/622/622 621/621/621
f 614/614/614 615/615/615 623/623/623
f 614/614/614 623/623/623 622/622/622
f 615/615/615 616/616/616 624/624/624
f 615/615/615 624/624/624 623/623/623
f 617/617/617 618/618/618 626/626/626
f 617/617/617 626/626/626 625/625/625
f 618/618/618 619/619/619 627/627/627
f 618/618/618 627/627/627 626/626/626
f 619/619/619 620/620/620 628/628/628
f 619/619/619 628/628/628 627/627/627
f 620/620/620 621/621/621 629/629/629
f 620/620/620 629/629/629 628/628/628
f 621/621/621 622/622/622 630/630/630
f 621/621/621 630/630/630 629/629/629
f 622/622/622 623/623/623 631/631/631
f 622/622/622 631/631/631 630/630/630
f 623/623/623 624/624/624 632/632/632
f 623/623/623 632/632/632 631/631/631
f 625/625/625 626/626/626 634/634/634
f 625/625/625 634/634/634 633/633/633
f 626/626/626 627/627/627 635/635/635
f 626/626/626 635/635/635 634/634/634
f 627/627/627 628/628/628 636/636/636
f 627/627/627 636/636/636 635/635/635
f 628/628/628 629/629/629 637/637/637
f 628/628/628 637/637/637 636/636/636
f 629/629/629 630/630/630 638/638/638
f 629/629/629 638/638/638 637/637/637
f 630/630/630 631/631/631 639/639/639
f 630/630/630 639/639/639 638/638/638
f 631/631/631 632/632/632 640/640/640
f 631/631/631 640/640/640 639/639/639
f 633/633/633 634/634/634 642/642/642
f 633/633/633 642/642/642 641/641/641
f 634/634/634 635/635/635 643/643/643
f 634/634/634 643/643/643 642/642/642
f 635/635/635 636/636/636 644/644/644
f 635/635/635 644/644/644 643/643/643
f 636/636/636 637/637/637 645/645/645
f 636/636/636 645/645/645 644/644/644
f 637/637/637 638/638/638 646/646/646
f 637/637/637 646/646/646 645/645/645
f 638/638/638 639/639/639 647/647/647
f 638/638/638 647/647/647 646/646/646
f 639/639/639 640/640/640 648/648/648
f 639/639/639 648/648/648 647/647/647
f 641/641/641 642/642/642 650/650/650
f 641/641/641 650/650/650 649/649/649
f 642/642/642 643/643/643 651/651/651
f 642/642/642 651/651/651 650/650/650
f 643/643/643 644/644/644 652/652/652
f 643/643/643 652/652/652 651/651/651
f 644/644/644 645/645/645 653/653/653
f 644/644/644 653/653/653 652/652/652
f 645/645/645 646/646/646 654/654/654
f 645/645/645 654/654/654 653/653/653
f 646/646/646 647/647/647 655/655/655
f 646/646/646 655/655/655 654/654/654
f 647/647/647 648/648/648 656/656/656
f 647/647/647 656/656/656 655/655/655
f 649/649/649 650/650/650 658/658/658
f 649/649/649 658/658/658 657/657/657
f 650/650/650 651/651/651 659/659/659
f 650/650/650 659/659/659 658/658/658
f 651/651/651 652/652/652 660/660/660
f 651/651/651 660/660/660 659/659/659
f 652/652/652 653/653/653 661/661/661
f 652/652/652 661/661/661 660/660/660
f 653/653/653 654/654/654 662/662/662
f 653/653/653 662/662/662 661/661/661
f 654/654/654 655/655/655 663/663/663
f 654/654/654 663/663/663 662/662/662
f 655/655/655 656/656/656 664/664/664
f 655/655/655 664/664/664 663/663/663
f 665/665/665 602/602/602 601/601/601
f 666/666/666 657/657/657 658/658/658
f 665/665/665 603/603/603 602/602/602
f 666/666/666 658/658/658 659/659/659
f 665/665/665 604/604/604 603/603/603
f 666/666/666 659/659/659 660/660/660
f 665/665/665 605/605/605 604/604/604
f 666/666/666 660/660/660 661/661/661
f 665/665/665 606/606/606 605/605/605
f 666/666/666 661/661/661 662/662/662
f 665/665/665 607/607/607 606/606/606
f 666/666/666 662/662/662 663/663/663
f 665/665/665 608/608/608 607/607/607
f 666/666/666 663/663/663 664/664/664
f 668/668/668 676/676/676 675/675/675
f 669/669/669 677/677/677 676/676/676
f 670/670/670 678/678/678 677/677/677
f 671/671/671 679/679/679 678/678/678
f 672/672/672 680/680/680 679/679/679
f 673/673/673 681/681/681 680/680/680
f 674/674/674 682/682/682 681/681/681
f 675/675/675 676/676/676 683/683/683
f 676/676/676 684/684/684 683/683/683
f 676/676/676 677/677/677 684/684/684
f 677/677/677 685/685/685 684/684/684
f 677/677/677 678/678/678 685/685/685
f 678/678/678 686/686/686 685/685/685
f 678/678/678 679/679/679 686/686/686
f 679/679/679 687/687/687 686/686/686
f 679/679/679 680/680/680 687/687/687
f 680/680/680 688/688/688 687/687/687
f 680/680/680 681/681/681 688/688/688
f 681/681/681 689/689/689 688/688/688
f 681/681/681 682/682/682 689/689/689
f 682/682/682 690/690/690 689/689/689
f 683/683/683 684/684/684 691/691/691
f 684/684/684 692/692/692 691/691/691
f 684/684/684 685/685/685 692/692/692
f 685/685/685 693/693/693 692/692/692
f 685/685/685 686/686/686 693/693/693
f 686/686/686 694/694/694 693/693/693
f 686/686/686 687/687/687 694/694/694
f 687/687/687 695/695/695 694/694/694
f 687/687/687 688/688/688 695/695/695
f 688/688/688 696/696/696 695/695/695
f 688/688/688 689/689/689 696/696/696
f 689/689/689 697/697/697 696/696/696
f 689/689/689 690/690/690 697/697/697
f 690/690/690 698/698/698 697/697/697
f 691/691/691 692/692/692 699/699/699
f 692/692/692 693/693/693 700/700/700
f 693/693/693 694/694/694 701/701/701
f 694/694/694 695/695/695 702/702/702
f 695/695/695 696/696/696 703/703/703
f 696/696/696 697/697/697 704/704/704
f 697/697/697 698/698/698 705/705/705
f 708/708/708 716/716/716 715/715/715
f 709/709/709 717/717/717 716/716/716
f 710/710/710 718/718/718 717/717/717
f 711/711/711 719/719/719 718/718/718
f 712/712/712 720/720/720 719/719/719
f 713/713/713 721/721/721 720/720/720
f 714/714/714 722/722/722 721/721/721
f 715/715/715 716/716/716 723/723/723
f 716/716/716 724/724/724 723/723/723
f 716/716/716 717/717/717 724/724/724
f 717/717/717 725/725/725 724/724/724
f 717/717/717 718/718/718 725/725/725
f 718/718/718 726/726/726 725/725/725
f 718/718/718 719/719/719 726/726/726
f 719/719/719 727/727/727 726/726/726
f 719/719/719 720/720/720 727/727/727
f 720/720/720 728/728/728 727/727/727
f 720/720/720 721/721/721 728/728/728
f 721/721/721 729/729/729 728/728/728
f 721/721/721 722/722/722 729/729/729
f 722/722/722 730/730/730 729/729/729
f 723/723/723 724/724/724 731/731/731
f 724/724/724 732/732/732 731/731/731
f 724/724/724 725/725/725 732/732/732
f 725/725/725 733/733/733 732/732/732
f 725/725/725 726/726/726 733/733/733
f 726/726/726 734/734/734 733/733/733
f 726/726/726 727/727/727 734/734/734
f 727/727/727 735/735/735 734/734/734
f 727/727/727 728/728/728 735/735/735
f 728/728/728 736/736/736 735/735/735
f 728/728/728 729/729/729 736/736/736
f 729/729/729 737/737/737 736/736/736
f 729/729/729 730/730/730 737/737/737
f 730/730/730 738/738/738 737/737/737
f 731/731/731 732/732/732 739/739/739
f 732/732/732 740/740/740 739/739/739
f 732/732/732 733/733/733 740/740/740
f 733/733/733 741/741/741 740/740/740
f 733/733/733 734/734/734 741/741/741
f 734/734/734 742/742/742 741/741/741
f 734/734/734 735/735/735 742/742/742
f 735/735/735 743/743/743 742/742/742
f 735/735/735 736/736/736 743/743/743
f 736/736/736 744/744/744 743/743/743
f 736/736/736 737/737/737 744/744/744
f 737/737/737 745/745/745 744/744/744
f 737/737/737 738/738/738 745/745/745
f 738/738/738 746/746/746 745/745/745
f 739/739/739 740/740/740 747/747/747
f 740/740/740 741/741/741 748/748/748
f 741/741/741 742/742/742 749/749/749
f 742/742/742 743/743/743 750/750/750
f 743/743/743 744/744/744 751/751/751
f 744/744/744 745/745/745 752/752/752
f 745/745/745 746/746/746 753/753/753
f 756/756/756 763/763/763 762/762/762
f 757/757/757 764/764/764 763/763/763
f 758/758/758 765/765/765 764/764/764
f 759/759/759 766/766/766 765/765/765
f 760/760/760 767/767/767 766/766/766
f 761/761/761 768/768/768 767/767/767
f 762/762/762 763/763/763 769/769/769
f 763/763/763 770/770/770 769/769/769
f 763/763/763 764/764/764 770/770/770
f 764/764/764 771/771/771 770/770/770
f 764/764/764 765/765/765 771/771/771
f 765/765/765 772/772/772 771/771/771
f 765/765/765 766/766/766 772/772/772
f 766/766/766 773/773/773 772/772/772
f 766/766/766 767/767/767 773/773/773
f 767/767/767 774/774/774 773/773/773
f 767/767/767 768/768/768 774/774/774
f 768/768/768 775/775/775 774/774/774
f 769/769/769 770/770/770 776/776/776
f 770/770/770 777/777/777 776/776/776
f 770/770/770 771/771/771 777/777/777
f 771/771/771 778/778/778 777/777/777
f 771/771/771 772/772/772 778/778/778
f 772/772/772 779/779/779 778/778/778
f 772/772/772 773/773/773 779/779/779
f 773/773/773 780/780/780 779/779/779
f 773/773/773 774/774/774 780/780/780
f 774/774/774 781/781/781 780/780/780
f 774/774/774 775/775/775 781/781/781
f 775/775/775 782/782/782 781/781/781
f 776/776/776 777/777/777 783/783/783
f 777/777/777 778/778/778 784/784/784
f 778/778/778 779/779/779 785/785/785
f 779/779/779 780/780/780 786/786/786
f 780/780/780 781/781/781 787/787/787
f 781/781/781 782/782/782 788/788/788
f 790/790/790 791/791/791 799/799/799
f 790/790/790 799/799/799 798/798/798
f 791/791/791 792/792/792 800/800/800
f 791/791/791 800/800/800 799/799/799
f 792/792/792 793/793/793 801/801/801
f 792/792/792 801/801/801 800/800/800
f 793/793/793 794/794/794 802/802/802
f 793/793/793 802/802/802 801/801/801
f 794/794/794 795/795/795 803/803/803
f 794/794/794 803/803/803 802/802/802
f 795/795/795 796/796/796 804/804/804
f 795/795/795 804/804/804 803/803/803
f 796/796/796 797/797/797 805/805/805
f 796/796/796 805/805/805 804/804/804
f 798/798/798 799/799/799 807/807/807
f 798/798/798 807/807/807 806/806/806
f 799/799/799 800/800/800 808/808/808
f 799/799/799 808/808/808 807/807/807
f 800/800/800 801/801/801 809/809/809
f 800/800/800 809/809/809 808/808/808
f 801/801/801 802/802/802 810/810/810
f 801/801/801 810/810/810 809/809/809
f 802/802/802 803/803/803 811/811/811
f 802/802/802 811/811/811 810/810/810
f 803/803/803 804/804/804 812/812/812
f 803/803/803 812/812/812 811/811/811
f 804/804/804 805/805/805 813/813/813
f 804/804/804 813/813/813 812/812/812
f 806/806/806 807/807/807 815/815/815
f 806/806/806 815/815/815 814/814/814
f 807/807/807 808/808/808 816/816/816
f 807/807/807 816/816/816 815/815/815
f 808/808/808 809/809/809 817/817/817
f 808/808/808 817/817/817 816/816/816
f 809/809/809 810/810/810 818/818/818
f 809/809/809 818/818/818 817/817/817
f 810/810/810 811/811/811 819/819/819
f 810/810/810 819/819/819 818/818/818
f 811/811/811 812/812/812 820/820/820
f 811/811/811 820/820/820 819/819/819
f 812/812/812 813/813/813 821/821/821
f 812/812/812 821/821/821 820/820/820
f 814/814/814 815/815/815 823/823/823
f 814/814/814 823/823/823 822/822/822
f 815/815/815 816/816/816 824/824/824
f 815/815/815 824/824/824 823/823/823
f 816/816/816 817/817/817 825/825/825
f 816/816/816 825/825/825 824/824/824
f 817/817/817 818/818/818 826/826/826
f 817/817/817 826/826/826 825/825/825
f 818/818/818 819/819/819 827/827/827
f 818/818/818 827/827/827 826/826/826
f 819/819/819 820/820/820 828/828/828
f 819/819/819 828/828/828 827/827/827
f 820/820/820 821/821/821 829/829/829
f 820/820/820 829/829/829 828/828/828
f 822/822/822 823/823/823 831/831/831
f 822/822/822 831/831/831 830/830/830
f 823/823/823 824/824/824 832/832/832
f 823/823/823 832/832/832 831/831/831
f 824/824/824 825/825/825 833/833/833
f 824/824/824 833/833/833 832/832/832
f 825/825/825 826/826/826 834/834/834
f 825/825/825 834/834/834 833/833/833
f 826/826/826 827/827/827 835/835/835
f 826/826/826 835/835/835 834/834/834
f 827/827/827 828/828/828 836/836/836
f 827/827/827 836/836/836 835/835/835
f 828/828/828 829/829/829 837/837/837
f 828/828/828 837/837/837 836/836/836
f 830/830/830 831/831/831 839/839/839
f 830/830/830 839/839/839 838/838/838
f 831/831/831 832/832/832 840/840/840
f 831/831/831 840/840/840 839/839/839
f 832/832/832 833/833/833 841/841/841
f 832/832/832 841/841/841 840/840/840
f 833/833/833 834/834/834 842/842/842
f 833/833/833 842/842/842 841/841/841
f 834/834/834 835/835/835 843/843/843
f 834/834/834 843/843/843 842/842/842
f 835/835/835 836/836/836 844/844/844
f 835/835/835 844/844/844 843/843/843
f 836/836/836 837/837/837 845/845/845
f 836/836/836 845/845/845 844/844/844
f 838/838/838 839/839/839 847/847/847
f 838/838/838 847/847/847 846/846/846
f 839/839/839 840/840/840 848/848/848
f 839/839/839 848/848/848 847/847/847
f 840/840/840 841/841/841 849/849/849
f 840/840/840 849/849/849 848/848/848
f 841/841/841 842/842/842 850/850/850
f 841/841/841 850/850/850 849/849/849
f 842/842/842 843/843/843 851/851/851
f 842/842/842 851/851/851 850/850/850
f 843/843/843 844/844/844 852/852/852
f 843/843/843 852/852/852 851/851/851
f 844/844/844 845/845/845 853/853/853
f 844/844/844 853/853/853 852/852/852
f 854/854/854 791/791/791 790/790/790
f 855/855/855 846/846/846 847/847/847
f 854/854/854 792/792/792 791/791/791
f 855/855/855 847/847/847 848/848/848
f 854/854/854 793/793/793 792/792/792
f 855/855/855 848/848/848 849/849/849
f 854/854/854 794/794/794 793/793/793
f 855/855/855 849/849/849 850/850/850
f 854/854/854 795/795/795 794/794/794
f 855/855/855 850/850/850 851/851/851
f 854/854/854 796/796/796 795/795/795
f 855/855/855 851/851/851 852/852/852
f 854/854/854 797/797/797 796/796/796
f 855/855/855 852/852/852 853/853/853
f 857/857/857 865/865/865 864/864/864
f 858/858/858 866/866/866 865/865/865
f 859/859/859 867/867/867 866/866/866
f 860/860/860 868/868/868 867/867/867
f 861/861/861 869/869/869 868/868/868
f 862/862/862 870/870/870 869/869/869
f 863/863/863 871/871/871 870/870/870
f 864/864/864 865/865/865 872/872/872
f 865/865/865 873/873/873 872/872/872
f 865/865/865 866/866/866 873/873/873
f 866/866/866 874/874/874 873/873/873
f 866/866/866 867/867/867 874/874/874
f 867/867/867 875/875/875 874/874/874
f 867/867/867 868/868/868 875/875/875
f 868/868/868 876/876/876 875/875/875
f 868/868/868 869/869/869 876/876/876
f 869/869/869 877/877/877 876/876/876
f 869/869/869 870/870/870 877/877/877
f 870/870/870 878/878/878 877/877/877
f 870/870/870 871/871/871 878/878/878
f 871/871/871 879/879/879 878/878/878
f 872/872/872 873/873/873 880/880/880
f 873/873/873 881/881/881 880/880/880
f 873/873/873 874/874/874 881/881/881
f 874/874/874 882/882/882 881/881/881
f 874/874/874 875/875/875 882/882/882
f 875/875/875 883/883/883 882/882/882
f 875/875/875 876/876/876 883/883/883
f 876/876/876 884/884/884 883/883/883
f 876/876/876 877/877/877 884/884/884
f 877/877/877 885/885/885 884/884/884
f 877/877/877 878/878/878 885/885/885
f 878/878/878 886/886/886 885/885/885
f 878/878/878 879/879/879 886/886/886
f 879/879/879 887/887/887 886/886/886
f 880/880/880 881/881/881 888/888/888
f 881/881/881 882/882/882 889/889/889
f 882/882/882 883/883/883 890/890/890
f 883/883/883 884/884/884 891/891/891
f 884/884/884 885/885/885 892/892/892
f 885/885/885 886/886/886 893/893/893
f 886/886/886 887/887/887 894/894/894
f 896/896/896 897/897/897 905/905/905
f 896/896/896 905/905/905 904/904/904
f 897/897/897 898/898/898 906/906/906
f 897/897/897 906/906/906 905/905/905
f 898/898/898 899/899/899 907/907/907
f 898/898/898 907/907/907 906/906/906
f 899/899/899 900/900/900 908/908/908
f 899/899/899 908/908/908 907/907/907
f 900/900/900 901/901/901 909/909/909
f 900/900/900 909/909/909 908/908/908
f 901/901/901 902/902/902 910/910/910
f 901/901/901 910/910/910 909/909/909
f 902/902/902 903/903/903 911/911/911
f 902/902/902 911/911/911 910/910/910
f 904/904/904 905/905/905 913/913/913
f 904/904/904 913/913/913 912/912/912
f 905/905/905 906/906/906 914/914/914
f 905/905/905 914/914/914 913/913/913
f 906/906/906 907/907/907 915/915/915
f 906/906/906 915/915/915 914/914/914
f 907/907/907 908/908/908 916/916/916
f 907/907/907 916/916/916 915/915/915
f 908/908/908 909/909/909 917/917/917
f 908/908/908 917/917/917 916/916/916
f 909/909/909 910/910/910 918/918/918
f 909/909/909 918/918/918 917/917/917
f 910/910/910 911/911/911 919/919/919
f 910/910/910 919/919/919 918/918/918
f 912/912/912 913/913/913 921/921/921
f 912/912/912 921/921/921 920/920/920
f 913/913/913 914/914/914 922/922/922
f 913/913/913 922/922/922 921/921/921
f 914/914/914 915/915/915 923/923/923
f 914/914/914 923/923/923 922/922/922
f 915/915/915 916/916/916 924/924/924
f 915/915/915 924/924/924 923/923/923
f 916/916/916 917/917/917 925/925/925
f 916/916/916 925/925/925 924/924/924
f 917/917/917 918/918/918 926/926/926
f 917/917/917 926/926/926 925/925/925
f 918/918/918 919/919/919 927/927/927
f 918/918/918 927/927/927 926/926/926
f 920/920/920 921/921/921 929/929/929
f 920/920/920 929/929/929 928/928/928
f 921/921/921 922/922/922 930/930/930
f 921/921/921 930/930/930 929/929/929
f 922/922/922 923/923/923 931/931/931
f 922/922/922 931/931/931 930/930/930
f 923/923/923 924/924/924 932/932/932
f 923/923/923 932/932/932 931/931/931
f 924/924/924 925/925/925 933/933/933
f 924/924/924 933/933/933 932/932/932
f 925/925/925 926/926/926 934/934/934
f 925/925/925 934/934/934 933/933/933
f 926/926/926 927/927/927 935/935/935
f 926/926/926 935/935/935 934/934/934
f 928/928/928 929/929/929 937/937/937
f 928/928/928 937/937/937 936/936/936
f 929/929/929 930/930/930 938/938/938
f 929/929/929 938/938/938 937/937/937
f 930/930/930 931/931/931 939/939/939
f 930/930/930 939/939/939 938/938/938
f 931/931/931 932/932/932 940/940/940
f 931/931/931 940/940/940 939/939/939
f 932/932/932 933/933/933 941/941/941
f 932/932/932 941/941/941 940/940/940
f 933/933/933 934/934/934 942/942/942
f 933/933/933 942/942/942 941/941/941
f 934/934/934 935/935/935 943/943/943
f 934/934/934 943/943/943 942/942/942
f 936/936/936 937/937/937 945/945/945
f 936/936/936 945/945/945 944/944/944
f 937/937/937 938/938/938 946/946/946
f 937/937/937 946/946/946 945/945/945
f 938/938/938 939/939/939 947/947/947
f 938/938/938 947/947/947 946/946/946
f 939/939/939 940/940/940 948/948/948
f 939/939/939 948/948/948 947/947/947
f 940/940/940 941/941/941 949/949/949
f 940/940/940 949/949/949 948/948/948
f 941/941/941 942/942/942 950/950/950
f 941/941/941 950/950/950 949/949/949
f 942/942/942 943/943/943 951/951/951
f 942/942/942 951/951/951 950/950/950
f 944/944/944 945/945/945 953/953/953
f 944/944/944 953/953/953 952/952/952
f 945/945/945 946/946/946 954/954/954
f 945/945/945 954/954/954 953/953/953
f 946/946/946 947/947/947 955/955/955
f 946/946/946 955/955/955 954/954/954
f 947/947/947 948/948/948 956/956/956
f 947/947/947 956/956/956 955/955/955
f 948/948/948 949/949/949 957/957/957
f 948/948/948 957/957/957 956/956/956
f 949/949/949 950/950/950 958/958/958
f 949/949/949 958/958/958 957/957/957
f 950/950/950 951/951/951 959/959/959
f 950/950/950 959/959/959 958/958/958
f 960/960/960 897/897/897 896/896/896
f 961/961/961 952/952/952 953/953/953
f 960/960/960 898/898/898 897/897/897
f 961/961/961 953/953/953 954/954/954
f 960/960/960 899/899/899 898/898/898
f 961/961/961 954/954/954 955/955/955
f 960/960/960 900/900/900 899/899/899
f 961/961/961 955/955/955 956/956/956
f 960/960/960 901/901/901 900/900/900
f 961/961/961 956/956/956 957/957/957
f 960/960/960 902/902/902 901/901/901
f 961/961/961 957/957/957 958/958/958
f 960/960/960 903/903/903 902/902/902
f 961/961/961 958/958/958 959/959/959
f 963/963/963 971/971/971 970/970/970
f 964/964/964 972/972/972 971/971/971
f 965/965/965 973/973/973 972/972/972
f 966/966/966 974/974/974 973/973/973
f 967/967/967 975/975/975 974/974/974
f 968/968/968 976/976/976 975/975/975
f 969/969/969 977/977/977 976/976/976
f 970/970/970 971/971/971 978/978/978
f 971/971/971 979/979/979 978/978/978
f 971/971/971 972/972/972 979/979/979
f 972/972/972 980/980/980 979/979/979
f 972/972/972 973/973/973 980/980/980
f 973/973/973 981/981/981 980/980/980
f 973/973/973 974/974/974 981/981/981
f 974/974/974 982/982/982 981/981/981
f 974/974/974 975/975/975 982/982/982
f 975/975/975 983/983/983 982/982/982
f 975/975/975 976/976/976 983/983/983
f 976/976/976 984/984/984 983/983/983
f 976/976/976 977/977/977 984/984/984
f 977/977/977 985/985/985 984/984/984
f 978/978/978 979/979/979 986/986/986
f 979/979/979 987/987/987 986/986/986
f 979/979/979 980/980/980 987/987/987
f 980/980/980 988/988/988 987/987/987
f 980/980/980 981/981/981 988/988/988
f 981/981/981 989/989/989 988/988/988
f 981/981/981 982/982/982 989/989/989
f 982/982/982 990/990/990 989/989/989
f 982/982/982 983/983/983 990/990/990
f 983/983/983 991/991/991 990/990/990
f 983/983/983 984/984/984 991/991/991
f 984/984/984 992/992/992 991/991/991
f 984/984/984 985/985/985 992/992/992
f 985/985/985 993/993/993 992/992/992
f 986/986/986 987/987/987 994/994/994
f 987/987/987 988/988/988 995/995/995
f 988/988/988 989/989/989 996/996/996
f 989/989/989 990/990/990 997/997/997
f 990/990/990 991/991/991 998/998/998
f 991/991/991 992/992/992 999/999/999
f 992/992/992 993/993/993 1000/1000/1000
f 1002/1002/1002 1003/1003/1003 1010/1010/1010
f 1002/1002/1002 1010/1010/1010 1009/1009/1009
f 1003/1003/1003 1004/1004/1004 1011/1011/1011
f 1003/1003/1003 1011/1011/1011 1010/1010/1010
f 1004/1004/1004 1005/1005/1005 1012/1012/1012
f 1004/1004/1004 1012/1012/1012 1011/1011/1011
f 1005/1005/1005 1006/1006/1006 1013/1013/1013
f 1005/1005/1005 1013/1013/1013 1012/1012/1012
f 1006/1006/1006 1007/1007/1007 1014/1014/1014
f 1006/1006/1006 1014/1014/1014 1013/1013/1013
f 1007/1007/1007 1008/1008/1008 1015/1015/1015
f 1007/1007/1007 1015/1015/1015 1014/1014/1014
f 1009/1009/1009 1010/1010/1010 1017/1017/1017
f 1009/1009/1009 1017/1017/1017 1016/1016/1016
f 1010/1010/1010 1011/1011/1011 1018/1018/1018
f 1010/1010/1010 1018/1018/1018 1017/1017/1017
f 1011/1011/1011 1012/1012/1012 1019/1019/1019
f 1011/1011/1011 1019/1019/1019 1018/1018/1018
f 1012/1012/1012 1013/1013/1013 1020/1020/1020
f 1012/1012/1012 1020/1020/1020 1019/1019/1019
f 1013/1013/1013 1014/1014/1014 1021/1021/1021
f 1013/1013/1013 1021/1021/1021 1020/1020/1020
f 1014/1014/1014 1015/1015/1015 1022/1022/1022
f 1014/1014/1014 1022/1022/1022 1021/1021/1021
f 1016/1016/1016 1017/1017/1017 1024/1024/1024
f 1016/1016/1016 1024/1024/1024 1023/1023/1023
f 1017/1017/1017 1018/1018/1018 1025/1025/1025
f 1017/1017/1017 1025/1025/1025 1024/1024/1024
f 1018/1018/1018 1019/1019/1019 1026/1026/1026
f 1018/1018/1018 1026/1026/1026 1025/1025/1025
f 1019/1019/1019 1020/1020/1020 1027/1027/1027
f 1019/1019/1019 1027/1027/1027 1026/1026/1026
f 1020/1020/1020 1021/1021/1021 1028/1028/1028
f 1020/1020/1020 1028/1028/1028 1027/1027/1027
f 1021/1021/1021 1022/1022/1022 1029/1029/1029
f 1021/1021/1021 1029/1029/1029 1028/1028/1028
f 1023/1023/1023 1024/1024/1024 1031/1031/1031
f 1023/1023/1023 1031/1031/1031 1030/1030/1030
f 1024/1024/1024 1025/1025/1025 1032/1032/1032
f 1024/1024/1024 1032/1032/1032 1031/1031/1031
f 1025/1025/1025 1026/1026/1026 1033/1033/1033
f 1025/1025/1025 1033/1033/1033 1032/1032/1032
f 1026/1026/1026 1027/1027/1027 1034/1034/1034
f 1026/1026/1026 1034/1034/1034 1033/1033/1033
f 1027/1027/1027 1028/1028/1028 1035/1035/1035
f 1027/1027/1027 1035/1035/1035 1034/1034/1034
f 1028/1028/1028 1029/1029/1029 1036/1036/1036
f 1028/1028/1028 1036/1036/1036 1035/1035/1035
f 1030/1030/1030 1031/1031/1031 1038/1038/1038
f 1030/1030/1030 1038/1038/1038 1037/1037/1037
f 1031/1031/1031 1032/1032/1032 1039/1039/1039
f 1031/1031/1031 1039/1039/1039 1038/1038/1038
f 1032/1032/1032 1033/1033/1033 1040/1040/1040
f 1032/1032/1032 1040/1040/1040 1039/1039/1039
f 1033/1033/1033 1034/1034/1034 1041/1041/1041
f 1033/1033/1033 1041/1041/1041 1040/1040/1040
f 1034/1034/1034 1035/1035/1035 1042/1042/1042
f 1034/1034/1034 1042/1042/1042 1041/1041/1041
f 1035/1035/1035 1036/1036/1036 1043/1043/1043
f 1035/1035/1035 1043/1043/1043 1042/1042/1042
f 1037/1037/1037 1038/1038/1038 1045/1045/1045
f 1037/1037/1037 1045/1045/1045 1044/1044/1044
f 1038/1038/1038 1039/1039/1039 1046/1046/1046
f 1038/1038/1038 1046/1046/1046 1045/1045/1045
f 1039/1039/1039 1040/1040/1040 1047/1047/1047
f 1039/1039/1039 1047/1047/1047 1046/1046/1046
f 1040/1040/1040 1041/1041/1041 1048/1048/1048
f 1040/1040/1040 1048/1048/1048 1047/1047/1047
f 1041/1041/1041 1042/1042/1042 1049/1049/1049
f 1041/1041/1041 1049/1049/1049 1048/1048/1048
f 1042/1042/1042 1043/1043/1043 1050/1050/1050
f 1042/1042/1042 1050/1050/1050 1049/1049/1049
f 1044/1044/1044 1045/1045/1045 1052/1052/1052
f 1044/1044/1044 1052/1052/1052 1051/1051/1051
f 1045/1045/1045 1046/1046/1046 1053/1053/1053
f 1045/1045/1045 1053/1053/1053 1052/1052/1052
f 1046/1046/1046 1047/1047/1047 1054/1054/1054
f 1046/1046/1046 1054/1054/1054 1053/1053/1053
f 1047/1047/1047 1048/1048/1048 1055/1055/1055
f 1047/1047/1047 1055/1055/1055 1054/1054/1054
f 1048/1048/1048 1049/1049/1049 1056/1056/1056
f 1048/1048/1048 1056/1056/1056 1055/1055/1055
f 1049/1049/1049 1050/1050/1050 1057/1057/1057
f 1049/1049/1049 1057/1057/1057 1056/1056/1056
f 1051/1051/1051 1052/1052/1052 1059/1059/1059
f 1051/1051/1051 1059/1059/1059 1058/1058/1058
f 1052/1052/1052 1053/1053/1053 1060/1060/1060
f 1052/1052/1052 1060/1060/1060 1059/1059/1059
f 1053/1053/1053 1054/1054/1054 1061/1061/1061
f 1053/1053/1053 1061/1061/1061 1060/1060/1060
f 1054/1054/1054 1055/1055/1055 1062/1062/1062
f 1054/1054/1054 1062/1062/1062 1061/1061/1061
f 1055/1055/1055 1056/1056/1056 1063/1063/1063
f 1055/1055/1055 1063/1063/1063 1062/1062/1062
f 1056/1056/1056 1057/1057/1057 1064/1064/1064
f 1056/1056/1056 1064/1064/1064 1063/1063/1063
f 1058/1058/1058 1059/1059/1059 1066/1066/1066
f 1058/1058/1058 1066/1066/1066 1065/1065/1065
f 1059/1059/1059 1060/1060/1060 1067/1067/1067
f 1059/1059/1059 1067/1067/1067 1066/1066/1066
f 1060/1060/1060 1061/1061/1061 1068/1068/1068
f 1060/1060/1060 1068/1068/1068 1067/1067/1067
f 1061/1061/1061 1062/1062/1062 1069/1069/1069
f 1061/1061/1061 1069/1069/1069 1068/1068/1068
f 1062/1062/1062 1063/1063/1063 1070/1070/1070
f 1062/1062/1062 1070/1070/1070 1069/1069/1069
f 1063/1063/1063 1064/1064/1064 1071/1071/1071
f 1063/1063/1063 1071/1071/1071 1070/1070/1070
f 1065/1065/1065 1066/1066/1066 1073/1073/1073
f 1065/1065/1065 1073/1073/1073 1072/1072/1072
f 1066/1066/1066 1067/1067/1067 1074/1074/1074
f 1066/1066/1066 1074/1074/1074 1073/1073/1073
f 1067/1067/1067 1068/1068/1068 1075/1075/1075
f 1067/1067/1067 1075/1075/1075 1074/1074/1074
f 1068/1068/1068 1069/1069/1069 1076/1076/1076
f 1068/1068/1068 1076/1076/1076 1075/1075/1075
f 1069/1069/1069 1070/1070/1070 1077/1077/1077
f 1069/1069/1069 1077/1077/1077 1076/1076/1076
f 1070/1070/1070 1071/1071/1071 1078/1078/1078
f 1070/1070/1070 1078/1078/1078 1077/1077/1077
f 1072/1072/1072 1073/1073/1073 1080/1080/1080
f 1072/1072/1072 1080/1080/1080 1079/1079/1079
f 1073/1073/1073 1074/1074/1074 1081/1081/1081
f 1073/1073/1073 1081/1081/1081 1080/1080/1080
f 1074/1074/1074 1075/1075/1075 1082/1082/1082
f 1074/1074/1074 1082/1082/1082 1081/1081/1081
f 1075/1075/1075 1076/1076/1076 1083/1083/1083
f 1075/1075/1075 1083/1083/1083 1082/1082/1082
f 1076/1076/1076 1077/1077/1077 1084/1084/1084
f 1076/1076/1076 1084/1084/1084 1083/1083/1083
f 1077/1077/1077 1078/1078/1078 1085/1085/1085
f 1077/1077/1077 1085/1085/1085 1084/1084/1084
f 1079/1079/1079 1080/1080/1080 1087/1087/1087
f 1079/1079/1079 1087/1087/1087 1086/1086/1086
f 1080/1080/1080 1081/1081/1081 1088/1088/1088
f 1080/1080/1080 1088/1088/1088 1087/1087/1087
f 1081/1081/1081 1082/1082/1082 1089/1089/1089
f 1081/1081/1081 1089/1089/1089 1088/1088/1088
f 1082/1082/1082 1083/1083/1083 1090/1090/1090
f 1082/1082/1082 1090/1090/1090 1089/1089/1089
f 1083/1083/1083 1084/1084/1084 1091/1091/1091
f 1083/1083/1083 1091/1091/1091 1090/1090/1090
f 1084/1084/1084 1085/1085/1085 1092/1092/1092
f 1084/1084/1084 1092/1092/1092 1091/1091/1091
f 1086/1086/1086 1087/1087/1087 1094/1094/1094
f 1086/1086/1086 1094/1094/1094 1093/1093/1093
f 1087/1087/1087 1088/1088/1088 1095/1095/1095
f 1087/1087/1087 1095/1095/1095 1094/1094/1094
f 1088/1088/1088 1089/1089/1089 1096/1096/1096
f 1088/1088/1088 1096/1096/1096 1095/1095/1095
f 1089/1089/1089 1090/1090/1090 1097/1097/1097
f 1089/1089/1089 1097/1097/1097 1096/1096/1096
f 1090/1090/1090 1091/1091/1091 1098/1098/1098
f 1090/1090/1090 1098/1098/1098 1097/1097/1097
f 1091/1091/1091 1092/1092/1092 1099/1099/1099
f 1091/1091/1091 1099/1099/1099 1098/1098/1098
f 1093/1093/1093 1094/1094/1094 1101/1101/1101
f 1093/1093/1093 1101/1101/1101 1100/1100/1100
f 1094/1094/1094 1095/1095/1095 1102/1102/1102
f 1094/1094/1094 1102/1102/1102 1101/1101/1101
f 1095/1095/1095 1096/1096/1096 1103/1103/1103
f 1095/1095/1095 1103/1103/1103 1102/1102/1102
f 1096/1096/1096 1097/1097/1097 1104/1104/1104
f 1096/1096/1096 1104/1104/1104 1103/1103/1103
f 1097/1097/1097 1098/1098/1098 1105/1105/1105
f 1097/1097/1097 1105/1105/1105 1104/1104/1104
f 1098/1098/1098 1099/1099/1099 1106/1106/1106
f 1098/1098/1098 1106/1106/1106 1105/1105/1105
f 1100/1100/1100 1101/1101/1101 1108/1108/1108
f 1100/1100/1100 1108/1108/1108 1107/1107/1107
f 1101/1101/1101 1102/1102/1102 1109/1109/1109
f 1101/1101/1101 1109/1109/1109 1108/1108/1108
f 1102/1102/1102 1103/1103/1103 1110/1110/1110
f 1102/1102/1102 1110/1110/1110 1109/1109/1109
f 1103/1103/1103 1104/1104/1104 1111/1111/1111
f 1103/1103/1103 1111/1111/1111 1110/1110/1110
f 1104/1104/1104 1105/1105/1105 1112/1112/1112
f 1104/1104/1104 1112/1112/1112 1111/1111/1111
f 1105/1105/1105 1106/1106/1106 1113/1113/1113
f 1105/1105/1105 1113/1113/1113 1112/1112/1112
f 1107/1107/1107 1108/1108/1108 1115/1115/1115
f 1107/1107/1107 1115/1115/1115 1114/1114/1114
f 1108/1108/1108 1109/1109/1109 1116/1116/1116
f 1108/1108/1108 1116/1116/1116 1115/1115/1115
f 1109/1109/1109 1110/1110/1110 1117/1117/1117
f 1109/1109/1109 1117/1117/1117 1116/1116/1116
f 1110/1110/1110 1111/1111/1111 1118/1118/1118
f 1110/1110/1110 1118/1118/1118 1117/1117/1117
f 1111/1111/1111 1112/1112/1112 1119/1119/1119
f 1111/1111/1111 1119/1119/1119 1118/1118/1118
f 1112/1112/1112 1113/1113/1113 1120/1120/1120
f 1112/1112/1112 1120/1120/1120 1119/1119/1119
f 1114/1114/1114 1115/1115/1115 1122/1122/1122
f 1114/1114/1114 1122/1122/1122 1121/1121/1121
f 1115/1115/1115 1116/1116/1116 1123/1123/1123
f 1115/1115/1115 1123/1123/1123 1122/1122/1122
f 1116/1116/1116 1117/1117/1117 1124/1124/1124
f 1116/1116/1116 1124/1124/1124 1123/1123/1123
f 1117/1117/1117 1118/1118/1118 1125/1125/1125
f 1117/1117/1117 1125/1125/1125 1124/1124/1124
f 1118/1118/1118 1119/1119/1119 1126/1126/1126
f 1118/1118/1118 1126/1126/1126 1125/1125/1125
f 1119/1119/1119 1120/1120/1120 1127/1127/1127
f 1119/1119/1119 1127/1127/1127 1126/1126/1126
f 1128/1128/1128 1003/1003/1003 1002/1002/1002
f 1129/1129/1129 1121/1121/1121 1122/1122/1122
f 1128/1128/1128 1004/1004/1004 1003/1003/1003
f 1129/1129/1129 1122/1122/1122 1123/1123/1123
f 1128/1128/1128 1005/1005/1005 1004/1004/1004
f 1129/1129/1129 1123/1123/1123 1124/1124/1124
f 1128/1128/1128 1006/1006/1006 1005/1005/1005
f 1129/1129/1129 1124/1124/1124 1125/1125/1125
f 1128/1128/1128 1007/1007/1007 1006/1006/1006
f 1129/1129/1129 1125/1125/1125 1126/1126/1126
f 1128/1128/1128 1008/1008/1008 1007/1007/1007
f 1129/1129/1129 1126/1126/1126 1127/1127/1127
