# Blender VFX sculpt; exported Unity Y-up +Z-forward coordinates.
# OBJ extended vertex RGB included. FBX is the canonical vertex-color transport.
o StoneGuardian_Jangseung_B1
v -0.128727689 -0.24381119 -0.159930915 0.423000008 0.364499986 0.261000007
v 0.128727689 -0.24381119 -0.159930915 0.448559225 0.386524439 0.276770592
v 0.168336213 -0.24381119 -0.120322391 0.376569062 0.324490368 0.232351139
v 0.168336213 -0.24381119 0.0282095578 0.481787264 0.415157109 0.29727298
v 0.128727689 -0.24381119 0.0678180754 0.362637937 0.312485874 0.223755315
v -0.128727689 -0.24381119 0.0678180754 0.473866582 0.408331841 0.292385757
v -0.168336213 -0.24381119 0.0282095578 0.390957773 0.336889148 0.241229266
v -0.168336213 -0.24381119 -0.120322391 0.430341363 0.370826066 0.265529782
v -0.149683356 -0.197754756 -0.17846863 0.478259593 0.412117302 0.295096338
v 0.149683356 -0.197754756 -0.17846863 0.383712769 0.330646127 0.236758947
v 0.195739776 -0.197754756 -0.132412195 0.439109623 0.378381699 0.270939976
v 0.195739776 -0.197754756 0.0402993746 0.433022439 0.373136342 0.267184049
v 0.149683356 -0.197754756 0.0863557905 0.388683587 0.334929466 0.239826053
v -0.149683356 -0.197754756 0.0863557905 0.475316793 0.409581482 0.293280572
v -0.195739776 -0.197754756 0.0402993746 0.362277657 0.312175423 0.223533019
v -0.195739776 -0.197754756 -0.132412195 0.480991513 0.414471418 0.296781987
v -0.149683356 0.10161195 -0.17846863 0.470154077 0.405132771 0.290095061
v 0.149683356 0.10161195 -0.17846863 0.363916218 0.313587368 0.224544048
v 0.195739776 0.10161195 -0.132412195 0.483177602 0.416355163 0.29813087
v 0.195739776 0.10161195 0.0402993746 0.372765094 0.321212471 0.230003983
v 0.149683356 0.10161195 0.0863557905 0.454079211 0.391281039 0.28017655
v -0.149683356 0.10161195 0.0863557905 0.416776359 0.359137088 0.257159889
v -0.195739776 0.10161195 0.0402993746 0.403226644 0.347461253 0.248799413
v -0.195739776 0.10161195 -0.132412195 0.465143949 0.400815517 0.287003696
v -0.128727689 0.147668391 -0.159930915 0.407977909 0.351555437 0.251731068
v 0.128727689 0.147668391 -0.159930915 0.411869884 0.354909152 0.254132479
v 0.168336213 0.147668391 -0.120322391 0.458241075 0.394867331 0.282744497
v 0.168336213 0.147668391 0.0282095578 0.370111138 0.31892556 0.228366435
v 0.128727689 0.147668391 0.0678180754 0.483836919 0.416923285 0.298537672
v -0.128727689 0.147668391 0.0678180754 0.365372449 0.314842224 0.225442588
v -0.168336213 0.147668391 0.0282095578 0.466849357 0.402285069 0.288055986
v -0.168336213 0.147668391 -0.120322391 0.400970727 0.345517337 0.247407481
v 0 -0.24381119 -0.0460564122 0.469999999 0.405000001 0.289999992
v 0 0.147668391 -0.0460564122 0.469999999 0.405000001 0.289999992
v -0.111398958 -0.324409902 -0.13644214 0.360000014 0.310499996 0.216000006
v 0.111398958 -0.324409902 -0.13644214 0.381752521 0.329261571 0.229051515
v 0.138629809 -0.324409902 -0.109211281 0.32048431 0.276417732 0.192290589
v 0.138629809 -0.324409902 0.0343696065 0.410031706 0.353652358 0.246019021
v 0.111398958 -0.324409902 0.0616004691 0.308628023 0.266191661 0.185176805
v -0.111398958 -0.324409902 0.0616004691 0.403290719 0.347838223 0.241974428
v -0.138629809 -0.324409902 0.0343696065 0.332730025 0.286979645 0.199638024
v -0.138629809 -0.324409902 -0.109211281 0.366247952 0.315888852 0.21974878
v -0.129533678 -0.292746097 -0.152561873 0.40702942 0.351062894 0.244217664
v 0.129533678 -0.292746097 -0.152561873 0.326564074 0.28166151 0.195938438
v 0.161197469 -0.292746097 -0.120898083 0.373710334 0.32232517 0.224226192
v 0.161197469 -0.292746097 0.0460564233 0.368529737 0.317856908 0.221117839
v 0.129533678 -0.292746097 0.0777202174 0.330794543 0.285310298 0.198476732
v -0.129533678 -0.292746097 0.0777202174 0.404524922 0.348902762 0.242714956
v -0.161197469 -0.292746097 0.0460564233 0.308321416 0.265927225 0.184992835
v -0.161197469 -0.292746097 -0.120898083 0.409354478 0.353068233 0.245612681
v -0.129533678 -0.194876224 -0.152561873 0.400131136 0.345113099 0.240078688
v 0.129533678 -0.194876224 -0.152561873 0.309715927 0.267129987 0.18582955
v 0.161197469 -0.194876224 -0.120898083 0.411214978 0.354672909 0.246728987
v 0.161197469 -0.194876224 0.0460564233 0.317246884 0.273625433 0.190348133
v 0.129533678 -0.194876224 0.0777202174 0.38645041 0.333313465 0.231870234
v -0.129533678 -0.194876224 0.0777202174 0.354703277 0.305931598 0.212821975
v -0.161197469 -0.194876224 0.0460564233 0.343171597 0.29598552 0.205902964
v -0.161197469 -0.194876224 -0.120898083 0.395867169 0.341435432 0.237520307
v -0.111398958 -0.163212448 -0.13644214 0.347215265 0.299473166 0.208329156
v 0.111398958 -0.163212448 -0.13644214 0.350527555 0.302330017 0.210316524
v 0.138629809 -0.163212448 -0.109211281 0.389992416 0.336368442 0.233995453
v 0.138629809 -0.163212448 0.0343696065 0.314988196 0.271677315 0.188992918
v 0.111398958 -0.163212448 0.0616004691 0.411776096 0.355156869 0.247065663
v -0.111398958 -0.163212448 0.0616004691 0.310955286 0.268198937 0.186573178
v -0.138629809 -0.163212448 0.0343696065 0.397318602 0.342687279 0.238391161
v -0.138629809 -0.163212448 -0.109211281 0.341251701 0.294329584 0.204751015
v 0 -0.324409902 -0.0374208353 0.400000006 0.344999999 0.239999995
v 0 -0.163212448 -0.0374208353 0.400000006 0.344999999 0.239999995
v -0.279792756 -0.0423143543 -0.144674733 0.46287021 0.39933899 0.28135249
v -0.180771455 -0.0423143543 -0.144674733 0.427797496 0.369080186 0.260033786
v -0.146113992 -0.0423143543 -0.110017262 0.51181227 0.441563547 0.311101586
v -0.146113992 -0.0423143543 0.0236614905 0.394263625 0.340149015 0.239650428
v -0.180771455 -0.0423143543 0.0583189465 0.523787916 0.451895446 0.318380892
v -0.279792756 -0.0423143543 0.0583189465 0.406042576 0.350311249 0.246810198
v -0.314450204 -0.0423143543 0.0236614905 0.49041459 0.423102796 0.298095137
v -0.314450204 -0.0423143543 -0.110017262 0.454889596 0.39245379 0.276501536
v -0.287852615 -0.00201495946 -0.161197469 0.400790989 0.345780462 0.243618056
v -0.172711581 -0.00201495946 -0.161197469 0.498594046 0.430159569 0.303066969
v -0.13241221 -0.00201495946 -0.120898105 0.4452824 0.384165198 0.270661861
v -0.13241221 -0.00201495946 0.0345423184 0.444325358 0.383339524 0.270080119
v -0.172711581 -0.00201495946 0.0748416781 0.499375582 0.430833846 0.303542018
v -0.287852615 -0.00201495946 0.0748416781 0.400328308 0.34538129 0.243336812
v -0.328151971 -0.00201495946 0.0345423184 0.52520746 0.453120172 0.319243759
v -0.328151971 -0.00201495946 -0.120898105 0.397399068 0.342854112 0.241556302
v -0.287852615 0.10161195 -0.161197469 0.405458897 0.34980768 0.246455401
v -0.172711581 0.10161195 -0.161197469 0.523988903 0.452068835 0.318503052
v -0.13241221 0.10161195 -0.120898105 0.394482225 0.340337604 0.239783302
v -0.13241221 0.10161195 0.0345423184 0.511214197 0.441047549 0.310738057
v -0.172711581 0.10161195 0.0748416781 0.42866537 0.369828939 0.260561317
v -0.287852615 0.10161195 0.0748416781 0.461891711 0.39849481 0.280757695
v -0.328151971 0.10161195 0.0345423184 0.484081537 0.417638987 0.29424566
v -0.328151971 0.10161195 -0.120898105 0.410545111 0.354195803 0.249547035
v -0.279792756 0.141911343 -0.144674733 0.471521348 0.406802714 0.286611021
v -0.180771455 0.141911343 -0.144674733 0.474862248 0.409685075 0.288641751
v -0.146113992 0.141911343 -0.110017262 0.417663306 0.360336959 0.253873765
v -0.146113992 0.141911343 0.0236614905 0.518230081 0.447100461 0.31500259
v -0.180771455 0.141911343 0.0583189465 0.392739296 0.338833898 0.238723874
v -0.279792756 0.141911343 0.0583189465 0.520139217 0.448747575 0.316163063
v -0.314450204 0.141911343 0.0236614905 0.414195091 0.357344776 0.251765639
v -0.314450204 0.141911343 -0.110017262 0.479253411 0.413473547 0.291310906
v -0.230282098 -0.0423143543 -0.0431778841 0.50999999 0.439999998 0.310000002
v -0.230282098 0.141911343 -0.0431778841 0.50999999 0.439999998 0.310000002
v -0.322510064 -0.191997707 -0.100172706 0.469240636 0.404345661 0.28953144
v -0.253195167 -0.191997707 -0.100172706 0.364292979 0.313912034 0.224776521
v -0.228439823 -0.191997707 -0.0754173845 0.483406633 0.416552514 0.298272163
v -0.228439823 -0.191997707 0.0236039236 0.371972263 0.320529312 0.229514807
v -0.253195167 -0.191997707 0.0483592376 0.455290407 0.392324716 0.280923873
v -0.322510064 -0.191997707 0.0483592376 0.415368915 0.357924283 0.256291449
v -0.347265393 -0.191997707 0.0236039236 0.404572219 0.348620743 0.249629676
v -0.347265393 -0.191997707 -0.0754173845 0.464107007 0.399921983 0.2863639
v -0.328151971 -0.163212463 -0.112262517 0.406608939 0.350375801 0.250886381
v -0.247553259 -0.163212463 -0.112262517 0.413265646 0.356111884 0.254993707
v -0.218767986 -0.163212463 -0.0834772438 0.457074463 0.393862039 0.282024682
v -0.218767986 -0.163212463 0.0316637978 0.370834619 0.319548965 0.228812844
v -0.247553259 -0.163212463 0.0604490563 0.483689249 0.416796058 0.298446566
v -0.328151971 -0.163212463 0.0604490563 0.364917219 0.314449936 0.225161687
v -0.356937259 -0.163212463 0.0316637978 0.467824012 0.403124928 0.288657367
v -0.356937259 -0.163212463 -0.0834772438 0.399655432 0.344383925 0.246595904
v -0.328151971 0.0094991345 -0.112262517 0.362772554 0.312601894 0.223838389
v -0.247553259 0.0094991345 -0.112262517 0.473400503 0.407930225 0.292098194
v -0.218767986 0.0094991345 -0.0834772438 0.39166981 0.337502688 0.241668597
v -0.218767986 0.0094991345 0.0316637978 0.429513961 0.370113105 0.265019268
v -0.247553259 0.0094991345 0.0604490563 0.442496896 0.381300539 0.273030013
v -0.328151971 0.0094991345 0.0604490563 0.381067902 0.328367025 0.235127017
v -0.356937259 0.0094991345 0.0316637978 0.479676962 0.413338661 0.295970887
v -0.356937259 0.0094991345 -0.0834772438 0.36197263 0.311912566 0.223344803
v -0.322510064 0.0382843688 -0.100172706 0.387997806 0.334338516 0.23940289
v -0.253195167 0.0382843688 -0.100172706 0.475742102 0.409947962 0.293542981
v -0.228439823 0.0382843688 -0.0754173845 0.362190843 0.312100619 0.223479465
v -0.228439823 0.0382843688 0.0236039236 0.480723888 0.414240807 0.296616882
v -0.253195167 0.0382843688 0.0483592376 0.378947854 0.326540172 0.233818889
v -0.322510064 0.0382843688 0.0483592376 0.445301294 0.38371709 0.274760365
v -0.347265393 0.0382843688 0.0236039236 0.42653957 0.367550045 0.263183981
v -0.347265393 0.0382843688 -0.0754173845 0.394268692 0.339742184 0.24327217
v -0.287852615 -0.191997707 -0.0259067304 0.469999999 0.405000001 0.289999992
v -0.287852615 0.0382843688 -0.0259067304 0.469999999 0.405000001 0.289999992
v -0.409786999 -0.324409932 -0.0545768477 0.4323906 0.380915523 0.277965367
v -0.281059295 -0.324409932 -0.0545768477 0.330595493 0.291238874 0.212525666
v -0.251352906 -0.324409932 -0.0248704627 0.409724504 0.360947788 0.263394326
v -0.251352906 -0.324409932 0.093955107 0.367773712 0.32399115 0.236425966
v -0.281059295 -0.324409932 0.123661481 0.364852548 0.321417719 0.234548077
v -0.409786999 -0.324409932 0.123661481 0.412109941 0.363049239 0.264927804
v -0.439493388 -0.324409932 0.093955107 0.32918328 0.289994806 0.211617827
v -0.439493388 -0.324409932 -0.0248704627 0.432570577 0.381074071 0.278081089
v -0.42026484 -0.28986758 -0.0690846294 0.405527055 0.357250035 0.260695964
v -0.270581484 -0.28986758 -0.0690846294 0.333272129 0.293596894 0.214246377
v -0.236039162 -0.28986758 -0.0345423073 0.431725621 0.380329728 0.277537912
v -0.236039162 -0.28986758 0.103626944 0.325129807 0.286423892 0.209012017
v -0.270581484 -0.28986758 0.138169259 0.420318425 0.370280534 0.270204693
v -0.42026484 -0.28986758 0.138169259 0.353994489 0.311852276 0.227567881
v -0.454807132 -0.28986758 0.103626944 0.379290044 0.334136456 0.24382931
v -0.454807132 -0.28986758 -0.0345423073 0.399662048 0.352083236 0.256925613
v -0.42026484 -0.140184239 -0.0690846294 0.347098798 0.30577752 0.223134935
v -0.270581484 -0.140184239 -0.0690846294 0.38723734 0.341137648 0.248938292
v -0.236039162 -0.140184239 -0.0345423073 0.39212063 0.345439613 0.25207755
v -0.236039162 -0.140184239 0.103626944 0.343111098 0.302264541 0.220571429
v -0.270581484 -0.140184239 0.138169259 0.427258581 0.37639448 0.27466622
v -0.42026484 -0.140184239 0.138169259 0.323405683 0.284905016 0.207903653
v -0.454807132 -0.140184239 0.103626944 0.42791754 0.37697497 0.27508983
v -0.454807132 -0.140184239 -0.0345423073 0.341914088 0.301210016 0.219801903
v -0.409786999 -0.105641939 -0.0545768477 0.324104339 0.285520494 0.208352789
v -0.281059295 -0.105641939 -0.0545768477 0.430610269 0.379347146 0.276820898
v -0.251352906 -0.105641939 -0.0248704627 0.336323768 0.296285242 0.216208145
v -0.251352906 -0.105641939 0.093955107 0.401098818 0.35334897 0.257849246
v -0.281059295 -0.105641939 0.123661481 0.377714902 0.33274883 0.242816716
v -0.409786999 -0.105641939 0.123661481 0.355419129 0.313107312 0.228483722
v -0.439493388 -0.105641939 0.093955107 0.419305563 0.369388252 0.269553572
v -0.439493388 -0.105641939 -0.0248704627 0.325545132 0.286789745 0.209279016
v -0.345423162 -0.324409932 0.0345423184 0.419999987 0.370000005 0.270000011
v -0.345423162 -0.105641939 0.0345423184 0.419999987 0.370000005 0.270000011
v -0.282990783 -0.295624644 0.113436975 0.509361565 0.445691407 0.313453287
v -0.263929188 -0.295624644 0.113436975 0.408064008 0.357056022 0.251116335
v -0.256131262 -0.295624644 0.121234901 0.535518169 0.468578428 0.32954964
v -0.256131262 -0.295624644 0.141286701 0.405282348 0.354622066 0.24940452
v -0.263929188 -0.295624644 0.149084628 0.514414787 0.450112939 0.316562951
v -0.282990783 -0.295624644 0.149084628 0.446400493 0.390600443 0.274708003
v -0.29078871 -0.295624644 0.141286701 0.46082291 0.403220028 0.283583313
v -0.29078871 -0.295624644 0.121234901 0.502637446 0.439807743 0.309315354
v -0.284542322 -0.286557287 0.11053542 0.43728894 0.382627815 0.269100875
v -0.26237765 -0.286557287 0.11053542 0.470703274 0.411865383 0.289663553
v -0.253310293 -0.286557287 0.119602777 0.493800282 0.432075232 0.303877085
v -0.253310293 -0.286557287 0.142918825 0.418427885 0.366124421 0.257494092
v -0.26237765 -0.286557287 0.151986182 0.532252491 0.465720922 0.32753998
v -0.284542322 -0.286557287 0.151986182 0.400850981 0.350744605 0.246677518
v -0.293609649 -0.286557287 0.142918825 0.52573055 0.460014224 0.323526472
v -0.293609649 -0.286557287 0.119602777 0.430275679 0.376491219 0.264785022
v -0.284542322 -0.178036854 0.11053542 0.40043205 0.350378036 0.246419728
v -0.26237765 -0.178036854 0.11053542 0.530242741 0.463962406 0.326303214
v -0.253310293 -0.178036854 0.119602777 0.42249769 0.369685501 0.25999859
v -0.253310293 -0.178036854 0.142918825 0.488416791 0.427364707 0.30056417
v -0.26237765 -0.178036854 0.151986182 0.476413101 0.416861475 0.293177307
v -0.284542322 -0.178036854 0.151986182 0.432299912 0.37826243 0.266030729
v -0.293609649 -0.178036854 0.142918825 0.524439692 0.458884716 0.322732121
v -0.293609649 -0.178036854 0.119602777 0.401171654 0.351025194 0.246874869
v -0.282990783 -0.168969482 0.113436975 0.441054016 0.385922253 0.271417856
v -0.263929188 -0.168969482 0.113436975 0.518409669 0.453608453 0.319021344
v -0.256131262 -0.168969482 0.121234901 0.403371722 0.352950245 0.248228744
v -0.256131262 -0.168969482 0.141286701 0.534994185 0.468119889 0.329227179
v -0.263929188 -0.168969482 0.149084628 0.41092661 0.359560788 0.252877921
v -0.282990783 -0.168969482 0.149084628 0.504685462 0.441599756 0.310575664
v -0.29078871 -0.168969482 0.141286701 0.458430558 0.401126742 0.282111108
v -0.29078871 -0.168969482 0.121234901 0.448698401 0.392611086 0.276122093
v -0.273459971 -0.295624644 0.131260797 0.519999981 0.455000013 0.319999993
v -0.273459971 -0.168969482 0.131260797 0.519999981 0.455000013 0.319999993
v -0.329047203 -0.295624644 0.113436975 0.533107638 0.466469198 0.32806626
v -0.309985608 -0.295624644 0.113436975 0.401254892 0.351098031 0.246926084
v -0.302187681 -0.295624644 0.121234901 0.52414161 0.458623916 0.322548687
v -0.302187681 -0.295624644 0.141286701 0.432758182 0.378663391 0.266312718
v -0.309985608 -0.295624644 0.149084628 0.475878716 0.416393876 0.292848438
v -0.329047203 -0.295624644 0.149084628 0.488929331 0.427813172 0.300879598
v -0.33684513 -0.295624644 0.141286701 0.422101051 0.369338393 0.259754479
v -0.33684513 -0.295624644 0.121234901 0.530450821 0.464144439 0.326431245
v -0.330598712 -0.286557287 0.11053542 0.479330599 0.419414282 0.294972688
v -0.308434099 -0.286557287 0.11053542 0.429830164 0.376101404 0.26451087
v -0.299366713 -0.286557287 0.119602777 0.526008785 0.460257679 0.323697716
v -0.299366713 -0.286557287 0.142918825 0.400791019 0.350692153 0.246640638
v -0.308434099 -0.286557287 0.151986182 0.532083154 0.465572745 0.327435762
v -0.330598712 -0.286557287 0.151986182 0.418795466 0.366446018 0.257720292
v -0.339666098 -0.286557287 0.142918825 0.493301898 0.431639165 0.30357039
v -0.339666098 -0.286557287 0.119602777 0.471241087 0.412335932 0.289994508
v -0.330598712 -0.178036854 0.11053542 0.41256097 0.360990852 0.25388369
v -0.308434099 -0.178036854 0.11053542 0.502174079 0.439402282 0.309030175
v -0.299366713 -0.178036854 0.119602777 0.461358398 0.40368861 0.283912867
v -0.299366713 -0.178036854 0.142918825 0.445891082 0.390154719 0.274394512
v -0.308434099 -0.178036854 0.151986182 0.514804661 0.450454086 0.316802889
v -0.330598712 -0.178036854 0.151986182 0.405083477 0.35444805 0.249282137
v -0.339666098 -0.178036854 0.142918825 0.535489559 0.468553364 0.329532057
v -0.339666098 -0.178036854 0.119602777 0.408314884 0.357275516 0.251270711
v -0.329047203 -0.168969482 0.113436975 0.409362197 0.358191907 0.251915187
v -0.309985608 -0.168969482 0.113436975 0.535331249 0.468414813 0.329434603
v -0.302187681 -0.168969482 0.121234901 0.404323816 0.353783339 0.248814657
v -0.302187681 -0.168969482 0.141286701 0.516342998 0.451800138 0.31774953
v -0.309985608 -0.168969482 0.149084628 0.44385621 0.38837418 0.273142278
v -0.329047203 -0.168969482 0.149084628 0.463516623 0.405577064 0.285241008
v -0.33684513 -0.168969482 0.141286701 0.500288248 0.437752247 0.307869703
v -0.33684513 -0.168969482 0.121234901 0.413828433 0.362099886 0.254663646
v -0.31951642 -0.295624644 0.131260797 0.519999981 0.455000013 0.319999993
v -0.31951642 -0.168969482 0.131260797 0.519999981 0.455000013 0.319999993
v -0.375103623 -0.295624644 0.113436975 0.531083524 0.464698106 0.326820642
v -0.356041998 -0.295624644 0.113436975 0.420864016 0.368256032 0.258993238
v -0.348244101 -0.295624644 0.121234901 0.490543723 0.429225773 0.301873058
v -0.348244101 -0.295624644 0.141286701 0.474182993 0.414910138 0.29180494
v -0.356041998 -0.295624644 0.149084628 0.434224218 0.379946172 0.267214894
v -0.375103623 -0.295624644 0.149084628 0.523174107 0.457777381 0.321953326
v -0.382901549 -0.295624644 0.141286701 0.401546389 0.351353079 0.247105464
v -0.382901549 -0.295624644 0.121234901 0.533545613 0.466852397 0.328335762
v -0.376655132 -0.286557287 0.11053542 0.516887486 0.452276587 0.318084627
v -0.354490519 -0.286557287 0.11053542 0.404065013 0.353556871 0.248655394
v -0.345423132 -0.286557287 0.119602777 0.535256863 0.468349785 0.329388857
v -0.345423132 -0.286557287 0.142918825 0.409756035 0.358536541 0.252157569
v -0.354490519 -0.286557287 0.151986182 0.50654918 0.44323051 0.311722547
v -0.376655132 -0.286557287 0.151986182 0.456215501 0.399188578 0.28074801
v -0.385722518 -0.286557287 0.142918825 0.450858563 0.394501239 0.277451426
v -0.385722518 -0.286557287 0.119602777 0.510923624 0.447058171 0.314414531
v -0.376655132 -0.178036854 0.11053542 0.44663313 0.390803993 0.274851143
v -0.354490519 -0.178036854 0.11053542 0.460578978 0.403006613 0.283433229
v -0.345423132 -0.178036854 0.119602777 0.50284791 0.439991891 0.309444845
v -0.345423132 -0.178036854 0.142918825 0.412116289 0.360601753 0.253610015
v -0.354490519 -0.178036854 0.151986182 0.534670532 0.467836708 0.32902801
v -0.376655132 -0.178036854 0.151986182 0.402769923 0.352423698 0.24785842
v -0.385722518 -0.178036854 0.142918825 0.519826531 0.4548482 0.319893241
v -0.385722518 -0.178036854 0.119602777 0.439081967 0.384196728 0.270204306
v -0.375103623 -0.168969482 0.113436975 0.400879711 0.350769758 0.246695206
v -0.356041998 -0.168969482 0.113436975 0.52560252 0.459902197 0.323447704
v -0.348244101 -0.168969482 0.121234901 0.430479497 0.376669556 0.26491046
v -0.348244101 -0.168969482 0.141286701 0.478557289 0.41873762 0.294496804
v -0.356041998 -0.168969482 0.149084628 0.486342132 0.425549358 0.299287468
v -0.375103623 -0.168969482 0.149084628 0.424122393 0.371107101 0.260998398
v -0.382901549 -0.168969482 0.141286701 0.529366016 0.463195235 0.325763702
v -0.382901549 -0.168969482 0.121234901 0.400400043 0.350350052 0.246400028
v -0.36557281 -0.295624644 0.131260797 0.519999981 0.455000013 0.319999993
v -0.36557281 -0.168969482 0.131260797 0.519999981 0.455000013 0.319999993
v -0.421160042 -0.295624644 0.113436975 0.504090428 0.44107914 0.310209513
v -0.402098417 -0.295624644 0.113436975 0.459129959 0.401738733 0.282541513
v -0.394300491 -0.295624644 0.121234901 0.448022842 0.392019987 0.275706381
v -0.394300491 -0.295624644 0.141286701 0.513160527 0.449015468 0.3157911
v -0.402098417 -0.295624644 0.149084628 0.405938447 0.355196148 0.249808267
v -0.421160042 -0.295624644 0.149084628 0.535580575 0.468632996 0.329588026
v -0.428957939 -0.295624644 0.141286701 0.407294631 0.356382787 0.250642836
v -0.428957939 -0.295624644 0.121234901 0.510696888 0.446859807 0.314275026
v -0.422711521 -0.286557287 0.11053542 0.535094321 0.468207538 0.32928881
v -0.400546908 -0.286557287 0.11053542 0.403605849 0.353155106 0.248372823
v -0.391479522 -0.286557287 0.119602777 0.517884195 0.453148663 0.318697959
v -0.391479522 -0.286557287 0.142918825 0.441774517 0.386552691 0.271861225
v -0.400546908 -0.286557287 0.151986182 0.465757102 0.40753746 0.286619753
v -0.422711521 -0.286557287 0.151986182 0.498299956 0.436012447 0.306646138
v -0.431778908 -0.286557287 0.142918825 0.415199965 0.363299966 0.255507678
v -0.431778908 -0.286557287 0.119602777 0.533616662 0.466914564 0.328379482
v -0.422711521 -0.178036854 0.11053542 0.489162475 0.428017139 0.301023066
v -0.400546908 -0.178036854 0.11053542 0.421921223 0.369181067 0.259643823
v -0.391479522 -0.178036854 0.119602777 0.530544281 0.464226246 0.326488793
v -0.391479522 -0.178036854 0.142918825 0.40046072 0.35040313 0.246437371
v -0.400546908 -0.178036854 0.151986182 0.528147638 0.462129205 0.325013936
v -0.422711521 -0.178036854 0.151986182 0.426274985 0.372990608 0.262323052
v -0.431778908 -0.178036854 0.142918825 0.483650088 0.423193812 0.297630817
v -0.431778908 -0.178036854 0.119602777 0.481295079 0.42113319 0.296181589
v -0.421160042 -0.168969482 0.113436975 0.418963999 0.36659351 0.257824004
v -0.402098417 -0.168969482 0.113436975 0.493074238 0.431439966 0.303430289
v -0.394300491 -0.168969482 0.121234901 0.471486092 0.41255033 0.290145308
v -0.394300491 -0.168969482 0.141286701 0.436592907 0.382018805 0.268672556
v -0.402098417 -0.168969482 0.149084628 0.52156806 0.456372052 0.320964962
v -0.421160042 -0.168969482 0.149084628 0.402095258 0.351833373 0.247443244
v -0.428957939 -0.168969482 0.141286701 0.534154534 0.467385232 0.328710496
v -0.428957939 -0.168969482 0.121234901 0.413728297 0.362012237 0.254602015
v -0.41162923 -0.295624644 0.131260797 0.519999981 0.455000013 0.319999993
v -0.41162923 -0.168969482 0.131260797 0.519999981 0.455000013 0.319999993
v -0.1382844 -0.462579161 -0.10552676 0.3624219 0.312299728 0.223622024
v -0.0689694881 -0.462579161 -0.10552676 0.481356651 0.414786071 0.297007293
v -0.044214163 -0.462579161 -0.0807714388 0.377567321 0.325350553 0.232967064
v -0.044214163 -0.462579161 0.0232009273 0.447176397 0.385332853 0.275917351
v -0.0689694881 -0.462579161 0.0479562543 0.424513787 0.365804434 0.261934042
v -0.1382844 -0.462579161 0.0479562543 0.396073639 0.341297507 0.244385868
v -0.163039729 -0.462579161 0.0232009273 0.470400661 0.405345261 0.290247202
v -0.163039729 -0.462579161 -0.0807714388 0.363818258 0.313502967 0.224483594
v -0.143926308 -0.433793873 -0.118019566 0.40436092 0.34843865 0.249499291
v -0.0633275807 -0.433793873 -0.118019566 0.4642708 0.400063127 0.286464959
v -0.0345423184 -0.433793873 -0.0892343 0.366666496 0.315957308 0.226241022
v -0.0345423184 -0.433793873 0.0316637866 0.484064728 0.417119592 0.298678249
v -0.0633275807 -0.433793873 0.0604490563 0.368403256 0.317453861 0.227312639
v -0.143926308 -0.433793873 0.0604490563 0.461115807 0.39734447 0.284518272
v -0.172711581 -0.433793873 0.0316637866 0.408355534 0.351880819 0.251964062
v -0.172711581 -0.433793873 -0.0892343 0.411487371 0.354579538 0.253896445
v -0.143926308 -0.284110546 -0.118019566 0.467673004 0.402994812 0.288564205
v -0.0633275807 -0.284110546 -0.118019566 0.399860531 0.344560653 0.246722445
v -0.0345423184 -0.284110546 -0.0892343 0.420362204 0.362226993 0.259372413
v -0.0345423184 -0.284110546 0.0316637866 0.450931311 0.388568461 0.278234214
v -0.0633275807 -0.284110546 0.0604490563 0.374897748 0.323050171 0.231319875
v -0.143926308 -0.284110546 0.0604490563 0.48245132 0.415729314 0.297682732
v -0.172711581 -0.284110546 0.0316637866 0.363102913 0.312886566 0.224042222
v -0.172711581 -0.284110546 -0.0892343 0.47235781 0.407031715 0.291454822
v -0.1382844 -0.255325288 -0.10552676 0.479759455 0.41340974 0.296021789
v -0.0689694881 -0.255325288 -0.10552676 0.361983836 0.311922222 0.223351717
v -0.044214163 -0.255325288 -0.0807714388 0.47708261 0.4111031 0.294370115
v -0.044214163 -0.255325288 0.0232009273 0.385769606 0.332418501 0.238028064
v -0.0689694881 -0.255325288 0.0479562543 0.43655014 0.376176178 0.269360721
v -0.1382844 -0.255325288 0.0479562543 0.435615152 0.375370502 0.268783838
v -0.163039729 -0.255325288 0.0232009273 0.386533111 0.333076417 0.238499165
v -0.163039729 -0.255325288 -0.0807714388 0.476630598 0.410713613 0.294091225
v -0.103626944 -0.462579161 -0.0287852548 0.469999999 0.405000001 0.289999992
v -0.103626944 -0.255325288 -0.0287852548 0.469999999 0.405000001 0.289999992
v -0.166134134 -0.5 -0.0838802531 0.33157748 0.289166391 0.200488701
v -0.0411197506 -0.5 -0.0838802531 0.44039014 0.384061158 0.266282409
v -0.0244099032 -0.5 -0.0671704039 0.345433921 0.301250517 0.208867028
v -0.0244099032 -0.5 0.142012089 0.409118831 0.356789678 0.247374192
v -0.0411197506 -0.5 0.158721954 0.388384938 0.338707805 0.234837413
v -0.166134134 -0.5 0.158721954 0.362365246 0.316016197 0.219104573
v -0.182843983 -0.5 0.142012089 0.430366576 0.37531969 0.26022163
v -0.182843983 -0.5 -0.0671704039 0.332854986 0.290280521 0.201261163
v -0.176309735 -0.480569929 -0.103626944 0.369947225 0.322628379 0.22368902
v -0.0309441611 -0.480569929 -0.103626944 0.424758404 0.37042883 0.256830662
v -0.0115141105 -0.480569929 -0.0841968954 0.335460842 0.292553037 0.202836782
v -0.0115141105 -0.480569929 0.159038574 0.442867726 0.386221856 0.267780483
v -0.0309441611 -0.480569929 0.17846863 0.337049782 0.293938756 0.203797534
v -0.176309735 -0.480569929 0.17846863 0.421871901 0.367911547 0.255085349
v -0.195739776 -0.480569929 0.159038574 0.373601854 0.325815588 0.225898802
v -0.195739776 -0.480569929 -0.0841968954 0.376467168 0.328314394 0.227631301
v -0.176309735 -0.433074266 -0.103626944 0.427871048 0.373143345 0.258712739
v -0.0309441611 -0.433074266 -0.103626944 0.365829855 0.319037646 0.221199438
v -0.0115141105 -0.433074266 -0.0841968954 0.384586692 0.335395366 0.232540786
v -0.0115141105 -0.433074266 0.159038574 0.412554175 0.359785616 0.249451369
v -0.0309441611 -0.433074266 0.17846863 0.342991561 0.299120545 0.207390234
v -0.176309735 -0.433074266 0.17846863 0.441391617 0.384934574 0.266887963
v -0.195739776 -0.433074266 0.159038574 0.332200557 0.289709777 0.200865448
v -0.195739776 -0.433074266 -0.0841968954 0.432157129 0.376881212 0.261304319
v -0.166134134 -0.413644224 -0.0838802531 0.438928843 0.382786781 0.26539883
v -0.0411197506 -0.413644224 -0.0838802531 0.331176698 0.288816899 0.200246379
v -0.0244099032 -0.413644224 -0.0671704039 0.436479837 0.380651027 0.263918042
v -0.0244099032 -0.413644224 0.142012089 0.352938145 0.307794899 0.213404462
v -0.0411197506 -0.413644224 0.158721954 0.399396956 0.348311275 0.241495833
v -0.166134134 -0.413644224 0.158721954 0.39854154 0.347565293 0.240978599
v -0.182843983 -0.413644224 0.142012089 0.353636682 0.308404088 0.213826835
v -0.182843983 -0.413644224 -0.0671704039 0.4360663 0.380290389 0.263668001
v -0.103626944 -0.5 0.0374208428 0.430000007 0.375 0.25999999
v -0.103626944 -0.413644224 0.0374208428 0.430000007 0.375 0.25999999
v 0.180771455 -0.0423143543 -0.144674733 0.455129802 0.392661005 0.276647508
v 0.279792756 -0.0423143543 -0.144674733 0.434828132 0.375145823 0.26430729
v 0.314450204 -0.0423143543 -0.110017262 0.506780863 0.437222719 0.308043271
v 0.314450204 -0.0423143543 0.0236614905 0.396373093 0.341968954 0.240932658
v 0.279792756 -0.0423143543 0.0583189465 0.52498728 0.452930182 0.319109917
v 0.180771455 -0.0423143543 0.0583189465 0.401754349 0.346611589 0.244203627
v 0.146113992 -0.0423143543 0.0236614905 0.497005254 0.428788841 0.302101225
v 0.146113992 -0.0423143543 -0.110017262 0.447205275 0.385824144 0.271830648
v 0.172711581 -0.00201495946 -0.161197469 0.397488445 0.342931211 0.241610631
v 0.287852615 -0.00201495946 -0.161197469 0.504522204 0.435274035 0.306670338
v 0.328151971 -0.00201495946 -0.120898105 0.437815875 0.377723485 0.266123384
v 0.328151971 -0.00201495946 0.0345423184 0.451960921 0.389927059 0.274721354
v 0.287852615 -0.00201495946 0.0748416781 0.492971331 0.425308585 0.299649239
v 0.172711581 -0.00201495946 0.0748416781 0.404326737 0.348830909 0.245767221
v 0.13241221 -0.00201495946 0.0345423184 0.524348199 0.452378839 0.318721473
v 0.13241221 -0.00201495946 -0.120898105 0.394961625 0.340751201 0.240074709
v 0.172711581 0.10161195 -0.161197469 0.410381198 0.354054362 0.249447405
v 0.287852615 0.10161195 -0.161197469 0.522016823 0.450367481 0.317304373
v 0.328151971 0.10161195 -0.120898105 0.393142313 0.339181602 0.238968849
v 0.328151971 0.10161195 0.0345423184 0.515620351 0.444848925 0.313416272
v 0.287852615 0.10161195 0.0748416781 0.422001123 0.364079416 0.256510496
v 0.172711581 0.10161195 0.0748416781 0.469591856 0.405138075 0.28543818
v 0.13241221 0.10161195 0.0345423184 0.476757675 0.411320359 0.289793879
v 0.13241221 0.10161195 -0.120898105 0.416149527 0.359030962 0.252953619
v 0.180771455 0.141911343 -0.144674733 0.479024172 0.413275748 0.291171551
v 0.279792756 0.141911343 -0.144674733 0.467251331 0.403118789 0.284015507
v 0.314450204 0.141911343 -0.110017262 0.423986465 0.365792245 0.257717252
v 0.314450204 0.141911343 0.0236614905 0.514354289 0.44375667 0.312646747
v 0.279792756 0.141911343 0.0583189465 0.393456817 0.339452952 0.239160031
v 0.180771455 0.141911343 0.0583189465 0.522711515 0.450966805 0.317726612
v 0.146113992 0.141911343 0.0236614905 0.408804744 0.352694303 0.248489156
v 0.146113992 0.141911343 -0.110017262 0.486473233 0.419702411 0.295699418
v 0.230282098 -0.0423143543 -0.0431778841 0.50999999 0.439999998 0.310000002
v 0.230282098 0.141911343 -0.0431778841 0.50999999 0.439999998 0.310000002
v 0.253195167 -0.191997707 -0.100172706 0.37675938 0.324654341 0.232468545
v 0.322510064 -0.191997707 -0.100172706 0.448293775 0.386295706 0.276606798
v 0.347265393 -0.191997707 -0.0754173845 0.423291922 0.364751548 0.261180133
v 0.347265393 -0.191997707 0.0236039236 0.397175908 0.342247307 0.245065987
v 0.322510064 -0.191997707 0.0483592376 0.469620168 0.404672682 0.289765626
v 0.253195167 -0.191997707 0.0483592376 0.364133865 0.313774914 0.224678338
v 0.228439823 -0.191997707 0.0236039236 0.483316153 0.416474551 0.298216343
v 0.228439823 -0.191997707 -0.0754173845 0.372295737 0.320808023 0.229714394
v 0.247553259 -0.163212463 -0.112262517 0.367150903 0.316374719 0.226539925
v 0.328151971 -0.163212463 -0.112262517 0.484094024 0.417144865 0.298696309
v 0.356937259 -0.163212463 -0.0834772438 0.367865592 0.316990584 0.22698091
v 0.356937259 -0.163212463 0.0316637978 0.462063193 0.398160845 0.285102814
v 0.328151971 -0.163212463 0.0604490563 0.407172143 0.350861102 0.251233876
v 0.247553259 -0.163212463 0.0604490563 0.412689716 0.355615586 0.254638314
v 0.218767986 -0.163212463 0.0316637978 0.457557559 0.394278318 0.282322735
v 0.218767986 -0.163212463 -0.0834772438 0.37053299 0.319289088 0.228626743
v 0.247553259 0.0094991345 -0.112262517 0.421583503 0.363279402 0.260125995
v 0.328151971 0.0094991345 -0.112262517 0.449838966 0.387627184 0.277560204
v 0.356937259 0.0094991345 -0.0834772438 0.375660807 0.3237077 0.231790707
v 0.356937259 0.0094991345 0.0316637978 0.482157499 0.415476143 0.297501415
v 0.328151971 0.0094991345 0.0604490563 0.362873614 0.312688977 0.22390075
v 0.247553259 0.0094991345 0.0604490563 0.473068148 0.407643855 0.291893125
v 0.218767986 0.0094991345 0.0316637978 0.392172486 0.337935865 0.241978765
v 0.218767986 0.0094991345 -0.0834772438 0.428933144 0.369612604 0.264660865
v 0.253195167 0.0382843688 -0.100172706 0.477640361 0.411583722 0.294714272
v 0.322510064 0.0382843688 -0.100172706 0.384808183 0.331590027 0.237434834
v 0.347265393 0.0382843688 -0.0754173845 0.437738925 0.377200574 0.270094246
v 0.347265393 0.0382843688 0.0236039236 0.434417039 0.37433809 0.268044561
v 0.322510064 0.0382843688 0.0483592376 0.38752085 0.333927542 0.239108607
v 0.253195167 0.0382843688 0.0483592376 0.476034433 0.410199881 0.293723375
v 0.228439823 0.0382843688 0.0236039236 0.362136722 0.312053978 0.223446056
v 0.228439823 0.0382843688 -0.0754173845 0.480529875 0.414073616 0.296497166
v 0.287852615 -0.191997707 -0.0259067304 0.469999999 0.405000001 0.289999992
v 0.287852615 0.0382843688 -0.0259067304 0.469999999 0.405000001 0.289999992
v 0.281059295 -0.324409932 -0.0545768477 0.323609412 0.285084486 0.20803462
v 0.409786999 -0.324409932 -0.0545768477 0.429401487 0.378282279 0.276043832
v 0.439493388 -0.324409932 -0.0248704627 0.33901456 0.298655689 0.217937931
v 0.439493388 -0.324409932 0.093955107 0.397419512 0.35010767 0.255483985
v 0.409786999 -0.324409932 0.123661481 0.381707937 0.336266518 0.245383665
v 0.281059295 -0.324409932 0.123661481 0.351844668 0.309958398 0.226185843
v 0.251352906 -0.324409932 0.093955107 0.421805918 0.371590912 0.27116093
v 0.251352906 -0.324409932 -0.0248704627 0.324577481 0.285937309 0.208656952
v 0.270581484 -0.28986758 -0.0690846294 0.359114498 0.316362798 0.230859324
v 0.42026484 -0.28986758 -0.0690846294 0.416584074 0.366990715 0.267804056
v 0.454807132 -0.28986758 -0.0345423073 0.326793611 0.2878896 0.210081607
v 0.454807132 -0.28986758 0.103626944 0.432437509 0.380956858 0.277995557
v 0.42026484 -0.28986758 0.138169259 0.330315113 0.290991902 0.212345436
v 0.270581484 -0.28986758 0.138169259 0.410186887 0.361355126 0.263691574
v 0.236039162 -0.28986758 0.103626944 0.367214113 0.32349816 0.236066222
v 0.236039162 -0.28986758 -0.0345423073 0.365406752 0.321905941 0.234904349
v 0.270581484 -0.140184239 -0.0690846294 0.416275233 0.36671865 0.267605513
v 0.42026484 -0.140184239 -0.0690846294 0.359523058 0.316722691 0.231121957
v 0.454807132 -0.140184239 -0.0345423073 0.373290032 0.328850746 0.239972159
v 0.454807132 -0.140184239 0.103626944 0.405033082 0.356814861 0.26037842
v 0.42026484 -0.140184239 0.138169259 0.333601624 0.293887138 0.214458182
v 0.270581484 -0.140184239 0.138169259 0.431621045 0.380237609 0.277470678
v 0.236039162 -0.140184239 0.103626944 0.324990273 0.286300957 0.208922327
v 0.236039162 -0.140184239 -0.0345423073 0.42067647 0.370595932 0.270434856
v 0.281059295 -0.105641939 -0.0545768477 0.429546505 0.378410012 0.276137024
v 0.409786999 -0.105641939 -0.0545768477 0.323649168 0.285119504 0.20806019
v 0.439493388 -0.105641939 -0.0248704627 0.42518729 0.374569744 0.273334682
v 0.439493388 -0.105641939 0.093955107 0.346630335 0.305364817 0.222833797
v 0.409786999 -0.105641939 0.123661481 0.387798876 0.341632336 0.249299273
v 0.281059295 -0.105641939 0.123661481 0.391568989 0.344953656 0.251722932
v 0.251352906 -0.105641939 0.093955107 0.343551666 0.302652657 0.22085464
v 0.251352906 -0.105641939 -0.0248704627 0.42700991 0.376175404 0.27450636
v 0.345423162 -0.324409932 0.0345423184 0.419999987 0.370000005 0.270000011
v 0.345423162 -0.105641939 0.0345423184 0.419999987 0.370000005 0.270000011
v 0.263929188 -0.295624644 0.113436975 0.426638395 0.373308599 0.262546718
v 0.282990783 -0.295624644 0.113436975 0.483201534 0.422801346 0.297354788
v 0.29078871 -0.295624644 0.121234901 0.481746435 0.421528131 0.296459347
v 0.29078871 -0.295624644 0.141286701 0.427826643 0.374348313 0.263277948
v 0.282990783 -0.295624644 0.149084628 0.527232528 0.461328447 0.324450791
v 0.263929188 -0.295624644 0.149084628 0.400571465 0.350500047 0.246505514
v 0.256131262 -0.295624644 0.141286701 0.531258225 0.464850962 0.326928139
v 0.256131262 -0.295624644 0.121234901 0.420513541 0.367949337 0.258777559
v 0.26237765 -0.286557287 0.11053542 0.401994288 0.35174498 0.247381091
v 0.284542322 -0.286557287 0.11053542 0.534058273 0.467300981 0.328651249
v 0.293609649 -0.286557287 0.119602777 0.414004207 0.362253666 0.254771829
v 0.293609649 -0.286557287 0.142918825 0.500030577 0.437526762 0.307711124
v 0.284542322 -0.286557287 0.151986182 0.463809013 0.405832887 0.285420924
v 0.26237765 -0.286557287 0.151986182 0.443582773 0.388134927 0.272974014
v 0.253310293 -0.286557287 0.142918825 0.516547322 0.451978922 0.317875296
v 0.253310293 -0.286557287 0.119602777 0.404226065 0.353697807 0.248754501
v 0.26237765 -0.178036854 0.11053542 0.45303762 0.396407902 0.278792381
v 0.284542322 -0.178036854 0.11053542 0.509167254 0.445521355 0.31333369
v 0.293609649 -0.178036854 0.119602777 0.408177882 0.357155651 0.251186401
v 0.293609649 -0.178036854 0.142918825 0.535505652 0.468567461 0.329541951
v 0.284542322 -0.178036854 0.151986182 0.405191213 0.354542315 0.249348447
v 0.26237765 -0.178036854 0.151986182 0.514592826 0.450268745 0.316672504
v 0.253310293 -0.178036854 0.142918825 0.446168154 0.390397131 0.274565011
v 0.253310293 -0.178036854 0.119602777 0.461066902 0.403433532 0.283733487
v 0.263929188 -0.168969482 0.113436975 0.521238029 0.456083268 0.320761859
v 0.282990783 -0.168969482 0.113436975 0.437070578 0.382436752 0.268966496
v 0.29078871 -0.168969482 0.121234901 0.470948398 0.412079871 0.289814413
v 0.29078871 -0.168969482 0.141286701 0.493573338 0.431876689 0.303737432
v 0.282990783 -0.168969482 0.149084628 0.418595016 0.366270661 0.25759694
v 0.263929188 -0.168969482 0.149084628 0.532175779 0.465653837 0.327492803
v 0.256131262 -0.168969482 0.141286701 0.400823116 0.350720227 0.246660382
v 0.256131262 -0.168969482 0.121234901 0.525857806 0.460125566 0.323604792
v 0.273459971 -0.295624644 0.131260797 0.519999981 0.455000013 0.319999993
v 0.273459971 -0.168969482 0.131260797 0.519999981 0.455000013 0.319999993
v 0.309985608 -0.295624644 0.113436975 0.402892351 0.352530807 0.247933745
v 0.329047203 -0.295624644 0.113436975 0.519529521 0.454588324 0.319710493
v 0.33684513 -0.295624644 0.121234901 0.43949905 0.384561658 0.270460963
v 0.33684513 -0.295624644 0.141286701 0.468245357 0.409714669 0.288150996
v 0.329047203 -0.295624644 0.149084628 0.496055245 0.434048355 0.305264771
v 0.309985608 -0.295624644 0.149084628 0.416789442 0.364690751 0.25648582
v 0.302187681 -0.295624644 0.141286701 0.532973945 0.466352195 0.327983946
v 0.302187681 -0.295624644 0.121234901 0.401178837 0.351031482 0.246879295
v 0.308434099 -0.286557287 0.11053542 0.423772961 0.370801359 0.260783374
v 0.330598712 -0.286557287 0.11053542 0.529557824 0.463363081 0.32588172
v 0.339666098 -0.286557287 0.119602777 0.400401056 0.350350916 0.246400639
v 0.339666098 -0.286557287 0.142918825 0.529242516 0.463087231 0.325687706
v 0.330598712 -0.286557287 0.151986182 0.424345672 0.371302456 0.261135787
v 0.308434099 -0.286557287 0.151986182 0.486059994 0.425302476 0.29911384
v 0.299366713 -0.286557287 0.142918825 0.47884655 0.418990731 0.294674814
v 0.299366713 -0.286557287 0.119602777 0.430236161 0.376456648 0.264760703
v 0.308434099 -0.178036854 0.11053542 0.495367855 0.433446884 0.304841757
v 0.330598712 -0.178036854 0.11053542 0.468998939 0.410374075 0.28861475
v 0.339666098 -0.178036854 0.119602777 0.438817441 0.383965254 0.270041496
v 0.339666098 -0.178036854 0.142918825 0.520014107 0.455012351 0.320008695
v 0.330598712 -0.178036854 0.151986182 0.402693659 0.352356941 0.247811481
v 0.308434099 -0.178036854 0.151986182 0.534621477 0.467793822 0.32899785
v 0.299366713 -0.178036854 0.142918825 0.412281662 0.360746443 0.25371179
v 0.299366713 -0.178036854 0.119602777 0.502596498 0.43977195 0.309290171
v 0.309985608 -0.168969482 0.113436975 0.535580575 0.468632996 0.329588026
v 0.329047203 -0.168969482 0.113436975 0.407294631 0.356382787 0.250642836
v 0.33684513 -0.168969482 0.121234901 0.510696888 0.446859807 0.314275026
v 0.33684513 -0.168969482 0.141286701 0.451142132 0.394749343 0.277625918
v 0.329047203 -0.168969482 0.149084628 0.455927134 0.398936242 0.280570537
v 0.309985608 -0.168969482 0.149084628 0.506789446 0.443440765 0.311870426
v 0.302187681 -0.168969482 0.141286701 0.409607887 0.358406901 0.252066404
v 0.302187681 -0.168969482 0.121234901 0.535285711 0.468375027 0.329406619
v 0.31951642 -0.295624644 0.131260797 0.519999981 0.455000013 0.319999993
v 0.31951642 -0.168969482 0.131260797 0.519999981 0.455000013 0.319999993
v 0.356041998 -0.295624644 0.113436975 0.404916435 0.3543019 0.249179348
v 0.375103623 -0.295624644 0.113436975 0.535461664 0.468528986 0.329514891
v 0.382901549 -0.295624644 0.121234901 0.40853256 0.357466012 0.251404643
v 0.382901549 -0.295624644 0.141286701 0.508566916 0.444996059 0.312964261
v 0.375103623 -0.295624644 0.149084628 0.453773499 0.397051811 0.279245228
v 0.356041998 -0.295624644 0.149084628 0.453276962 0.396617353 0.278939664
v 0.348244101 -0.295624644 0.141286701 0.508972406 0.445350826 0.313213766
v 0.348244101 -0.295624644 0.121234901 0.408292532 0.357255965 0.251256943
v 0.354490519 -0.286557287 0.11053542 0.463057071 0.405174941 0.284958214
v 0.376655132 -0.286557287 0.11053542 0.500692248 0.438105732 0.308118314
v 0.385722518 -0.286557287 0.119602777 0.413554132 0.361859858 0.254494846
v 0.385722518 -0.286557287 0.142918825 0.534214199 0.467437416 0.328747183
v 0.376655132 -0.286557287 0.151986182 0.402161092 0.351890951 0.247483745
v 0.354490519 -0.286557287 0.151986182 0.521388888 0.456215262 0.320854694
v 0.345423132 -0.286557287 0.142918825 0.436852634 0.382246047 0.268832386
v 0.345423132 -0.286557287 0.119602777 0.471193492 0.412294298 0.289965242
v 0.354490519 -0.178036854 0.11053542 0.526865661 0.461007446 0.324225008
v 0.376655132 -0.178036854 0.11053542 0.428435266 0.37488085 0.263652474
v 0.385722518 -0.178036854 0.119602777 0.481007695 0.420881748 0.296004742
v 0.385722518 -0.178036854 0.142918825 0.483934939 0.423443079 0.297806114
v 0.376655132 -0.178036854 0.151986182 0.426044881 0.372789264 0.262181461
v 0.354490519 -0.178036854 0.151986182 0.528280795 0.462245703 0.325095862
v 0.345423132 -0.178036854 0.142918825 0.400448948 0.350392818 0.246430114
v 0.345423132 -0.178036854 0.119602777 0.530432522 0.464128464 0.326420039
v 0.356041998 -0.168969482 0.113436975 0.523174167 0.457777381 0.321953326
v 0.375103623 -0.168969482 0.113436975 0.401546389 0.351353079 0.247105464
v 0.382901549 -0.168969482 0.121234901 0.533545613 0.466852397 0.328335762
v 0.382901549 -0.168969482 0.141286701 0.415383399 0.363460481 0.255620569
v 0.375103623 -0.168969482 0.149084628 0.498037785 0.435783058 0.306484789
v 0.356041998 -0.168969482 0.149084628 0.46604991 0.407793671 0.286799937
v 0.348244101 -0.168969482 0.141286701 0.441504747 0.386316657 0.271695226
v 0.348244101 -0.168969482 0.121234901 0.518081427 0.453321248 0.318819344
v 0.36557281 -0.295624644 0.131260797 0.519999981 0.455000013 0.319999993
v 0.36557281 -0.168969482 0.131260797 0.519999981 0.455000013 0.319999993
v 0.402098417 -0.295624644 0.113436975 0.431909561 0.377920866 0.265790492
v 0.421160042 -0.295624644 0.113436975 0.524691939 0.459105462 0.322887361
v 0.428957939 -0.295624644 0.121234901 0.401103795 0.350965828 0.246833101
v 0.428957939 -0.295624644 0.141286701 0.532831788 0.4662278 0.327896476
v 0.421160042 -0.295624644 0.149084628 0.417122692 0.364982367 0.25669089
v 0.402098417 -0.295624644 0.149084628 0.495591998 0.433643013 0.304979682
v 0.394300491 -0.295624644 0.141286701 0.468753636 0.410159439 0.288463771
v 0.394300491 -0.295624644 0.121234901 0.439038932 0.384159058 0.270177811
v 0.400546908 -0.286557287 0.11053542 0.504297674 0.441260427 0.310337007
v 0.422711521 -0.286557287 0.11053542 0.458886832 0.401525974 0.282391906
v 0.431778908 -0.286557287 0.119602777 0.448257327 0.392225176 0.275850683
v 0.431778908 -0.286557287 0.142918825 0.512977719 0.448855489 0.315678596
v 0.422711521 -0.286557287 0.151986182 0.406036109 0.355281591 0.249868363
v 0.400546908 -0.286557287 0.151986182 0.535585999 0.468637764 0.329591393
v 0.391479522 -0.286557287 0.142918825 0.407187074 0.356288701 0.250576675
v 0.391479522 -0.286557287 0.119602777 0.510886848 0.447025985 0.314391881
v 0.400546908 -0.178036854 0.11053542 0.535063922 0.468180954 0.329270124
v 0.422711521 -0.178036854 0.11053542 0.403531611 0.353090167 0.248327151
v 0.431778908 -0.178036854 0.119602777 0.518049419 0.453293234 0.318799645
v 0.431778908 -0.178036854 0.142918825 0.441548586 0.386355013 0.271722198
v 0.422711521 -0.178036854 0.151986182 0.466002285 0.407752007 0.286770642
v 0.400546908 -0.178036854 0.151986182 0.498080462 0.435820401 0.306511045
v 0.391479522 -0.178036854 0.142918825 0.415353507 0.363434315 0.255602151
v 0.391479522 -0.178036854 0.119602777 0.533557236 0.466862589 0.328342915
v 0.402098417 -0.168969482 0.113436975 0.488929331 0.427813172 0.300879598
v 0.421160042 -0.168969482 0.113436975 0.422101021 0.369338393 0.259754479
v 0.428957939 -0.168969482 0.121234901 0.530450821 0.464144439 0.326431245
v 0.428957939 -0.168969482 0.141286701 0.400450766 0.350394428 0.246431246
v 0.421160042 -0.168969482 0.149084628 0.528259218 0.462226808 0.3250826
v 0.402098417 -0.168969482 0.149084628 0.426082253 0.372821957 0.262204468
v 0.394300491 -0.168969482 0.141286701 0.483888626 0.423402548 0.297777623
v 0.394300491 -0.168969482 0.121234901 0.481054455 0.420922637 0.296033502
v 0.41162923 -0.295624644 0.131260797 0.519999981 0.455000013 0.319999993
v 0.41162923 -0.168969482 0.131260797 0.519999981 0.455000013 0.319999993
v 0.0689694881 -0.462579161 -0.10552676 0.483578116 0.416700274 0.298377991
v 0.1382844 -0.462579161 -0.10552676 0.371310383 0.319958955 0.229106411
v 0.163039729 -0.462579161 -0.0807714388 0.456321299 0.393213034 0.281559944
v 0.163039729 -0.462579161 0.0232009273 0.414158076 0.356880903 0.255544364
v 0.1382844 -0.462579161 0.0479562543 0.405740947 0.349627823 0.250350803
v 0.0689694881 -0.462579161 0.0479562543 0.463194758 0.399135917 0.285801023
v 0.044214163 -0.462579161 0.0232009273 0.367241204 0.316452533 0.22659564
v 0.044214163 -0.462579161 -0.0807714388 0.484096736 0.417147189 0.298697978
v 0.0633275807 -0.433793873 -0.118019566 0.456053406 0.392982185 0.28139466
v 0.143926308 -0.433793873 -0.118019566 0.37148124 0.320106179 0.229211822
v 0.172711581 -0.433793873 -0.0892343 0.483535677 0.416663706 0.298351794
v 0.172711581 -0.433793873 0.0316637866 0.364549607 0.314133167 0.224934861
v 0.143926308 -0.433793873 0.0604490563 0.468645424 0.403832734 0.289164186
v 0.0633275807 -0.433793873 0.0604490563 0.3985309 0.343414903 0.245902032
v 0.0345423184 -0.433793873 0.0316637866 0.421805203 0.363470435 0.260262787
v 0.0345423184 -0.433793873 -0.0892343 0.449639559 0.387455374 0.27743718
v 0.0633275807 -0.284110546 -0.118019566 0.390626997 0.336604118 0.24102518
v 0.143926308 -0.284110546 -0.118019566 0.430727631 0.371158928 0.265768111
v 0.172711581 -0.284110546 -0.0892343 0.441334963 0.38029927 0.272313058
v 0.172711581 -0.284110546 0.0316637866 0.381965041 0.329140097 0.23568055
v 0.143926308 -0.284110546 0.0604490563 0.479209185 0.412935585 0.295682281
v 0.0633275807 -0.284110546 0.0604490563 0.361925274 0.311871767 0.223315597
v 0.0345423184 -0.284110546 0.0316637866 0.477739245 0.411668926 0.294775277
v 0.0345423184 -0.284110546 -0.0892343 0.384635329 0.331441075 0.237328187
v 0.0689694881 -0.255325288 -0.10552676 0.362322092 0.312213719 0.223560438
v 0.1382844 -0.255325288 -0.10552676 0.481112897 0.414576024 0.29685691
v 0.163039729 -0.255325288 -0.0807714388 0.378109932 0.325818121 0.233301863
v 0.163039729 -0.255325288 0.0232009273 0.446434468 0.384693533 0.275459558
v 0.1382844 -0.255325288 0.0479562543 0.425318986 0.366498291 0.262430876
v 0.0689694881 -0.255325288 0.0479562543 0.39535284 0.340676397 0.243941113
v 0.044214163 -0.255325288 0.0232009273 0.470904857 0.405779719 0.290558308
v 0.044214163 -0.255325288 -0.0807714388 0.363623112 0.313334823 0.224363193
v 0.103626944 -0.462579161 -0.0287852548 0.469999999 0.405000001 0.289999992
v 0.103626944 -0.255325288 -0.0287852548 0.469999999 0.405000001 0.289999992
v 0.0411197506 -0.5 -0.0838802531 0.442422509 0.385833591 0.267511278
v 0.166134134 -0.5 -0.0838802531 0.33970952 0.296258301 0.205405757
v 0.182843983 -0.5 -0.0671704039 0.417485446 0.364086151 0.252433062
v 0.182843983 -0.5 0.142012089 0.378910601 0.33044529 0.229108721
v 0.166134134 -0.5 0.158721954 0.3712098 0.323729455 0.224452436
v 0.0411197506 -0.5 0.158721954 0.423773915 0.369570285 0.256235391
v 0.0244099032 -0.5 0.142012089 0.335986644 0.293011606 0.203154713
v 0.0244099032 -0.5 -0.0671704039 0.442896992 0.386247396 0.267798185
v 0.0309441611 -0.480569929 -0.103626944 0.417240351 0.363872379 0.252284855
v 0.176309735 -0.480569929 -0.103626944 0.339865804 0.296394587 0.20550026
v 0.195739776 -0.480569929 -0.0841968954 0.442383707 0.385799736 0.267487824
v 0.195739776 -0.480569929 0.159038574 0.333524108 0.29086405 0.201665729
v 0.176309735 -0.480569929 0.17846863 0.428760707 0.373919219 0.259250641
v 0.0309441611 -0.480569929 0.17846863 0.364613354 0.317976773 0.220463902
v 0.0115141105 -0.480569929 0.159038574 0.385906905 0.336546719 0.233339056
v 0.0115141105 -0.480569929 -0.0841968954 0.411372364 0.358754963 0.248736784
v 0.0309441611 -0.433074266 -0.103626944 0.357382149 0.311670482 0.216091543
v 0.176309735 -0.433074266 -0.103626944 0.39406997 0.343665659 0.238274857
v 0.195739776 -0.433074266 -0.0841968954 0.403774559 0.352128953 0.244142756
v 0.195739776 -0.433074266 0.159038574 0.349457383 0.304759353 0.211299807
v 0.176309735 -0.433074266 0.17846863 0.438425422 0.382347763 0.265094459
v 0.0309441611 -0.433074266 0.17846863 0.331123114 0.288770169 0.200213984
v 0.0115141105 -0.433074266 0.159038574 0.437080592 0.381174922 0.264281273
v 0.0115141105 -0.433074266 -0.0841968954 0.351900429 0.306889892 0.212776989
v 0.0411197506 -0.413644224 -0.0838802531 0.331486166 0.289086789 0.200433493
v 0.166134134 -0.413644224 -0.0838802531 0.440167129 0.383866668 0.266147554
v 0.182843983 -0.413644224 -0.0671704039 0.345930368 0.301683456 0.209167197
v 0.182843983 -0.413644224 0.142012089 0.408440053 0.356197715 0.246963754
v 0.166134134 -0.413644224 0.158721954 0.389121622 0.339350253 0.235282853
v 0.0411197506 -0.413644224 0.158721954 0.36170578 0.315441102 0.218705833
v 0.0244099032 -0.413644224 0.142012089 0.430827856 0.375721961 0.26050055
v 0.0244099032 -0.413644224 -0.0671704039 0.33267647 0.290124834 0.201153219
v 0.103626944 -0.5 0.0374208428 0.430000007 0.375 0.25999999
v 0.103626944 -0.413644224 0.0374208428 0.430000007 0.375 0.25999999
v -0.0841681063 0.11024759 -0.122337349 0.476999998 0.418500006 0.305999994
v 0.0841681063 0.11024759 -0.122337349 0.505822122 0.443787307 0.324489653
v 0.101496838 0.11024759 -0.105008624 0.424641728 0.372563034 0.272411674
v 0.101496838 0.11024759 0.0336211845 0.543291986 0.476661861 0.348526955
v 0.0841681063 0.11024759 0.05094992 0.40893212 0.358780086 0.26233381
v -0.0841681063 0.11024759 0.05094992 0.53436017 0.46882543 0.342797101
v -0.101496838 0.11024759 0.0336211845 0.440867275 0.38679865 0.282820523
v -0.101496838 0.11024759 -0.105008624 0.485278547 0.425763249 0.311310768
v -0.0978698879 0.13039726 -0.13644214 0.539313972 0.473171711 0.345975012
v 0.0978698879 0.13039726 -0.13644214 0.432697386 0.379630715 0.277579457
v 0.118019573 0.13039726 -0.116292454 0.495166183 0.434438258 0.317653775
v 0.118019573 0.13039726 0.0449050106 0.488301903 0.428415805 0.313250273
v 0.0978698879 0.13039726 0.0650546923 0.438302785 0.384548664 0.281175375
v -0.0978698879 0.13039726 0.0650546923 0.535995543 0.470260233 0.343846202
v -0.118019573 0.13039726 0.0449050106 0.408525854 0.35842362 0.262073189
v -0.118019573 0.13039726 -0.116292454 0.542394698 0.475874573 0.347951293
v -0.0978698879 0.406735778 -0.13644214 0.530173779 0.465152442 0.340111464
v 0.0978698879 0.406735778 -0.13644214 0.410373598 0.360044777 0.263258547
v 0.118019573 0.406735778 -0.116292454 0.544859827 0.478037417 0.349532723
v 0.118019573 0.406735778 0.0449050106 0.420352131 0.368799508 0.269659847
v 0.0978698879 0.406735778 0.0650546923 0.512046754 0.449248582 0.328482836
v -0.0978698879 0.406735778 0.0650546923 0.469981849 0.412342578 0.301497787
v -0.118019573 0.406735778 0.0449050106 0.454702377 0.398936987 0.291695863
v -0.118019573 0.406735778 -0.116292454 0.524524033 0.460195601 0.336487114
v -0.0841681063 0.426885426 -0.122337349 0.460060209 0.403637737 0.295132965
v 0.0841681063 0.426885426 -0.122337349 0.464449018 0.407488286 0.29794842
v 0.101496838 0.426885426 -0.105008624 0.516739964 0.45336619 0.331493556
v 0.101496838 0.426885426 0.0336211845 0.417359352 0.366173774 0.267739952
v 0.0841681063 0.426885426 0.05094992 0.545603335 0.4786897 0.35000968
v -0.0841681063 0.426885426 0.05094992 0.412015766 0.361485511 0.264311999
v -0.101496838 0.426885426 0.0336211845 0.526447117 0.461882859 0.337720811
v -0.101496838 0.426885426 -0.105008624 0.452158481 0.396705091 0.290063947
v 0 0.11024759 -0.03569372 0.529999971 0.465000004 0.340000004
v 0 0.426885426 -0.03569372 0.529999971 0.465000004 0.340000004
v -0.118974097 0.40328151 -0.147150263 0.360000014 0.319499999 0.229499996
v 0.118974097 0.40328151 -0.147150263 0.381752521 0.338805377 0.24336724
v 0.133678749 0.40328151 -0.132445589 0.32048431 0.284429848 0.204308748
v 0.133678749 0.40328151 0.0460898094 0.410031706 0.363903135 0.261395216
v 0.118974097 0.40328151 0.0607944764 0.308628023 0.273907363 0.196750358
v -0.118974097 0.40328151 0.0607944764 0.403290719 0.357920498 0.257097811
v -0.133678749 0.40328151 0.0460898094 0.332730025 0.295297891 0.212115392
v -0.133678749 0.40328151 -0.132445589 0.366247952 0.325045079 0.233483076
v -0.138341963 0.420379996 -0.164075986 0.40702942 0.361238629 0.259481251
v 0.138341963 0.420379996 -0.164075986 0.326564074 0.289825618 0.208184585
v 0.15544042 0.420379996 -0.146977544 0.373710334 0.33166793 0.238240331
v 0.15544042 0.420379996 0.0606217608 0.368529737 0.327070147 0.234937698
v 0.138341963 0.420379996 0.0777202025 0.330794543 0.293580174 0.210881531
v -0.138341963 0.420379996 0.0777202025 0.404524922 0.359015882 0.257884651
v -0.15544042 0.420379996 0.0606217608 0.308321416 0.273635238 0.196554899
v -0.15544042 0.420379996 -0.146977544 0.409354478 0.363302112 0.26096347
v -0.138341963 0.462176114 -0.164075986 0.400131136 0.355116397 0.255083591
v 0.138341963 0.462176114 -0.164075986 0.309715927 0.274872899 0.197443902
v 0.15544042 0.462176114 -0.146977544 0.411214978 0.364953279 0.262149543
v 0.15544042 0.462176114 0.0606217608 0.317246884 0.281556606 0.202244893
v 0.138341963 0.462176114 0.0777202025 0.38645041 0.342974722 0.246362135
v -0.138341963 0.462176114 0.0777202025 0.354703277 0.31479916 0.226123348
v -0.15544042 0.462176114 0.0606217608 0.343171597 0.304564804 0.218771905
v -0.15544042 0.462176114 -0.146977544 0.395867169 0.351332128 0.252365321
v -0.118974097 0.479274601 -0.147150263 0.347215265 0.30815354 0.221349731
v 0.118974097 0.479274601 -0.147150263 0.350527555 0.311093211 0.223461315
v 0.133678749 0.479274601 -0.132445589 0.389992416 0.346118271 0.248620167
v 0.133678749 0.479274601 0.0460898094 0.314988196 0.279552013 0.200804979
v 0.118974097 0.479274601 0.0607944764 0.411776096 0.365451276 0.26250726
v -0.118974097 0.479274601 0.0607944764 0.310955286 0.275972813 0.198233992
v -0.133678749 0.479274601 0.0460898094 0.397318602 0.352620244 0.253290594
v -0.133678749 0.479274601 -0.132445589 0.341251701 0.302860886 0.217547953
v 0 0.40328151 -0.0431778841 0.400000006 0.354999989 0.254999995
v 0 0.479274601 -0.0431778841 0.400000006 0.354999989 0.254999995
v -0.0835492238 0.471214741 -0.129360974 0.423000008 0.368999988 0.261000007
v 0.0835492238 0.471214741 -0.129360974 0.448559225 0.391296357 0.276770592
v 0.0891191661 0.471214741 -0.123791002 0.376569062 0.328496426 0.232351139
v 0.0891191661 0.471214741 0.00864997786 0.481787264 0.420282483 0.29727298
v 0.0835492238 0.471214741 0.0142199239 0.362637937 0.316343725 0.223755315
v -0.0835492238 0.471214741 0.0142199239 0.473866582 0.413372964 0.292385757
v -0.0891191661 0.471214741 0.00864997786 0.390957773 0.34104827 0.241229266
v -0.0891191661 0.471214741 -0.123791002 0.430341363 0.375404149 0.265529782
v -0.0971502587 0.477691442 -0.141047761 0.478259593 0.417205155 0.295096338
v 0.0971502587 0.477691442 -0.141047761 0.383712769 0.334728181 0.236758947
v 0.103626944 0.477691442 -0.13457109 0.439109623 0.383053094 0.270939976
v 0.103626944 0.477691442 0.0194300637 0.433022439 0.377742976 0.267184049
v 0.0971502587 0.477691442 0.0259067398 0.388683587 0.339064419 0.239826053
v -0.0971502587 0.477691442 0.0259067398 0.475316793 0.414638042 0.293280572
v -0.103626944 0.477691442 0.0194300637 0.362277657 0.316029429 0.223533019
v -0.103626944 0.477691442 -0.13457109 0.480991513 0.419588327 0.296781987
v -0.0971502587 0.4935233 -0.141047761 0.470154077 0.410134405 0.290095061
v 0.0971502587 0.4935233 -0.141047761 0.363916218 0.317458838 0.224544048
v 0.103626944 0.4935233 -0.13457109 0.483177602 0.421495348 0.29813087
v 0.103626944 0.4935233 0.0194300637 0.372765094 0.325178057 0.230003983
v 0.0971502587 0.4935233 0.0259067398 0.454079211 0.396111667 0.28017655
v -0.0971502587 0.4935233 0.0259067398 0.416776359 0.363570869 0.257159889
v -0.103626944 0.4935233 0.0194300637 0.403226644 0.35175091 0.248799413
v -0.103626944 0.4935233 -0.13457109 0.465143949 0.405763865 0.287003696
v -0.0835492238 0.5 -0.129360974 0.407977909 0.355895638 0.251731068
v 0.0835492238 0.5 -0.129360974 0.411869884 0.359290749 0.254132479
v 0.0891191661 0.5 -0.123791002 0.458241075 0.399742216 0.282744497
v 0.0891191661 0.5 0.00864997786 0.370111138 0.322862893 0.228366435
v 0.0835492238 0.5 0.0142199239 0.483836919 0.422070503 0.298537672
v -0.0835492238 0.5 0.0142199239 0.365372449 0.318729162 0.225442588
v -0.0891191661 0.5 0.00864997786 0.466849357 0.407251567 0.288055986
v -0.0891191661 0.5 -0.123791002 0.400970727 0.349782974 0.247407481
v 0 0.471214741 -0.0575705208 0.469999999 0.409999996 0.289999992
v 0 0.5 -0.0575705208 0.469999999 0.409999996 0.289999992
v -0.0575705245 0.345135242 0.0679332241 0.689999998 0.620000005 0.469999999
v -0.0445814915 0.342797726 0.0679332241 0.689999998 0.620000005 0.469999999
v -0.0470621735 0.342797726 0.0713101402 0.689999998 0.620000005 0.469999999
v -0.0535566881 0.342797726 0.0733971819 0.689999998 0.620000005 0.469999999
v -0.0615843572 0.342797726 0.0733971819 0.689999998 0.620000005 0.469999999
v -0.0680788755 0.342797726 0.0713101402 0.689999998 0.620000005 0.469999999
v -0.0705595613 0.342797726 0.0679332241 0.689999998 0.620000005 0.469999999
v -0.0680788755 0.342797726 0.0645563006 0.689999998 0.620000005 0.469999999
v -0.0615843572 0.342797726 0.0624692552 0.689999998 0.620000005 0.469999999
v -0.0535566881 0.342797726 0.0624692552 0.689999998 0.620000005 0.469999999
v -0.0470621735 0.342797726 0.0645563006 0.689999998 0.620000005 0.469999999
v -0.0341650918 0.336248159 0.0679332241 0.689999998 0.620000005 0.469999999
v -0.0386351347 0.336248159 0.0740182102 0.689999998 0.620000005 0.469999999
v -0.0503378473 0.336248159 0.0777789503 0.689999998 0.620000005 0.469999999
v -0.064803198 0.336248159 0.0777789503 0.689999998 0.620000005 0.469999999
v -0.0765059143 0.336248159 0.0740182102 0.689999998 0.620000005 0.469999999
v -0.0809759572 0.336248159 0.0679332241 0.689999998 0.620000005 0.469999999
v -0.0765059143 0.336248159 0.0618482307 0.689999998 0.620000005 0.469999999
v -0.064803198 0.336248159 0.0580875017 0.689999998 0.620000005 0.469999999
v -0.0503378473 0.336248159 0.0580875017 0.689999998 0.620000005 0.469999999
v -0.0386351347 0.336248159 0.0618482307 0.689999998 0.620000005 0.469999999
v -0.0283844247 0.326783687 0.0679332241 0.689999998 0.620000005 0.469999999
v -0.0339584723 0.326783687 0.0755210742 0.689999998 0.620000005 0.469999999
v -0.0485515259 0.326783687 0.080210641 0.689999998 0.620000005 0.469999999
v -0.0665895194 0.326783687 0.080210641 0.689999998 0.620000005 0.469999999
v -0.0811825693 0.326783687 0.0755210742 0.689999998 0.620000005 0.469999999
v -0.0867566168 0.326783687 0.0679332241 0.689999998 0.620000005 0.469999999
v -0.0811825693 0.326783687 0.0603453666 0.689999998 0.620000005 0.469999999
v -0.0665895194 0.326783687 0.0556558073 0.689999998 0.620000005 0.469999999
v -0.0485515259 0.326783687 0.0556558073 0.689999998 0.620000005 0.469999999
v -0.0339584723 0.326783687 0.0603453666 0.689999998 0.620000005 0.469999999
v -0.0283844247 0.316278994 0.0679332241 0.689999998 0.620000005 0.469999999
v -0.0339584723 0.316278994 0.0755210742 0.689999998 0.620000005 0.469999999
v -0.0485515259 0.316278994 0.080210641 0.689999998 0.620000005 0.469999999
v -0.0665895194 0.316278994 0.080210641 0.689999998 0.620000005 0.469999999
v -0.0811825693 0.316278994 0.0755210742 0.689999998 0.620000005 0.469999999
v -0.0867566168 0.316278994 0.0679332241 0.689999998 0.620000005 0.469999999
v -0.0811825693 0.316278994 0.0603453666 0.689999998 0.620000005 0.469999999
v -0.0665895194 0.316278994 0.0556558073 0.689999998 0.620000005 0.469999999
v -0.0485515259 0.316278994 0.0556558073 0.689999998 0.620000005 0.469999999
v -0.0339584723 0.316278994 0.0603453666 0.689999998 0.620000005 0.469999999
v -0.0341650918 0.306814522 0.0679332241 0.689999998 0.620000005 0.469999999
v -0.0386351347 0.306814522 0.0740182102 0.689999998 0.620000005 0.469999999
v -0.0503378473 0.306814522 0.0777789503 0.689999998 0.620000005 0.469999999
v -0.064803198 0.306814522 0.0777789503 0.689999998 0.620000005 0.469999999
v -0.0765059143 0.306814522 0.0740182102 0.689999998 0.620000005 0.469999999
v -0.0809759572 0.306814522 0.0679332241 0.689999998 0.620000005 0.469999999
v -0.0765059143 0.306814522 0.0618482307 0.689999998 0.620000005 0.469999999
v -0.064803198 0.306814522 0.0580875017 0.689999998 0.620000005 0.469999999
v -0.0503378473 0.306814522 0.0580875017 0.689999998 0.620000005 0.469999999
v -0.0386351347 0.306814522 0.0618482307 0.689999998 0.620000005 0.469999999
v -0.0445814915 0.300264925 0.0679332241 0.689999998 0.620000005 0.469999999
v -0.0470621735 0.300264925 0.0713101402 0.689999998 0.620000005 0.469999999
v -0.0535566881 0.300264925 0.0733971819 0.689999998 0.620000005 0.469999999
v -0.0615843572 0.300264925 0.0733971819 0.689999998 0.620000005 0.469999999
v -0.0680788755 0.300264925 0.0713101402 0.689999998 0.620000005 0.469999999
v -0.0705595613 0.300264925 0.0679332241 0.689999998 0.620000005 0.469999999
v -0.0680788755 0.300264925 0.0645563006 0.689999998 0.620000005 0.469999999
v -0.0615843572 0.300264925 0.0624692552 0.689999998 0.620000005 0.469999999
v -0.0535566881 0.300264925 0.0624692552 0.689999998 0.620000005 0.469999999
v -0.0470621735 0.300264925 0.0645563006 0.689999998 0.620000005 0.469999999
v -0.0575705245 0.297927409 0.0679332241 0.689999998 0.620000005 0.469999999
v -0.0575705245 0.335348278 0.079447329 0.100000001 0.0780000016 0.0520000011
v -0.0509499125 0.33334288 0.079447329 0.100000001 0.0780000016 0.0520000011
v -0.0528890453 0.33334288 0.0814827532 0.100000001 0.0780000016 0.0520000011
v -0.0575705245 0.33334288 0.0823258534 0.100000001 0.0780000016 0.0520000011
v -0.0622520037 0.33334288 0.0814827532 0.100000001 0.0780000016 0.0520000011
v -0.0641911328 0.33334288 0.079447329 0.100000001 0.0780000016 0.0520000011
v -0.0622520037 0.33334288 0.0774118975 0.100000001 0.0780000016 0.0520000011
v -0.0575705245 0.33334288 0.0765688047 0.100000001 0.0780000016 0.0520000011
v -0.0528890453 0.33334288 0.0774118975 0.100000001 0.0780000016 0.0520000011
v -0.0461032912 0.32786411 0.079447329 0.100000001 0.0780000016 0.0520000011
v -0.0494619645 0.32786411 0.0829727873 0.100000001 0.0780000016 0.0520000011
v -0.0575705245 0.32786411 0.0844330862 0.100000001 0.0780000016 0.0520000011
v -0.0656790882 0.32786411 0.0829727873 0.100000001 0.0780000016 0.0520000011
v -0.0690377578 0.32786411 0.079447329 0.100000001 0.0780000016 0.0520000011
v -0.0656790882 0.32786411 0.0759218708 0.100000001 0.0780000016 0.0520000011
v -0.0575705245 0.32786411 0.0744615719 0.100000001 0.0780000016 0.0520000011
v -0.0494619645 0.32786411 0.0759218708 0.100000001 0.0780000016 0.0520000011
v -0.0443293042 0.320379943 0.079447329 0.100000001 0.0780000016 0.0520000011
v -0.0482075661 0.320379943 0.0835181698 0.100000001 0.0780000016 0.0520000011
v -0.0575705245 0.320379943 0.0852043778 0.100000001 0.0780000016 0.0520000011
v -0.0669334829 0.320379943 0.0835181698 0.100000001 0.0780000016 0.0520000011
v -0.0708117485 0.320379943 0.079447329 0.100000001 0.0780000016 0.0520000011
v -0.0669334829 0.320379943 0.0753764734 0.100000001 0.0780000016 0.0520000011
v -0.0575705245 0.320379943 0.0736902654 0.100000001 0.0780000016 0.0520000011
v -0.0482075661 0.320379943 0.0753764734 0.100000001 0.0780000016 0.0520000011
v -0.0461032912 0.312895775 0.079447329 0.100000001 0.0780000016 0.0520000011
v -0.0494619645 0.312895775 0.0829727873 0.100000001 0.0780000016 0.0520000011
v -0.0575705245 0.312895775 0.0844330862 0.100000001 0.0780000016 0.0520000011
v -0.0656790882 0.312895775 0.0829727873 0.100000001 0.0780000016 0.0520000011
v -0.0690377578 0.312895775 0.079447329 0.100000001 0.0780000016 0.0520000011
v -0.0656790882 0.312895775 0.0759218708 0.100000001 0.0780000016 0.0520000011
v -0.0575705245 0.312895775 0.0744615719 0.100000001 0.0780000016 0.0520000011
v -0.0494619645 0.312895775 0.0759218708 0.100000001 0.0780000016 0.0520000011
v -0.0509499125 0.307417005 0.079447329 0.100000001 0.0780000016 0.0520000011
v -0.0528890453 0.307417005 0.0814827532 0.100000001 0.0780000016 0.0520000011
v -0.0575705245 0.307417005 0.0823258534 0.100000001 0.0780000016 0.0520000011
v -0.0622520037 0.307417005 0.0814827532 0.100000001 0.0780000016 0.0520000011
v -0.0641911328 0.307417005 0.079447329 0.100000001 0.0780000016 0.0520000011
v -0.0622520037 0.307417005 0.0774118975 0.100000001 0.0780000016 0.0520000011
v -0.0575705245 0.307417005 0.0765688047 0.100000001 0.0780000016 0.0520000011
v -0.0528890453 0.307417005 0.0774118975 0.100000001 0.0780000016 0.0520000011
v -0.0575705245 0.305411577 0.079447329 0.100000001 0.0780000016 0.0520000011
v -0.0134034958 0.342832446 0.0828359053 0.100000001 0.0780000016 0.0520000011
v -0.00993855949 0.348589987 0.0771567151 0.100000001 0.0780000016 0.0520000011
v -0.0126289986 0.346390754 0.0690738335 0.100000001 0.0780000016 0.0520000011
v -0.0177567173 0.339274168 0.0697575361 0.100000001 0.0780000016 0.0520000011
v -0.0182353836 0.337074935 0.078262955 0.100000001 0.0780000016 0.0520000011
v -0.0403807797 0.362465948 0.0897912532 0.100000001 0.0780000016 0.0520000011
v -0.0386907049 0.372284293 0.0816614479 0.100000001 0.0780000016 0.0520000011
v -0.0392237455 0.367656201 0.0696761981 0.100000001 0.0780000016 0.0520000011
v -0.0412432626 0.354977459 0.0703987107 0.100000001 0.0780000016 0.0520000011
v -0.0419583395 0.351769716 0.0828305036 0.100000001 0.0780000016 0.0520000011
v -0.0852020755 0.354191244 0.08447548 0.100000001 0.0780000016 0.0520000011
v -0.0875115693 0.363062352 0.076452136 0.100000001 0.0780000016 0.0520000011
v -0.0842457786 0.359092891 0.0654076114 0.100000001 0.0780000016 0.0520000011
v -0.0799179226 0.347768635 0.0666050538 0.100000001 0.0780000016 0.0520000011
v -0.0805089474 0.344739258 0.0783896446 0.100000001 0.0780000016 0.0520000011
v -0.108894184 0.33478573 0.0713103637 0.100000001 0.0780000016 0.0520000011
v -0.110029921 0.336969316 0.0689881146 0.100000001 0.0780000016 0.0520000011
v -0.108681791 0.336117059 0.066003643 0.100000001 0.0780000016 0.0520000011
v -0.10671287 0.333406746 0.0664813891 0.100000001 0.0780000016 0.0520000011
v -0.106844127 0.332583904 0.0697611198 0.100000001 0.0780000016 0.0520000011
v -0.0143926311 0.342832446 0.075417392 0.100000001 0.0780000016 0.0520000011
v -0.10823258 0.334772557 0.0685089305 0.100000001 0.0780000016 0.0520000011
v -0.0130987782 0.213874504 0.0915208235 0.100000001 0.0780000016 0.0520000011
v -0.0142823085 0.219143942 0.0874421597 0.100000001 0.0780000016 0.0520000011
v -0.0132314842 0.217131168 0.0810665712 0.100000001 0.0780000016 0.0520000011
v -0.011398511 0.210617825 0.0812049136 0.100000001 0.0780000016 0.0520000011
v -0.0113164922 0.208605066 0.08766599 0.100000001 0.0780000016 0.0520000011
v -0.0441668145 0.205199957 0.0903144702 0.100000001 0.0780000016 0.0520000011
v -0.0427722782 0.211757153 0.0857301429 0.100000001 0.0780000016 0.0520000011
v -0.0419382825 0.209306329 0.0780324116 0.100000001 0.0780000016 0.0520000011
v -0.0428173915 0.201234549 0.077859275 0.100000001 0.0780000016 0.0520000011
v -0.0441946983 0.198696703 0.0854500011 0.100000001 0.0780000016 0.0520000011
v -0.0854877234 0.221960559 0.0799421296 0.100000001 0.0780000016 0.0520000011
v -0.0832387432 0.22598739 0.0771064684 0.100000001 0.0780000016 0.0520000011
v -0.0829105973 0.224413022 0.0719365552 0.100000001 0.0780000016 0.0520000011
v -0.0849567652 0.219413236 0.0715770423 0.100000001 0.0780000016 0.0520000011
v -0.086549513 0.21789749 0.0765247643 0.100000001 0.0780000016 0.0520000011
v -0.103261389 0.230574444 0.0730952099 0.100000001 0.0780000016 0.0520000011
v -0.10266494 0.231565863 0.0723928064 0.100000001 0.0780000016 0.0520000011
v -0.102602333 0.231180921 0.0710966289 0.100000001 0.0780000016 0.0520000011
v -0.103160106 0.229951635 0.0709979683 0.100000001 0.0780000016 0.0520000011
v -0.103567421 0.229576707 0.0722331777 0.100000001 0.0780000016 0.0520000011
v -0.0126655148 0.213874504 0.0857800916 0.100000001 0.0780000016 0.0520000011
v -0.103051238 0.230569914 0.0719631538 0.100000001 0.0780000016 0.0520000011
v 0.0575705245 0.345135242 0.0679332241 0.689999998 0.620000005 0.469999999
v 0.0705595613 0.342797726 0.0679332241 0.689999998 0.620000005 0.469999999
v 0.0680788755 0.342797726 0.0713101402 0.689999998 0.620000005 0.469999999
v 0.0615843572 0.342797726 0.0733971819 0.689999998 0.620000005 0.469999999
v 0.0535566881 0.342797726 0.0733971819 0.689999998 0.620000005 0.469999999
v 0.0470621735 0.342797726 0.0713101402 0.689999998 0.620000005 0.469999999
v 0.0445814915 0.342797726 0.0679332241 0.689999998 0.620000005 0.469999999
v 0.0470621735 0.342797726 0.0645563006 0.689999998 0.620000005 0.469999999
v 0.0535566881 0.342797726 0.0624692552 0.689999998 0.620000005 0.469999999
v 0.0615843572 0.342797726 0.0624692552 0.689999998 0.620000005 0.469999999
v 0.0680788755 0.342797726 0.0645563006 0.689999998 0.620000005 0.469999999
v 0.0809759572 0.336248159 0.0679332241 0.689999998 0.620000005 0.469999999
v 0.0765059143 0.336248159 0.0740182102 0.689999998 0.620000005 0.469999999
v 0.064803198 0.336248159 0.0777789503 0.689999998 0.620000005 0.469999999
v 0.0503378473 0.336248159 0.0777789503 0.689999998 0.620000005 0.469999999
v 0.0386351347 0.336248159 0.0740182102 0.689999998 0.620000005 0.469999999
v 0.0341650918 0.336248159 0.0679332241 0.689999998 0.620000005 0.469999999
v 0.0386351347 0.336248159 0.0618482307 0.689999998 0.620000005 0.469999999
v 0.0503378473 0.336248159 0.0580875017 0.689999998 0.620000005 0.469999999
v 0.064803198 0.336248159 0.0580875017 0.689999998 0.620000005 0.469999999
v 0.0765059143 0.336248159 0.0618482307 0.689999998 0.620000005 0.469999999
v 0.0867566168 0.326783687 0.0679332241 0.689999998 0.620000005 0.469999999
v 0.0811825693 0.326783687 0.0755210742 0.689999998 0.620000005 0.469999999
v 0.0665895194 0.326783687 0.080210641 0.689999998 0.620000005 0.469999999
v 0.0485515259 0.326783687 0.080210641 0.689999998 0.620000005 0.469999999
v 0.0339584723 0.326783687 0.0755210742 0.689999998 0.620000005 0.469999999
v 0.0283844247 0.326783687 0.0679332241 0.689999998 0.620000005 0.469999999
v 0.0339584723 0.326783687 0.0603453666 0.689999998 0.620000005 0.469999999
v 0.0485515259 0.326783687 0.0556558073 0.689999998 0.620000005 0.469999999
v 0.0665895194 0.326783687 0.0556558073 0.689999998 0.620000005 0.469999999
v 0.0811825693 0.326783687 0.0603453666 0.689999998 0.620000005 0.469999999
v 0.0867566168 0.316278994 0.0679332241 0.689999998 0.620000005 0.469999999
v 0.0811825693 0.316278994 0.0755210742 0.689999998 0.620000005 0.469999999
v 0.0665895194 0.316278994 0.080210641 0.689999998 0.620000005 0.469999999
v 0.0485515259 0.316278994 0.080210641 0.689999998 0.620000005 0.469999999
v 0.0339584723 0.316278994 0.0755210742 0.689999998 0.620000005 0.469999999
v 0.0283844247 0.316278994 0.0679332241 0.689999998 0.620000005 0.469999999
v 0.0339584723 0.316278994 0.0603453666 0.689999998 0.620000005 0.469999999
v 0.0485515259 0.316278994 0.0556558073 0.689999998 0.620000005 0.469999999
v 0.0665895194 0.316278994 0.0556558073 0.689999998 0.620000005 0.469999999
v 0.0811825693 0.316278994 0.0603453666 0.689999998 0.620000005 0.469999999
v 0.0809759572 0.306814522 0.0679332241 0.689999998 0.620000005 0.469999999
v 0.0765059143 0.306814522 0.0740182102 0.689999998 0.620000005 0.469999999
v 0.064803198 0.306814522 0.0777789503 0.689999998 0.620000005 0.469999999
v 0.0503378473 0.306814522 0.0777789503 0.689999998 0.620000005 0.469999999
v 0.0386351347 0.306814522 0.0740182102 0.689999998 0.620000005 0.469999999
v 0.0341650918 0.306814522 0.0679332241 0.689999998 0.620000005 0.469999999
v 0.0386351347 0.306814522 0.0618482307 0.689999998 0.620000005 0.469999999
v 0.0503378473 0.306814522 0.0580875017 0.689999998 0.620000005 0.469999999
v 0.064803198 0.306814522 0.0580875017 0.689999998 0.620000005 0.469999999
v 0.0765059143 0.306814522 0.0618482307 0.689999998 0.620000005 0.469999999
v 0.0705595613 0.300264925 0.0679332241 0.689999998 0.620000005 0.469999999
v 0.0680788755 0.300264925 0.0713101402 0.689999998 0.620000005 0.469999999
v 0.0615843572 0.300264925 0.0733971819 0.689999998 0.620000005 0.469999999
v 0.0535566881 0.300264925 0.0733971819 0.689999998 0.620000005 0.469999999
v 0.0470621735 0.300264925 0.0713101402 0.689999998 0.620000005 0.469999999
v 0.0445814915 0.300264925 0.0679332241 0.689999998 0.620000005 0.469999999
v 0.0470621735 0.300264925 0.0645563006 0.689999998 0.620000005 0.469999999
v 0.0535566881 0.300264925 0.0624692552 0.689999998 0.620000005 0.469999999
v 0.0615843572 0.300264925 0.0624692552 0.689999998 0.620000005 0.469999999
v 0.0680788755 0.300264925 0.0645563006 0.689999998 0.620000005 0.469999999
v 0.0575705245 0.297927409 0.0679332241 0.689999998 0.620000005 0.469999999
v 0.0575705245 0.335348278 0.079447329 0.100000001 0.0780000016 0.0520000011
v 0.0641911328 0.33334288 0.079447329 0.100000001 0.0780000016 0.0520000011
v 0.0622520037 0.33334288 0.0814827532 0.100000001 0.0780000016 0.0520000011
v 0.0575705245 0.33334288 0.0823258534 0.100000001 0.0780000016 0.0520000011
v 0.0528890453 0.33334288 0.0814827532 0.100000001 0.0780000016 0.0520000011
v 0.0509499125 0.33334288 0.079447329 0.100000001 0.0780000016 0.0520000011
v 0.0528890453 0.33334288 0.0774118975 0.100000001 0.0780000016 0.0520000011
v 0.0575705245 0.33334288 0.0765688047 0.100000001 0.0780000016 0.0520000011
v 0.0622520037 0.33334288 0.0774118975 0.100000001 0.0780000016 0.0520000011
v 0.0690377578 0.32786411 0.079447329 0.100000001 0.0780000016 0.0520000011
v 0.0656790882 0.32786411 0.0829727873 0.100000001 0.0780000016 0.0520000011
v 0.0575705245 0.32786411 0.0844330862 0.100000001 0.0780000016 0.0520000011
v 0.0494619645 0.32786411 0.0829727873 0.100000001 0.0780000016 0.0520000011
v 0.0461032912 0.32786411 0.079447329 0.100000001 0.0780000016 0.0520000011
v 0.0494619645 0.32786411 0.0759218708 0.100000001 0.0780000016 0.0520000011
v 0.0575705245 0.32786411 0.0744615719 0.100000001 0.0780000016 0.0520000011
v 0.0656790882 0.32786411 0.0759218708 0.100000001 0.0780000016 0.0520000011
v 0.0708117485 0.320379943 0.079447329 0.100000001 0.0780000016 0.0520000011
v 0.0669334829 0.320379943 0.0835181698 0.100000001 0.0780000016 0.0520000011
v 0.0575705245 0.320379943 0.0852043778 0.100000001 0.0780000016 0.0520000011
v 0.0482075661 0.320379943 0.0835181698 0.100000001 0.0780000016 0.0520000011
v 0.0443293042 0.320379943 0.079447329 0.100000001 0.0780000016 0.0520000011
v 0.0482075661 0.320379943 0.0753764734 0.100000001 0.0780000016 0.0520000011
v 0.0575705245 0.320379943 0.0736902654 0.100000001 0.0780000016 0.0520000011
v 0.0669334829 0.320379943 0.0753764734 0.100000001 0.0780000016 0.0520000011
v 0.0690377578 0.312895775 0.079447329 0.100000001 0.0780000016 0.0520000011
v 0.0656790882 0.312895775 0.0829727873 0.100000001 0.0780000016 0.0520000011
v 0.0575705245 0.312895775 0.0844330862 0.100000001 0.0780000016 0.0520000011
v 0.0494619645 0.312895775 0.0829727873 0.100000001 0.0780000016 0.0520000011
v 0.0461032912 0.312895775 0.079447329 0.100000001 0.0780000016 0.0520000011
v 0.0494619645 0.312895775 0.0759218708 0.100000001 0.0780000016 0.0520000011
v 0.0575705245 0.312895775 0.0744615719 0.100000001 0.0780000016 0.0520000011
v 0.0656790882 0.312895775 0.0759218708 0.100000001 0.0780000016 0.0520000011
v 0.0641911328 0.307417005 0.079447329 0.100000001 0.0780000016 0.0520000011
v 0.0622520037 0.307417005 0.0814827532 0.100000001 0.0780000016 0.0520000011
v 0.0575705245 0.307417005 0.0823258534 0.100000001 0.0780000016 0.0520000011
v 0.0528890453 0.307417005 0.0814827532 0.100000001 0.0780000016 0.0520000011
v 0.0509499125 0.307417005 0.079447329 0.100000001 0.0780000016 0.0520000011
v 0.0528890453 0.307417005 0.0774118975 0.100000001 0.0780000016 0.0520000011
v 0.0575705245 0.307417005 0.0765688047 0.100000001 0.0780000016 0.0520000011
v 0.0622520037 0.307417005 0.0774118975 0.100000001 0.0780000016 0.0520000011
v 0.0575705245 0.305411577 0.079447329 0.100000001 0.0780000016 0.0520000011
v 0.0153817665 0.342832446 0.0679988712 0.100000001 0.0780000016 0.0520000011
v 0.0105498787 0.348589987 0.072571829 0.100000001 0.0780000016 0.0520000011
v 0.011028544 0.346390754 0.0810772404 0.100000001 0.0780000016 0.0520000011
v 0.0161562636 0.339274168 0.0817609429 0.100000001 0.0780000016 0.0520000011
v 0.0188467018 0.337074935 0.0736780688 0.100000001 0.0780000016 0.0520000011
v 0.0402179547 0.361195505 0.0679519847 0.100000001 0.0780000016 0.0520000011
v 0.0386403911 0.371891737 0.0749127418 0.100000001 0.0780000016 0.0520000011
v 0.0393554717 0.368683994 0.0873445347 0.100000001 0.0780000016 0.0520000011
v 0.0413749851 0.356005251 0.0880670473 0.100000001 0.0780000016 0.0520000011
v 0.0419080257 0.351377159 0.07608179 0.100000001 0.0780000016 0.0520000011
v 0.0817524344 0.35335055 0.0640564933 0.100000001 0.0780000016 0.0520000011
v 0.0864455625 0.362802535 0.0701423287 0.100000001 0.0780000016 0.0520000011
v 0.0870365947 0.359773159 0.0819269121 0.100000001 0.0780000016 0.0520000011
v 0.0827087387 0.348448873 0.0831243545 0.100000001 0.0780000016 0.0520000011
v 0.0794429481 0.344479442 0.0720798373 0.100000001 0.0780000016 0.0520000011
v 0.107570976 0.334759384 0.0657074898 0.100000001 0.0780000016 0.0520000011
v 0.109621033 0.33696121 0.0672567338 0.100000001 0.0780000016 0.0520000011
v 0.10975229 0.336138338 0.0705364645 0.100000001 0.0780000016 0.0520000011
v 0.107783362 0.333428025 0.0710142106 0.100000001 0.0780000016 0.0520000011
v 0.106435232 0.332575798 0.068029739 0.100000001 0.0780000016 0.0520000011
v 0.0143926311 0.342832446 0.075417392 0.100000001 0.0780000016 0.0520000011
v 0.10823258 0.334772557 0.0685089305 0.100000001 0.0780000016 0.0520000011
v 0.0122322524 0.213874504 0.0800393596 0.100000001 0.0780000016 0.0520000011
v 0.0140145374 0.219143942 0.0838941857 0.100000001 0.0780000016 0.0520000011
v 0.0139325187 0.217131168 0.0903552547 0.100000001 0.0780000016 0.0520000011
v 0.0120995454 0.210617825 0.0904935896 0.100000001 0.0780000016 0.0520000011
v 0.0110487221 0.208605066 0.0841180235 0.100000001 0.0780000016 0.0520000011
v 0.042188976 0.20527792 0.076640062 0.100000001 0.0780000016 0.0520000011
v 0.0421610884 0.211781174 0.0815045089 0.100000001 0.0780000016 0.0520000011
v 0.0435383953 0.209243327 0.0890952498 0.100000001 0.0780000016 0.0520000011
v 0.0444175042 0.201171547 0.0889221132 0.100000001 0.0780000016 0.0520000011
v 0.0435835123 0.198720723 0.081224367 0.100000001 0.0780000016 0.0520000011
v 0.0837696195 0.221908122 0.0708926544 0.100000001 0.0780000016 0.0520000011
v 0.0827078223 0.225971192 0.0743100196 0.100000001 0.0780000016 0.0520000011
v 0.0843005702 0.224455446 0.0792577416 0.100000001 0.0780000016 0.0520000011
v 0.086346738 0.219455644 0.0788982213 0.100000001 0.0780000016 0.0520000011
v 0.0860185921 0.217881292 0.073728323 0.100000001 0.0780000016 0.0520000011
v 0.102841087 0.230565384 0.0708310977 0.100000001 0.0780000016 0.0520000011
v 0.102535062 0.231563121 0.0716931447 0.100000001 0.0780000016 0.0520000011
v 0.102942377 0.231188193 0.0729283392 0.100000001 0.0780000016 0.0520000011
v 0.103500143 0.229958907 0.0728296861 0.100000001 0.0780000016 0.0520000011
v 0.103437535 0.229573965 0.0715335086 0.100000001 0.0780000016 0.0520000011
v 0.0126655148 0.213874504 0.0857800916 0.100000001 0.0780000016 0.0520000011
v 0.103051238 0.230569914 0.0719631538 0.100000001 0.0780000016 0.0520000011
v -0.0128727695 0.199481815 0.0480138175 0.531000018 0.463499993 0.328500003
v 0.0128727695 0.199481815 0.0480138175 0.56308496 0.491506398 0.348349184
v 0.0207944736 0.199481815 0.0559355207 0.472714365 0.412623554 0.292441934
v 0.0207944736 0.199481815 0.0995049104 0.604796767 0.527915835 0.374153942
v 0.0128727695 0.199481815 0.107426614 0.455226332 0.397358567 0.281623065
v -0.0128727695 0.199481815 0.107426614 0.594853818 0.519236803 0.368002772
v -0.0207944736 0.199481815 0.0995049104 0.490776807 0.428389907 0.303616166
v -0.0207944736 0.199481815 0.0559355207 0.540215731 0.471544236 0.334201276
v -0.0149683366 0.208693117 0.043177899 0.60036844 0.524050415 0.371414363
v 0.0149683366 0.208693117 0.043177899 0.481682003 0.420451224 0.297989696
v 0.0241796188 0.208693117 0.0523891822 0.551222742 0.481152058 0.34101069
v 0.0241796188 0.208693117 0.103051245 0.543581367 0.47448203 0.336283386
v 0.0149683366 0.208693117 0.112262532 0.487921953 0.425897986 0.301850021
v -0.0149683366 0.208693117 0.112262532 0.596674263 0.520825863 0.369129002
v -0.0241796188 0.208693117 0.103051245 0.454774082 0.396963805 0.281343281
v -0.0241796188 0.208693117 0.0523891822 0.603797853 0.527043879 0.373535961
v -0.0149683366 0.320379943 0.043177899 0.59019345 0.515168846 0.365119666
v 0.0149683366 0.320379943 0.043177899 0.456831008 0.398759246 0.282615781
v 0.0241796188 0.320379943 0.0523891822 0.60654211 0.52943927 0.37523365
v 0.0241796188 0.320379943 0.103051245 0.467939138 0.408455372 0.289487779
v 0.0149683366 0.320379943 0.112262532 0.570014358 0.497554898 0.35263598
v -0.0149683366 0.320379943 0.112262532 0.523187339 0.456680477 0.323666751
v -0.0241796188 0.320379943 0.103051245 0.506178141 0.441833436 0.313144088
v -0.0241796188 0.320379943 0.0523891822 0.583904088 0.509679019 0.361228794
v -0.0128727695 0.329591244 0.0480138175 0.512142479 0.447039634 0.316833913
v 0.0128727695 0.329591244 0.0480138175 0.517028153 0.451304227 0.319856375
v 0.0207944736 0.329591244 0.0559355207 0.575238824 0.50211525 0.355868071
v 0.0207944736 0.329591244 0.0995049104 0.464607596 0.405547291 0.28742674
v 0.0128727695 0.329591244 0.107426614 0.607369721 0.530161738 0.375745684
v -0.0128727695 0.329591244 0.107426614 0.458659053 0.400354922 0.28374669
v -0.0207944736 0.329591244 0.0995049104 0.586044908 0.511547685 0.362553209
v -0.0207944736 0.329591244 0.0559355207 0.503346264 0.439361542 0.311392158
v 0 0.199481815 0.0777202174 0.589999974 0.514999986 0.36500001
v 0 0.329591244 0.0777202174 0.589999974 0.514999986 0.36500001
v -0.0172711574 0.215601563 0.106505468 0.100000001 0.0780000016 0.0520000011
v -0.0123861358 0.214084029 0.106505468 0.100000001 0.0780000016 0.0520000011
v -0.0148286456 0.214084029 0.109325826 0.100000001 0.0780000016 0.0520000011
v -0.0197136682 0.214084029 0.109325826 0.100000001 0.0780000016 0.0520000011
v -0.0221561771 0.214084029 0.106505468 0.100000001 0.0780000016 0.0520000011
v -0.0197136682 0.214084029 0.103685111 0.100000001 0.0780000016 0.0520000011
v -0.0148286456 0.214084029 0.103685111 0.100000001 0.0780000016 0.0520000011
v -0.010362694 0.210420251 0.106505468 0.100000001 0.0780000016 0.0520000011
v -0.0138169257 0.210420251 0.11049407 0.100000001 0.0780000016 0.0520000011
v -0.0207253881 0.210420251 0.11049407 0.100000001 0.0780000016 0.0520000011
v -0.0241796188 0.210420251 0.106505468 0.100000001 0.0780000016 0.0520000011
v -0.0207253881 0.210420251 0.102516867 0.100000001 0.0780000016 0.0520000011
v -0.0138169257 0.210420251 0.102516867 0.100000001 0.0780000016 0.0520000011
v -0.0123861358 0.206756473 0.106505468 0.100000001 0.0780000016 0.0520000011
v -0.0148286456 0.206756473 0.109325826 0.100000001 0.0780000016 0.0520000011
v -0.0197136682 0.206756473 0.109325826 0.100000001 0.0780000016 0.0520000011
v -0.0221561771 0.206756473 0.106505468 0.100000001 0.0780000016 0.0520000011
v -0.0197136682 0.206756473 0.103685111 0.100000001 0.0780000016 0.0520000011
v -0.0148286456 0.206756473 0.103685111 0.100000001 0.0780000016 0.0520000011
v -0.0172711574 0.205238938 0.106505468 0.100000001 0.0780000016 0.0520000011
v 0.0172711574 0.215601563 0.106505468 0.100000001 0.0780000016 0.0520000011
v 0.0221561771 0.214084029 0.106505468 0.100000001 0.0780000016 0.0520000011
v 0.0197136682 0.214084029 0.109325826 0.100000001 0.0780000016 0.0520000011
v 0.0148286456 0.214084029 0.109325826 0.100000001 0.0780000016 0.0520000011
v 0.0123861358 0.214084029 0.106505468 0.100000001 0.0780000016 0.0520000011
v 0.0148286456 0.214084029 0.103685111 0.100000001 0.0780000016 0.0520000011
v 0.0197136682 0.214084029 0.103685111 0.100000001 0.0780000016 0.0520000011
v 0.0241796188 0.210420251 0.106505468 0.100000001 0.0780000016 0.0520000011
v 0.0207253881 0.210420251 0.11049407 0.100000001 0.0780000016 0.0520000011
v 0.0138169257 0.210420251 0.11049407 0.100000001 0.0780000016 0.0520000011
v 0.010362694 0.210420251 0.106505468 0.100000001 0.0780000016 0.0520000011
v 0.0138169257 0.210420251 0.102516867 0.100000001 0.0780000016 0.0520000011
v 0.0207253881 0.210420251 0.102516867 0.100000001 0.0780000016 0.0520000011
v 0.0221561771 0.206756473 0.106505468 0.100000001 0.0780000016 0.0520000011
v 0.0197136682 0.206756473 0.109325826 0.100000001 0.0780000016 0.0520000011
v 0.0148286456 0.206756473 0.109325826 0.100000001 0.0780000016 0.0520000011
v 0.0123861358 0.206756473 0.106505468 0.100000001 0.0780000016 0.0520000011
v 0.0148286456 0.206756473 0.103685111 0.100000001 0.0780000016 0.0520000011
v 0.0197136682 0.206756473 0.103685111 0.100000001 0.0780000016 0.0520000011
v 0.0172711574 0.205238938 0.106505468 0.100000001 0.0780000016 0.0520000011
v -0.0720875114 0.144214138 0.0625676438 0.0900000036 0.0702000037 0.0467999987
v 0.0720875114 0.144214138 0.0625676438 0.0954381302 0.0744417459 0.0496278293
v 0.0747610778 0.144214138 0.0652412251 0.0801210776 0.0624944419 0.0416629612
v 0.0747610778 0.144214138 0.0717766285 0.102507927 0.0799561813 0.0533041209
v 0.0720875114 0.144214138 0.0744502172 0.0771570057 0.0601824634 0.040121641
v -0.0720875114 0.144214138 0.0744502172 0.10082268 0.0786416903 0.0524277911
v -0.0747610778 0.144214138 0.0717766285 0.0831825063 0.0648823529 0.0432549044
v -0.0747610778 0.144214138 0.0652412251 0.091561988 0.0714183524 0.047612235
v -0.0838226825 0.147322953 0.0616004691 0.101757355 0.0793707371 0.052913826
v 0.0838226825 0.147322953 0.0616004691 0.0816410184 0.0636799932 0.04245333
v 0.0869314894 0.147322953 0.064709276 0.0934275836 0.0728735179 0.0485823415
v 0.0869314894 0.147322953 0.072308585 0.0921324342 0.0718633011 0.0479088649
v 0.0838226825 0.147322953 0.075417392 0.0826986358 0.0645049363 0.0430032909
v -0.0838226825 0.147322953 0.075417392 0.101131231 0.078882359 0.0525882393
v -0.0869314894 0.147322953 0.072308585 0.0770803541 0.0601226725 0.0400817841
v -0.0869314894 0.147322953 0.064709276 0.10233862 0.0798241198 0.0532160811
v -0.0838226825 0.188313141 0.0616004691 0.100032784 0.078025572 0.052017048
v 0.0838226825 0.188313141 0.0616004691 0.0774289817 0.0603946075 0.0402630717
v 0.0869314894 0.188313141 0.064709276 0.102803744 0.0801869184 0.0534579456
v 0.0869314894 0.188313141 0.072308585 0.079311721 0.061863143 0.0412420966
v 0.0838226825 0.188313141 0.075417392 0.0966126025 0.0753578246 0.0502385497
v -0.0838226825 0.188313141 0.075417392 0.0886758193 0.0691671446 0.0461114272
v -0.0869314894 0.188313141 0.072308585 0.0857928991 0.0669184625 0.0446123108
v -0.0869314894 0.188313141 0.064709276 0.0989667922 0.0771941021 0.0514627323
v -0.0720875114 0.191421971 0.0625676438 0.0868038163 0.0677069724 0.0451379828
v 0.0720875114 0.191421971 0.0625676438 0.0876318887 0.0683528706 0.0455685817
v 0.0747610778 0.191421971 0.0652412251 0.097498104 0.0760485232 0.0506990142
v 0.0747610778 0.191421971 0.0717766285 0.078747049 0.0614226982 0.0409484655
v 0.0720875114 0.191421971 0.0744502172 0.102944024 0.0802963376 0.0535308905
v -0.0720875114 0.191421971 0.0744502172 0.0777388215 0.060636282 0.0404241867
v -0.0747610778 0.191421971 0.0717766285 0.0993296504 0.0774771273 0.0516514182
v -0.0747610778 0.191421971 0.0652412251 0.0853129253 0.0665440783 0.0443627201
v 0 0.144214138 0.0685089305 0.100000001 0.0780000016 0.0520000011
v 0 0.191421971 0.0685089305 0.100000001 0.0780000016 0.0520000011
v -0.0765918195 0.154576838 0.0717789307 0.547109306 0.491605461 0.372668654
v -0.0627288446 0.154576838 0.0717789307 0.709388614 0.637421668 0.483206749
v -0.0607484169 0.154576838 0.0737593547 0.534323812 0.480117023 0.3639597
v -0.0607484169 0.154576838 0.0816810578 0.69006747 0.620060623 0.470045954
v -0.0627288446 0.154576838 0.0836614966 0.582208097 0.52314353 0.396576554
v -0.0765918195 0.154576838 0.0836614966 0.622401893 0.559259653 0.423954904
v -0.0785722509 0.154576838 0.0816810578 0.657245219 0.590568125 0.447688758
v -0.0785722509 0.154576838 0.0737593547 0.553755045 0.497576982 0.377195448
v -0.07772021 0.156879663 0.070811756 0.635467947 0.571000159 0.43285495
v -0.0616004616 0.156879663 0.070811756 0.644890606 0.579466879 0.439273298
v -0.0592976399 0.156879663 0.0731145665 0.563132405 0.506003022 0.38358295
v -0.0592976399 0.156879663 0.0823258534 0.702231765 0.630990863 0.478331804
v -0.0616004616 0.156879663 0.0846286789 0.531301856 0.477401674 0.361901253
v -0.07772021 0.156879663 0.0846286789 0.702714026 0.631424189 0.478660256
v -0.080023028 0.156879663 0.0823258534 0.562256396 0.505215883 0.382986248
v -0.080023028 0.156879663 0.0731145665 0.64599973 0.580463529 0.440028787
v -0.07772021 0.17875649 0.070811756 0.707236469 0.635487795 0.481740773
v -0.0616004616 0.17875649 0.070811756 0.552997708 0.496896476 0.376679599
v -0.0592976399 0.17875649 0.0731145665 0.658296645 0.591512918 0.448404968
v -0.0592976399 0.17875649 0.0823258534 0.621249199 0.558223903 0.423169732
v -0.0616004616 0.17875649 0.0846286789 0.583250701 0.524080336 0.397286713
v -0.07772021 0.17875649 0.0846286789 0.689326286 0.6193946 0.469541073
v -0.080023028 0.17875649 0.0823258534 0.534627736 0.480390131 0.364166707
v -0.080023028 0.17875649 0.0731145665 0.709577739 0.637591541 0.483335555
v -0.0765918195 0.181059286 0.0717789307 0.680119336 0.611121714 0.463269681
v -0.0627288446 0.181059286 0.0717789307 0.539081693 0.484392256 0.367200583
v -0.0607484169 0.181059286 0.0737593547 0.710693538 0.63859421 0.484095603
v -0.0607484169 0.181059286 0.0816810578 0.539980829 0.485200197 0.367813051
v -0.0627288446 0.181059286 0.0836614966 0.67848593 0.609654009 0.462157071
v -0.0765918195 0.181059286 0.0836614966 0.597590148 0.536965072 0.407054156
v -0.0785722509 0.181059286 0.0816810578 0.606040478 0.544558108 0.412810177
v -0.0785722509 0.181059286 0.0737593547 0.671585381 0.603453517 0.457456708
v -0.0696603358 0.154576838 0.0777202174 0.689999998 0.620000005 0.469999999
v -0.0696603358 0.181059286 0.0777202174 0.689999998 0.620000005 0.469999999
v -0.0489579737 0.154576838 0.0717789307 0.571542501 0.513559937 0.389311582
v -0.0350949913 0.154576838 0.0717789307 0.697226465 0.626493335 0.474922359
v -0.0331145637 0.154576838 0.0737593547 0.531984448 0.478014976 0.362366199
v -0.0331145637 0.154576838 0.0816810578 0.706479371 0.634807527 0.481225073
v -0.0350949913 0.154576838 0.0836614966 0.554733634 0.498456299 0.377862036
v -0.0489579737 0.154576838 0.0836614966 0.65590018 0.589359581 0.446772605
v -0.0509383976 0.154576838 0.0816810578 0.623866618 0.560575783 0.424952626
v -0.0509383976 0.154576838 0.0737593547 0.580892324 0.521961212 0.395680249
v -0.050086353 0.156879663 0.070811756 0.667578757 0.599853396 0.45472759
v -0.0339666083 0.156879663 0.070811756 0.610760033 0.548798859 0.416024953
v -0.0316637866 0.156879663 0.0731145665 0.593023181 0.532861412 0.4039433
v -0.0316637866 0.156879663 0.0823258534 0.682062745 0.612867951 0.46459347
v -0.0339666083 0.156879663 0.0846286789 0.538050175 0.483465374 0.366497964
v -0.050086353 0.156879663 0.0846286789 0.71062398 0.638531685 0.484048247
v -0.0523891747 0.156879663 0.0823258534 0.541138709 0.486240596 0.368601739
v -0.0523891747 0.156879663 0.0731145665 0.6764521 0.607826531 0.46077171
v -0.050086353 0.17875649 0.070811756 0.710204065 0.638154387 0.483762205
v -0.0339666083 0.17875649 0.070811756 0.536035597 0.48165518 0.365125686
v -0.0316637866 0.17875649 0.0731145665 0.686142385 0.616533756 0.467372358
v -0.0316637866 0.17875649 0.0823258534 0.587626636 0.528012335 0.400267422
v -0.0339666083 0.17875649 0.0846286789 0.616483688 0.553941846 0.419923663
v -0.050086353 0.17875649 0.0846286789 0.662577689 0.595359683 0.451321065
v -0.0523891747 0.17875649 0.0823258534 0.549986184 0.494190484 0.374628276
v -0.0523891747 0.17875649 0.0731145665 0.708426058 0.636556745 0.482551068
v -0.0489579737 0.181059286 0.0717789307 0.650540769 0.584543884 0.443122
v -0.0350949913 0.181059286 0.0717789307 0.558738172 0.502054572 0.380589783
v -0.0331145637 0.181059286 0.0737593547 0.704564095 0.633086622 0.479920477
v -0.0331145637 0.181059286 0.0816810578 0.531459153 0.477542996 0.362008393
v -0.0350949913 0.181059286 0.0836614966 0.700095952 0.629071712 0.476876944
v -0.0489579737 0.181059286 0.0836614966 0.566855073 0.509348035 0.38611868
v -0.0509383976 0.181059286 0.0816810578 0.640263796 0.575309515 0.436121702
v -0.0509383976 0.181059286 0.0737593547 0.640150309 0.575207472 0.436044395
v -0.0420264825 0.154576838 0.0777202174 0.689999998 0.620000005 0.469999999
v -0.0420264825 0.181059286 0.0777202174 0.689999998 0.620000005 0.469999999
v -0.0213241223 0.154576838 0.0717789307 0.603179336 0.54198724 0.410861313
v -0.00746113993 0.154576838 0.0717789307 0.673961639 0.605588734 0.459075332
v -0.00548071414 0.154576838 0.0737593547 0.542610407 0.487562984 0.3696042
v -0.00548071414 0.154576838 0.0816810578 0.710440934 0.638367236 0.483923554
v -0.00746113993 0.154576838 0.0836614966 0.536911011 0.482441783 0.365722001
v -0.0213241223 0.154576838 0.0836614966 0.684315205 0.614891887 0.466127723
v -0.0233045463 0.154576838 0.0816810578 0.590070486 0.53020829 0.401932091
v -0.0233045463 0.154576838 0.0737593547 0.613871336 0.551594555 0.418144256
v -0.0224525053 0.156879663 0.070811756 0.692905307 0.622610569 0.471978992
v -0.00633275742 0.156879663 0.070811756 0.578120947 0.51947099 0.39379254
v -0.00402993709 0.156879663 0.0731145665 0.626988828 0.563381255 0.42707935
v -0.00402993709 0.156879663 0.0823258534 0.652999759 0.586753368 0.44479692
v -0.00633275742 0.156879663 0.0846286789 0.556880414 0.500385284 0.379324317
v -0.0224525053 0.156879663 0.0846286789 0.70547998 0.633909583 0.480544358
v -0.0247553233 0.156879663 0.0823258534 0.531653106 0.47771728 0.362140536
v -0.0247553233 0.156879663 0.0731145665 0.698827684 0.627932131 0.476013064
v -0.0224525053 0.17875649 0.070811756 0.700178862 0.629146218 0.47693342
v -0.00633275742 0.17875649 0.070811756 0.531448841 0.477533728 0.362001359
v -0.00402993709 0.17875649 0.0731145665 0.70449996 0.633028924 0.479876786
v -0.00402993709 0.17875649 0.0823258534 0.55886507 0.502168596 0.38067621
v -0.00633275742 0.17875649 0.0846286789 0.650374472 0.584394455 0.443008691
v -0.0224525053 0.17875649 0.0846286789 0.629773259 0.565883219 0.428975999
v -0.0247553233 0.17875649 0.0823258534 0.575688004 0.51728487 0.392135322
v -0.0247553233 0.17875649 0.0731145665 0.694540501 0.624079883 0.473092824
v -0.0213241223 0.181059286 0.0717789307 0.616659582 0.554099917 0.420043468
v -0.00746113993 0.181059286 0.0717789307 0.58746326 0.527865529 0.40015614
v -0.00548071414 0.181059286 0.0737593547 0.686263323 0.616642416 0.467454731
v -0.00548071414 0.181059286 0.0816810578 0.535979271 0.481604576 0.36508736
v -0.00746113993 0.181059286 0.0836614966 0.710185409 0.638137579 0.483749479
v -0.0213241223 0.181059286 0.0836614966 0.544006407 0.488817334 0.370555073
v -0.0233045463 0.181059286 0.0816810578 0.671681285 0.603539705 0.457522035
v -0.0233045463 0.181059286 0.0737593547 0.605925918 0.544455171 0.412732124
v -0.0143926311 0.154576838 0.0777202174 0.689999998 0.620000005 0.469999999
v -0.0143926311 0.181059286 0.0777202174 0.689999998 0.620000005 0.469999999
v 0.00630972907 0.154576838 0.0717789307 0.637411833 0.572746873 0.434179068
v 0.0201727096 0.154576838 0.0717789307 0.642982841 0.577752709 0.437973827
v 0.0221531373 0.154576838 0.0737593547 0.564654112 0.507370353 0.384619474
v 0.0221531373 0.154576838 0.0816810578 0.701375186 0.630221188 0.477748305
v 0.0201727096 0.154576838 0.0836614966 0.531336248 0.477432549 0.361924678
v 0.00630972907 0.154576838 0.0836614966 0.703508139 0.632137716 0.479201198
v 0.00432930375 0.154576838 0.0816810578 0.560779393 0.503888726 0.381980151
v 0.00432930375 0.154576838 0.0737593547 0.64788872 0.58216089 0.441315502
v 0.00518134702 0.156879663 0.070811756 0.707758605 0.635957003 0.482096434
v 0.0213010944 0.156879663 0.070811756 0.551727355 0.495754987 0.375814259
v 0.0236039143 0.156879663 0.0731145665 0.660082221 0.593117356 0.449621201
v 0.0236039143 0.156879663 0.0823258534 0.619275868 0.556450784 0.421825618
v 0.0213010944 0.156879663 0.0846286789 0.585049808 0.525696933 0.398512185
v 0.00518134702 0.156879663 0.0846286789 0.688031256 0.618230999 0.468658954
v 0.00287852669 0.156879663 0.0823258534 0.535181105 0.480887383 0.364543647
v 0.00287852669 0.156879663 0.0731145665 0.709867418 0.637851894 0.483532906
v 0.00518134702 0.17875649 0.070811756 0.678620994 0.609775364 0.4622491
v 0.0213010944 0.17875649 0.070811756 0.539905429 0.485132426 0.367761672
v 0.0236039143 0.17875649 0.0731145665 0.710695505 0.638595939 0.484096944
v 0.0236039143 0.17875649 0.0823258534 0.539153576 0.484456867 0.367249548
v 0.0213010944 0.17875649 0.0846286789 0.679986775 0.611002624 0.46317941
v 0.00518134702 0.17875649 0.0846286789 0.595690966 0.535258532 0.405760497
v 0.00287852669 0.17875649 0.0823258534 0.607989669 0.54630959 0.4141379
v 0.00287852669 0.17875649 0.0731145665 0.669943631 0.601978302 0.456338406
v 0.00630972907 0.181059286 0.0717789307 0.583410501 0.524223924 0.397395581
v 0.0201727096 0.181059286 0.0717789307 0.621073067 0.558065653 0.423049778
v 0.0221531373 0.181059286 0.0737593547 0.658456743 0.591656744 0.448514014
v 0.0221531373 0.181059286 0.0816810578 0.552882969 0.496793389 0.376601458
v 0.0201727096 0.181059286 0.0836614966 0.707284749 0.635531247 0.481773674
v 0.00630972907 0.181059286 0.0836614966 0.532372057 0.478363276 0.362630218
v 0.00432930375 0.181059286 0.0816810578 0.695716918 0.625136971 0.473894149
v 0.00432930375 0.181059286 0.0737593547 0.573897123 0.515675664 0.390915424
v 0.0132412203 0.154576838 0.0777202174 0.689999998 0.620000005 0.469999999
v 0.0132412203 0.181059286 0.0777202174 0.689999998 0.620000005 0.469999999
v 0.0339435823 0.154576838 0.0717789307 0.669253886 0.601358533 0.455868572
v 0.047806561 0.154576838 0.0717789307 0.60880214 0.547039628 0.414691329
v 0.0497869886 0.154576838 0.0737593547 0.594904721 0.534552097 0.405224949
v 0.0497869886 0.154576838 0.0816810578 0.680602551 0.611555874 0.463598818
v 0.047806561 0.154576838 0.0836614966 0.53882122 0.484158218 0.36702317
v 0.0339435823 0.154576838 0.0836614966 0.710683525 0.63858521 0.484088778
v 0.0319631547 0.154576838 0.0816810578 0.54025954 0.485450625 0.368002892
v 0.0319631547 0.154576838 0.0737593547 0.677989662 0.609208107 0.461819053
v 0.0328151993 0.156879663 0.070811756 0.709975243 0.637948811 0.483606339
v 0.048934944 0.156879663 0.070811756 0.535423458 0.481105149 0.364708751
v 0.0512377657 0.156879663 0.0731145665 0.687483132 0.617738485 0.46828562
v 0.0512377657 0.156879663 0.0823258534 0.585803151 0.526373863 0.399025351
v 0.048934944 0.156879663 0.0846286789 0.61845547 0.555713654 0.421266794
v 0.0328151993 0.156879663 0.0846286789 0.660819173 0.593779564 0.450123221
v 0.0305123795 0.156879663 0.0823258534 0.551208913 0.495289147 0.375461131
v 0.0305123795 0.156879663 0.0731145665 0.707963407 0.636141002 0.482235938
v 0.0328151993 0.17875649 0.070811756 0.648670495 0.582863331 0.44184801
v 0.048934944 0.17875649 0.070811756 0.56017369 0.503344476 0.381567597
v 0.0512377657 0.17875649 0.0731145665 0.703826606 0.632423937 0.479418129
v 0.0512377657 0.17875649 0.0823258534 0.531363308 0.477456897 0.361943126
v 0.048934944 0.17875649 0.0846286789 0.701007485 0.6298908 0.477497846
v 0.0328151993 0.17875649 0.0846286789 0.565294981 0.507946193 0.385055989
v 0.0305123795 0.17875649 0.0823258534 0.642186344 0.577036977 0.437431276
v 0.0305123795 0.17875649 0.0731145665 0.638217926 0.573471129 0.434728146
v 0.0339435823 0.181059286 0.0717789307 0.555636466 0.499267578 0.378477037
v 0.047806561 0.181059286 0.0717789307 0.654672265 0.58825624 0.445936173
v 0.0497869886 0.181059286 0.0737593547 0.62519443 0.561768949 0.425857097
v 0.0497869886 0.181059286 0.0816810578 0.579708099 0.52089715 0.394873649
v 0.047806561 0.181059286 0.0836614966 0.691816449 0.621632159 0.471237302
v 0.0339435823 0.181059286 0.0836614966 0.533646643 0.479508549 0.36349842
v 0.0319631547 0.181059286 0.0816810578 0.708869815 0.6369555 0.482853353
v 0.0319631547 0.181059286 0.0737593547 0.548728943 0.493060797 0.373771906
v 0.0408750735 0.154576838 0.0777202174 0.689999998 0.620000005 0.469999999
v 0.0408750735 0.181059286 0.0777202174 0.689999998 0.620000005 0.469999999
v 0.0615774319 0.154576838 0.0717789307 0.694067597 0.623654902 0.472770661
v 0.0754404142 0.154576838 0.0717789307 0.576398134 0.517922997 0.392619014
v 0.0774208382 0.154576838 0.0737593547 0.628956199 0.565149069 0.428419441
v 0.0774208382 0.154576838 0.0816810578 0.651148617 0.585090041 0.443535984
v 0.0754404142 0.154576838 0.0836614966 0.558275819 0.501639128 0.380274832
v 0.0615774319 0.154576838 0.0836614966 0.704796255 0.633295178 0.480078608
v 0.0595970079 0.154576838 0.0816810578 0.531499803 0.477579534 0.362036109
v 0.0595970079 0.154576838 0.0737593547 0.699789882 0.628796756 0.476668477
v 0.0604490526 0.156879663 0.070811756 0.699232399 0.628295779 0.476288736
v 0.0765687972 0.156879663 0.070811756 0.531584084 0.477655292 0.362093508
v 0.0788716152 0.156879663 0.0731145665 0.705200613 0.633658528 0.480354041
v 0.0788716152 0.156879663 0.0823258534 0.55745697 0.500903368 0.379717052
v 0.0765687972 0.156879663 0.0846286789 0.652231812 0.586063325 0.444273829
v 0.0604490526 0.156879663 0.0846286789 0.627807379 0.564116776 0.427636892
v 0.0581462309 0.156879663 0.0823258534 0.577401996 0.518824935 0.393302798
v 0.0581462309 0.156879663 0.0731145665 0.693392873 0.623048663 0.472311109
v 0.0604490526 0.17875649 0.070811756 0.614689648 0.552329838 0.418701649
v 0.0765687972 0.17875649 0.070811756 0.589301527 0.529517293 0.401408285
v 0.0788716152 0.17875649 0.0731145665 0.684893847 0.615411818 0.466521889
v 0.0788716152 0.17875649 0.0823258534 0.536628842 0.482188255 0.365529805
v 0.0765687972 0.17875649 0.0846286789 0.710374892 0.638307869 0.483878553
v 0.0604490526 0.17875649 0.0846286789 0.543012619 0.487924367 0.369878143
v 0.0581462309 0.17875649 0.0823258534 0.673297107 0.604991615 0.458622694
v 0.0581462309 0.17875649 0.0731145665 0.603984356 0.542710602 0.411409646
v 0.0615774319 0.181059286 0.0717789307 0.537382841 0.482865751 0.366043389
v 0.0754404142 0.181059286 0.0717789307 0.683366954 0.614039898 0.465481848
v 0.0774208382 0.181059286 0.0737593547 0.59132123 0.531332135 0.40278402
v 0.0774208382 0.181059286 0.0816810578 0.612547517 0.550405025 0.417242497
v 0.0754404142 0.181059286 0.0836614966 0.666033566 0.598464906 0.453675032
v 0.0615774319 0.181059286 0.0836614966 0.547644496 0.492086351 0.373033196
v 0.0595970079 0.181059286 0.0816810578 0.709224224 0.637273908 0.483094752
v 0.0595970079 0.181059286 0.0737593547 0.53408736 0.479904562 0.363798618
v 0.0685089231 0.154576838 0.0777202174 0.689999998 0.620000005 0.469999999
v 0.0685089231 0.181059286 0.0777202174 0.689999998 0.620000005 0.469999999
v -0.00817905366 0.0843408108 0.090931125 0.100000001 0.0780000016 0.0520000011
v -0.0114134168 0.0863602683 0.087877579 0.100000001 0.0780000016 0.0520000011
v -0.00909210276 0.0843408108 0.0840832591 0.100000001 0.0780000016 0.0520000011
v -0.00585774053 0.0823213533 0.0871368274 0.100000001 0.0780000016 0.0520000011
v -0.0513680652 0.0236990396 0.0978442505 0.100000001 0.0780000016 0.0520000011
v -0.0550420508 0.0271451976 0.0937151462 0.100000001 0.0780000016 0.0520000011
v -0.0522588827 0.0240844619 0.0886842459 0.100000001 0.0780000016 0.0520000011
v -0.0485848971 0.0206383057 0.0928133726 0.100000001 0.0780000016 0.0520000011
v -0.0917764381 0.00072280498 0.0955477729 0.100000001 0.0780000016 0.0520000011
v -0.0953725055 0.00194708502 0.0924764648 0.100000001 0.0780000016 0.0520000011
v -0.0924492329 0.00100432278 0.088677913 0.100000001 0.0780000016 0.0520000011
v -0.0888531581 -0.000219957263 0.0917491987 0.100000001 0.0780000016 0.0520000011
v -0.0747314394 -0.0451372191 0.0938333198 0.100000001 0.0780000016 0.0520000011
v -0.0759141371 -0.0455935039 0.0928112939 0.100000001 0.0780000016 0.0520000011
v -0.0749519095 -0.0452485383 0.0915437788 0.100000001 0.0780000016 0.0520000011
v -0.0737692118 -0.0447922535 0.0925658047 0.100000001 0.0780000016 0.0520000011
v -0.00863557868 0.0843408108 0.0875072032 0.100000001 0.0780000016 0.0520000011
v -0.0748416781 -0.0451928787 0.092688553 0.100000001 0.0780000016 0.0520000011
v 0.00909210276 0.0843408108 0.0840832591 0.100000001 0.0780000016 0.0520000011
v 0.0114134168 0.0863602683 0.087877579 0.100000001 0.0780000016 0.0520000011
v 0.00817905366 0.0843408108 0.090931125 0.100000001 0.0780000016 0.0520000011
v 0.00585774053 0.0823213533 0.0871368274 0.100000001 0.0780000016 0.0520000011
v 0.0522588827 0.0240844619 0.0886842459 0.100000001 0.0780000016 0.0520000011
v 0.0550420508 0.0271451976 0.0937151462 0.100000001 0.0780000016 0.0520000011
v 0.0513680652 0.0236990396 0.0978442505 0.100000001 0.0780000016 0.0520000011
v 0.0485848971 0.0206383057 0.0928133726 0.100000001 0.0780000016 0.0520000011
v 0.0924492329 0.00100432278 0.088677913 0.100000001 0.0780000016 0.0520000011
v 0.0953725055 0.00194708502 0.0924764648 0.100000001 0.0780000016 0.0520000011
v 0.0917764381 0.00072280498 0.0955477729 0.100000001 0.0780000016 0.0520000011
v 0.0888531581 -0.000219957263 0.0917491987 0.100000001 0.0780000016 0.0520000011
v 0.0749519095 -0.0452485383 0.0915437788 0.100000001 0.0780000016 0.0520000011
v 0.0759141371 -0.0455935039 0.0928112939 0.100000001 0.0780000016 0.0520000011
v 0.0747314394 -0.0451372191 0.0938333198 0.100000001 0.0780000016 0.0520000011
v 0.0737692118 -0.0447922535 0.0925658047 0.100000001 0.0780000016 0.0520000011
v 0.00863557868 0.0843408108 0.0875072032 0.100000001 0.0780000016 0.0520000011
v 0.0748416781 -0.0451928787 0.092688553 0.100000001 0.0780000016 0.0520000011
v -0.143790901 -0.217904434 0.0702380314 0.100000001 0.0780000016 0.0520000011
v -0.144395813 -0.213554189 0.073404029 0.100000001 0.0780000016 0.0520000011
v -0.1443519 -0.215215832 0.0785568133 0.100000001 0.0780000016 0.0520000011
v -0.143719822 -0.22059305 0.0785754099 0.100000001 0.0780000016 0.0520000011
v -0.143373117 -0.222254679 0.073434107 0.100000001 0.0780000016 0.0520000011
v -0.0459689908 -0.20639649 0.0719638243 0.100000001 0.0780000016 0.0520000011
v -0.0462116785 -0.200920001 0.0759327635 0.100000001 0.0780000016 0.0520000011
v -0.0462398008 -0.203003317 0.0823718831 0.100000001 0.0780000016 0.0520000011
v -0.0460144877 -0.209767357 0.0823825598 0.100000001 0.0780000016 0.0520000011
v -0.0458471291 -0.211864471 0.0759500265 0.100000001 0.0780000016 0.0520000011
v 0.0459689721 -0.211575463 0.0719638243 0.100000001 0.0780000016 0.0520000011
v 0.0463604927 -0.206107587 0.0759327635 0.100000001 0.0780000016 0.0520000011
v 0.0463317931 -0.208190888 0.0823719054 0.100000001 0.0780000016 0.0520000011
v 0.0459225401 -0.214946315 0.0823825598 0.100000001 0.0780000016 0.0520000011
v 0.0456982963 -0.217038095 0.0759500042 0.100000001 0.0780000016 0.0520000011
v 0.143790975 -0.217903376 0.0702380314 0.100000001 0.0780000016 0.0520000011
v 0.14416711 -0.213533014 0.0734117851 0.100000001 0.0780000016 0.0520000011
v 0.144210458 -0.215203822 0.0785615966 0.100000001 0.0780000016 0.0520000011
v 0.143861115 -0.220606774 0.0785706192 0.100000001 0.0780000016 0.0520000011
v 0.143601865 -0.222275212 0.0734263659 0.100000001 0.0780000016 0.0520000011
v -0.143926308 -0.217904434 0.0748416781 0.100000001 0.0780000016 0.0520000011
v 0.143926308 -0.217904434 0.0748416781 0.100000001 0.0780000016 0.0520000011
vt 0.2764 0.302200019
vt 0.75999999 0.269999981
vt 0.72360003 0.302200019
vt 0.2764 0.302200019
vt 0.24000001 0.269999981
vt 0.75999999 0.269999981
vt 0.72360003 0.302200019
vt 0.840000033 0.349999994
vt 0.792400002 0.370999992
vt 0.72360003 0.302200019
vt 0.75999999 0.269999981
vt 0.840000033 0.349999994
vt 0.792400002 0.370999992
vt 0.840000033 0.649999976
vt 0.792400002 0.629000008
vt 0.792400002 0.370999992
vt 0.840000033 0.349999994
vt 0.840000033 0.649999976
vt 0.792400002 0.629000008
vt 0.75999999 0.730000019
vt 0.72360003 0.697799981
vt 0.792400002 0.629000008
vt 0.840000033 0.649999976
vt 0.75999999 0.730000019
vt 0.72360003 0.697799981
vt 0.24000001 0.730000019
vt 0.2764 0.697799981
vt 0.72360003 0.697799981
vt 0.75999999 0.730000019
vt 0.24000001 0.730000019
vt 0.2764 0.697799981
vt 0.159999996 0.649999976
vt 0.207599998 0.629000008
vt 0.2764 0.697799981
vt 0.24000001 0.730000019
vt 0.159999996 0.649999976
vt 0.207599998 0.629000008
vt 0.159999996 0.349999994
vt 0.207599998 0.370999992
vt 0.207599998 0.629000008
vt 0.159999996 0.649999976
vt 0.159999996 0.349999994
vt 0.207599998 0.370999992
vt 0.24000001 0.269999981
vt 0.2764 0.302200019
vt 0.207599998 0.370999992
vt 0.159999996 0.349999994
vt 0.24000001 0.269999981
vt 0.24000001 0.269999981
vt 0.75999999 0.269999981
vt 0.75999999 0.269999981
vt 0.24000001 0.269999981
vt 0.24000001 0.269999981
vt 0.75999999 0.269999981
vt 0.75999999 0.269999981
vt 0.840000033 0.349999994
vt 0.840000033 0.349999994
vt 0.75999999 0.269999981
vt 0.75999999 0.269999981
vt 0.840000033 0.349999994
vt 0.840000033 0.349999994
vt 0.840000033 0.649999976
vt 0.840000033 0.649999976
vt 0.840000033 0.349999994
vt 0.840000033 0.349999994
vt 0.840000033 0.649999976
vt 0.840000033 0.649999976
vt 0.75999999 0.730000019
vt 0.75999999 0.730000019
vt 0.840000033 0.649999976
vt 0.840000033 0.649999976
vt 0.75999999 0.730000019
vt 0.75999999 0.730000019
vt 0.24000001 0.730000019
vt 0.24000001 0.730000019
vt 0.75999999 0.730000019
vt 0.75999999 0.730000019
vt 0.24000001 0.730000019
vt 0.24000001 0.730000019
vt 0.159999996 0.649999976
vt 0.159999996 0.649999976
vt 0.24000001 0.730000019
vt 0.24000001 0.730000019
vt 0.159999996 0.649999976
vt 0.159999996 0.649999976
vt 0.159999996 0.349999994
vt 0.159999996 0.349999994
vt 0.159999996 0.649999976
vt 0.159999996 0.649999976
vt 0.159999996 0.349999994
vt 0.159999996 0.349999994
vt 0.24000001 0.269999981
vt 0.24000001 0.269999981
vt 0.159999996 0.349999994
vt 0.159999996 0.349999994
vt 0.24000001 0.269999981
vt 0.24000001 0.269999981
vt 0.72360003 0.302200019
vt 0.75999999 0.269999981
vt 0.24000001 0.269999981
vt 0.2764 0.302200019
vt 0.72360003 0.302200019
vt 0.75999999 0.269999981
vt 0.792400002 0.370999992
vt 0.840000033 0.349999994
vt 0.75999999 0.269999981
vt 0.72360003 0.302200019
vt 0.792400002 0.370999992
vt 0.840000033 0.349999994
vt 0.792400002 0.629000008
vt 0.840000033 0.649999976
vt 0.840000033 0.349999994
vt 0.792400002 0.370999992
vt 0.792400002 0.629000008
vt 0.840000033 0.649999976
vt 0.72360003 0.697799981
vt 0.75999999 0.730000019
vt 0.840000033 0.649999976
vt 0.792400002 0.629000008
vt 0.72360003 0.697799981
vt 0.75999999 0.730000019
vt 0.2764 0.697799981
vt 0.24000001 0.730000019
vt 0.75999999 0.730000019
vt 0.72360003 0.697799981
vt 0.2764 0.697799981
vt 0.24000001 0.730000019
vt 0.207599998 0.629000008
vt 0.159999996 0.649999976
vt 0.24000001 0.730000019
vt 0.2764 0.697799981
vt 0.207599998 0.629000008
vt 0.159999996 0.649999976
vt 0.207599998 0.370999992
vt 0.159999996 0.349999994
vt 0.159999996 0.649999976
vt 0.207599998 0.629000008
vt 0.207599998 0.370999992
vt 0.159999996 0.349999994
vt 0.2764 0.302200019
vt 0.24000001 0.269999981
vt 0.159999996 0.349999994
vt 0.207599998 0.370999992
vt 0.2764 0.302200019
vt 0.5 0.5
vt 0.2764 0.302200019
vt 0.72360003 0.302200019
vt 0.5 0.5
vt 0.72360003 0.302200019
vt 0.2764 0.302200019
vt 0.5 0.5
vt 0.72360003 0.302200019
vt 0.792400002 0.370999992
vt 0.5 0.5
vt 0.792400002 0.370999992
vt 0.72360003 0.302200019
vt 0.5 0.5
vt 0.792400002 0.370999992
vt 0.792400002 0.629000008
vt 0.5 0.5
vt 0.792400002 0.629000008
vt 0.792400002 0.370999992
vt 0.5 0.5
vt 0.792400002 0.629000008
vt 0.72360003 0.697799981
vt 0.5 0.5
vt 0.72360003 0.697799981
vt 0.792400002 0.629000008
vt 0.5 0.5
vt 0.72360003 0.697799981
vt 0.2764 0.697799981
vt 0.5 0.5
vt 0.2764 0.697799981
vt 0.72360003 0.697799981
vt 0.5 0.5
vt 0.2764 0.697799981
vt 0.207599998 0.629000008
vt 0.5 0.5
vt 0.207599998 0.629000008
vt 0.2764 0.697799981
vt 0.5 0.5
vt 0.207599998 0.629000008
vt 0.207599998 0.370999992
vt 0.5 0.5
vt 0.207599998 0.370999992
vt 0.207599998 0.629000008
vt 0.5 0.5
vt 0.207599998 0.370999992
vt 0.2764 0.302200019
vt 0.5 0.5
vt 0.2764 0.302200019
vt 0.207599998 0.370999992
vt 0.306500018 0.342999995
vt 0.725000024 0.314999998
vt 0.693499982 0.342999995
vt 0.306500018 0.342999995
vt 0.275000006 0.314999998
vt 0.725000024 0.314999998
vt 0.693499982 0.342999995
vt 0.779999971 0.370000005
vt 0.740800023 0.390300006
vt 0.693499982 0.342999995
vt 0.725000024 0.314999998
vt 0.779999971 0.370000005
vt 0.740800023 0.390300006
vt 0.779999971 0.659999967
vt 0.740800023 0.639699996
vt 0.740800023 0.390300006
vt 0.779999971 0.370000005
vt 0.779999971 0.659999967
vt 0.740800023 0.639699996
vt 0.725000024 0.715000033
vt 0.693499982 0.687000036
vt 0.740800023 0.639699996
vt 0.779999971 0.659999967
vt 0.725000024 0.715000033
vt 0.693499982 0.687000036
vt 0.275000006 0.715000033
vt 0.306500018 0.687000036
vt 0.693499982 0.687000036
vt 0.725000024 0.715000033
vt 0.275000006 0.715000033
vt 0.306500018 0.687000036
vt 0.219999999 0.659999967
vt 0.259200007 0.639699996
vt 0.306500018 0.687000036
vt 0.275000006 0.715000033
vt 0.219999999 0.659999967
vt 0.259200007 0.639699996
vt 0.219999999 0.370000005
vt 0.259200007 0.390300006
vt 0.259200007 0.639699996
vt 0.219999999 0.659999967
vt 0.219999999 0.370000005
vt 0.259200007 0.390300006
vt 0.275000006 0.314999998
vt 0.306500018 0.342999995
vt 0.259200007 0.390300006
vt 0.219999999 0.370000005
vt 0.275000006 0.314999998
vt 0.275000006 0.314999998
vt 0.725000024 0.314999998
vt 0.725000024 0.314999998
vt 0.275000006 0.314999998
vt 0.275000006 0.314999998
vt 0.725000024 0.314999998
vt 0.725000024 0.314999998
vt 0.779999971 0.370000005
vt 0.779999971 0.370000005
vt 0.725000024 0.314999998
vt 0.725000024 0.314999998
vt 0.779999971 0.370000005
vt 0.779999971 0.370000005
vt 0.779999971 0.659999967
vt 0.779999971 0.659999967
vt 0.779999971 0.370000005
vt 0.779999971 0.370000005
vt 0.779999971 0.659999967
vt 0.779999971 0.659999967
vt 0.725000024 0.715000033
vt 0.725000024 0.715000033
vt 0.779999971 0.659999967
vt 0.779999971 0.659999967
vt 0.725000024 0.715000033
vt 0.725000024 0.715000033
vt 0.275000006 0.715000033
vt 0.275000006 0.715000033
vt 0.725000024 0.715000033
vt 0.725000024 0.715000033
vt 0.275000006 0.715000033
vt 0.275000006 0.715000033
vt 0.219999999 0.659999967
vt 0.219999999 0.659999967
vt 0.275000006 0.715000033
vt 0.275000006 0.715000033
vt 0.219999999 0.659999967
vt 0.219999999 0.659999967
vt 0.219999999 0.370000005
vt 0.219999999 0.370000005
vt 0.219999999 0.659999967
vt 0.219999999 0.659999967
vt 0.219999999 0.370000005
vt 0.219999999 0.370000005
vt 0.275000006 0.314999998
vt 0.275000006 0.314999998
vt 0.219999999 0.370000005
vt 0.219999999 0.370000005
vt 0.275000006 0.314999998
vt 0.275000006 0.314999998
vt 0.693499982 0.342999995
vt 0.725000024 0.314999998
vt 0.275000006 0.314999998
vt 0.306500018 0.342999995
vt 0.693499982 0.342999995
vt 0.725000024 0.314999998
vt 0.740800023 0.390300006
vt 0.779999971 0.370000005
vt 0.725000024 0.314999998
vt 0.693499982 0.342999995
vt 0.740800023 0.390300006
vt 0.779999971 0.370000005
vt 0.740800023 0.639699996
vt 0.779999971 0.659999967
vt 0.779999971 0.370000005
vt 0.740800023 0.390300006
vt 0.740800023 0.639699996
vt 0.779999971 0.659999967
vt 0.693499982 0.687000036
vt 0.725000024 0.715000033
vt 0.779999971 0.659999967
vt 0.740800023 0.639699996
vt 0.693499982 0.687000036
vt 0.725000024 0.715000033
vt 0.306500018 0.687000036
vt 0.275000006 0.715000033
vt 0.725000024 0.715000033
vt 0.693499982 0.687000036
vt 0.306500018 0.687000036
vt 0.275000006 0.715000033
vt 0.259200007 0.639699996
vt 0.219999999 0.659999967
vt 0.275000006 0.715000033
vt 0.306500018 0.687000036
vt 0.259200007 0.639699996
vt 0.219999999 0.659999967
vt 0.259200007 0.390300006
vt 0.219999999 0.370000005
vt 0.219999999 0.659999967
vt 0.259200007 0.639699996
vt 0.259200007 0.390300006
vt 0.219999999 0.370000005
vt 0.306500018 0.342999995
vt 0.275000006 0.314999998
vt 0.219999999 0.370000005
vt 0.259200007 0.390300006
vt 0.306500018 0.342999995
vt 0.5 0.514999986
vt 0.306500018 0.342999995
vt 0.693499982 0.342999995
vt 0.5 0.514999986
vt 0.693499982 0.342999995
vt 0.306500018 0.342999995
vt 0.5 0.514999986
vt 0.693499982 0.342999995
vt 0.740800023 0.390300006
vt 0.5 0.514999986
vt 0.740800023 0.390300006
vt 0.693499982 0.342999995
vt 0.5 0.514999986
vt 0.740800023 0.390300006
vt 0.740800023 0.639699996
vt 0.5 0.514999986
vt 0.740800023 0.639699996
vt 0.740800023 0.390300006
vt 0.5 0.514999986
vt 0.740800023 0.639699996
vt 0.693499982 0.687000036
vt 0.5 0.514999986
vt 0.693499982 0.687000036
vt 0.740800023 0.639699996
vt 0.5 0.514999986
vt 0.693499982 0.687000036
vt 0.306500018 0.687000036
vt 0.5 0.514999986
vt 0.306500018 0.687000036
vt 0.693499982 0.687000036
vt 0.5 0.514999986
vt 0.306500018 0.687000036
vt 0.259200007 0.639699996
vt 0.5 0.514999986
vt 0.259200007 0.639699996
vt 0.306500018 0.687000036
vt 0.5 0.514999986
vt 0.259200007 0.639699996
vt 0.259200007 0.390300006
vt 0.5 0.514999986
vt 0.259200007 0.390300006
vt 0.259200007 0.639699996
vt 0.5 0.514999986
vt 0.259200007 0.390300006
vt 0.306500018 0.342999995
vt 0.5 0.514999986
vt 0.306500018 0.342999995
vt 0.259200007 0.390300006
vt 0.0139999986 0.328700006
vt 0.199999988 0.300000012
vt 0.18599999 0.328700006
vt 0.0139999986 0.328700006
vt 0 0.300000012
vt 0.199999988 0.300000012
vt 0.18599999 0.328700006
vt 0.269999981 0.370000005
vt 0.246199995 0.388900012
vt 0.18599999 0.328700006
vt 0.199999988 0.300000012
vt 0.269999981 0.370000005
vt 0.246199995 0.388900012
vt 0.269999981 0.639999986
vt 0.246199995 0.621100008
vt 0.246199995 0.388900012
vt 0.269999981 0.370000005
vt 0.269999981 0.639999986
vt 0.246199995 0.621100008
vt 0.199999988 0.709999979
vt 0.18599999 0.681299984
vt 0.246199995 0.621100008
vt 0.269999981 0.639999986
vt 0.199999988 0.709999979
vt 0.18599999 0.681299984
vt 0 0.709999979
vt 0.0139999986 0.681299984
vt 0.18599999 0.681299984
vt 0.199999988 0.709999979
vt 0 0.709999979
vt 0.0139999986 0.681299984
vt -0.0699999928 0.639999986
vt -0.046200037 0.621100008
vt 0.0139999986 0.681299984
vt 0 0.709999979
vt -0.0699999928 0.639999986
vt -0.046200037 0.621100008
vt -0.0699999928 0.370000005
vt -0.046200037 0.388900012
vt -0.046200037 0.621100008
vt -0.0699999928 0.639999986
vt -0.0699999928 0.370000005
vt -0.046200037 0.388900012
vt 0 0.300000012
vt 0.0139999986 0.328700006
vt -0.046200037 0.388900012
vt -0.0699999928 0.370000005
vt 0 0.300000012
vt 0 0.300000012
vt 0.199999988 0.300000012
vt 0.199999988 0.300000012
vt 0 0.300000012
vt 0 0.300000012
vt 0.199999988 0.300000012
vt 0.199999988 0.300000012
vt 0.269999981 0.370000005
vt 0.269999981 0.370000005
vt 0.199999988 0.300000012
vt 0.199999988 0.300000012
vt 0.269999981 0.370000005
vt 0.269999981 0.370000005
vt 0.269999981 0.639999986
vt 0.269999981 0.639999986
vt 0.269999981 0.370000005
vt 0.269999981 0.370000005
vt 0.269999981 0.639999986
vt 0.269999981 0.639999986
vt 0.199999988 0.709999979
vt 0.199999988 0.709999979
vt 0.269999981 0.639999986
vt 0.269999981 0.639999986
vt 0.199999988 0.709999979
vt 0.199999988 0.709999979
vt 0 0.709999979
vt 0 0.709999979
vt 0.199999988 0.709999979
vt 0.199999988 0.709999979
vt 0 0.709999979
vt 0 0.709999979
vt -0.0699999928 0.639999986
vt -0.0699999928 0.639999986
vt 0 0.709999979
vt 0 0.709999979
vt -0.0699999928 0.639999986
vt -0.0699999928 0.639999986
vt -0.0699999928 0.370000005
vt -0.0699999928 0.370000005
vt -0.0699999928 0.639999986
vt -0.0699999928 0.639999986
vt -0.0699999928 0.370000005
vt -0.0699999928 0.370000005
vt 0 0.300000012
vt 0 0.300000012
vt -0.0699999928 0.370000005
vt -0.0699999928 0.370000005
vt 0 0.300000012
vt 0 0.300000012
vt 0.18599999 0.328700006
vt 0.199999988 0.300000012
vt 0 0.300000012
vt 0.0139999986 0.328700006
vt 0.18599999 0.328700006
vt 0.199999988 0.300000012
vt 0.246199995 0.388900012
vt 0.269999981 0.370000005
vt 0.199999988 0.300000012
vt 0.18599999 0.328700006
vt 0.246199995 0.388900012
vt 0.269999981 0.370000005
vt 0.246199995 0.621100008
vt 0.269999981 0.639999986
vt 0.269999981 0.370000005
vt 0.246199995 0.388900012
vt 0.246199995 0.621100008
vt 0.269999981 0.639999986
vt 0.18599999 0.681299984
vt 0.199999988 0.709999979
vt 0.269999981 0.639999986
vt 0.246199995 0.621100008
vt 0.18599999 0.681299984
vt 0.199999988 0.709999979
vt 0.0139999986 0.681299984
vt 0 0.709999979
vt 0.199999988 0.709999979
vt 0.18599999 0.681299984
vt 0.0139999986 0.681299984
vt 0 0.709999979
vt -0.046200037 0.621100008
vt -0.0699999928 0.639999986
vt 0 0.709999979
vt 0.0139999986 0.681299984
vt -0.046200037 0.621100008
vt -0.0699999928 0.639999986
vt -0.046200037 0.388900012
vt -0.0699999928 0.370000005
vt -0.0699999928 0.639999986
vt -0.046200037 0.621100008
vt -0.046200037 0.388900012
vt -0.0699999928 0.370000005
vt 0.0139999986 0.328700006
vt 0 0.300000012
vt -0.0699999928 0.370000005
vt -0.046200037 0.388900012
vt 0.0139999986 0.328700006
vt 0.099999994 0.504999995
vt 0.0139999986 0.328700006
vt 0.18599999 0.328700006
vt 0.099999994 0.504999995
vt 0.18599999 0.328700006
vt 0.0139999986 0.328700006
vt 0.099999994 0.504999995
vt 0.18599999 0.328700006
vt 0.246199995 0.388900012
vt 0.099999994 0.504999995
vt 0.246199995 0.388900012
vt 0.18599999 0.328700006
vt 0.099999994 0.504999995
vt 0.246199995 0.388900012
vt 0.246199995 0.621100008
vt 0.099999994 0.504999995
vt 0.246199995 0.621100008
vt 0.246199995 0.388900012
vt 0.099999994 0.504999995
vt 0.246199995 0.621100008
vt 0.18599999 0.681299984
vt 0.099999994 0.504999995
vt 0.18599999 0.681299984
vt 0.246199995 0.621100008
vt 0.099999994 0.504999995
vt 0.18599999 0.681299984
vt 0.0139999986 0.681299984
vt 0.099999994 0.504999995
vt 0.0139999986 0.681299984
vt 0.18599999 0.681299984
vt 0.099999994 0.504999995
vt 0.0139999986 0.681299984
vt -0.046200037 0.621100008
vt 0.099999994 0.504999995
vt -0.046200037 0.621100008
vt 0.0139999986 0.681299984
vt 0.099999994 0.504999995
vt -0.046200037 0.621100008
vt -0.046200037 0.388900012
vt 0.099999994 0.504999995
vt -0.046200037 0.388900012
vt -0.046200037 0.621100008
vt 0.099999994 0.504999995
vt -0.046200037 0.388900012
vt 0.0139999986 0.328700006
vt 0.099999994 0.504999995
vt 0.0139999986 0.328700006
vt -0.046200037 0.388900012
vt -0.060199976 0.406000018
vt 0.0699999928 0.38499999
vt 0.0602000058 0.406000018
vt -0.060199976 0.406000018
vt -0.0699999928 0.38499999
vt 0.0699999928 0.38499999
vt 0.0602000058 0.406000018
vt 0.120000005 0.435000002
vt 0.103200018 0.449000001
vt 0.0602000058 0.406000018
vt 0.0699999928 0.38499999
vt 0.120000005 0.435000002
vt 0.103200018 0.449000001
vt 0.120000005 0.63499999
vt 0.103200018 0.620999992
vt 0.103200018 0.449000001
vt 0.120000005 0.435000002
vt 0.120000005 0.63499999
vt 0.103200018 0.620999992
vt 0.0699999928 0.685000002
vt 0.0602000058 0.663999975
vt 0.103200018 0.620999992
vt 0.120000005 0.63499999
vt 0.0699999928 0.685000002
vt 0.0602000058 0.663999975
vt -0.0699999928 0.685000002
vt -0.060199976 0.663999975
vt 0.0602000058 0.663999975
vt 0.0699999928 0.685000002
vt -0.0699999928 0.685000002
vt -0.060199976 0.663999975
vt -0.120000005 0.63499999
vt -0.103200018 0.620999992
vt -0.060199976 0.663999975
vt -0.0699999928 0.685000002
vt -0.120000005 0.63499999
vt -0.103200018 0.620999992
vt -0.120000005 0.435000002
vt -0.103200018 0.449000001
vt -0.103200018 0.620999992
vt -0.120000005 0.63499999
vt -0.120000005 0.435000002
vt -0.103200018 0.449000001
vt -0.0699999928 0.38499999
vt -0.060199976 0.406000018
vt -0.103200018 0.449000001
vt -0.120000005 0.435000002
vt -0.0699999928 0.38499999
vt -0.0699999928 0.38499999
vt 0.0699999928 0.38499999
vt 0.0699999928 0.38499999
vt -0.0699999928 0.38499999
vt -0.0699999928 0.38499999
vt 0.0699999928 0.38499999
vt 0.0699999928 0.38499999
vt 0.120000005 0.435000002
vt 0.120000005 0.435000002
vt 0.0699999928 0.38499999
vt 0.0699999928 0.38499999
vt 0.120000005 0.435000002
vt 0.120000005 0.435000002
vt 0.120000005 0.63499999
vt 0.120000005 0.63499999
vt 0.120000005 0.435000002
vt 0.120000005 0.435000002
vt 0.120000005 0.63499999
vt 0.120000005 0.63499999
vt 0.0699999928 0.685000002
vt 0.0699999928 0.685000002
vt 0.120000005 0.63499999
vt 0.120000005 0.63499999
vt 0.0699999928 0.685000002
vt 0.0699999928 0.685000002
vt -0.0699999928 0.685000002
vt -0.0699999928 0.685000002
vt 0.0699999928 0.685000002
vt 0.0699999928 0.685000002
vt -0.0699999928 0.685000002
vt -0.0699999928 0.685000002
vt -0.120000005 0.63499999
vt -0.120000005 0.63499999
vt -0.0699999928 0.685000002
vt -0.0699999928 0.685000002
vt -0.120000005 0.63499999
vt -0.120000005 0.63499999
vt -0.120000005 0.435000002
vt -0.120000005 0.435000002
vt -0.120000005 0.63499999
vt -0.120000005 0.63499999
vt -0.120000005 0.435000002
vt -0.120000005 0.435000002
vt -0.0699999928 0.38499999
vt -0.0699999928 0.38499999
vt -0.120000005 0.435000002
vt -0.120000005 0.435000002
vt -0.0699999928 0.38499999
vt -0.0699999928 0.38499999
vt 0.0602000058 0.406000018
vt 0.0699999928 0.38499999
vt -0.0699999928 0.38499999
vt -0.060199976 0.406000018
vt 0.0602000058 0.406000018
vt 0.0699999928 0.38499999
vt 0.103200018 0.449000001
vt 0.120000005 0.435000002
vt 0.0699999928 0.38499999
vt 0.0602000058 0.406000018
vt 0.103200018 0.449000001
vt 0.120000005 0.435000002
vt 0.103200018 0.620999992
vt 0.120000005 0.63499999
vt 0.120000005 0.435000002
vt 0.103200018 0.449000001
vt 0.103200018 0.620999992
vt 0.120000005 0.63499999
vt 0.0602000058 0.663999975
vt 0.0699999928 0.685000002
vt 0.120000005 0.63499999
vt 0.103200018 0.620999992
vt 0.0602000058 0.663999975
vt 0.0699999928 0.685000002
vt -0.060199976 0.663999975
vt -0.0699999928 0.685000002
vt 0.0699999928 0.685000002
vt 0.0602000058 0.663999975
vt -0.060199976 0.663999975
vt -0.0699999928 0.685000002
vt -0.103200018 0.620999992
vt -0.120000005 0.63499999
vt -0.0699999928 0.685000002
vt -0.060199976 0.663999975
vt -0.103200018 0.620999992
vt -0.120000005 0.63499999
vt -0.103200018 0.449000001
vt -0.120000005 0.435000002
vt -0.120000005 0.63499999
vt -0.103200018 0.620999992
vt -0.103200018 0.449000001
vt -0.120000005 0.435000002
vt -0.060199976 0.406000018
vt -0.0699999928 0.38499999
vt -0.120000005 0.435000002
vt -0.103200018 0.449000001
vt -0.060199976 0.406000018
vt 0 0.535000026
vt -0.060199976 0.406000018
vt 0.0602000058 0.406000018
vt 0 0.535000026
vt 0.0602000058 0.406000018
vt -0.060199976 0.406000018
vt 0 0.535000026
vt 0.0602000058 0.406000018
vt 0.103200018 0.449000001
vt 0 0.535000026
vt 0.103200018 0.449000001
vt 0.0602000058 0.406000018
vt 0 0.535000026
vt 0.103200018 0.449000001
vt 0.103200018 0.620999992
vt 0 0.535000026
vt 0.103200018 0.620999992
vt 0.103200018 0.449000001
vt 0 0.535000026
vt 0.103200018 0.620999992
vt 0.0602000058 0.663999975
vt 0 0.535000026
vt 0.0602000058 0.663999975
vt 0.103200018 0.620999992
vt 0 0.535000026
vt 0.0602000058 0.663999975
vt -0.060199976 0.663999975
vt 0 0.535000026
vt -0.060199976 0.663999975
vt 0.0602000058 0.663999975
vt 0 0.535000026
vt -0.060199976 0.663999975
vt -0.103200018 0.620999992
vt 0 0.535000026
vt -0.103200018 0.620999992
vt -0.060199976 0.663999975
vt 0 0.535000026
vt -0.103200018 0.620999992
vt -0.103200018 0.449000001
vt 0 0.535000026
vt -0.103200018 0.449000001
vt -0.103200018 0.620999992
vt 0 0.535000026
vt -0.103200018 0.449000001
vt -0.060199976 0.406000018
vt 0 0.535000026
vt -0.060199976 0.406000018
vt -0.103200018 0.449000001
vt -0.211800039 0.485199988
vt 0.0299999714 0.459999979
vt 0.0117999911 0.485199988
vt -0.211800039 0.485199988
vt -0.230000019 0.459999979
vt 0.0299999714 0.459999979
vt 0.0117999911 0.485199988
vt 0.0899999738 0.519999981
vt 0.0633999705 0.536800027
vt 0.0117999911 0.485199988
vt 0.0299999714 0.459999979
vt 0.0899999738 0.519999981
vt 0.0633999705 0.536800027
vt 0.0899999738 0.75999999
vt 0.0633999705 0.743200004
vt 0.0633999705 0.536800027
vt 0.0899999738 0.519999981
vt 0.0899999738 0.75999999
vt 0.0633999705 0.743200004
vt 0.0299999714 0.819999993
vt 0.0117999911 0.794799984
vt 0.0633999705 0.743200004
vt 0.0899999738 0.75999999
vt 0.0299999714 0.819999993
vt 0.0117999911 0.794799984
vt -0.230000019 0.819999993
vt -0.211800039 0.794799984
vt 0.0117999911 0.794799984
vt 0.0299999714 0.819999993
vt -0.230000019 0.819999993
vt -0.211800039 0.794799984
vt -0.290000021 0.75999999
vt -0.263400018 0.743200004
vt -0.211800039 0.794799984
vt -0.230000019 0.819999993
vt -0.290000021 0.75999999
vt -0.263400018 0.743200004
vt -0.290000021 0.519999981
vt -0.263400018 0.536800027
vt -0.263400018 0.743200004
vt -0.290000021 0.75999999
vt -0.290000021 0.519999981
vt -0.263400018 0.536800027
vt -0.230000019 0.459999979
vt -0.211800039 0.485199988
vt -0.263400018 0.536800027
vt -0.290000021 0.519999981
vt -0.230000019 0.459999979
vt -0.230000019 0.459999979
vt 0.0299999714 0.459999979
vt 0.0299999714 0.459999979
vt -0.230000019 0.459999979
vt -0.230000019 0.459999979
vt 0.0299999714 0.459999979
vt 0.0299999714 0.459999979
vt 0.0899999738 0.519999981
vt 0.0899999738 0.519999981
vt 0.0299999714 0.459999979
vt 0.0299999714 0.459999979
vt 0.0899999738 0.519999981
vt 0.0899999738 0.519999981
vt 0.0899999738 0.75999999
vt 0.0899999738 0.75999999
vt 0.0899999738 0.519999981
vt 0.0899999738 0.519999981
vt 0.0899999738 0.75999999
vt 0.0899999738 0.75999999
vt 0.0299999714 0.819999993
vt 0.0299999714 0.819999993
vt 0.0899999738 0.75999999
vt 0.0899999738 0.75999999
vt 0.0299999714 0.819999993
vt 0.0299999714 0.819999993
vt -0.230000019 0.819999993
vt -0.230000019 0.819999993
vt 0.0299999714 0.819999993
vt 0.0299999714 0.819999993
vt -0.230000019 0.819999993
vt -0.230000019 0.819999993
vt -0.290000021 0.75999999
vt -0.290000021 0.75999999
vt -0.230000019 0.819999993
vt -0.230000019 0.819999993
vt -0.290000021 0.75999999
vt -0.290000021 0.75999999
vt -0.290000021 0.519999981
vt -0.290000021 0.519999981
vt -0.290000021 0.75999999
vt -0.290000021 0.75999999
vt -0.290000021 0.519999981
vt -0.290000021 0.519999981
vt -0.230000019 0.459999979
vt -0.230000019 0.459999979
vt -0.290000021 0.519999981
vt -0.290000021 0.519999981
vt -0.230000019 0.459999979
vt -0.230000019 0.459999979
vt 0.0117999911 0.485199988
vt 0.0299999714 0.459999979
vt -0.230000019 0.459999979
vt -0.211800039 0.485199988
vt 0.0117999911 0.485199988
vt 0.0299999714 0.459999979
vt 0.0633999705 0.536800027
vt 0.0899999738 0.519999981
vt 0.0299999714 0.459999979
vt 0.0117999911 0.485199988
vt 0.0633999705 0.536800027
vt 0.0899999738 0.519999981
vt 0.0633999705 0.743200004
vt 0.0899999738 0.75999999
vt 0.0899999738 0.519999981
vt 0.0633999705 0.536800027
vt 0.0633999705 0.743200004
vt 0.0899999738 0.75999999
vt 0.0117999911 0.794799984
vt 0.0299999714 0.819999993
vt 0.0899999738 0.75999999
vt 0.0633999705 0.743200004
vt 0.0117999911 0.794799984
vt 0.0299999714 0.819999993
vt -0.211800039 0.794799984
vt -0.230000019 0.819999993
vt 0.0299999714 0.819999993
vt 0.0117999911 0.794799984
vt -0.211800039 0.794799984
vt -0.230000019 0.819999993
vt -0.263400018 0.743200004
vt -0.290000021 0.75999999
vt -0.230000019 0.819999993
vt -0.211800039 0.794799984
vt -0.263400018 0.743200004
vt -0.290000021 0.75999999
vt -0.263400018 0.536800027
vt -0.290000021 0.519999981
vt -0.290000021 0.75999999
vt -0.263400018 0.743200004
vt -0.263400018 0.536800027
vt -0.290000021 0.519999981
vt -0.211800039 0.485199988
vt -0.230000019 0.459999979
vt -0.290000021 0.519999981
vt -0.263400018 0.536800027
vt -0.211800039 0.485199988
vt -0.100000024 0.639999986
vt -0.211800039 0.485199988
vt 0.0117999911 0.485199988
vt -0.100000024 0.639999986
vt 0.0117999911 0.485199988
vt -0.211800039 0.485199988
vt -0.100000024 0.639999986
vt 0.0117999911 0.485199988
vt 0.0633999705 0.536800027
vt -0.100000024 0.639999986
vt 0.0633999705 0.536800027
vt 0.0117999911 0.485199988
vt -0.100000024 0.639999986
vt 0.0633999705 0.536800027
vt 0.0633999705 0.743200004
vt -0.100000024 0.639999986
vt 0.0633999705 0.743200004
vt 0.0633999705 0.536800027
vt -0.100000024 0.639999986
vt 0.0633999705 0.743200004
vt 0.0117999911 0.794799984
vt -0.100000024 0.639999986
vt 0.0117999911 0.794799984
vt 0.0633999705 0.743200004
vt -0.100000024 0.639999986
vt 0.0117999911 0.794799984
vt -0.211800039 0.794799984
vt -0.100000024 0.639999986
vt -0.211800039 0.794799984
vt 0.0117999911 0.794799984
vt -0.100000024 0.639999986
vt -0.211800039 0.794799984
vt -0.263400018 0.743200004
vt -0.100000024 0.639999986
vt -0.263400018 0.743200004
vt -0.211800039 0.794799984
vt -0.100000024 0.639999986
vt -0.263400018 0.743200004
vt -0.263400018 0.536800027
vt -0.100000024 0.639999986
vt -0.263400018 0.536800027
vt -0.263400018 0.743200004
vt -0.100000024 0.639999986
vt -0.263400018 0.536800027
vt -0.211800039 0.485199988
vt -0.100000024 0.639999986
vt -0.211800039 0.485199988
vt -0.263400018 0.536800027
vt 0.00844499469 0.777040005
vt 0.0442500114 0.772000015
vt 0.0415550172 0.777040005
vt 0.00844499469 0.777040005
vt 0.00575000048 0.772000015
vt 0.0442500114 0.772000015
vt 0.0415550172 0.777040005
vt 0.0600000024 0.787750006
vt 0.0550999939 0.790585041
vt 0.0415550172 0.777040005
vt 0.0442500114 0.772000015
vt 0.0600000024 0.787750006
vt 0.0550999939 0.790585041
vt 0.0600000024 0.828249991
vt 0.0550999939 0.825415015
vt 0.0550999939 0.790585041
vt 0.0600000024 0.787750006
vt 0.0600000024 0.828249991
vt 0.0550999939 0.825415015
vt 0.0442500114 0.843999982
vt 0.0415550172 0.838959992
vt 0.0550999939 0.825415015
vt 0.0600000024 0.828249991
vt 0.0442500114 0.843999982
vt 0.0415550172 0.838959992
vt 0.00575000048 0.843999982
vt 0.00844499469 0.838959992
vt 0.0415550172 0.838959992
vt 0.0442500114 0.843999982
vt 0.00575000048 0.843999982
vt 0.00844499469 0.838959992
vt -0.00999999046 0.828249991
vt -0.00510001183 0.825415015
vt 0.00844499469 0.838959992
vt 0.00575000048 0.843999982
vt -0.00999999046 0.828249991
vt -0.00510001183 0.825415015
vt -0.00999999046 0.787750006
vt -0.00510001183 0.790585041
vt -0.00510001183 0.825415015
vt -0.00999999046 0.828249991
vt -0.00999999046 0.787750006
vt -0.00510001183 0.790585041
vt 0.00575000048 0.772000015
vt 0.00844499469 0.777040005
vt -0.00510001183 0.790585041
vt -0.00999999046 0.787750006
vt 0.00575000048 0.772000015
vt 0.00575000048 0.772000015
vt 0.0442500114 0.772000015
vt 0.0442500114 0.772000015
vt 0.00575000048 0.772000015
vt 0.00575000048 0.772000015
vt 0.0442500114 0.772000015
vt 0.0442500114 0.772000015
vt 0.0600000024 0.787750006
vt 0.0600000024 0.787750006
vt 0.0442500114 0.772000015
vt 0.0442500114 0.772000015
vt 0.0600000024 0.787750006
vt 0.0600000024 0.787750006
vt 0.0600000024 0.828249991
vt 0.0600000024 0.828249991
vt 0.0600000024 0.787750006
vt 0.0600000024 0.787750006
vt 0.0600000024 0.828249991
vt 0.0600000024 0.828249991
vt 0.0442500114 0.843999982
vt 0.0442500114 0.843999982
vt 0.0600000024 0.828249991
vt 0.0600000024 0.828249991
vt 0.0442500114 0.843999982
vt 0.0442500114 0.843999982
vt 0.00575000048 0.843999982
vt 0.00575000048 0.843999982
vt 0.0442500114 0.843999982
vt 0.0442500114 0.843999982
vt 0.00575000048 0.843999982
vt 0.00575000048 0.843999982
vt -0.00999999046 0.828249991
vt -0.00999999046 0.828249991
vt 0.00575000048 0.843999982
vt 0.00575000048 0.843999982
vt -0.00999999046 0.828249991
vt -0.00999999046 0.828249991
vt -0.00999999046 0.787750006
vt -0.00999999046 0.787750006
vt -0.00999999046 0.828249991
vt -0.00999999046 0.828249991
vt -0.00999999046 0.787750006
vt -0.00999999046 0.787750006
vt 0.00575000048 0.772000015
vt 0.00575000048 0.772000015
vt -0.00999999046 0.787750006
vt -0.00999999046 0.787750006
vt 0.00575000048 0.772000015
vt 0.00575000048 0.772000015
vt 0.0415550172 0.777040005
vt 0.0442500114 0.772000015
vt 0.00575000048 0.772000015
vt 0.00844499469 0.777040005
vt 0.0415550172 0.777040005
vt 0.0442500114 0.772000015
vt 0.0550999939 0.790585041
vt 0.0600000024 0.787750006
vt 0.0442500114 0.772000015
vt 0.0415550172 0.777040005
vt 0.0550999939 0.790585041
vt 0.0600000024 0.787750006
vt 0.0550999939 0.825415015
vt 0.0600000024 0.828249991
vt 0.0600000024 0.787750006
vt 0.0550999939 0.790585041
vt 0.0550999939 0.825415015
vt 0.0600000024 0.828249991
vt 0.0415550172 0.838959992
vt 0.0442500114 0.843999982
vt 0.0600000024 0.828249991
vt 0.0550999939 0.825415015
vt 0.0415550172 0.838959992
vt 0.0442500114 0.843999982
vt 0.00844499469 0.838959992
vt 0.00575000048 0.843999982
vt 0.0442500114 0.843999982
vt 0.0415550172 0.838959992
vt 0.00844499469 0.838959992
vt 0.00575000048 0.843999982
vt -0.00510001183 0.825415015
vt -0.00999999046 0.828249991
vt 0.00575000048 0.843999982
vt 0.00844499469 0.838959992
vt -0.00510001183 0.825415015
vt -0.00999999046 0.828249991
vt -0.00510001183 0.790585041
vt -0.00999999046 0.787750006
vt -0.00999999046 0.828249991
vt -0.00510001183 0.825415015
vt -0.00510001183 0.790585041
vt -0.00999999046 0.787750006
vt 0.00844499469 0.777040005
vt 0.00575000048 0.772000015
vt -0.00999999046 0.787750006
vt -0.00510001183 0.790585041
vt 0.00844499469 0.777040005
vt 0.025000006 0.807999969
vt 0.00844499469 0.777040005
vt 0.0415550172 0.777040005
vt 0.025000006 0.807999969
vt 0.0415550172 0.777040005
vt 0.00844499469 0.777040005
vt 0.025000006 0.807999969
vt 0.0415550172 0.777040005
vt 0.0550999939 0.790585041
vt 0.025000006 0.807999969
vt 0.0550999939 0.790585041
vt 0.0415550172 0.777040005
vt 0.025000006 0.807999969
vt 0.0550999939 0.790585041
vt 0.0550999939 0.825415015
vt 0.025000006 0.807999969
vt 0.0550999939 0.825415015
vt 0.0550999939 0.790585041
vt 0.025000006 0.807999969
vt 0.0550999939 0.825415015
vt 0.0415550172 0.838959992
vt 0.025000006 0.807999969
vt 0.0415550172 0.838959992
vt 0.0550999939 0.825415015
vt 0.025000006 0.807999969
vt 0.0415550172 0.838959992
vt 0.00844499469 0.838959992
vt 0.025000006 0.807999969
vt 0.00844499469 0.838959992
vt 0.0415550172 0.838959992
vt 0.025000006 0.807999969
vt 0.00844499469 0.838959992
vt -0.00510001183 0.825415015
vt 0.025000006 0.807999969
vt -0.00510001183 0.825415015
vt 0.00844499469 0.838959992
vt 0.025000006 0.807999969
vt -0.00510001183 0.825415015
vt -0.00510001183 0.790585041
vt 0.025000006 0.807999969
vt -0.00510001183 0.790585041
vt -0.00510001183 0.825415015
vt 0.025000006 0.807999969
vt -0.00510001183 0.790585041
vt 0.00844499469 0.777040005
vt 0.025000006 0.807999969
vt 0.00844499469 0.777040005
vt -0.00510001183 0.790585041
vt -0.0715550184 0.777040005
vt -0.0357500315 0.772000015
vt -0.0384449959 0.777040005
vt -0.0715550184 0.777040005
vt -0.0742499828 0.772000015
vt -0.0357500315 0.772000015
vt -0.0384449959 0.777040005
vt -0.0199999809 0.787750006
vt -0.0249000192 0.790585041
vt -0.0384449959 0.777040005
vt -0.0357500315 0.772000015
vt -0.0199999809 0.787750006
vt -0.0249000192 0.790585041
vt -0.0199999809 0.828249991
vt -0.0249000192 0.825415015
vt -0.0249000192 0.790585041
vt -0.0199999809 0.787750006
vt -0.0199999809 0.828249991
vt -0.0249000192 0.825415015
vt -0.0357500315 0.843999982
vt -0.0384449959 0.838959992
vt -0.0249000192 0.825415015
vt -0.0199999809 0.828249991
vt -0.0357500315 0.843999982
vt -0.0384449959 0.838959992
vt -0.0742499828 0.843999982
vt -0.0715550184 0.838959992
vt -0.0384449959 0.838959992
vt -0.0357500315 0.843999982
vt -0.0742499828 0.843999982
vt -0.0715550184 0.838959992
vt -0.0900000334 0.828249991
vt -0.0850999951 0.825415015
vt -0.0715550184 0.838959992
vt -0.0742499828 0.843999982
vt -0.0900000334 0.828249991
vt -0.0850999951 0.825415015
vt -0.0900000334 0.787750006
vt -0.0850999951 0.790585041
vt -0.0850999951 0.825415015
vt -0.0900000334 0.828249991
vt -0.0900000334 0.787750006
vt -0.0850999951 0.790585041
vt -0.0742499828 0.772000015
vt -0.0715550184 0.777040005
vt -0.0850999951 0.790585041
vt -0.0900000334 0.787750006
vt -0.0742499828 0.772000015
vt -0.0742499828 0.772000015
vt -0.0357500315 0.772000015
vt -0.0357500315 0.772000015
vt -0.0742499828 0.772000015
vt -0.0742499828 0.772000015
vt -0.0357500315 0.772000015
vt -0.0357500315 0.772000015
vt -0.0199999809 0.787750006
vt -0.0199999809 0.787750006
vt -0.0357500315 0.772000015
vt -0.0357500315 0.772000015
vt -0.0199999809 0.787750006
vt -0.0199999809 0.787750006
vt -0.0199999809 0.828249991
vt -0.0199999809 0.828249991
vt -0.0199999809 0.787750006
vt -0.0199999809 0.787750006
vt -0.0199999809 0.828249991
vt -0.0199999809 0.828249991
vt -0.0357500315 0.843999982
vt -0.0357500315 0.843999982
vt -0.0199999809 0.828249991
vt -0.0199999809 0.828249991
vt -0.0357500315 0.843999982
vt -0.0357500315 0.843999982
vt -0.0742499828 0.843999982
vt -0.0742499828 0.843999982
vt -0.0357500315 0.843999982
vt -0.0357500315 0.843999982
vt -0.0742499828 0.843999982
vt -0.0742499828 0.843999982
vt -0.0900000334 0.828249991
vt -0.0900000334 0.828249991
vt -0.0742499828 0.843999982
vt -0.0742499828 0.843999982
vt -0.0900000334 0.828249991
vt -0.0900000334 0.828249991
vt -0.0900000334 0.787750006
vt -0.0900000334 0.787750006
vt -0.0900000334 0.828249991
vt -0.0900000334 0.828249991
vt -0.0900000334 0.787750006
vt -0.0900000334 0.787750006
vt -0.0742499828 0.772000015
vt -0.0742499828 0.772000015
vt -0.0900000334 0.787750006
vt -0.0900000334 0.787750006
vt -0.0742499828 0.772000015
vt -0.0742499828 0.772000015
vt -0.0384449959 0.777040005
vt -0.0357500315 0.772000015
vt -0.0742499828 0.772000015
vt -0.0715550184 0.777040005
vt -0.0384449959 0.777040005
vt -0.0357500315 0.772000015
vt -0.0249000192 0.790585041
vt -0.0199999809 0.787750006
vt -0.0357500315 0.772000015
vt -0.0384449959 0.777040005
vt -0.0249000192 0.790585041
vt -0.0199999809 0.787750006
vt -0.0249000192 0.825415015
vt -0.0199999809 0.828249991
vt -0.0199999809 0.787750006
vt -0.0249000192 0.790585041
vt -0.0249000192 0.825415015
vt -0.0199999809 0.828249991
vt -0.0384449959 0.838959992
vt -0.0357500315 0.843999982
vt -0.0199999809 0.828249991
vt -0.0249000192 0.825415015
vt -0.0384449959 0.838959992
vt -0.0357500315 0.843999982
vt -0.0715550184 0.838959992
vt -0.0742499828 0.843999982
vt -0.0357500315 0.843999982
vt -0.0384449959 0.838959992
vt -0.0715550184 0.838959992
vt -0.0742499828 0.843999982
vt -0.0850999951 0.825415015
vt -0.0900000334 0.828249991
vt -0.0742499828 0.843999982
vt -0.0715550184 0.838959992
vt -0.0850999951 0.825415015
vt -0.0900000334 0.828249991
vt -0.0850999951 0.790585041
vt -0.0900000334 0.787750006
vt -0.0900000334 0.828249991
vt -0.0850999951 0.825415015
vt -0.0850999951 0.790585041
vt -0.0900000334 0.787750006
vt -0.0715550184 0.777040005
vt -0.0742499828 0.772000015
vt -0.0900000334 0.787750006
vt -0.0850999951 0.790585041
vt -0.0715550184 0.777040005
vt -0.0550000072 0.807999969
vt -0.0715550184 0.777040005
vt -0.0384449959 0.777040005
vt -0.0550000072 0.807999969
vt -0.0384449959 0.777040005
vt -0.0715550184 0.777040005
vt -0.0550000072 0.807999969
vt -0.0384449959 0.777040005
vt -0.0249000192 0.790585041
vt -0.0550000072 0.807999969
vt -0.0249000192 0.790585041
vt -0.0384449959 0.777040005
vt -0.0550000072 0.807999969
vt -0.0249000192 0.790585041
vt -0.0249000192 0.825415015
vt -0.0550000072 0.807999969
vt -0.0249000192 0.825415015
vt -0.0249000192 0.790585041
vt -0.0550000072 0.807999969
vt -0.0249000192 0.825415015
vt -0.0384449959 0.838959992
vt -0.0550000072 0.807999969
vt -0.0384449959 0.838959992
vt -0.0249000192 0.825415015
vt -0.0550000072 0.807999969
vt -0.0384449959 0.838959992
vt -0.0715550184 0.838959992
vt -0.0550000072 0.807999969
vt -0.0715550184 0.838959992
vt -0.0384449959 0.838959992
vt -0.0550000072 0.807999969
vt -0.0715550184 0.838959992
vt -0.0850999951 0.825415015
vt -0.0550000072 0.807999969
vt -0.0850999951 0.825415015
vt -0.0715550184 0.838959992
vt -0.0550000072 0.807999969
vt -0.0850999951 0.825415015
vt -0.0850999951 0.790585041
vt -0.0550000072 0.807999969
vt -0.0850999951 0.790585041
vt -0.0850999951 0.825415015
vt -0.0550000072 0.807999969
vt -0.0850999951 0.790585041
vt -0.0715550184 0.777040005
vt -0.0550000072 0.807999969
vt -0.0715550184 0.777040005
vt -0.0850999951 0.790585041
vt -0.151555002 0.777040005
vt -0.115750015 0.772000015
vt -0.118444979 0.777040005
vt -0.151555002 0.777040005
vt -0.154249966 0.772000015
vt -0.115750015 0.772000015
vt -0.118444979 0.777040005
vt -0.0999999642 0.787750006
vt -0.104900002 0.790585041
vt -0.118444979 0.777040005
vt -0.115750015 0.772000015
vt -0.0999999642 0.787750006
vt -0.104900002 0.790585041
vt -0.0999999642 0.828249991
vt -0.104900002 0.825415015
vt -0.104900002 0.790585041
vt -0.0999999642 0.787750006
vt -0.0999999642 0.828249991
vt -0.104900002 0.825415015
vt -0.115750015 0.843999982
vt -0.118444979 0.838959992
vt -0.104900002 0.825415015
vt -0.0999999642 0.828249991
vt -0.115750015 0.843999982
vt -0.118444979 0.838959992
vt -0.154249966 0.843999982
vt -0.151555002 0.838959992
vt -0.118444979 0.838959992
vt -0.115750015 0.843999982
vt -0.154249966 0.843999982
vt -0.151555002 0.838959992
vt -0.170000017 0.828249991
vt -0.165099978 0.825415015
vt -0.151555002 0.838959992
vt -0.154249966 0.843999982
vt -0.170000017 0.828249991
vt -0.165099978 0.825415015
vt -0.170000017 0.787750006
vt -0.165099978 0.790585041
vt -0.165099978 0.825415015
vt -0.170000017 0.828249991
vt -0.170000017 0.787750006
vt -0.165099978 0.790585041
vt -0.154249966 0.772000015
vt -0.151555002 0.777040005
vt -0.165099978 0.790585041
vt -0.170000017 0.787750006
vt -0.154249966 0.772000015
vt -0.154249966 0.772000015
vt -0.115750015 0.772000015
vt -0.115750015 0.772000015
vt -0.154249966 0.772000015
vt -0.154249966 0.772000015
vt -0.115750015 0.772000015
vt -0.115750015 0.772000015
vt -0.0999999642 0.787750006
vt -0.0999999642 0.787750006
vt -0.115750015 0.772000015
vt -0.115750015 0.772000015
vt -0.0999999642 0.787750006
vt -0.0999999642 0.787750006
vt -0.0999999642 0.828249991
vt -0.0999999642 0.828249991
vt -0.0999999642 0.787750006
vt -0.0999999642 0.787750006
vt -0.0999999642 0.828249991
vt -0.0999999642 0.828249991
vt -0.115750015 0.843999982
vt -0.115750015 0.843999982
vt -0.0999999642 0.828249991
vt -0.0999999642 0.828249991
vt -0.115750015 0.843999982
vt -0.115750015 0.843999982
vt -0.154249966 0.843999982
vt -0.154249966 0.843999982
vt -0.115750015 0.843999982
vt -0.115750015 0.843999982
vt -0.154249966 0.843999982
vt -0.154249966 0.843999982
vt -0.170000017 0.828249991
vt -0.170000017 0.828249991
vt -0.154249966 0.843999982
vt -0.154249966 0.843999982
vt -0.170000017 0.828249991
vt -0.170000017 0.828249991
vt -0.170000017 0.787750006
vt -0.170000017 0.787750006
vt -0.170000017 0.828249991
vt -0.170000017 0.828249991
vt -0.170000017 0.787750006
vt -0.170000017 0.787750006
vt -0.154249966 0.772000015
vt -0.154249966 0.772000015
vt -0.170000017 0.787750006
vt -0.170000017 0.787750006
vt -0.154249966 0.772000015
vt -0.154249966 0.772000015
vt -0.118444979 0.777040005
vt -0.115750015 0.772000015
vt -0.154249966 0.772000015
vt -0.151555002 0.777040005
vt -0.118444979 0.777040005
vt -0.115750015 0.772000015
vt -0.104900002 0.790585041
vt -0.0999999642 0.787750006
vt -0.115750015 0.772000015
vt -0.118444979 0.777040005
vt -0.104900002 0.790585041
vt -0.0999999642 0.787750006
vt -0.104900002 0.825415015
vt -0.0999999642 0.828249991
vt -0.0999999642 0.787750006
vt -0.104900002 0.790585041
vt -0.104900002 0.825415015
vt -0.0999999642 0.828249991
vt -0.118444979 0.838959992
vt -0.115750015 0.843999982
vt -0.0999999642 0.828249991
vt -0.104900002 0.825415015
vt -0.118444979 0.838959992
vt -0.115750015 0.843999982
vt -0.151555002 0.838959992
vt -0.154249966 0.843999982
vt -0.115750015 0.843999982
vt -0.118444979 0.838959992
vt -0.151555002 0.838959992
vt -0.154249966 0.843999982
vt -0.165099978 0.825415015
vt -0.170000017 0.828249991
vt -0.154249966 0.843999982
vt -0.151555002 0.838959992
vt -0.165099978 0.825415015
vt -0.170000017 0.828249991
vt -0.165099978 0.790585041
vt -0.170000017 0.787750006
vt -0.170000017 0.828249991
vt -0.165099978 0.825415015
vt -0.165099978 0.790585041
vt -0.170000017 0.787750006
vt -0.151555002 0.777040005
vt -0.154249966 0.772000015
vt -0.170000017 0.787750006
vt -0.165099978 0.790585041
vt -0.151555002 0.777040005
vt -0.13499999 0.807999969
vt -0.151555002 0.777040005
vt -0.118444979 0.777040005
vt -0.13499999 0.807999969
vt -0.118444979 0.777040005
vt -0.151555002 0.777040005
vt -0.13499999 0.807999969
vt -0.118444979 0.777040005
vt -0.104900002 0.790585041
vt -0.13499999 0.807999969
vt -0.104900002 0.790585041
vt -0.118444979 0.777040005
vt -0.13499999 0.807999969
vt -0.104900002 0.790585041
vt -0.104900002 0.825415015
vt -0.13499999 0.807999969
vt -0.104900002 0.825415015
vt -0.104900002 0.790585041
vt -0.13499999 0.807999969
vt -0.104900002 0.825415015
vt -0.118444979 0.838959992
vt -0.13499999 0.807999969
vt -0.118444979 0.838959992
vt -0.104900002 0.825415015
vt -0.13499999 0.807999969
vt -0.118444979 0.838959992
vt -0.151555002 0.838959992
vt -0.13499999 0.807999969
vt -0.151555002 0.838959992
vt -0.118444979 0.838959992
vt -0.13499999 0.807999969
vt -0.151555002 0.838959992
vt -0.165099978 0.825415015
vt -0.13499999 0.807999969
vt -0.165099978 0.825415015
vt -0.151555002 0.838959992
vt -0.13499999 0.807999969
vt -0.165099978 0.825415015
vt -0.165099978 0.790585041
vt -0.13499999 0.807999969
vt -0.165099978 0.790585041
vt -0.165099978 0.825415015
vt -0.13499999 0.807999969
vt -0.165099978 0.790585041
vt -0.151555002 0.777040005
vt -0.13499999 0.807999969
vt -0.151555002 0.777040005
vt -0.165099978 0.790585041
vt -0.231554985 0.777040005
vt -0.195749998 0.772000015
vt -0.198444963 0.777040005
vt -0.231554985 0.777040005
vt -0.234249949 0.772000015
vt -0.195749998 0.772000015
vt -0.198444963 0.777040005
vt -0.179999948 0.787750006
vt -0.184899986 0.790585041
vt -0.198444963 0.777040005
vt -0.195749998 0.772000015
vt -0.179999948 0.787750006
vt -0.184899986 0.790585041
vt -0.179999948 0.828249991
vt -0.184899986 0.825415015
vt -0.184899986 0.790585041
vt -0.179999948 0.787750006
vt -0.179999948 0.828249991
vt -0.184899986 0.825415015
vt -0.195749998 0.843999982
vt -0.198444963 0.838959992
vt -0.184899986 0.825415015
vt -0.179999948 0.828249991
vt -0.195749998 0.843999982
vt -0.198444963 0.838959992
vt -0.234249949 0.843999982
vt -0.231554985 0.838959992
vt -0.198444963 0.838959992
vt -0.195749998 0.843999982
vt -0.234249949 0.843999982
vt -0.231554985 0.838959992
vt -0.25 0.828249991
vt -0.245099962 0.825415015
vt -0.231554985 0.838959992
vt -0.234249949 0.843999982
vt -0.25 0.828249991
vt -0.245099962 0.825415015
vt -0.25 0.787750006
vt -0.245099962 0.790585041
vt -0.245099962 0.825415015
vt -0.25 0.828249991
vt -0.25 0.787750006
vt -0.245099962 0.790585041
vt -0.234249949 0.772000015
vt -0.231554985 0.777040005
vt -0.245099962 0.790585041
vt -0.25 0.787750006
vt -0.234249949 0.772000015
vt -0.234249949 0.772000015
vt -0.195749998 0.772000015
vt -0.195749998 0.772000015
vt -0.234249949 0.772000015
vt -0.234249949 0.772000015
vt -0.195749998 0.772000015
vt -0.195749998 0.772000015
vt -0.179999948 0.787750006
vt -0.179999948 0.787750006
vt -0.195749998 0.772000015
vt -0.195749998 0.772000015
vt -0.179999948 0.787750006
vt -0.179999948 0.787750006
vt -0.179999948 0.828249991
vt -0.179999948 0.828249991
vt -0.179999948 0.787750006
vt -0.179999948 0.787750006
vt -0.179999948 0.828249991
vt -0.179999948 0.828249991
vt -0.195749998 0.843999982
vt -0.195749998 0.843999982
vt -0.179999948 0.828249991
vt -0.179999948 0.828249991
vt -0.195749998 0.843999982
vt -0.195749998 0.843999982
vt -0.234249949 0.843999982
vt -0.234249949 0.843999982
vt -0.195749998 0.843999982
vt -0.195749998 0.843999982
vt -0.234249949 0.843999982
vt -0.234249949 0.843999982
vt -0.25 0.828249991
vt -0.25 0.828249991
vt -0.234249949 0.843999982
vt -0.234249949 0.843999982
vt -0.25 0.828249991
vt -0.25 0.828249991
vt -0.25 0.787750006
vt -0.25 0.787750006
vt -0.25 0.828249991
vt -0.25 0.828249991
vt -0.25 0.787750006
vt -0.25 0.787750006
vt -0.234249949 0.772000015
vt -0.234249949 0.772000015
vt -0.25 0.787750006
vt -0.25 0.787750006
vt -0.234249949 0.772000015
vt -0.234249949 0.772000015
vt -0.198444963 0.777040005
vt -0.195749998 0.772000015
vt -0.234249949 0.772000015
vt -0.231554985 0.777040005
vt -0.198444963 0.777040005
vt -0.195749998 0.772000015
vt -0.184899986 0.790585041
vt -0.179999948 0.787750006
vt -0.195749998 0.772000015
vt -0.198444963 0.777040005
vt -0.184899986 0.790585041
vt -0.179999948 0.787750006
vt -0.184899986 0.825415015
vt -0.179999948 0.828249991
vt -0.179999948 0.787750006
vt -0.184899986 0.790585041
vt -0.184899986 0.825415015
vt -0.179999948 0.828249991
vt -0.198444963 0.838959992
vt -0.195749998 0.843999982
vt -0.179999948 0.828249991
vt -0.184899986 0.825415015
vt -0.198444963 0.838959992
vt -0.195749998 0.843999982
vt -0.231554985 0.838959992
vt -0.234249949 0.843999982
vt -0.195749998 0.843999982
vt -0.198444963 0.838959992
vt -0.231554985 0.838959992
vt -0.234249949 0.843999982
vt -0.245099962 0.825415015
vt -0.25 0.828249991
vt -0.234249949 0.843999982
vt -0.231554985 0.838959992
vt -0.245099962 0.825415015
vt -0.25 0.828249991
vt -0.245099962 0.790585041
vt -0.25 0.787750006
vt -0.25 0.828249991
vt -0.245099962 0.825415015
vt -0.245099962 0.790585041
vt -0.25 0.787750006
vt -0.231554985 0.777040005
vt -0.234249949 0.772000015
vt -0.25 0.787750006
vt -0.245099962 0.790585041
vt -0.231554985 0.777040005
vt -0.214999974 0.807999969
vt -0.231554985 0.777040005
vt -0.198444963 0.777040005
vt -0.214999974 0.807999969
vt -0.198444963 0.777040005
vt -0.231554985 0.777040005
vt -0.214999974 0.807999969
vt -0.198444963 0.777040005
vt -0.184899986 0.790585041
vt -0.214999974 0.807999969
vt -0.184899986 0.790585041
vt -0.198444963 0.777040005
vt -0.214999974 0.807999969
vt -0.184899986 0.790585041
vt -0.184899986 0.825415015
vt -0.214999974 0.807999969
vt -0.184899986 0.825415015
vt -0.184899986 0.790585041
vt -0.214999974 0.807999969
vt -0.184899986 0.825415015
vt -0.198444963 0.838959992
vt -0.214999974 0.807999969
vt -0.198444963 0.838959992
vt -0.184899986 0.825415015
vt -0.214999974 0.807999969
vt -0.198444963 0.838959992
vt -0.231554985 0.838959992
vt -0.214999974 0.807999969
vt -0.231554985 0.838959992
vt -0.198444963 0.838959992
vt -0.214999974 0.807999969
vt -0.231554985 0.838959992
vt -0.245099962 0.825415015
vt -0.214999974 0.807999969
vt -0.245099962 0.825415015
vt -0.231554985 0.838959992
vt -0.214999974 0.807999969
vt -0.245099962 0.825415015
vt -0.245099962 0.790585041
vt -0.214999974 0.807999969
vt -0.245099962 0.790585041
vt -0.245099962 0.825415015
vt -0.214999974 0.807999969
vt -0.245099962 0.790585041
vt -0.231554985 0.777040005
vt -0.214999974 0.807999969
vt -0.231554985 0.777040005
vt -0.245099962 0.790585041
vt 0.259799987 0.396699995
vt 0.389999986 0.375
vt 0.380199999 0.396699995
vt 0.259799987 0.396699995
vt 0.25 0.375
vt 0.389999986 0.375
vt 0.380199999 0.396699995
vt 0.439999998 0.425000012
vt 0.423200011 0.439700007
vt 0.380199999 0.396699995
vt 0.389999986 0.375
vt 0.439999998 0.425000012
vt 0.423200011 0.439700007
vt 0.439999998 0.63499999
vt 0.423200011 0.620299995
vt 0.423200011 0.439700007
vt 0.439999998 0.425000012
vt 0.439999998 0.63499999
vt 0.423200011 0.620299995
vt 0.389999986 0.685000002
vt 0.380199999 0.663300037
vt 0.423200011 0.620299995
vt 0.439999998 0.63499999
vt 0.389999986 0.685000002
vt 0.380199999 0.663300037
vt 0.25 0.685000002
vt 0.259799987 0.663300037
vt 0.380199999 0.663300037
vt 0.389999986 0.685000002
vt 0.25 0.685000002
vt 0.259799987 0.663300037
vt 0.199999988 0.63499999
vt 0.216799974 0.620299995
vt 0.259799987 0.663300037
vt 0.25 0.685000002
vt 0.199999988 0.63499999
vt 0.216799974 0.620299995
vt 0.199999988 0.425000012
vt 0.216799974 0.439700007
vt 0.216799974 0.620299995
vt 0.199999988 0.63499999
vt 0.199999988 0.425000012
vt 0.216799974 0.439700007
vt 0.25 0.375
vt 0.259799987 0.396699995
vt 0.216799974 0.439700007
vt 0.199999988 0.425000012
vt 0.25 0.375
vt 0.25 0.375
vt 0.389999986 0.375
vt 0.389999986 0.375
vt 0.25 0.375
vt 0.25 0.375
vt 0.389999986 0.375
vt 0.389999986 0.375
vt 0.439999998 0.425000012
vt 0.439999998 0.425000012
vt 0.389999986 0.375
vt 0.389999986 0.375
vt 0.439999998 0.425000012
vt 0.439999998 0.425000012
vt 0.439999998 0.63499999
vt 0.439999998 0.63499999
vt 0.439999998 0.425000012
vt 0.439999998 0.425000012
vt 0.439999998 0.63499999
vt 0.439999998 0.63499999
vt 0.389999986 0.685000002
vt 0.389999986 0.685000002
vt 0.439999998 0.63499999
vt 0.439999998 0.63499999
vt 0.389999986 0.685000002
vt 0.389999986 0.685000002
vt 0.25 0.685000002
vt 0.25 0.685000002
vt 0.389999986 0.685000002
vt 0.389999986 0.685000002
vt 0.25 0.685000002
vt 0.25 0.685000002
vt 0.199999988 0.63499999
vt 0.199999988 0.63499999
vt 0.25 0.685000002
vt 0.25 0.685000002
vt 0.199999988 0.63499999
vt 0.199999988 0.63499999
vt 0.199999988 0.425000012
vt 0.199999988 0.425000012
vt 0.199999988 0.63499999
vt 0.199999988 0.63499999
vt 0.199999988 0.425000012
vt 0.199999988 0.425000012
vt 0.25 0.375
vt 0.25 0.375
vt 0.199999988 0.425000012
vt 0.199999988 0.425000012
vt 0.25 0.375
vt 0.25 0.375
vt 0.380199999 0.396699995
vt 0.389999986 0.375
vt 0.25 0.375
vt 0.259799987 0.396699995
vt 0.380199999 0.396699995
vt 0.389999986 0.375
vt 0.423200011 0.439700007
vt 0.439999998 0.425000012
vt 0.389999986 0.375
vt 0.380199999 0.396699995
vt 0.423200011 0.439700007
vt 0.439999998 0.425000012
vt 0.423200011 0.620299995
vt 0.439999998 0.63499999
vt 0.439999998 0.425000012
vt 0.423200011 0.439700007
vt 0.423200011 0.620299995
vt 0.439999998 0.63499999
vt 0.380199999 0.663300037
vt 0.389999986 0.685000002
vt 0.439999998 0.63499999
vt 0.423200011 0.620299995
vt 0.380199999 0.663300037
vt 0.389999986 0.685000002
vt 0.259799987 0.663300037
vt 0.25 0.685000002
vt 0.389999986 0.685000002
vt 0.380199999 0.663300037
vt 0.259799987 0.663300037
vt 0.25 0.685000002
vt 0.216799974 0.620299995
vt 0.199999988 0.63499999
vt 0.25 0.685000002
vt 0.259799987 0.663300037
vt 0.216799974 0.620299995
vt 0.199999988 0.63499999
vt 0.216799974 0.439700007
vt 0.199999988 0.425000012
vt 0.199999988 0.63499999
vt 0.216799974 0.620299995
vt 0.216799974 0.439700007
vt 0.199999988 0.425000012
vt 0.259799987 0.396699995
vt 0.25 0.375
vt 0.199999988 0.425000012
vt 0.216799974 0.439700007
vt 0.259799987 0.396699995
vt 0.319999993 0.529999971
vt 0.259799987 0.396699995
vt 0.380199999 0.396699995
vt 0.319999993 0.529999971
vt 0.380199999 0.396699995
vt 0.259799987 0.396699995
vt 0.319999993 0.529999971
vt 0.380199999 0.396699995
vt 0.423200011 0.439700007
vt 0.319999993 0.529999971
vt 0.423200011 0.439700007
vt 0.380199999 0.396699995
vt 0.319999993 0.529999971
vt 0.423200011 0.439700007
vt 0.423200011 0.620299995
vt 0.319999993 0.529999971
vt 0.423200011 0.620299995
vt 0.423200011 0.439700007
vt 0.319999993 0.529999971
vt 0.423200011 0.620299995
vt 0.380199999 0.663300037
vt 0.319999993 0.529999971
vt 0.380199999 0.663300037
vt 0.423200011 0.620299995
vt 0.319999993 0.529999971
vt 0.380199999 0.663300037
vt 0.259799987 0.663300037
vt 0.319999993 0.529999971
vt 0.259799987 0.663300037
vt 0.380199999 0.663300037
vt 0.319999993 0.529999971
vt 0.259799987 0.663300037
vt 0.216799974 0.620299995
vt 0.319999993 0.529999971
vt 0.216799974 0.620299995
vt 0.259799987 0.663300037
vt 0.319999993 0.529999971
vt 0.216799974 0.620299995
vt 0.216799974 0.439700007
vt 0.319999993 0.529999971
vt 0.216799974 0.439700007
vt 0.216799974 0.620299995
vt 0.319999993 0.529999971
vt 0.216799974 0.439700007
vt 0.259799987 0.396699995
vt 0.319999993 0.529999971
vt 0.259799987 0.396699995
vt 0.216799974 0.439700007
vt 0.211425006 0.434300005
vt 0.446249992 0.399999976
vt 0.428574979 0.434300005
vt 0.211425006 0.434300005
vt 0.193749994 0.399999976
vt 0.446249992 0.399999976
vt 0.428574979 0.434300005
vt 0.479999989 0.433749974
vt 0.457599998 0.463324994
vt 0.428574979 0.434300005
vt 0.446249992 0.399999976
vt 0.479999989 0.433749974
vt 0.457599998 0.463324994
vt 0.479999989 0.856249988
vt 0.457599998 0.826674998
vt 0.457599998 0.463324994
vt 0.479999989 0.433749974
vt 0.479999989 0.856249988
vt 0.457599998 0.826674998
vt 0.446249992 0.889999986
vt 0.428574979 0.855700016
vt 0.457599998 0.826674998
vt 0.479999989 0.856249988
vt 0.446249992 0.889999986
vt 0.428574979 0.855700016
vt 0.193749994 0.889999986
vt 0.211425006 0.855700016
vt 0.428574979 0.855700016
vt 0.446249992 0.889999986
vt 0.193749994 0.889999986
vt 0.211425006 0.855700016
vt 0.159999996 0.856249988
vt 0.182399988 0.826674998
vt 0.211425006 0.855700016
vt 0.193749994 0.889999986
vt 0.159999996 0.856249988
vt 0.182399988 0.826674998
vt 0.159999996 0.433749974
vt 0.182399988 0.463324994
vt 0.182399988 0.826674998
vt 0.159999996 0.856249988
vt 0.159999996 0.433749974
vt 0.182399988 0.463324994
vt 0.193749994 0.399999976
vt 0.211425006 0.434300005
vt 0.182399988 0.463324994
vt 0.159999996 0.433749974
vt 0.193749994 0.399999976
vt 0.193749994 0.399999976
vt 0.446249992 0.399999976
vt 0.446249992 0.399999976
vt 0.193749994 0.399999976
vt 0.193749994 0.399999976
vt 0.446249992 0.399999976
vt 0.446249992 0.399999976
vt 0.479999989 0.433749974
vt 0.479999989 0.433749974
vt 0.446249992 0.399999976
vt 0.446249992 0.399999976
vt 0.479999989 0.433749974
vt 0.479999989 0.433749974
vt 0.479999989 0.856249988
vt 0.479999989 0.856249988
vt 0.479999989 0.433749974
vt 0.479999989 0.433749974
vt 0.479999989 0.856249988
vt 0.479999989 0.856249988
vt 0.446249992 0.889999986
vt 0.446249992 0.889999986
vt 0.479999989 0.856249988
vt 0.479999989 0.856249988
vt 0.446249992 0.889999986
vt 0.446249992 0.889999986
vt 0.193749994 0.889999986
vt 0.193749994 0.889999986
vt 0.446249992 0.889999986
vt 0.446249992 0.889999986
vt 0.193749994 0.889999986
vt 0.193749994 0.889999986
vt 0.159999996 0.856249988
vt 0.159999996 0.856249988
vt 0.193749994 0.889999986
vt 0.193749994 0.889999986
vt 0.159999996 0.856249988
vt 0.159999996 0.856249988
vt 0.159999996 0.433749974
vt 0.159999996 0.433749974
vt 0.159999996 0.856249988
vt 0.159999996 0.856249988
vt 0.159999996 0.433749974
vt 0.159999996 0.433749974
vt 0.193749994 0.399999976
vt 0.193749994 0.399999976
vt 0.159999996 0.433749974
vt 0.159999996 0.433749974
vt 0.193749994 0.399999976
vt 0.193749994 0.399999976
vt 0.428574979 0.434300005
vt 0.446249992 0.399999976
vt 0.193749994 0.399999976
vt 0.211425006 0.434300005
vt 0.428574979 0.434300005
vt 0.446249992 0.399999976
vt 0.457599998 0.463324994
vt 0.479999989 0.433749974
vt 0.446249992 0.399999976
vt 0.428574979 0.434300005
vt 0.457599998 0.463324994
vt 0.479999989 0.433749974
vt 0.457599998 0.826674998
vt 0.479999989 0.856249988
vt 0.479999989 0.433749974
vt 0.457599998 0.463324994
vt 0.457599998 0.826674998
vt 0.479999989 0.856249988
vt 0.428574979 0.855700016
vt 0.446249992 0.889999986
vt 0.479999989 0.856249988
vt 0.457599998 0.826674998
vt 0.428574979 0.855700016
vt 0.446249992 0.889999986
vt 0.211425006 0.855700016
vt 0.193749994 0.889999986
vt 0.446249992 0.889999986
vt 0.428574979 0.855700016
vt 0.211425006 0.855700016
vt 0.193749994 0.889999986
vt 0.182399988 0.826674998
vt 0.159999996 0.856249988
vt 0.193749994 0.889999986
vt 0.211425006 0.855700016
vt 0.182399988 0.826674998
vt 0.159999996 0.856249988
vt 0.182399988 0.463324994
vt 0.159999996 0.433749974
vt 0.159999996 0.856249988
vt 0.182399988 0.826674998
vt 0.182399988 0.463324994
vt 0.159999996 0.433749974
vt 0.211425006 0.434300005
vt 0.193749994 0.399999976
vt 0.159999996 0.433749974
vt 0.182399988 0.463324994
vt 0.211425006 0.434300005
vt 0.319999993 0.644999981
vt 0.211425006 0.434300005
vt 0.428574979 0.434300005
vt 0.319999993 0.644999981
vt 0.428574979 0.434300005
vt 0.211425006 0.434300005
vt 0.319999993 0.644999981
vt 0.428574979 0.434300005
vt 0.457599998 0.463324994
vt 0.319999993 0.644999981
vt 0.457599998 0.463324994
vt 0.428574979 0.434300005
vt 0.319999993 0.644999981
vt 0.457599998 0.463324994
vt 0.457599998 0.826674998
vt 0.319999993 0.644999981
vt 0.457599998 0.826674998
vt 0.457599998 0.463324994
vt 0.319999993 0.644999981
vt 0.457599998 0.826674998
vt 0.428574979 0.855700016
vt 0.319999993 0.644999981
vt 0.428574979 0.855700016
vt 0.457599998 0.826674998
vt 0.319999993 0.644999981
vt 0.428574979 0.855700016
vt 0.211425006 0.855700016
vt 0.319999993 0.644999981
vt 0.211425006 0.855700016
vt 0.428574979 0.855700016
vt 0.319999993 0.644999981
vt 0.211425006 0.855700016
vt 0.182399988 0.826674998
vt 0.319999993 0.644999981
vt 0.182399988 0.826674998
vt 0.211425006 0.855700016
vt 0.319999993 0.644999981
vt 0.182399988 0.826674998
vt 0.182399988 0.463324994
vt 0.319999993 0.644999981
vt 0.182399988 0.463324994
vt 0.182399988 0.826674998
vt 0.319999993 0.644999981
vt 0.182399988 0.463324994
vt 0.211425006 0.434300005
vt 0.319999993 0.644999981
vt 0.211425006 0.434300005
vt 0.182399988 0.463324994
vt 0.81400001 0.328700006
vt 1 0.300000012
vt 0.986000001 0.328700006
vt 0.81400001 0.328700006
vt 0.800000012 0.300000012
vt 1 0.300000012
vt 0.986000001 0.328700006
vt 1.06999993 0.370000005
vt 1.04620004 0.388900012
vt 0.986000001 0.328700006
vt 1 0.300000012
vt 1.06999993 0.370000005
vt 1.04620004 0.388900012
vt 1.06999993 0.639999986
vt 1.04620004 0.621100008
vt 1.04620004 0.388900012
vt 1.06999993 0.370000005
vt 1.06999993 0.639999986
vt 1.04620004 0.621100008
vt 1 0.709999979
vt 0.986000001 0.681299984
vt 1.04620004 0.621100008
vt 1.06999993 0.639999986
vt 1 0.709999979
vt 0.986000001 0.681299984
vt 0.800000012 0.709999979
vt 0.81400001 0.681299984
vt 0.986000001 0.681299984
vt 1 0.709999979
vt 0.800000012 0.709999979
vt 0.81400001 0.681299984
vt 0.730000019 0.639999986
vt 0.753800035 0.621100008
vt 0.81400001 0.681299984
vt 0.800000012 0.709999979
vt 0.730000019 0.639999986
vt 0.753800035 0.621100008
vt 0.730000019 0.370000005
vt 0.753800035 0.388900012
vt 0.753800035 0.621100008
vt 0.730000019 0.639999986
vt 0.730000019 0.370000005
vt 0.753800035 0.388900012
vt 0.800000012 0.300000012
vt 0.81400001 0.328700006
vt 0.753800035 0.388900012
vt 0.730000019 0.370000005
vt 0.800000012 0.300000012
vt 0.800000012 0.300000012
vt 1 0.300000012
vt 1 0.300000012
vt 0.800000012 0.300000012
vt 0.800000012 0.300000012
vt 1 0.300000012
vt 1 0.300000012
vt 1.06999993 0.370000005
vt 1.06999993 0.370000005
vt 1 0.300000012
vt 1 0.300000012
vt 1.06999993 0.370000005
vt 1.06999993 0.370000005
vt 1.06999993 0.639999986
vt 1.06999993 0.639999986
vt 1.06999993 0.370000005
vt 1.06999993 0.370000005
vt 1.06999993 0.639999986
vt 1.06999993 0.639999986
vt 1 0.709999979
vt 1 0.709999979
vt 1.06999993 0.639999986
vt 1.06999993 0.639999986
vt 1 0.709999979
vt 1 0.709999979
vt 0.800000012 0.709999979
vt 0.800000012 0.709999979
vt 1 0.709999979
vt 1 0.709999979
vt 0.800000012 0.709999979
vt 0.800000012 0.709999979
vt 0.730000019 0.639999986
vt 0.730000019 0.639999986
vt 0.800000012 0.709999979
vt 0.800000012 0.709999979
vt 0.730000019 0.639999986
vt 0.730000019 0.639999986
vt 0.730000019 0.370000005
vt 0.730000019 0.370000005
vt 0.730000019 0.639999986
vt 0.730000019 0.639999986
vt 0.730000019 0.370000005
vt 0.730000019 0.370000005
vt 0.800000012 0.300000012
vt 0.800000012 0.300000012
vt 0.730000019 0.370000005
vt 0.730000019 0.370000005
vt 0.800000012 0.300000012
vt 0.800000012 0.300000012
vt 0.986000001 0.328700006
vt 1 0.300000012
vt 0.800000012 0.300000012
vt 0.81400001 0.328700006
vt 0.986000001 0.328700006
vt 1 0.300000012
vt 1.04620004 0.388900012
vt 1.06999993 0.370000005
vt 1 0.300000012
vt 0.986000001 0.328700006
vt 1.04620004 0.388900012
vt 1.06999993 0.370000005
vt 1.04620004 0.621100008
vt 1.06999993 0.639999986
vt 1.06999993 0.370000005
vt 1.04620004 0.388900012
vt 1.04620004 0.621100008
vt 1.06999993 0.639999986
vt 0.986000001 0.681299984
vt 1 0.709999979
vt 1.06999993 0.639999986
vt 1.04620004 0.621100008
vt 0.986000001 0.681299984
vt 1 0.709999979
vt 0.81400001 0.681299984
vt 0.800000012 0.709999979
vt 1 0.709999979
vt 0.986000001 0.681299984
vt 0.81400001 0.681299984
vt 0.800000012 0.709999979
vt 0.753800035 0.621100008
vt 0.730000019 0.639999986
vt 0.800000012 0.709999979
vt 0.81400001 0.681299984
vt 0.753800035 0.621100008
vt 0.730000019 0.639999986
vt 0.753800035 0.388900012
vt 0.730000019 0.370000005
vt 0.730000019 0.639999986
vt 0.753800035 0.621100008
vt 0.753800035 0.388900012
vt 0.730000019 0.370000005
vt 0.81400001 0.328700006
vt 0.800000012 0.300000012
vt 0.730000019 0.370000005
vt 0.753800035 0.388900012
vt 0.81400001 0.328700006
vt 0.899999976 0.504999995
vt 0.81400001 0.328700006
vt 0.986000001 0.328700006
vt 0.899999976 0.504999995
vt 0.986000001 0.328700006
vt 0.81400001 0.328700006
vt 0.899999976 0.504999995
vt 0.986000001 0.328700006
vt 1.04620004 0.388900012
vt 0.899999976 0.504999995
vt 1.04620004 0.388900012
vt 0.986000001 0.328700006
vt 0.899999976 0.504999995
vt 1.04620004 0.388900012
vt 1.04620004 0.621100008
vt 0.899999976 0.504999995
vt 1.04620004 0.621100008
vt 1.04620004 0.388900012
vt 0.899999976 0.504999995
vt 1.04620004 0.621100008
vt 0.986000001 0.681299984
vt 0.899999976 0.504999995
vt 0.986000001 0.681299984
vt 1.04620004 0.621100008
vt 0.899999976 0.504999995
vt 0.986000001 0.681299984
vt 0.81400001 0.681299984
vt 0.899999976 0.504999995
vt 0.81400001 0.681299984
vt 0.986000001 0.681299984
vt 0.899999976 0.504999995
vt 0.81400001 0.681299984
vt 0.753800035 0.621100008
vt 0.899999976 0.504999995
vt 0.753800035 0.621100008
vt 0.81400001 0.681299984
vt 0.899999976 0.504999995
vt 0.753800035 0.621100008
vt 0.753800035 0.388900012
vt 0.899999976 0.504999995
vt 0.753800035 0.388900012
vt 0.753800035 0.621100008
vt 0.899999976 0.504999995
vt 0.753800035 0.388900012
vt 0.81400001 0.328700006
vt 0.899999976 0.504999995
vt 0.81400001 0.328700006
vt 0.753800035 0.388900012
vt 0.939800024 0.406000018
vt 1.06999993 0.38499999
vt 1.06019998 0.406000018
vt 0.939800024 0.406000018
vt 0.930000007 0.38499999
vt 1.06999993 0.38499999
vt 1.06019998 0.406000018
vt 1.12 0.435000002
vt 1.10319996 0.449000001
vt 1.06019998 0.406000018
vt 1.06999993 0.38499999
vt 1.12 0.435000002
vt 1.10319996 0.449000001
vt 1.12 0.63499999
vt 1.10319996 0.620999992
vt 1.10319996 0.449000001
vt 1.12 0.435000002
vt 1.12 0.63499999
vt 1.10319996 0.620999992
vt 1.06999993 0.685000002
vt 1.06019998 0.663999975
vt 1.10319996 0.620999992
vt 1.12 0.63499999
vt 1.06999993 0.685000002
vt 1.06019998 0.663999975
vt 0.930000007 0.685000002
vt 0.939800024 0.663999975
vt 1.06019998 0.663999975
vt 1.06999993 0.685000002
vt 0.930000007 0.685000002
vt 0.939800024 0.663999975
vt 0.879999995 0.63499999
vt 0.896799982 0.620999992
vt 0.939800024 0.663999975
vt 0.930000007 0.685000002
vt 0.879999995 0.63499999
vt 0.896799982 0.620999992
vt 0.879999995 0.435000002
vt 0.896799982 0.449000001
vt 0.896799982 0.620999992
vt 0.879999995 0.63499999
vt 0.879999995 0.435000002
vt 0.896799982 0.449000001
vt 0.930000007 0.38499999
vt 0.939800024 0.406000018
vt 0.896799982 0.449000001
vt 0.879999995 0.435000002
vt 0.930000007 0.38499999
vt 0.930000007 0.38499999
vt 1.06999993 0.38499999
vt 1.06999993 0.38499999
vt 0.930000007 0.38499999
vt 0.930000007 0.38499999
vt 1.06999993 0.38499999
vt 1.06999993 0.38499999
vt 1.12 0.435000002
vt 1.12 0.435000002
vt 1.06999993 0.38499999
vt 1.06999993 0.38499999
vt 1.12 0.435000002
vt 1.12 0.435000002
vt 1.12 0.63499999
vt 1.12 0.63499999
vt 1.12 0.435000002
vt 1.12 0.435000002
vt 1.12 0.63499999
vt 1.12 0.63499999
vt 1.06999993 0.685000002
vt 1.06999993 0.685000002
vt 1.12 0.63499999
vt 1.12 0.63499999
vt 1.06999993 0.685000002
vt 1.06999993 0.685000002
vt 0.930000007 0.685000002
vt 0.930000007 0.685000002
vt 1.06999993 0.685000002
vt 1.06999993 0.685000002
vt 0.930000007 0.685000002
vt 0.930000007 0.685000002
vt 0.879999995 0.63499999
vt 0.879999995 0.63499999
vt 0.930000007 0.685000002
vt 0.930000007 0.685000002
vt 0.879999995 0.63499999
vt 0.879999995 0.63499999
vt 0.879999995 0.435000002
vt 0.879999995 0.435000002
vt 0.879999995 0.63499999
vt 0.879999995 0.63499999
vt 0.879999995 0.435000002
vt 0.879999995 0.435000002
vt 0.930000007 0.38499999
vt 0.930000007 0.38499999
vt 0.879999995 0.435000002
vt 0.879999995 0.435000002
vt 0.930000007 0.38499999
vt 0.930000007 0.38499999
vt 1.06019998 0.406000018
vt 1.06999993 0.38499999
vt 0.930000007 0.38499999
vt 0.939800024 0.406000018
vt 1.06019998 0.406000018
vt 1.06999993 0.38499999
vt 1.10319996 0.449000001
vt 1.12 0.435000002
vt 1.06999993 0.38499999
vt 1.06019998 0.406000018
vt 1.10319996 0.449000001
vt 1.12 0.435000002
vt 1.10319996 0.620999992
vt 1.12 0.63499999
vt 1.12 0.435000002
vt 1.10319996 0.449000001
vt 1.10319996 0.620999992
vt 1.12 0.63499999
vt 1.06019998 0.663999975
vt 1.06999993 0.685000002
vt 1.12 0.63499999
vt 1.10319996 0.620999992
vt 1.06019998 0.663999975
vt 1.06999993 0.685000002
vt 0.939800024 0.663999975
vt 0.930000007 0.685000002
vt 1.06999993 0.685000002
vt 1.06019998 0.663999975
vt 0.939800024 0.663999975
vt 0.930000007 0.685000002
vt 0.896799982 0.620999992
vt 0.879999995 0.63499999
vt 0.930000007 0.685000002
vt 0.939800024 0.663999975
vt 0.896799982 0.620999992
vt 0.879999995 0.63499999
vt 0.896799982 0.449000001
vt 0.879999995 0.435000002
vt 0.879999995 0.63499999
vt 0.896799982 0.620999992
vt 0.896799982 0.449000001
vt 0.879999995 0.435000002
vt 0.939800024 0.406000018
vt 0.930000007 0.38499999
vt 0.879999995 0.435000002
vt 0.896799982 0.449000001
vt 0.939800024 0.406000018
vt 1 0.535000026
vt 0.939800024 0.406000018
vt 1.06019998 0.406000018
vt 1 0.535000026
vt 1.06019998 0.406000018
vt 0.939800024 0.406000018
vt 1 0.535000026
vt 1.06019998 0.406000018
vt 1.10319996 0.449000001
vt 1 0.535000026
vt 1.10319996 0.449000001
vt 1.06019998 0.406000018
vt 1 0.535000026
vt 1.10319996 0.449000001
vt 1.10319996 0.620999992
vt 1 0.535000026
vt 1.10319996 0.620999992
vt 1.10319996 0.449000001
vt 1 0.535000026
vt 1.10319996 0.620999992
vt 1.06019998 0.663999975
vt 1 0.535000026
vt 1.06019998 0.663999975
vt 1.10319996 0.620999992
vt 1 0.535000026
vt 1.06019998 0.663999975
vt 0.939800024 0.663999975
vt 1 0.535000026
vt 0.939800024 0.663999975
vt 1.06019998 0.663999975
vt 1 0.535000026
vt 0.939800024 0.663999975
vt 0.896799982 0.620999992
vt 1 0.535000026
vt 0.896799982 0.620999992
vt 0.939800024 0.663999975
vt 1 0.535000026
vt 0.896799982 0.620999992
vt 0.896799982 0.449000001
vt 1 0.535000026
vt 0.896799982 0.449000001
vt 0.896799982 0.620999992
vt 1 0.535000026
vt 0.896799982 0.449000001
vt 0.939800024 0.406000018
vt 1 0.535000026
vt 0.939800024 0.406000018
vt 0.896799982 0.449000001
vt 0.988200009 0.485199988
vt 1.23000002 0.459999979
vt 1.2118001 0.485199988
vt 0.988200009 0.485199988
vt 0.970000029 0.459999979
vt 1.23000002 0.459999979
vt 1.2118001 0.485199988
vt 1.28999996 0.519999981
vt 1.26340008 0.536800027
vt 1.2118001 0.485199988
vt 1.23000002 0.459999979
vt 1.28999996 0.519999981
vt 1.26340008 0.536800027
vt 1.28999996 0.75999999
vt 1.26340008 0.743200004
vt 1.26340008 0.536800027
vt 1.28999996 0.519999981
vt 1.28999996 0.75999999
vt 1.26340008 0.743200004
vt 1.23000002 0.819999993
vt 1.2118001 0.794799984
vt 1.26340008 0.743200004
vt 1.28999996 0.75999999
vt 1.23000002 0.819999993
vt 1.2118001 0.794799984
vt 0.970000029 0.819999993
vt 0.988200009 0.794799984
vt 1.2118001 0.794799984
vt 1.23000002 0.819999993
vt 0.970000029 0.819999993
vt 0.988200009 0.794799984
vt 0.910000026 0.75999999
vt 0.936600029 0.743200004
vt 0.988200009 0.794799984
vt 0.970000029 0.819999993
vt 0.910000026 0.75999999
vt 0.936600029 0.743200004
vt 0.910000026 0.519999981
vt 0.936600029 0.536800027
vt 0.936600029 0.743200004
vt 0.910000026 0.75999999
vt 0.910000026 0.519999981
vt 0.936600029 0.536800027
vt 0.970000029 0.459999979
vt 0.988200009 0.485199988
vt 0.936600029 0.536800027
vt 0.910000026 0.519999981
vt 0.970000029 0.459999979
vt 0.970000029 0.459999979
vt 1.23000002 0.459999979
vt 1.23000002 0.459999979
vt 0.970000029 0.459999979
vt 0.970000029 0.459999979
vt 1.23000002 0.459999979
vt 1.23000002 0.459999979
vt 1.28999996 0.519999981
vt 1.28999996 0.519999981
vt 1.23000002 0.459999979
vt 1.23000002 0.459999979
vt 1.28999996 0.519999981
vt 1.28999996 0.519999981
vt 1.28999996 0.75999999
vt 1.28999996 0.75999999
vt 1.28999996 0.519999981
vt 1.28999996 0.519999981
vt 1.28999996 0.75999999
vt 1.28999996 0.75999999
vt 1.23000002 0.819999993
vt 1.23000002 0.819999993
vt 1.28999996 0.75999999
vt 1.28999996 0.75999999
vt 1.23000002 0.819999993
vt 1.23000002 0.819999993
vt 0.970000029 0.819999993
vt 0.970000029 0.819999993
vt 1.23000002 0.819999993
vt 1.23000002 0.819999993
vt 0.970000029 0.819999993
vt 0.970000029 0.819999993
vt 0.910000026 0.75999999
vt 0.910000026 0.75999999
vt 0.970000029 0.819999993
vt 0.970000029 0.819999993
vt 0.910000026 0.75999999
vt 0.910000026 0.75999999
vt 0.910000026 0.519999981
vt 0.910000026 0.519999981
vt 0.910000026 0.75999999
vt 0.910000026 0.75999999
vt 0.910000026 0.519999981
vt 0.910000026 0.519999981
vt 0.970000029 0.459999979
vt 0.970000029 0.459999979
vt 0.910000026 0.519999981
vt 0.910000026 0.519999981
vt 0.970000029 0.459999979
vt 0.970000029 0.459999979
vt 1.2118001 0.485199988
vt 1.23000002 0.459999979
vt 0.970000029 0.459999979
vt 0.988200009 0.485199988
vt 1.2118001 0.485199988
vt 1.23000002 0.459999979
vt 1.26340008 0.536800027
vt 1.28999996 0.519999981
vt 1.23000002 0.459999979
vt 1.2118001 0.485199988
vt 1.26340008 0.536800027
vt 1.28999996 0.519999981
vt 1.26340008 0.743200004
vt 1.28999996 0.75999999
vt 1.28999996 0.519999981
vt 1.26340008 0.536800027
vt 1.26340008 0.743200004
vt 1.28999996 0.75999999
vt 1.2118001 0.794799984
vt 1.23000002 0.819999993
vt 1.28999996 0.75999999
vt 1.26340008 0.743200004
vt 1.2118001 0.794799984
vt 1.23000002 0.819999993
vt 0.988200009 0.794799984
vt 0.970000029 0.819999993
vt 1.23000002 0.819999993
vt 1.2118001 0.794799984
vt 0.988200009 0.794799984
vt 0.970000029 0.819999993
vt 0.936600029 0.743200004
vt 0.910000026 0.75999999
vt 0.970000029 0.819999993
vt 0.988200009 0.794799984
vt 0.936600029 0.743200004
vt 0.910000026 0.75999999
vt 0.936600029 0.536800027
vt 0.910000026 0.519999981
vt 0.910000026 0.75999999
vt 0.936600029 0.743200004
vt 0.936600029 0.536800027
vt 0.910000026 0.519999981
vt 0.988200009 0.485199988
vt 0.970000029 0.459999979
vt 0.910000026 0.519999981
vt 0.936600029 0.536800027
vt 0.988200009 0.485199988
vt 1.10000002 0.639999986
vt 0.988200009 0.485199988
vt 1.2118001 0.485199988
vt 1.10000002 0.639999986
vt 1.2118001 0.485199988
vt 0.988200009 0.485199988
vt 1.10000002 0.639999986
vt 1.2118001 0.485199988
vt 1.26340008 0.536800027
vt 1.10000002 0.639999986
vt 1.26340008 0.536800027
vt 1.2118001 0.485199988
vt 1.10000002 0.639999986
vt 1.26340008 0.536800027
vt 1.26340008 0.743200004
vt 1.10000002 0.639999986
vt 1.26340008 0.743200004
vt 1.26340008 0.536800027
vt 1.10000002 0.639999986
vt 1.26340008 0.743200004
vt 1.2118001 0.794799984
vt 1.10000002 0.639999986
vt 1.2118001 0.794799984
vt 1.26340008 0.743200004
vt 1.10000002 0.639999986
vt 1.2118001 0.794799984
vt 0.988200009 0.794799984
vt 1.10000002 0.639999986
vt 0.988200009 0.794799984
vt 1.2118001 0.794799984
vt 1.10000002 0.639999986
vt 0.988200009 0.794799984
vt 0.936600029 0.743200004
vt 1.10000002 0.639999986
vt 0.936600029 0.743200004
vt 0.988200009 0.794799984
vt 1.10000002 0.639999986
vt 0.936600029 0.743200004
vt 0.936600029 0.536800027
vt 1.10000002 0.639999986
vt 0.936600029 0.536800027
vt 0.936600029 0.743200004
vt 1.10000002 0.639999986
vt 0.936600029 0.536800027
vt 0.988200009 0.485199988
vt 1.10000002 0.639999986
vt 0.988200009 0.485199988
vt 0.936600029 0.536800027
vt 0.958444953 0.777040005
vt 0.99425 0.772000015
vt 0.991554976 0.777040005
vt 0.958444953 0.777040005
vt 0.955749989 0.772000015
vt 0.99425 0.772000015
vt 0.991554976 0.777040005
vt 1.00999999 0.787750006
vt 1.00510001 0.790585041
vt 0.991554976 0.777040005
vt 0.99425 0.772000015
vt 1.00999999 0.787750006
vt 1.00510001 0.790585041
vt 1.00999999 0.828249991
vt 1.00510001 0.825415015
vt 1.00510001 0.790585041
vt 1.00999999 0.787750006
vt 1.00999999 0.828249991
vt 1.00510001 0.825415015
vt 0.99425 0.843999982
vt 0.991554976 0.838959992
vt 1.00510001 0.825415015
vt 1.00999999 0.828249991
vt 0.99425 0.843999982
vt 0.991554976 0.838959992
vt 0.955749989 0.843999982
vt 0.958444953 0.838959992
vt 0.991554976 0.838959992
vt 0.99425 0.843999982
vt 0.955749989 0.843999982
vt 0.958444953 0.838959992
vt 0.939999998 0.828249991
vt 0.944900036 0.825415015
vt 0.958444953 0.838959992
vt 0.955749989 0.843999982
vt 0.939999998 0.828249991
vt 0.944900036 0.825415015
vt 0.939999998 0.787750006
vt 0.944900036 0.790585041
vt 0.944900036 0.825415015
vt 0.939999998 0.828249991
vt 0.939999998 0.787750006
vt 0.944900036 0.790585041
vt 0.955749989 0.772000015
vt 0.958444953 0.777040005
vt 0.944900036 0.790585041
vt 0.939999998 0.787750006
vt 0.955749989 0.772000015
vt 0.955749989 0.772000015
vt 0.99425 0.772000015
vt 0.99425 0.772000015
vt 0.955749989 0.772000015
vt 0.955749989 0.772000015
vt 0.99425 0.772000015
vt 0.99425 0.772000015
vt 1.00999999 0.787750006
vt 1.00999999 0.787750006
vt 0.99425 0.772000015
vt 0.99425 0.772000015
vt 1.00999999 0.787750006
vt 1.00999999 0.787750006
vt 1.00999999 0.828249991
vt 1.00999999 0.828249991
vt 1.00999999 0.787750006
vt 1.00999999 0.787750006
vt 1.00999999 0.828249991
vt 1.00999999 0.828249991
vt 0.99425 0.843999982
vt 0.99425 0.843999982
vt 1.00999999 0.828249991
vt 1.00999999 0.828249991
vt 0.99425 0.843999982
vt 0.99425 0.843999982
vt 0.955749989 0.843999982
vt 0.955749989 0.843999982
vt 0.99425 0.843999982
vt 0.99425 0.843999982
vt 0.955749989 0.843999982
vt 0.955749989 0.843999982
vt 0.939999998 0.828249991
vt 0.939999998 0.828249991
vt 0.955749989 0.843999982
vt 0.955749989 0.843999982
vt 0.939999998 0.828249991
vt 0.939999998 0.828249991
vt 0.939999998 0.787750006
vt 0.939999998 0.787750006
vt 0.939999998 0.828249991
vt 0.939999998 0.828249991
vt 0.939999998 0.787750006
vt 0.939999998 0.787750006
vt 0.955749989 0.772000015
vt 0.955749989 0.772000015
vt 0.939999998 0.787750006
vt 0.939999998 0.787750006
vt 0.955749989 0.772000015
vt 0.955749989 0.772000015
vt 0.991554976 0.777040005
vt 0.99425 0.772000015
vt 0.955749989 0.772000015
vt 0.958444953 0.777040005
vt 0.991554976 0.777040005
vt 0.99425 0.772000015
vt 1.00510001 0.790585041
vt 1.00999999 0.787750006
vt 0.99425 0.772000015
vt 0.991554976 0.777040005
vt 1.00510001 0.790585041
vt 1.00999999 0.787750006
vt 1.00510001 0.825415015
vt 1.00999999 0.828249991
vt 1.00999999 0.787750006
vt 1.00510001 0.790585041
vt 1.00510001 0.825415015
vt 1.00999999 0.828249991
vt 0.991554976 0.838959992
vt 0.99425 0.843999982
vt 1.00999999 0.828249991
vt 1.00510001 0.825415015
vt 0.991554976 0.838959992
vt 0.99425 0.843999982
vt 0.958444953 0.838959992
vt 0.955749989 0.843999982
vt 0.99425 0.843999982
vt 0.991554976 0.838959992
vt 0.958444953 0.838959992
vt 0.955749989 0.843999982
vt 0.944900036 0.825415015
vt 0.939999998 0.828249991
vt 0.955749989 0.843999982
vt 0.958444953 0.838959992
vt 0.944900036 0.825415015
vt 0.939999998 0.828249991
vt 0.944900036 0.790585041
vt 0.939999998 0.787750006
vt 0.939999998 0.828249991
vt 0.944900036 0.825415015
vt 0.944900036 0.790585041
vt 0.939999998 0.787750006
vt 0.958444953 0.777040005
vt 0.955749989 0.772000015
vt 0.939999998 0.787750006
vt 0.944900036 0.790585041
vt 0.958444953 0.777040005
vt 0.975000024 0.807999969
vt 0.958444953 0.777040005
vt 0.991554976 0.777040005
vt 0.975000024 0.807999969
vt 0.991554976 0.777040005
vt 0.958444953 0.777040005
vt 0.975000024 0.807999969
vt 0.991554976 0.777040005
vt 1.00510001 0.790585041
vt 0.975000024 0.807999969
vt 1.00510001 0.790585041
vt 0.991554976 0.777040005
vt 0.975000024 0.807999969
vt 1.00510001 0.790585041
vt 1.00510001 0.825415015
vt 0.975000024 0.807999969
vt 1.00510001 0.825415015
vt 1.00510001 0.790585041
vt 0.975000024 0.807999969
vt 1.00510001 0.825415015
vt 0.991554976 0.838959992
vt 0.975000024 0.807999969
vt 0.991554976 0.838959992
vt 1.00510001 0.825415015
vt 0.975000024 0.807999969
vt 0.991554976 0.838959992
vt 0.958444953 0.838959992
vt 0.975000024 0.807999969
vt 0.958444953 0.838959992
vt 0.991554976 0.838959992
vt 0.975000024 0.807999969
vt 0.958444953 0.838959992
vt 0.944900036 0.825415015
vt 0.975000024 0.807999969
vt 0.944900036 0.825415015
vt 0.958444953 0.838959992
vt 0.975000024 0.807999969
vt 0.944900036 0.825415015
vt 0.944900036 0.790585041
vt 0.975000024 0.807999969
vt 0.944900036 0.790585041
vt 0.944900036 0.825415015
vt 0.975000024 0.807999969
vt 0.944900036 0.790585041
vt 0.958444953 0.777040005
vt 0.975000024 0.807999969
vt 0.958444953 0.777040005
vt 0.944900036 0.790585041
vt 1.038445 0.777040005
vt 1.07424998 0.772000015
vt 1.07155502 0.777040005
vt 1.038445 0.777040005
vt 1.03575003 0.772000015
vt 1.07424998 0.772000015
vt 1.07155502 0.777040005
vt 1.09000003 0.787750006
vt 1.08509994 0.790585041
vt 1.07155502 0.777040005
vt 1.07424998 0.772000015
vt 1.09000003 0.787750006
vt 1.08509994 0.790585041
vt 1.09000003 0.828249991
vt 1.08509994 0.825415015
vt 1.08509994 0.790585041
vt 1.09000003 0.787750006
vt 1.09000003 0.828249991
vt 1.08509994 0.825415015
vt 1.07424998 0.843999982
vt 1.07155502 0.838959992
vt 1.08509994 0.825415015
vt 1.09000003 0.828249991
vt 1.07424998 0.843999982
vt 1.07155502 0.838959992
vt 1.03575003 0.843999982
vt 1.038445 0.838959992
vt 1.07155502 0.838959992
vt 1.07424998 0.843999982
vt 1.03575003 0.843999982
vt 1.038445 0.838959992
vt 1.01999998 0.828249991
vt 1.02489996 0.825415015
vt 1.038445 0.838959992
vt 1.03575003 0.843999982
vt 1.01999998 0.828249991
vt 1.02489996 0.825415015
vt 1.01999998 0.787750006
vt 1.02489996 0.790585041
vt 1.02489996 0.825415015
vt 1.01999998 0.828249991
vt 1.01999998 0.787750006
vt 1.02489996 0.790585041
vt 1.03575003 0.772000015
vt 1.038445 0.777040005
vt 1.02489996 0.790585041
vt 1.01999998 0.787750006
vt 1.03575003 0.772000015
vt 1.03575003 0.772000015
vt 1.07424998 0.772000015
vt 1.07424998 0.772000015
vt 1.03575003 0.772000015
vt 1.03575003 0.772000015
vt 1.07424998 0.772000015
vt 1.07424998 0.772000015
vt 1.09000003 0.787750006
vt 1.09000003 0.787750006
vt 1.07424998 0.772000015
vt 1.07424998 0.772000015
vt 1.09000003 0.787750006
vt 1.09000003 0.787750006
vt 1.09000003 0.828249991
vt 1.09000003 0.828249991
vt 1.09000003 0.787750006
vt 1.09000003 0.787750006
vt 1.09000003 0.828249991
vt 1.09000003 0.828249991
vt 1.07424998 0.843999982
vt 1.07424998 0.843999982
vt 1.09000003 0.828249991
vt 1.09000003 0.828249991
vt 1.07424998 0.843999982
vt 1.07424998 0.843999982
vt 1.03575003 0.843999982
vt 1.03575003 0.843999982
vt 1.07424998 0.843999982
vt 1.07424998 0.843999982
vt 1.03575003 0.843999982
vt 1.03575003 0.843999982
vt 1.01999998 0.828249991
vt 1.01999998 0.828249991
vt 1.03575003 0.843999982
vt 1.03575003 0.843999982
vt 1.01999998 0.828249991
vt 1.01999998 0.828249991
vt 1.01999998 0.787750006
vt 1.01999998 0.787750006
vt 1.01999998 0.828249991
vt 1.01999998 0.828249991
vt 1.01999998 0.787750006
vt 1.01999998 0.787750006
vt 1.03575003 0.772000015
vt 1.03575003 0.772000015
vt 1.01999998 0.787750006
vt 1.01999998 0.787750006
vt 1.03575003 0.772000015
vt 1.03575003 0.772000015
vt 1.07155502 0.777040005
vt 1.07424998 0.772000015
vt 1.03575003 0.772000015
vt 1.038445 0.777040005
vt 1.07155502 0.777040005
vt 1.07424998 0.772000015
vt 1.08509994 0.790585041
vt 1.09000003 0.787750006
vt 1.07424998 0.772000015
vt 1.07155502 0.777040005
vt 1.08509994 0.790585041
vt 1.09000003 0.787750006
vt 1.08509994 0.825415015
vt 1.09000003 0.828249991
vt 1.09000003 0.787750006
vt 1.08509994 0.790585041
vt 1.08509994 0.825415015
vt 1.09000003 0.828249991
vt 1.07155502 0.838959992
vt 1.07424998 0.843999982
vt 1.09000003 0.828249991
vt 1.08509994 0.825415015
vt 1.07155502 0.838959992
vt 1.07424998 0.843999982
vt 1.038445 0.838959992
vt 1.03575003 0.843999982
vt 1.07424998 0.843999982
vt 1.07155502 0.838959992
vt 1.038445 0.838959992
vt 1.03575003 0.843999982
vt 1.02489996 0.825415015
vt 1.01999998 0.828249991
vt 1.03575003 0.843999982
vt 1.038445 0.838959992
vt 1.02489996 0.825415015
vt 1.01999998 0.828249991
vt 1.02489996 0.790585041
vt 1.01999998 0.787750006
vt 1.01999998 0.828249991
vt 1.02489996 0.825415015
vt 1.02489996 0.790585041
vt 1.01999998 0.787750006
vt 1.038445 0.777040005
vt 1.03575003 0.772000015
vt 1.01999998 0.787750006
vt 1.02489996 0.790585041
vt 1.038445 0.777040005
vt 1.05500007 0.807999969
vt 1.038445 0.777040005
vt 1.07155502 0.777040005
vt 1.05500007 0.807999969
vt 1.07155502 0.777040005
vt 1.038445 0.777040005
vt 1.05500007 0.807999969
vt 1.07155502 0.777040005
vt 1.08509994 0.790585041
vt 1.05500007 0.807999969
vt 1.08509994 0.790585041
vt 1.07155502 0.777040005
vt 1.05500007 0.807999969
vt 1.08509994 0.790585041
vt 1.08509994 0.825415015
vt 1.05500007 0.807999969
vt 1.08509994 0.825415015
vt 1.08509994 0.790585041
vt 1.05500007 0.807999969
vt 1.08509994 0.825415015
vt 1.07155502 0.838959992
vt 1.05500007 0.807999969
vt 1.07155502 0.838959992
vt 1.08509994 0.825415015
vt 1.05500007 0.807999969
vt 1.07155502 0.838959992
vt 1.038445 0.838959992
vt 1.05500007 0.807999969
vt 1.038445 0.838959992
vt 1.07155502 0.838959992
vt 1.05500007 0.807999969
vt 1.038445 0.838959992
vt 1.02489996 0.825415015
vt 1.05500007 0.807999969
vt 1.02489996 0.825415015
vt 1.038445 0.838959992
vt 1.05500007 0.807999969
vt 1.02489996 0.825415015
vt 1.02489996 0.790585041
vt 1.05500007 0.807999969
vt 1.02489996 0.790585041
vt 1.02489996 0.825415015
vt 1.05500007 0.807999969
vt 1.02489996 0.790585041
vt 1.038445 0.777040005
vt 1.05500007 0.807999969
vt 1.038445 0.777040005
vt 1.02489996 0.790585041
vt 1.11844492 0.777040005
vt 1.15424991 0.772000015
vt 1.15155506 0.777040005
vt 1.11844492 0.777040005
vt 1.11575007 0.772000015
vt 1.15424991 0.772000015
vt 1.15155506 0.777040005
vt 1.17000008 0.787750006
vt 1.16509998 0.790585041
vt 1.15155506 0.777040005
vt 1.15424991 0.772000015
vt 1.17000008 0.787750006
vt 1.16509998 0.790585041
vt 1.17000008 0.828249991
vt 1.16509998 0.825415015
vt 1.16509998 0.790585041
vt 1.17000008 0.787750006
vt 1.17000008 0.828249991
vt 1.16509998 0.825415015
vt 1.15424991 0.843999982
vt 1.15155506 0.838959992
vt 1.16509998 0.825415015
vt 1.17000008 0.828249991
vt 1.15424991 0.843999982
vt 1.15155506 0.838959992
vt 1.11575007 0.843999982
vt 1.11844492 0.838959992
vt 1.15155506 0.838959992
vt 1.15424991 0.843999982
vt 1.11575007 0.843999982
vt 1.11844492 0.838959992
vt 1.0999999 0.828249991
vt 1.1049 0.825415015
vt 1.11844492 0.838959992
vt 1.11575007 0.843999982
vt 1.0999999 0.828249991
vt 1.1049 0.825415015
vt 1.0999999 0.787750006
vt 1.1049 0.790585041
vt 1.1049 0.825415015
vt 1.0999999 0.828249991
vt 1.0999999 0.787750006
vt 1.1049 0.790585041
vt 1.11575007 0.772000015
vt 1.11844492 0.777040005
vt 1.1049 0.790585041
vt 1.0999999 0.787750006
vt 1.11575007 0.772000015
vt 1.11575007 0.772000015
vt 1.15424991 0.772000015
vt 1.15424991 0.772000015
vt 1.11575007 0.772000015
vt 1.11575007 0.772000015
vt 1.15424991 0.772000015
vt 1.15424991 0.772000015
vt 1.17000008 0.787750006
vt 1.17000008 0.787750006
vt 1.15424991 0.772000015
vt 1.15424991 0.772000015
vt 1.17000008 0.787750006
vt 1.17000008 0.787750006
vt 1.17000008 0.828249991
vt 1.17000008 0.828249991
vt 1.17000008 0.787750006
vt 1.17000008 0.787750006
vt 1.17000008 0.828249991
vt 1.17000008 0.828249991
vt 1.15424991 0.843999982
vt 1.15424991 0.843999982
vt 1.17000008 0.828249991
vt 1.17000008 0.828249991
vt 1.15424991 0.843999982
vt 1.15424991 0.843999982
vt 1.11575007 0.843999982
vt 1.11575007 0.843999982
vt 1.15424991 0.843999982
vt 1.15424991 0.843999982
vt 1.11575007 0.843999982
vt 1.11575007 0.843999982
vt 1.0999999 0.828249991
vt 1.0999999 0.828249991
vt 1.11575007 0.843999982
vt 1.11575007 0.843999982
vt 1.0999999 0.828249991
vt 1.0999999 0.828249991
vt 1.0999999 0.787750006
vt 1.0999999 0.787750006
vt 1.0999999 0.828249991
vt 1.0999999 0.828249991
vt 1.0999999 0.787750006
vt 1.0999999 0.787750006
vt 1.11575007 0.772000015
vt 1.11575007 0.772000015
vt 1.0999999 0.787750006
vt 1.0999999 0.787750006
vt 1.11575007 0.772000015
vt 1.11575007 0.772000015
vt 1.15155506 0.777040005
vt 1.15424991 0.772000015
vt 1.11575007 0.772000015
vt 1.11844492 0.777040005
vt 1.15155506 0.777040005
vt 1.15424991 0.772000015
vt 1.16509998 0.790585041
vt 1.17000008 0.787750006
vt 1.15424991 0.772000015
vt 1.15155506 0.777040005
vt 1.16509998 0.790585041
vt 1.17000008 0.787750006
vt 1.16509998 0.825415015
vt 1.17000008 0.828249991
vt 1.17000008 0.787750006
vt 1.16509998 0.790585041
vt 1.16509998 0.825415015
vt 1.17000008 0.828249991
vt 1.15155506 0.838959992
vt 1.15424991 0.843999982
vt 1.17000008 0.828249991
vt 1.16509998 0.825415015
vt 1.15155506 0.838959992
vt 1.15424991 0.843999982
vt 1.11844492 0.838959992
vt 1.11575007 0.843999982
vt 1.15424991 0.843999982
vt 1.15155506 0.838959992
vt 1.11844492 0.838959992
vt 1.11575007 0.843999982
vt 1.1049 0.825415015
vt 1.0999999 0.828249991
vt 1.11575007 0.843999982
vt 1.11844492 0.838959992
vt 1.1049 0.825415015
vt 1.0999999 0.828249991
vt 1.1049 0.790585041
vt 1.0999999 0.787750006
vt 1.0999999 0.828249991
vt 1.1049 0.825415015
vt 1.1049 0.790585041
vt 1.0999999 0.787750006
vt 1.11844492 0.777040005
vt 1.11575007 0.772000015
vt 1.0999999 0.787750006
vt 1.1049 0.790585041
vt 1.11844492 0.777040005
vt 1.13499999 0.807999969
vt 1.11844492 0.777040005
vt 1.15155506 0.777040005
vt 1.13499999 0.807999969
vt 1.15155506 0.777040005
vt 1.11844492 0.777040005
vt 1.13499999 0.807999969
vt 1.15155506 0.777040005
vt 1.16509998 0.790585041
vt 1.13499999 0.807999969
vt 1.16509998 0.790585041
vt 1.15155506 0.777040005
vt 1.13499999 0.807999969
vt 1.16509998 0.790585041
vt 1.16509998 0.825415015
vt 1.13499999 0.807999969
vt 1.16509998 0.825415015
vt 1.16509998 0.790585041
vt 1.13499999 0.807999969
vt 1.16509998 0.825415015
vt 1.15155506 0.838959992
vt 1.13499999 0.807999969
vt 1.15155506 0.838959992
vt 1.16509998 0.825415015
vt 1.13499999 0.807999969
vt 1.15155506 0.838959992
vt 1.11844492 0.838959992
vt 1.13499999 0.807999969
vt 1.11844492 0.838959992
vt 1.15155506 0.838959992
vt 1.13499999 0.807999969
vt 1.11844492 0.838959992
vt 1.1049 0.825415015
vt 1.13499999 0.807999969
vt 1.1049 0.825415015
vt 1.11844492 0.838959992
vt 1.13499999 0.807999969
vt 1.1049 0.825415015
vt 1.1049 0.790585041
vt 1.13499999 0.807999969
vt 1.1049 0.790585041
vt 1.1049 0.825415015
vt 1.13499999 0.807999969
vt 1.1049 0.790585041
vt 1.11844492 0.777040005
vt 1.13499999 0.807999969
vt 1.11844492 0.777040005
vt 1.1049 0.790585041
vt 1.19844496 0.777040005
vt 1.23424995 0.772000015
vt 1.23155499 0.777040005
vt 1.19844496 0.777040005
vt 1.19575 0.772000015
vt 1.23424995 0.772000015
vt 1.23155499 0.777040005
vt 1.25 0.787750006
vt 1.24510002 0.790585041
vt 1.23155499 0.777040005
vt 1.23424995 0.772000015
vt 1.25 0.787750006
vt 1.24510002 0.790585041
vt 1.25 0.828249991
vt 1.24510002 0.825415015
vt 1.24510002 0.790585041
vt 1.25 0.787750006
vt 1.25 0.828249991
vt 1.24510002 0.825415015
vt 1.23424995 0.843999982
vt 1.23155499 0.838959992
vt 1.24510002 0.825415015
vt 1.25 0.828249991
vt 1.23424995 0.843999982
vt 1.23155499 0.838959992
vt 1.19575 0.843999982
vt 1.19844496 0.838959992
vt 1.23155499 0.838959992
vt 1.23424995 0.843999982
vt 1.19575 0.843999982
vt 1.19844496 0.838959992
vt 1.17999995 0.828249991
vt 1.18490005 0.825415015
vt 1.19844496 0.838959992
vt 1.19575 0.843999982
vt 1.17999995 0.828249991
vt 1.18490005 0.825415015
vt 1.17999995 0.787750006
vt 1.18490005 0.790585041
vt 1.18490005 0.825415015
vt 1.17999995 0.828249991
vt 1.17999995 0.787750006
vt 1.18490005 0.790585041
vt 1.19575 0.772000015
vt 1.19844496 0.777040005
vt 1.18490005 0.790585041
vt 1.17999995 0.787750006
vt 1.19575 0.772000015
vt 1.19575 0.772000015
vt 1.23424995 0.772000015
vt 1.23424995 0.772000015
vt 1.19575 0.772000015
vt 1.19575 0.772000015
vt 1.23424995 0.772000015
vt 1.23424995 0.772000015
vt 1.25 0.787750006
vt 1.25 0.787750006
vt 1.23424995 0.772000015
vt 1.23424995 0.772000015
vt 1.25 0.787750006
vt 1.25 0.787750006
vt 1.25 0.828249991
vt 1.25 0.828249991
vt 1.25 0.787750006
vt 1.25 0.787750006
vt 1.25 0.828249991
vt 1.25 0.828249991
vt 1.23424995 0.843999982
vt 1.23424995 0.843999982
vt 1.25 0.828249991
vt 1.25 0.828249991
vt 1.23424995 0.843999982
vt 1.23424995 0.843999982
vt 1.19575 0.843999982
vt 1.19575 0.843999982
vt 1.23424995 0.843999982
vt 1.23424995 0.843999982
vt 1.19575 0.843999982
vt 1.19575 0.843999982
vt 1.17999995 0.828249991
vt 1.17999995 0.828249991
vt 1.19575 0.843999982
vt 1.19575 0.843999982
vt 1.17999995 0.828249991
vt 1.17999995 0.828249991
vt 1.17999995 0.787750006
vt 1.17999995 0.787750006
vt 1.17999995 0.828249991
vt 1.17999995 0.828249991
vt 1.17999995 0.787750006
vt 1.17999995 0.787750006
vt 1.19575 0.772000015
vt 1.19575 0.772000015
vt 1.17999995 0.787750006
vt 1.17999995 0.787750006
vt 1.19575 0.772000015
vt 1.19575 0.772000015
vt 1.23155499 0.777040005
vt 1.23424995 0.772000015
vt 1.19575 0.772000015
vt 1.19844496 0.777040005
vt 1.23155499 0.777040005
vt 1.23424995 0.772000015
vt 1.24510002 0.790585041
vt 1.25 0.787750006
vt 1.23424995 0.772000015
vt 1.23155499 0.777040005
vt 1.24510002 0.790585041
vt 1.25 0.787750006
vt 1.24510002 0.825415015
vt 1.25 0.828249991
vt 1.25 0.787750006
vt 1.24510002 0.790585041
vt 1.24510002 0.825415015
vt 1.25 0.828249991
vt 1.23155499 0.838959992
vt 1.23424995 0.843999982
vt 1.25 0.828249991
vt 1.24510002 0.825415015
vt 1.23155499 0.838959992
vt 1.23424995 0.843999982
vt 1.19844496 0.838959992
vt 1.19575 0.843999982
vt 1.23424995 0.843999982
vt 1.23155499 0.838959992
vt 1.19844496 0.838959992
vt 1.19575 0.843999982
vt 1.18490005 0.825415015
vt 1.17999995 0.828249991
vt 1.19575 0.843999982
vt 1.19844496 0.838959992
vt 1.18490005 0.825415015
vt 1.17999995 0.828249991
vt 1.18490005 0.790585041
vt 1.17999995 0.787750006
vt 1.17999995 0.828249991
vt 1.18490005 0.825415015
vt 1.18490005 0.790585041
vt 1.17999995 0.787750006
vt 1.19844496 0.777040005
vt 1.19575 0.772000015
vt 1.17999995 0.787750006
vt 1.18490005 0.790585041
vt 1.19844496 0.777040005
vt 1.21499991 0.807999969
vt 1.19844496 0.777040005
vt 1.23155499 0.777040005
vt 1.21499991 0.807999969
vt 1.23155499 0.777040005
vt 1.19844496 0.777040005
vt 1.21499991 0.807999969
vt 1.23155499 0.777040005
vt 1.24510002 0.790585041
vt 1.21499991 0.807999969
vt 1.24510002 0.790585041
vt 1.23155499 0.777040005
vt 1.21499991 0.807999969
vt 1.24510002 0.790585041
vt 1.24510002 0.825415015
vt 1.21499991 0.807999969
vt 1.24510002 0.825415015
vt 1.24510002 0.790585041
vt 1.21499991 0.807999969
vt 1.24510002 0.825415015
vt 1.23155499 0.838959992
vt 1.21499991 0.807999969
vt 1.23155499 0.838959992
vt 1.24510002 0.825415015
vt 1.21499991 0.807999969
vt 1.23155499 0.838959992
vt 1.19844496 0.838959992
vt 1.21499991 0.807999969
vt 1.19844496 0.838959992
vt 1.23155499 0.838959992
vt 1.21499991 0.807999969
vt 1.19844496 0.838959992
vt 1.18490005 0.825415015
vt 1.21499991 0.807999969
vt 1.18490005 0.825415015
vt 1.19844496 0.838959992
vt 1.21499991 0.807999969
vt 1.18490005 0.825415015
vt 1.18490005 0.790585041
vt 1.21499991 0.807999969
vt 1.18490005 0.790585041
vt 1.18490005 0.825415015
vt 1.21499991 0.807999969
vt 1.18490005 0.790585041
vt 1.19844496 0.777040005
vt 1.21499991 0.807999969
vt 1.19844496 0.777040005
vt 1.18490005 0.790585041
vt 0.619800031 0.396699995
vt 0.75 0.375
vt 0.740200043 0.396699995
vt 0.619800031 0.396699995
vt 0.610000014 0.375
vt 0.75 0.375
vt 0.740200043 0.396699995
vt 0.800000012 0.425000012
vt 0.783200026 0.439700007
vt 0.740200043 0.396699995
vt 0.75 0.375
vt 0.800000012 0.425000012
vt 0.783200026 0.439700007
vt 0.800000012 0.63499999
vt 0.783200026 0.620299995
vt 0.783200026 0.439700007
vt 0.800000012 0.425000012
vt 0.800000012 0.63499999
vt 0.783200026 0.620299995
vt 0.75 0.685000002
vt 0.740200043 0.663300037
vt 0.783200026 0.620299995
vt 0.800000012 0.63499999
vt 0.75 0.685000002
vt 0.740200043 0.663300037
vt 0.610000014 0.685000002
vt 0.619800031 0.663300037
vt 0.740200043 0.663300037
vt 0.75 0.685000002
vt 0.610000014 0.685000002
vt 0.619800031 0.663300037
vt 0.560000002 0.63499999
vt 0.576799989 0.620299995
vt 0.619800031 0.663300037
vt 0.610000014 0.685000002
vt 0.560000002 0.63499999
vt 0.576799989 0.620299995
vt 0.560000002 0.425000012
vt 0.576799989 0.439700007
vt 0.576799989 0.620299995
vt 0.560000002 0.63499999
vt 0.560000002 0.425000012
vt 0.576799989 0.439700007
vt 0.610000014 0.375
vt 0.619800031 0.396699995
vt 0.576799989 0.439700007
vt 0.560000002 0.425000012
vt 0.610000014 0.375
vt 0.610000014 0.375
vt 0.75 0.375
vt 0.75 0.375
vt 0.610000014 0.375
vt 0.610000014 0.375
vt 0.75 0.375
vt 0.75 0.375
vt 0.800000012 0.425000012
vt 0.800000012 0.425000012
vt 0.75 0.375
vt 0.75 0.375
vt 0.800000012 0.425000012
vt 0.800000012 0.425000012
vt 0.800000012 0.63499999
vt 0.800000012 0.63499999
vt 0.800000012 0.425000012
vt 0.800000012 0.425000012
vt 0.800000012 0.63499999
vt 0.800000012 0.63499999
vt 0.75 0.685000002
vt 0.75 0.685000002
vt 0.800000012 0.63499999
vt 0.800000012 0.63499999
vt 0.75 0.685000002
vt 0.75 0.685000002
vt 0.610000014 0.685000002
vt 0.610000014 0.685000002
vt 0.75 0.685000002
vt 0.75 0.685000002
vt 0.610000014 0.685000002
vt 0.610000014 0.685000002
vt 0.560000002 0.63499999
vt 0.560000002 0.63499999
vt 0.610000014 0.685000002
vt 0.610000014 0.685000002
vt 0.560000002 0.63499999
vt 0.560000002 0.63499999
vt 0.560000002 0.425000012
vt 0.560000002 0.425000012
vt 0.560000002 0.63499999
vt 0.560000002 0.63499999
vt 0.560000002 0.425000012
vt 0.560000002 0.425000012
vt 0.610000014 0.375
vt 0.610000014 0.375
vt 0.560000002 0.425000012
vt 0.560000002 0.425000012
vt 0.610000014 0.375
vt 0.610000014 0.375
vt 0.740200043 0.396699995
vt 0.75 0.375
vt 0.610000014 0.375
vt 0.619800031 0.396699995
vt 0.740200043 0.396699995
vt 0.75 0.375
vt 0.783200026 0.439700007
vt 0.800000012 0.425000012
vt 0.75 0.375
vt 0.740200043 0.396699995
vt 0.783200026 0.439700007
vt 0.800000012 0.425000012
vt 0.783200026 0.620299995
vt 0.800000012 0.63499999
vt 0.800000012 0.425000012
vt 0.783200026 0.439700007
vt 0.783200026 0.620299995
vt 0.800000012 0.63499999
vt 0.740200043 0.663300037
vt 0.75 0.685000002
vt 0.800000012 0.63499999
vt 0.783200026 0.620299995
vt 0.740200043 0.663300037
vt 0.75 0.685000002
vt 0.619800031 0.663300037
vt 0.610000014 0.685000002
vt 0.75 0.685000002
vt 0.740200043 0.663300037
vt 0.619800031 0.663300037
vt 0.610000014 0.685000002
vt 0.576799989 0.620299995
vt 0.560000002 0.63499999
vt 0.610000014 0.685000002
vt 0.619800031 0.663300037
vt 0.576799989 0.620299995
vt 0.560000002 0.63499999
vt 0.576799989 0.439700007
vt 0.560000002 0.425000012
vt 0.560000002 0.63499999
vt 0.576799989 0.620299995
vt 0.576799989 0.439700007
vt 0.560000002 0.425000012
vt 0.619800031 0.396699995
vt 0.610000014 0.375
vt 0.560000002 0.425000012
vt 0.576799989 0.439700007
vt 0.619800031 0.396699995
vt 0.680000007 0.529999971
vt 0.619800031 0.396699995
vt 0.740200043 0.396699995
vt 0.680000007 0.529999971
vt 0.740200043 0.396699995
vt 0.619800031 0.396699995
vt 0.680000007 0.529999971
vt 0.740200043 0.396699995
vt 0.783200026 0.439700007
vt 0.680000007 0.529999971
vt 0.783200026 0.439700007
vt 0.740200043 0.396699995
vt 0.680000007 0.529999971
vt 0.783200026 0.439700007
vt 0.783200026 0.620299995
vt 0.680000007 0.529999971
vt 0.783200026 0.620299995
vt 0.783200026 0.439700007
vt 0.680000007 0.529999971
vt 0.783200026 0.620299995
vt 0.740200043 0.663300037
vt 0.680000007 0.529999971
vt 0.740200043 0.663300037
vt 0.783200026 0.620299995
vt 0.680000007 0.529999971
vt 0.740200043 0.663300037
vt 0.619800031 0.663300037
vt 0.680000007 0.529999971
vt 0.619800031 0.663300037
vt 0.740200043 0.663300037
vt 0.680000007 0.529999971
vt 0.619800031 0.663300037
vt 0.576799989 0.620299995
vt 0.680000007 0.529999971
vt 0.576799989 0.620299995
vt 0.619800031 0.663300037
vt 0.680000007 0.529999971
vt 0.576799989 0.620299995
vt 0.576799989 0.439700007
vt 0.680000007 0.529999971
vt 0.576799989 0.439700007
vt 0.576799989 0.620299995
vt 0.680000007 0.529999971
vt 0.576799989 0.439700007
vt 0.619800031 0.396699995
vt 0.680000007 0.529999971
vt 0.619800031 0.396699995
vt 0.576799989 0.439700007
vt 0.571425021 0.434300005
vt 0.806249976 0.399999976
vt 0.788574994 0.434300005
vt 0.571425021 0.434300005
vt 0.553750038 0.399999976
vt 0.806249976 0.399999976
vt 0.788574994 0.434300005
vt 0.840000033 0.433749974
vt 0.817600012 0.463324994
vt 0.788574994 0.434300005
vt 0.806249976 0.399999976
vt 0.840000033 0.433749974
vt 0.817600012 0.463324994
vt 0.840000033 0.856249988
vt 0.817600012 0.826674998
vt 0.817600012 0.463324994
vt 0.840000033 0.433749974
vt 0.840000033 0.856249988
vt 0.817600012 0.826674998
vt 0.806249976 0.889999986
vt 0.788574994 0.855700016
vt 0.817600012 0.826674998
vt 0.840000033 0.856249988
vt 0.806249976 0.889999986
vt 0.788574994 0.855700016
vt 0.553750038 0.889999986
vt 0.571425021 0.855700016
vt 0.788574994 0.855700016
vt 0.806249976 0.889999986
vt 0.553750038 0.889999986
vt 0.571425021 0.855700016
vt 0.519999981 0.856249988
vt 0.542400002 0.826674998
vt 0.571425021 0.855700016
vt 0.553750038 0.889999986
vt 0.519999981 0.856249988
vt 0.542400002 0.826674998
vt 0.519999981 0.433749974
vt 0.542400002 0.463324994
vt 0.542400002 0.826674998
vt 0.519999981 0.856249988
vt 0.519999981 0.433749974
vt 0.542400002 0.463324994
vt 0.553750038 0.399999976
vt 0.571425021 0.434300005
vt 0.542400002 0.463324994
vt 0.519999981 0.433749974
vt 0.553750038 0.399999976
vt 0.553750038 0.399999976
vt 0.806249976 0.399999976
vt 0.806249976 0.399999976
vt 0.553750038 0.399999976
vt 0.553750038 0.399999976
vt 0.806249976 0.399999976
vt 0.806249976 0.399999976
vt 0.840000033 0.433749974
vt 0.840000033 0.433749974
vt 0.806249976 0.399999976
vt 0.806249976 0.399999976
vt 0.840000033 0.433749974
vt 0.840000033 0.433749974
vt 0.840000033 0.856249988
vt 0.840000033 0.856249988
vt 0.840000033 0.433749974
vt 0.840000033 0.433749974
vt 0.840000033 0.856249988
vt 0.840000033 0.856249988
vt 0.806249976 0.889999986
vt 0.806249976 0.889999986
vt 0.840000033 0.856249988
vt 0.840000033 0.856249988
vt 0.806249976 0.889999986
vt 0.806249976 0.889999986
vt 0.553750038 0.889999986
vt 0.553750038 0.889999986
vt 0.806249976 0.889999986
vt 0.806249976 0.889999986
vt 0.553750038 0.889999986
vt 0.553750038 0.889999986
vt 0.519999981 0.856249988
vt 0.519999981 0.856249988
vt 0.553750038 0.889999986
vt 0.553750038 0.889999986
vt 0.519999981 0.856249988
vt 0.519999981 0.856249988
vt 0.519999981 0.433749974
vt 0.519999981 0.433749974
vt 0.519999981 0.856249988
vt 0.519999981 0.856249988
vt 0.519999981 0.433749974
vt 0.519999981 0.433749974
vt 0.553750038 0.399999976
vt 0.553750038 0.399999976
vt 0.519999981 0.433749974
vt 0.519999981 0.433749974
vt 0.553750038 0.399999976
vt 0.553750038 0.399999976
vt 0.788574994 0.434300005
vt 0.806249976 0.399999976
vt 0.553750038 0.399999976
vt 0.571425021 0.434300005
vt 0.788574994 0.434300005
vt 0.806249976 0.399999976
vt 0.817600012 0.463324994
vt 0.840000033 0.433749974
vt 0.806249976 0.399999976
vt 0.788574994 0.434300005
vt 0.817600012 0.463324994
vt 0.840000033 0.433749974
vt 0.817600012 0.826674998
vt 0.840000033 0.856249988
vt 0.840000033 0.433749974
vt 0.817600012 0.463324994
vt 0.817600012 0.826674998
vt 0.840000033 0.856249988
vt 0.788574994 0.855700016
vt 0.806249976 0.889999986
vt 0.840000033 0.856249988
vt 0.817600012 0.826674998
vt 0.788574994 0.855700016
vt 0.806249976 0.889999986
vt 0.571425021 0.855700016
vt 0.553750038 0.889999986
vt 0.806249976 0.889999986
vt 0.788574994 0.855700016
vt 0.571425021 0.855700016
vt 0.553750038 0.889999986
vt 0.542400002 0.826674998
vt 0.519999981 0.856249988
vt 0.553750038 0.889999986
vt 0.571425021 0.855700016
vt 0.542400002 0.826674998
vt 0.519999981 0.856249988
vt 0.542400002 0.463324994
vt 0.519999981 0.433749974
vt 0.519999981 0.856249988
vt 0.542400002 0.826674998
vt 0.542400002 0.463324994
vt 0.519999981 0.433749974
vt 0.571425021 0.434300005
vt 0.553750038 0.399999976
vt 0.519999981 0.433749974
vt 0.542400002 0.463324994
vt 0.571425021 0.434300005
vt 0.680000007 0.644999981
vt 0.571425021 0.434300005
vt 0.788574994 0.434300005
vt 0.680000007 0.644999981
vt 0.788574994 0.434300005
vt 0.571425021 0.434300005
vt 0.680000007 0.644999981
vt 0.788574994 0.434300005
vt 0.817600012 0.463324994
vt 0.680000007 0.644999981
vt 0.817600012 0.463324994
vt 0.788574994 0.434300005
vt 0.680000007 0.644999981
vt 0.817600012 0.463324994
vt 0.817600012 0.826674998
vt 0.680000007 0.644999981
vt 0.817600012 0.826674998
vt 0.817600012 0.463324994
vt 0.680000007 0.644999981
vt 0.817600012 0.826674998
vt 0.788574994 0.855700016
vt 0.680000007 0.644999981
vt 0.788574994 0.855700016
vt 0.817600012 0.826674998
vt 0.680000007 0.644999981
vt 0.788574994 0.855700016
vt 0.571425021 0.855700016
vt 0.680000007 0.644999981
vt 0.571425021 0.855700016
vt 0.788574994 0.855700016
vt 0.680000007 0.644999981
vt 0.571425021 0.855700016
vt 0.542400002 0.826674998
vt 0.680000007 0.644999981
vt 0.542400002 0.826674998
vt 0.571425021 0.855700016
vt 0.680000007 0.644999981
vt 0.542400002 0.826674998
vt 0.542400002 0.463324994
vt 0.680000007 0.644999981
vt 0.542400002 0.463324994
vt 0.542400002 0.826674998
vt 0.680000007 0.644999981
vt 0.542400002 0.463324994
vt 0.571425021 0.434300005
vt 0.680000007 0.644999981
vt 0.571425021 0.434300005
vt 0.542400002 0.463324994
vt 0.353799999 0.367500007
vt 0.670000017 0.342999995
vt 0.646200001 0.367500007
vt 0.353799999 0.367500007
vt 0.329999983 0.342999995
vt 0.670000017 0.342999995
vt 0.646200001 0.367500007
vt 0.704999983 0.377999991
vt 0.676299989 0.397599995
vt 0.646200001 0.367500007
vt 0.670000017 0.342999995
vt 0.704999983 0.377999991
vt 0.676299989 0.397599995
vt 0.704999983 0.657999992
vt 0.676299989 0.638399959
vt 0.676299989 0.397599995
vt 0.704999983 0.377999991
vt 0.704999983 0.657999992
vt 0.676299989 0.638399959
vt 0.670000017 0.692999959
vt 0.646200001 0.668500006
vt 0.676299989 0.638399959
vt 0.704999983 0.657999992
vt 0.670000017 0.692999959
vt 0.646200001 0.668500006
vt 0.329999983 0.692999959
vt 0.353799999 0.668500006
vt 0.646200001 0.668500006
vt 0.670000017 0.692999959
vt 0.329999983 0.692999959
vt 0.353799999 0.668500006
vt 0.295000017 0.657999992
vt 0.323700011 0.638399959
vt 0.353799999 0.668500006
vt 0.329999983 0.692999959
vt 0.295000017 0.657999992
vt 0.323700011 0.638399959
vt 0.295000017 0.377999991
vt 0.323700011 0.397599995
vt 0.323700011 0.638399959
vt 0.295000017 0.657999992
vt 0.295000017 0.377999991
vt 0.323700011 0.397599995
vt 0.329999983 0.342999995
vt 0.353799999 0.367500007
vt 0.323700011 0.397599995
vt 0.295000017 0.377999991
vt 0.329999983 0.342999995
vt 0.329999983 0.342999995
vt 0.670000017 0.342999995
vt 0.670000017 0.342999995
vt 0.329999983 0.342999995
vt 0.329999983 0.342999995
vt 0.670000017 0.342999995
vt 0.670000017 0.342999995
vt 0.704999983 0.377999991
vt 0.704999983 0.377999991
vt 0.670000017 0.342999995
vt 0.670000017 0.342999995
vt 0.704999983 0.377999991
vt 0.704999983 0.377999991
vt 0.704999983 0.657999992
vt 0.704999983 0.657999992
vt 0.704999983 0.377999991
vt 0.704999983 0.377999991
vt 0.704999983 0.657999992
vt 0.704999983 0.657999992
vt 0.670000017 0.692999959
vt 0.670000017 0.692999959
vt 0.704999983 0.657999992
vt 0.704999983 0.657999992
vt 0.670000017 0.692999959
vt 0.670000017 0.692999959
vt 0.329999983 0.692999959
vt 0.329999983 0.692999959
vt 0.670000017 0.692999959
vt 0.670000017 0.692999959
vt 0.329999983 0.692999959
vt 0.329999983 0.692999959
vt 0.295000017 0.657999992
vt 0.295000017 0.657999992
vt 0.329999983 0.692999959
vt 0.329999983 0.692999959
vt 0.295000017 0.657999992
vt 0.295000017 0.657999992
vt 0.295000017 0.377999991
vt 0.295000017 0.377999991
vt 0.295000017 0.657999992
vt 0.295000017 0.657999992
vt 0.295000017 0.377999991
vt 0.295000017 0.377999991
vt 0.329999983 0.342999995
vt 0.329999983 0.342999995
vt 0.295000017 0.377999991
vt 0.295000017 0.377999991
vt 0.329999983 0.342999995
vt 0.329999983 0.342999995
vt 0.646200001 0.367500007
vt 0.670000017 0.342999995
vt 0.329999983 0.342999995
vt 0.353799999 0.367500007
vt 0.646200001 0.367500007
vt 0.670000017 0.342999995
vt 0.676299989 0.397599995
vt 0.704999983 0.377999991
vt 0.670000017 0.342999995
vt 0.646200001 0.367500007
vt 0.676299989 0.397599995
vt 0.704999983 0.377999991
vt 0.676299989 0.638399959
vt 0.704999983 0.657999992
vt 0.704999983 0.377999991
vt 0.676299989 0.397599995
vt 0.676299989 0.638399959
vt 0.704999983 0.657999992
vt 0.646200001 0.668500006
vt 0.670000017 0.692999959
vt 0.704999983 0.657999992
vt 0.676299989 0.638399959
vt 0.646200001 0.668500006
vt 0.670000017 0.692999959
vt 0.353799999 0.668500006
vt 0.329999983 0.692999959
vt 0.670000017 0.692999959
vt 0.646200001 0.668500006
vt 0.353799999 0.668500006
vt 0.329999983 0.692999959
vt 0.323700011 0.638399959
vt 0.295000017 0.657999992
vt 0.329999983 0.692999959
vt 0.353799999 0.668500006
vt 0.323700011 0.638399959
vt 0.295000017 0.657999992
vt 0.323700011 0.397599995
vt 0.295000017 0.377999991
vt 0.295000017 0.657999992
vt 0.323700011 0.638399959
vt 0.323700011 0.397599995
vt 0.295000017 0.377999991
vt 0.353799999 0.367500007
vt 0.329999983 0.342999995
vt 0.295000017 0.377999991
vt 0.323700011 0.397599995
vt 0.353799999 0.367500007
vt 0.5 0.518000007
vt 0.353799999 0.367500007
vt 0.646200001 0.367500007
vt 0.5 0.518000007
vt 0.646200001 0.367500007
vt 0.353799999 0.367500007
vt 0.5 0.518000007
vt 0.646200001 0.367500007
vt 0.676299989 0.397599995
vt 0.5 0.518000007
vt 0.676299989 0.397599995
vt 0.646200001 0.367500007
vt 0.5 0.518000007
vt 0.676299989 0.397599995
vt 0.676299989 0.638399959
vt 0.5 0.518000007
vt 0.676299989 0.638399959
vt 0.676299989 0.397599995
vt 0.5 0.518000007
vt 0.676299989 0.638399959
vt 0.646200001 0.668500006
vt 0.5 0.518000007
vt 0.646200001 0.668500006
vt 0.676299989 0.638399959
vt 0.5 0.518000007
vt 0.646200001 0.668500006
vt 0.353799999 0.668500006
vt 0.5 0.518000007
vt 0.353799999 0.668500006
vt 0.646200001 0.668500006
vt 0.5 0.518000007
vt 0.353799999 0.668500006
vt 0.323700011 0.638399959
vt 0.5 0.518000007
vt 0.323700011 0.638399959
vt 0.353799999 0.668500006
vt 0.5 0.518000007
vt 0.323700011 0.638399959
vt 0.323700011 0.397599995
vt 0.5 0.518000007
vt 0.323700011 0.397599995
vt 0.323700011 0.638399959
vt 0.5 0.518000007
vt 0.323700011 0.397599995
vt 0.353799999 0.367500007
vt 0.5 0.518000007
vt 0.353799999 0.367500007
vt 0.323700011 0.397599995
vt 0.293341994 0.324400008
vt 0.7403 0.295000017
vt 0.706658006 0.324400008
vt 0.293341994 0.324400008
vt 0.2597 0.295000017
vt 0.7403 0.295000017
vt 0.706658006 0.324400008
vt 0.769999981 0.324699998
vt 0.732200027 0.349941999
vt 0.706658006 0.324400008
vt 0.7403 0.295000017
vt 0.769999981 0.324699998
vt 0.732200027 0.349941999
vt 0.769999981 0.685299993
vt 0.732200027 0.660058022
vt 0.732200027 0.349941999
vt 0.769999981 0.324699998
vt 0.769999981 0.685299993
vt 0.732200027 0.660058022
vt 0.7403 0.714999974
vt 0.706658006 0.685599983
vt 0.732200027 0.660058022
vt 0.769999981 0.685299993
vt 0.7403 0.714999974
vt 0.706658006 0.685599983
vt 0.2597 0.714999974
vt 0.293341994 0.685599983
vt 0.706658006 0.685599983
vt 0.7403 0.714999974
vt 0.2597 0.714999974
vt 0.293341994 0.685599983
vt 0.229999989 0.685299993
vt 0.267800003 0.660058022
vt 0.293341994 0.685599983
vt 0.2597 0.714999974
vt 0.229999989 0.685299993
vt 0.267800003 0.660058022
vt 0.229999989 0.324699998
vt 0.267800003 0.349941999
vt 0.267800003 0.660058022
vt 0.229999989 0.685299993
vt 0.229999989 0.324699998
vt 0.267800003 0.349941999
vt 0.2597 0.295000017
vt 0.293341994 0.324400008
vt 0.267800003 0.349941999
vt 0.229999989 0.324699998
vt 0.2597 0.295000017
vt 0.2597 0.295000017
vt 0.7403 0.295000017
vt 0.7403 0.295000017
vt 0.2597 0.295000017
vt 0.2597 0.295000017
vt 0.7403 0.295000017
vt 0.7403 0.295000017
vt 0.769999981 0.324699998
vt 0.769999981 0.324699998
vt 0.7403 0.295000017
vt 0.7403 0.295000017
vt 0.769999981 0.324699998
vt 0.769999981 0.324699998
vt 0.769999981 0.685299993
vt 0.769999981 0.685299993
vt 0.769999981 0.324699998
vt 0.769999981 0.324699998
vt 0.769999981 0.685299993
vt 0.769999981 0.685299993
vt 0.7403 0.714999974
vt 0.7403 0.714999974
vt 0.769999981 0.685299993
vt 0.769999981 0.685299993
vt 0.7403 0.714999974
vt 0.7403 0.714999974
vt 0.2597 0.714999974
vt 0.2597 0.714999974
vt 0.7403 0.714999974
vt 0.7403 0.714999974
vt 0.2597 0.714999974
vt 0.2597 0.714999974
vt 0.229999989 0.685299993
vt 0.229999989 0.685299993
vt 0.2597 0.714999974
vt 0.2597 0.714999974
vt 0.229999989 0.685299993
vt 0.229999989 0.685299993
vt 0.229999989 0.324699998
vt 0.229999989 0.324699998
vt 0.229999989 0.685299993
vt 0.229999989 0.685299993
vt 0.229999989 0.324699998
vt 0.229999989 0.324699998
vt 0.2597 0.295000017
vt 0.2597 0.295000017
vt 0.229999989 0.324699998
vt 0.229999989 0.324699998
vt 0.2597 0.295000017
vt 0.2597 0.295000017
vt 0.706658006 0.324400008
vt 0.7403 0.295000017
vt 0.2597 0.295000017
vt 0.293341994 0.324400008
vt 0.706658006 0.324400008
vt 0.7403 0.295000017
vt 0.732200027 0.349941999
vt 0.769999981 0.324699998
vt 0.7403 0.295000017
vt 0.706658006 0.324400008
vt 0.732200027 0.349941999
vt 0.769999981 0.324699998
vt 0.732200027 0.660058022
vt 0.769999981 0.685299993
vt 0.769999981 0.324699998
vt 0.732200027 0.349941999
vt 0.732200027 0.660058022
vt 0.769999981 0.685299993
vt 0.706658006 0.685599983
vt 0.7403 0.714999974
vt 0.769999981 0.685299993
vt 0.732200027 0.660058022
vt 0.706658006 0.685599983
vt 0.7403 0.714999974
vt 0.293341994 0.685599983
vt 0.2597 0.714999974
vt 0.7403 0.714999974
vt 0.706658006 0.685599983
vt 0.293341994 0.685599983
vt 0.2597 0.714999974
vt 0.267800003 0.660058022
vt 0.229999989 0.685299993
vt 0.2597 0.714999974
vt 0.293341994 0.685599983
vt 0.267800003 0.660058022
vt 0.229999989 0.685299993
vt 0.267800003 0.349941999
vt 0.229999989 0.324699998
vt 0.229999989 0.685299993
vt 0.267800003 0.660058022
vt 0.267800003 0.349941999
vt 0.229999989 0.324699998
vt 0.293341994 0.324400008
vt 0.2597 0.295000017
vt 0.229999989 0.324699998
vt 0.267800003 0.349941999
vt 0.293341994 0.324400008
vt 0.5 0.504999995
vt 0.293341994 0.324400008
vt 0.706658006 0.324400008
vt 0.5 0.504999995
vt 0.706658006 0.324400008
vt 0.293341994 0.324400008
vt 0.5 0.504999995
vt 0.706658006 0.324400008
vt 0.732200027 0.349941999
vt 0.5 0.504999995
vt 0.732200027 0.349941999
vt 0.706658006 0.324400008
vt 0.5 0.504999995
vt 0.732200027 0.349941999
vt 0.732200027 0.660058022
vt 0.5 0.504999995
vt 0.732200027 0.660058022
vt 0.732200027 0.349941999
vt 0.5 0.504999995
vt 0.732200027 0.660058022
vt 0.706658006 0.685599983
vt 0.5 0.504999995
vt 0.706658006 0.685599983
vt 0.732200027 0.660058022
vt 0.5 0.504999995
vt 0.706658006 0.685599983
vt 0.293341994 0.685599983
vt 0.5 0.504999995
vt 0.293341994 0.685599983
vt 0.706658006 0.685599983
vt 0.5 0.504999995
vt 0.293341994 0.685599983
vt 0.267800003 0.660058022
vt 0.5 0.504999995
vt 0.267800003 0.660058022
vt 0.293341994 0.685599983
vt 0.5 0.504999995
vt 0.267800003 0.660058022
vt 0.267800003 0.349941999
vt 0.5 0.504999995
vt 0.267800003 0.349941999
vt 0.267800003 0.660058022
vt 0.5 0.504999995
vt 0.267800003 0.349941999
vt 0.293341994 0.324400008
vt 0.5 0.504999995
vt 0.293341994 0.324400008
vt 0.267800003 0.349941999
vt 0.354874998 0.355300009
vt 0.668749988 0.335000008
vt 0.645125031 0.355300009
vt 0.354874998 0.355300009
vt 0.331250012 0.335000008
vt 0.668749988 0.335000008
vt 0.645125031 0.355300009
vt 0.680000007 0.346249998
vt 0.654799998 0.364975005
vt 0.645125031 0.355300009
vt 0.668749988 0.335000008
vt 0.680000007 0.346249998
vt 0.654799998 0.364975005
vt 0.680000007 0.613749981
vt 0.654799998 0.595025003
vt 0.654799998 0.364975005
vt 0.680000007 0.346249998
vt 0.680000007 0.613749981
vt 0.654799998 0.595025003
vt 0.668749988 0.625
vt 0.645125031 0.604699969
vt 0.654799998 0.595025003
vt 0.680000007 0.613749981
vt 0.668749988 0.625
vt 0.645125031 0.604699969
vt 0.331250012 0.625
vt 0.354874998 0.604699969
vt 0.645125031 0.604699969
vt 0.668749988 0.625
vt 0.331250012 0.625
vt 0.354874998 0.604699969
vt 0.319999993 0.613749981
vt 0.345200002 0.595025003
vt 0.354874998 0.604699969
vt 0.331250012 0.625
vt 0.319999993 0.613749981
vt 0.345200002 0.595025003
vt 0.319999993 0.346249998
vt 0.345200002 0.364975005
vt 0.345200002 0.595025003
vt 0.319999993 0.613749981
vt 0.319999993 0.346249998
vt 0.345200002 0.364975005
vt 0.331250012 0.335000008
vt 0.354874998 0.355300009
vt 0.345200002 0.364975005
vt 0.319999993 0.346249998
vt 0.331250012 0.335000008
vt 0.331250012 0.335000008
vt 0.668749988 0.335000008
vt 0.668749988 0.335000008
vt 0.331250012 0.335000008
vt 0.331250012 0.335000008
vt 0.668749988 0.335000008
vt 0.668749988 0.335000008
vt 0.680000007 0.346249998
vt 0.680000007 0.346249998
vt 0.668749988 0.335000008
vt 0.668749988 0.335000008
vt 0.680000007 0.346249998
vt 0.680000007 0.346249998
vt 0.680000007 0.613749981
vt 0.680000007 0.613749981
vt 0.680000007 0.346249998
vt 0.680000007 0.346249998
vt 0.680000007 0.613749981
vt 0.680000007 0.613749981
vt 0.668749988 0.625
vt 0.668749988 0.625
vt 0.680000007 0.613749981
vt 0.680000007 0.613749981
vt 0.668749988 0.625
vt 0.668749988 0.625
vt 0.331250012 0.625
vt 0.331250012 0.625
vt 0.668749988 0.625
vt 0.668749988 0.625
vt 0.331250012 0.625
vt 0.331250012 0.625
vt 0.319999993 0.613749981
vt 0.319999993 0.613749981
vt 0.331250012 0.625
vt 0.331250012 0.625
vt 0.319999993 0.613749981
vt 0.319999993 0.613749981
vt 0.319999993 0.346249998
vt 0.319999993 0.346249998
vt 0.319999993 0.613749981
vt 0.319999993 0.613749981
vt 0.319999993 0.346249998
vt 0.319999993 0.346249998
vt 0.331250012 0.335000008
vt 0.331250012 0.335000008
vt 0.319999993 0.346249998
vt 0.319999993 0.346249998
vt 0.331250012 0.335000008
vt 0.331250012 0.335000008
vt 0.645125031 0.355300009
vt 0.668749988 0.335000008
vt 0.331250012 0.335000008
vt 0.354874998 0.355300009
vt 0.645125031 0.355300009
vt 0.668749988 0.335000008
vt 0.654799998 0.364975005
vt 0.680000007 0.346249998
vt 0.668749988 0.335000008
vt 0.645125031 0.355300009
vt 0.654799998 0.364975005
vt 0.680000007 0.346249998
vt 0.654799998 0.595025003
vt 0.680000007 0.613749981
vt 0.680000007 0.346249998
vt 0.654799998 0.364975005
vt 0.654799998 0.595025003
vt 0.680000007 0.613749981
vt 0.645125031 0.604699969
vt 0.668749988 0.625
vt 0.680000007 0.613749981
vt 0.654799998 0.595025003
vt 0.645125031 0.604699969
vt 0.668749988 0.625
vt 0.354874998 0.604699969
vt 0.331250012 0.625
vt 0.668749988 0.625
vt 0.645125031 0.604699969
vt 0.354874998 0.604699969
vt 0.331250012 0.625
vt 0.345200002 0.595025003
vt 0.319999993 0.613749981
vt 0.331250012 0.625
vt 0.354874998 0.604699969
vt 0.345200002 0.595025003
vt 0.319999993 0.613749981
vt 0.345200002 0.364975005
vt 0.319999993 0.346249998
vt 0.319999993 0.613749981
vt 0.345200002 0.595025003
vt 0.345200002 0.364975005
vt 0.319999993 0.346249998
vt 0.354874998 0.355300009
vt 0.331250012 0.335000008
vt 0.319999993 0.346249998
vt 0.345200002 0.364975005
vt 0.354874998 0.355300009
vt 0.5 0.479999989
vt 0.354874998 0.355300009
vt 0.645125031 0.355300009
vt 0.5 0.479999989
vt 0.645125031 0.355300009
vt 0.354874998 0.355300009
vt 0.5 0.479999989
vt 0.645125031 0.355300009
vt 0.654799998 0.364975005
vt 0.5 0.479999989
vt 0.654799998 0.364975005
vt 0.645125031 0.355300009
vt 0.5 0.479999989
vt 0.654799998 0.364975005
vt 0.654799998 0.595025003
vt 0.5 0.479999989
vt 0.654799998 0.595025003
vt 0.654799998 0.364975005
vt 0.5 0.479999989
vt 0.654799998 0.595025003
vt 0.645125031 0.604699969
vt 0.5 0.479999989
vt 0.645125031 0.604699969
vt 0.654799998 0.595025003
vt 0.5 0.479999989
vt 0.645125031 0.604699969
vt 0.354874998 0.604699969
vt 0.5 0.479999989
vt 0.354874998 0.604699969
vt 0.645125031 0.604699969
vt 0.5 0.479999989
vt 0.354874998 0.604699969
vt 0.345200002 0.595025003
vt 0.5 0.479999989
vt 0.345200002 0.595025003
vt 0.354874998 0.604699969
vt 0.5 0.479999989
vt 0.345200002 0.595025003
vt 0.345200002 0.364975005
vt 0.5 0.479999989
vt 0.345200002 0.364975005
vt 0.345200002 0.595025003
vt 0.5 0.479999989
vt 0.345200002 0.364975005
vt 0.354874998 0.355300009
vt 0.5 0.479999989
vt 0.354874998 0.355300009
vt 0.345200002 0.364975005
vt 0.400000006 0.698000014
vt 0.418253005 0.703865707
vt 0.422561944 0.698000014
vt 0.400000006 0.698000014
vt 0.422561944 0.698000014
vt 0.418253005 0.703865707
vt 0.400000006 0.698000014
vt 0.406972021 0.707490921
vt 0.418253005 0.703865707
vt 0.400000006 0.698000014
vt 0.418253005 0.703865707
vt 0.406972021 0.707490921
vt 0.400000006 0.698000014
vt 0.393027961 0.707490921
vt 0.406972021 0.707490921
vt 0.400000006 0.698000014
vt 0.406972021 0.707490921
vt 0.393027961 0.707490921
vt 0.400000006 0.698000014
vt 0.381747007 0.703865707
vt 0.393027961 0.707490921
vt 0.400000006 0.698000014
vt 0.393027961 0.707490921
vt 0.381747007 0.703865707
vt 0.400000006 0.698000014
vt 0.377438039 0.698000014
vt 0.381747007 0.703865707
vt 0.400000006 0.698000014
vt 0.381747007 0.703865707
vt 0.377438039 0.698000014
vt 0.400000006 0.698000014
vt 0.381747007 0.692134261
vt 0.377438039 0.698000014
vt 0.400000006 0.698000014
vt 0.377438039 0.698000014
vt 0.381747007 0.692134261
vt 0.400000006 0.698000014
vt 0.393027961 0.688509107
vt 0.381747007 0.692134261
vt 0.400000006 0.698000014
vt 0.381747007 0.692134261
vt 0.393027961 0.688509107
vt 0.400000006 0.698000014
vt 0.406972021 0.688509107
vt 0.393027961 0.688509107
vt 0.400000006 0.698000014
vt 0.393027961 0.688509107
vt 0.406972021 0.688509107
vt 0.400000006 0.698000014
vt 0.418253005 0.692134261
vt 0.406972021 0.688509107
vt 0.400000006 0.698000014
vt 0.406972021 0.688509107
vt 0.418253005 0.692134261
vt 0.400000006 0.698000014
vt 0.422561944 0.698000014
vt 0.418253005 0.692134261
vt 0.400000006 0.698000014
vt 0.418253005 0.692134261
vt 0.422561944 0.698000014
vt 0.422561944 0.698000014
vt 0.418253005 0.703865707
vt 0.432890773 0.708569646
vt 0.422561944 0.698000014
vt 0.432890773 0.708569646
vt 0.440655231 0.698000014
vt 0.418253005 0.703865707
vt 0.406972021 0.707490921
vt 0.412563145 0.715102017
vt 0.418253005 0.703865707
vt 0.412563145 0.715102017
vt 0.432890773 0.708569646
vt 0.406972021 0.707490921
vt 0.393027961 0.707490921
vt 0.387436837 0.715102017
vt 0.406972021 0.707490921
vt 0.387436837 0.715102017
vt 0.412563145 0.715102017
vt 0.393027961 0.707490921
vt 0.381747007 0.703865707
vt 0.367109239 0.708569646
vt 0.393027961 0.707490921
vt 0.367109239 0.708569646
vt 0.387436837 0.715102017
vt 0.381747007 0.703865707
vt 0.377438039 0.698000014
vt 0.35934478 0.698000014
vt 0.381747007 0.703865707
vt 0.35934478 0.698000014
vt 0.367109239 0.708569646
vt 0.377438039 0.698000014
vt 0.381747007 0.692134261
vt 0.367109239 0.687430382
vt 0.377438039 0.698000014
vt 0.367109239 0.687430382
vt 0.35934478 0.698000014
vt 0.381747007 0.692134261
vt 0.393027961 0.688509107
vt 0.387436837 0.680897951
vt 0.381747007 0.692134261
vt 0.387436837 0.680897951
vt 0.367109239 0.687430382
vt 0.393027961 0.688509107
vt 0.406972021 0.688509107
vt 0.412563145 0.680897951
vt 0.393027961 0.688509107
vt 0.412563145 0.680897951
vt 0.387436837 0.680897951
vt 0.406972021 0.688509107
vt 0.418253005 0.692134261
vt 0.432890773 0.687430382
vt 0.406972021 0.688509107
vt 0.432890773 0.687430382
vt 0.412563145 0.680897951
vt 0.418253005 0.692134261
vt 0.422561944 0.698000014
vt 0.440655231 0.698000014
vt 0.418253005 0.692134261
vt 0.440655231 0.698000014
vt 0.432890773 0.687430382
vt 0.440655231 0.698000014
vt 0.432890773 0.708569646
vt 0.441014141 0.711180091
vt 0.440655231 0.698000014
vt 0.441014141 0.711180091
vt 0.45069626 0.698000014
vt 0.432890773 0.708569646
vt 0.412563145 0.715102017
vt 0.415665984 0.7193259
vt 0.432890773 0.708569646
vt 0.415665984 0.7193259
vt 0.441014141 0.711180091
vt 0.412563145 0.715102017
vt 0.387436837 0.715102017
vt 0.384333998 0.7193259
vt 0.412563145 0.715102017
vt 0.384333998 0.7193259
vt 0.415665984 0.7193259
vt 0.387436837 0.715102017
vt 0.367109239 0.708569646
vt 0.358985871 0.711180091
vt 0.387436837 0.715102017
vt 0.358985871 0.711180091
vt 0.384333998 0.7193259
vt 0.367109239 0.708569646
vt 0.35934478 0.698000014
vt 0.349303752 0.698000014
vt 0.367109239 0.708569646
vt 0.349303752 0.698000014
vt 0.358985871 0.711180091
vt 0.35934478 0.698000014
vt 0.367109239 0.687430382
vt 0.358985871 0.684819877
vt 0.35934478 0.698000014
vt 0.358985871 0.684819877
vt 0.349303752 0.698000014
vt 0.367109239 0.687430382
vt 0.387436837 0.680897951
vt 0.384333998 0.676674128
vt 0.367109239 0.687430382
vt 0.384333998 0.676674128
vt 0.358985871 0.684819877
vt 0.387436837 0.680897951
vt 0.412563145 0.680897951
vt 0.415665984 0.676674128
vt 0.387436837 0.680897951
vt 0.415665984 0.676674128
vt 0.384333998 0.676674128
vt 0.412563145 0.680897951
vt 0.432890773 0.687430382
vt 0.441014141 0.684819877
vt 0.412563145 0.680897951
vt 0.441014141 0.684819877
vt 0.415665984 0.676674128
vt 0.432890773 0.687430382
vt 0.440655231 0.698000014
vt 0.45069626 0.698000014
vt 0.432890773 0.687430382
vt 0.45069626 0.698000014
vt 0.441014141 0.684819877
vt 0.45069626 0.698000014
vt 0.441014141 0.711180091
vt 0.441014141 0.711180091
vt 0.45069626 0.698000014
vt 0.441014141 0.711180091
vt 0.45069626 0.698000014
vt 0.441014141 0.711180091
vt 0.415665984 0.7193259
vt 0.415665984 0.7193259
vt 0.441014141 0.711180091
vt 0.415665984 0.7193259
vt 0.441014141 0.711180091
vt 0.415665984 0.7193259
vt 0.384333998 0.7193259
vt 0.384333998 0.7193259
vt 0.415665984 0.7193259
vt 0.384333998 0.7193259
vt 0.415665984 0.7193259
vt 0.384333998 0.7193259
vt 0.358985871 0.711180091
vt 0.358985871 0.711180091
vt 0.384333998 0.7193259
vt 0.358985871 0.711180091
vt 0.384333998 0.7193259
vt 0.358985871 0.711180091
vt 0.349303752 0.698000014
vt 0.349303752 0.698000014
vt 0.358985871 0.711180091
vt 0.349303752 0.698000014
vt 0.358985871 0.711180091
vt 0.349303752 0.698000014
vt 0.358985871 0.684819877
vt 0.358985871 0.684819877
vt 0.349303752 0.698000014
vt 0.358985871 0.684819877
vt 0.349303752 0.698000014
vt 0.358985871 0.684819877
vt 0.384333998 0.676674128
vt 0.384333998 0.676674128
vt 0.358985871 0.684819877
vt 0.384333998 0.676674128
vt 0.358985871 0.684819877
vt 0.384333998 0.676674128
vt 0.415665984 0.676674128
vt 0.415665984 0.676674128
vt 0.384333998 0.676674128
vt 0.415665984 0.676674128
vt 0.384333998 0.676674128
vt 0.415665984 0.676674128
vt 0.441014141 0.684819877
vt 0.441014141 0.684819877
vt 0.415665984 0.676674128
vt 0.441014141 0.684819877
vt 0.415665984 0.676674128
vt 0.441014141 0.684819877
vt 0.45069626 0.698000014
vt 0.45069626 0.698000014
vt 0.441014141 0.684819877
vt 0.45069626 0.698000014
vt 0.441014141 0.684819877
vt 0.45069626 0.698000014
vt 0.441014141 0.711180091
vt 0.432890773 0.708569646
vt 0.45069626 0.698000014
vt 0.432890773 0.708569646
vt 0.440655231 0.698000014
vt 0.441014141 0.711180091
vt 0.415665984 0.7193259
vt 0.412563145 0.715102017
vt 0.441014141 0.711180091
vt 0.412563145 0.715102017
vt 0.432890773 0.708569646
vt 0.415665984 0.7193259
vt 0.384333998 0.7193259
vt 0.387436837 0.715102017
vt 0.415665984 0.7193259
vt 0.387436837 0.715102017
vt 0.412563145 0.715102017
vt 0.384333998 0.7193259
vt 0.358985871 0.711180091
vt 0.367109239 0.708569646
vt 0.384333998 0.7193259
vt 0.367109239 0.708569646
vt 0.387436837 0.715102017
vt 0.358985871 0.711180091
vt 0.349303752 0.698000014
vt 0.35934478 0.698000014
vt 0.358985871 0.711180091
vt 0.35934478 0.698000014
vt 0.367109239 0.708569646
vt 0.349303752 0.698000014
vt 0.358985871 0.684819877
vt 0.367109239 0.687430382
vt 0.349303752 0.698000014
vt 0.367109239 0.687430382
vt 0.35934478 0.698000014
vt 0.358985871 0.684819877
vt 0.384333998 0.676674128
vt 0.387436837 0.680897951
vt 0.358985871 0.684819877
vt 0.387436837 0.680897951
vt 0.367109239 0.687430382
vt 0.384333998 0.676674128
vt 0.415665984 0.676674128
vt 0.412563145 0.680897951
vt 0.384333998 0.676674128
vt 0.412563145 0.680897951
vt 0.387436837 0.680897951
vt 0.415665984 0.676674128
vt 0.441014141 0.684819877
vt 0.432890773 0.687430382
vt 0.415665984 0.676674128
vt 0.432890773 0.687430382
vt 0.412563145 0.680897951
vt 0.441014141 0.684819877
vt 0.45069626 0.698000014
vt 0.440655231 0.698000014
vt 0.441014141 0.684819877
vt 0.440655231 0.698000014
vt 0.432890773 0.687430382
vt 0.440655231 0.698000014
vt 0.432890773 0.708569646
vt 0.418253005 0.703865707
vt 0.440655231 0.698000014
vt 0.418253005 0.703865707
vt 0.422561944 0.698000014
vt 0.432890773 0.708569646
vt 0.412563145 0.715102017
vt 0.406972021 0.707490921
vt 0.432890773 0.708569646
vt 0.406972021 0.707490921
vt 0.418253005 0.703865707
vt 0.412563145 0.715102017
vt 0.387436837 0.715102017
vt 0.393027961 0.707490921
vt 0.412563145 0.715102017
vt 0.393027961 0.707490921
vt 0.406972021 0.707490921
vt 0.387436837 0.715102017
vt 0.367109239 0.708569646
vt 0.381747007 0.703865707
vt 0.387436837 0.715102017
vt 0.381747007 0.703865707
vt 0.393027961 0.707490921
vt 0.367109239 0.708569646
vt 0.35934478 0.698000014
vt 0.377438039 0.698000014
vt 0.367109239 0.708569646
vt 0.377438039 0.698000014
vt 0.381747007 0.703865707
vt 0.35934478 0.698000014
vt 0.367109239 0.687430382
vt 0.381747007 0.692134261
vt 0.35934478 0.698000014
vt 0.381747007 0.692134261
vt 0.377438039 0.698000014
vt 0.367109239 0.687430382
vt 0.387436837 0.680897951
vt 0.393027961 0.688509107
vt 0.367109239 0.687430382
vt 0.393027961 0.688509107
vt 0.381747007 0.692134261
vt 0.387436837 0.680897951
vt 0.412563145 0.680897951
vt 0.406972021 0.688509107
vt 0.387436837 0.680897951
vt 0.406972021 0.688509107
vt 0.393027961 0.688509107
vt 0.412563145 0.680897951
vt 0.432890773 0.687430382
vt 0.418253005 0.692134261
vt 0.412563145 0.680897951
vt 0.418253005 0.692134261
vt 0.406972021 0.688509107
vt 0.432890773 0.687430382
vt 0.440655231 0.698000014
vt 0.422561944 0.698000014
vt 0.432890773 0.687430382
vt 0.422561944 0.698000014
vt 0.418253005 0.692134261
vt 0.400000006 0.717999995
vt 0.408131719 0.721535563
vt 0.411500007 0.717999995
vt 0.400000006 0.717999995
vt 0.411500007 0.717999995
vt 0.408131719 0.721535563
vt 0.400000006 0.717999995
vt 0.400000006 0.72299999
vt 0.408131719 0.721535563
vt 0.400000006 0.717999995
vt 0.408131719 0.721535563
vt 0.400000006 0.72299999
vt 0.400000006 0.717999995
vt 0.391868263 0.721535563
vt 0.400000006 0.72299999
vt 0.400000006 0.717999995
vt 0.400000006 0.72299999
vt 0.391868263 0.721535563
vt 0.400000006 0.717999995
vt 0.388500005 0.717999995
vt 0.391868263 0.721535563
vt 0.400000006 0.717999995
vt 0.391868263 0.721535563
vt 0.388500005 0.717999995
vt 0.400000006 0.717999995
vt 0.391868263 0.714464426
vt 0.388500005 0.717999995
vt 0.400000006 0.717999995
vt 0.388500005 0.717999995
vt 0.391868263 0.714464426
vt 0.400000006 0.717999995
vt 0.400000006 0.713
vt 0.391868263 0.714464426
vt 0.400000006 0.717999995
vt 0.391868263 0.714464426
vt 0.400000006 0.713
vt 0.400000006 0.717999995
vt 0.408131719 0.714464426
vt 0.400000006 0.713
vt 0.400000006 0.717999995
vt 0.400000006 0.713
vt 0.408131719 0.714464426
vt 0.400000006 0.717999995
vt 0.411500007 0.717999995
vt 0.408131719 0.714464426
vt 0.400000006 0.717999995
vt 0.408131719 0.714464426
vt 0.411500007 0.717999995
vt 0.411500007 0.717999995
vt 0.408131719 0.721535563
vt 0.414084554 0.724123716
vt 0.411500007 0.717999995
vt 0.414084554 0.724123716
vt 0.419918597 0.717999995
vt 0.408131719 0.721535563
vt 0.400000006 0.72299999
vt 0.400000006 0.726660252
vt 0.408131719 0.721535563
vt 0.400000006 0.726660252
vt 0.414084554 0.724123716
vt 0.400000006 0.72299999
vt 0.391868263 0.721535563
vt 0.385915428 0.724123716
vt 0.400000006 0.72299999
vt 0.385915428 0.724123716
vt 0.400000006 0.726660252
vt 0.391868263 0.721535563
vt 0.388500005 0.717999995
vt 0.380081415 0.717999995
vt 0.391868263 0.721535563
vt 0.380081415 0.717999995
vt 0.385915428 0.724123716
vt 0.388500005 0.717999995
vt 0.391868263 0.714464426
vt 0.385915428 0.711876273
vt 0.388500005 0.717999995
vt 0.385915428 0.711876273
vt 0.380081415 0.717999995
vt 0.391868263 0.714464426
vt 0.400000006 0.713
vt 0.400000006 0.709339738
vt 0.391868263 0.714464426
vt 0.400000006 0.709339738
vt 0.385915428 0.711876273
vt 0.400000006 0.713
vt 0.408131719 0.714464426
vt 0.414084554 0.711876273
vt 0.400000006 0.713
vt 0.414084554 0.711876273
vt 0.400000006 0.709339738
vt 0.408131719 0.714464426
vt 0.411500007 0.717999995
vt 0.419918597 0.717999995
vt 0.408131719 0.714464426
vt 0.419918597 0.717999995
vt 0.414084554 0.711876273
vt 0.419918597 0.717999995
vt 0.414084554 0.724123716
vt 0.416263461 0.725071073
vt 0.419918597 0.717999995
vt 0.416263461 0.725071073
vt 0.423000008 0.717999995
vt 0.414084554 0.724123716
vt 0.400000006 0.726660252
vt 0.400000006 0.727999985
vt 0.414084554 0.724123716
vt 0.400000006 0.727999985
vt 0.416263461 0.725071073
vt 0.400000006 0.726660252
vt 0.385915428 0.724123716
vt 0.383736551 0.725071073
vt 0.400000006 0.726660252
vt 0.383736551 0.725071073
vt 0.400000006 0.727999985
vt 0.385915428 0.724123716
vt 0.380081415 0.717999995
vt 0.377000004 0.717999995
vt 0.385915428 0.724123716
vt 0.377000004 0.717999995
vt 0.383736551 0.725071073
vt 0.380081415 0.717999995
vt 0.385915428 0.711876273
vt 0.383736551 0.710928917
vt 0.380081415 0.717999995
vt 0.383736551 0.710928917
vt 0.377000004 0.717999995
vt 0.385915428 0.711876273
vt 0.400000006 0.709339738
vt 0.400000006 0.708000004
vt 0.385915428 0.711876273
vt 0.400000006 0.708000004
vt 0.383736551 0.710928917
vt 0.400000006 0.709339738
vt 0.414084554 0.711876273
vt 0.416263461 0.710928917
vt 0.400000006 0.709339738
vt 0.416263461 0.710928917
vt 0.400000006 0.708000004
vt 0.414084554 0.711876273
vt 0.419918597 0.717999995
vt 0.423000008 0.717999995
vt 0.414084554 0.711876273
vt 0.423000008 0.717999995
vt 0.416263461 0.710928917
vt 0.423000008 0.717999995
vt 0.416263461 0.725071073
vt 0.414084554 0.724123716
vt 0.423000008 0.717999995
vt 0.414084554 0.724123716
vt 0.419918597 0.717999995
vt 0.416263461 0.725071073
vt 0.400000006 0.727999985
vt 0.400000006 0.726660252
vt 0.416263461 0.725071073
vt 0.400000006 0.726660252
vt 0.414084554 0.724123716
vt 0.400000006 0.727999985
vt 0.383736551 0.725071073
vt 0.385915428 0.724123716
vt 0.400000006 0.727999985
vt 0.385915428 0.724123716
vt 0.400000006 0.726660252
vt 0.383736551 0.725071073
vt 0.377000004 0.717999995
vt 0.380081415 0.717999995
vt 0.383736551 0.725071073
vt 0.380081415 0.717999995
vt 0.385915428 0.724123716
vt 0.377000004 0.717999995
vt 0.383736551 0.710928917
vt 0.385915428 0.711876273
vt 0.377000004 0.717999995
vt 0.385915428 0.711876273
vt 0.380081415 0.717999995
vt 0.383736551 0.710928917
vt 0.400000006 0.708000004
vt 0.400000006 0.709339738
vt 0.383736551 0.710928917
vt 0.400000006 0.709339738
vt 0.385915428 0.711876273
vt 0.400000006 0.708000004
vt 0.416263461 0.710928917
vt 0.414084554 0.711876273
vt 0.400000006 0.708000004
vt 0.414084554 0.711876273
vt 0.400000006 0.709339738
vt 0.416263461 0.710928917
vt 0.423000008 0.717999995
vt 0.419918597 0.717999995
vt 0.416263461 0.710928917
vt 0.419918597 0.717999995
vt 0.414084554 0.711876273
vt 0.419918597 0.717999995
vt 0.414084554 0.724123716
vt 0.408131719 0.721535563
vt 0.419918597 0.717999995
vt 0.408131719 0.721535563
vt 0.411500007 0.717999995
vt 0.414084554 0.724123716
vt 0.400000006 0.726660252
vt 0.400000006 0.72299999
vt 0.414084554 0.724123716
vt 0.400000006 0.72299999
vt 0.408131719 0.721535563
vt 0.400000006 0.726660252
vt 0.385915428 0.724123716
vt 0.391868263 0.721535563
vt 0.400000006 0.726660252
vt 0.391868263 0.721535563
vt 0.400000006 0.72299999
vt 0.385915428 0.724123716
vt 0.380081415 0.717999995
vt 0.388500005 0.717999995
vt 0.385915428 0.724123716
vt 0.388500005 0.717999995
vt 0.391868263 0.721535563
vt 0.380081415 0.717999995
vt 0.385915428 0.711876273
vt 0.391868263 0.714464426
vt 0.380081415 0.717999995
vt 0.391868263 0.714464426
vt 0.388500005 0.717999995
vt 0.385915428 0.711876273
vt 0.400000006 0.709339738
vt 0.400000006 0.713
vt 0.385915428 0.711876273
vt 0.400000006 0.713
vt 0.391868263 0.714464426
vt 0.400000006 0.709339738
vt 0.414084554 0.711876273
vt 0.408131719 0.714464426
vt 0.400000006 0.709339738
vt 0.408131719 0.714464426
vt 0.400000006 0.713
vt 0.414084554 0.711876273
vt 0.419918597 0.717999995
vt 0.411500007 0.717999995
vt 0.414084554 0.711876273
vt 0.411500007 0.717999995
vt 0.408131719 0.714464426
vt 0.476718128 0.723885953
vt 0.482736707 0.714021206
vt 0.432794243 0.721845925
vt 0.476718128 0.723885953
vt 0.432794243 0.721845925
vt 0.429858595 0.735967398
vt 0.482736707 0.714021206
vt 0.478063434 0.699981213
vt 0.431868345 0.701027513
vt 0.482736707 0.714021206
vt 0.431868345 0.701027513
vt 0.432794243 0.721845925
vt 0.478063434 0.699981213
vt 0.469156593 0.701168835
vt 0.428360462 0.702282548
vt 0.478063434 0.699981213
vt 0.428360462 0.702282548
vt 0.431868345 0.701027513
vt 0.469156593 0.701168835
vt 0.468325138 0.71594274
vt 0.427118361 0.723876595
vt 0.469156593 0.701168835
vt 0.427118361 0.723876595
vt 0.428360462 0.702282548
vt 0.468325138 0.71594274
vt 0.476718128 0.723885953
vt 0.429858595 0.735967398
vt 0.468325138 0.71594274
vt 0.429858595 0.735967398
vt 0.427118361 0.723876595
vt 0.429858595 0.735967398
vt 0.432794243 0.721845925
vt 0.34799242 0.712797344
vt 0.429858595 0.735967398
vt 0.34799242 0.712797344
vt 0.352003992 0.726733923
vt 0.432794243 0.721845925
vt 0.431868345 0.701027513
vt 0.353665084 0.693612993
vt 0.432794243 0.721845925
vt 0.353665084 0.693612993
vt 0.34799242 0.712797344
vt 0.431868345 0.701027513
vt 0.428360462 0.702282548
vt 0.36118257 0.695692956
vt 0.431868345 0.701027513
vt 0.36118257 0.695692956
vt 0.353665084 0.693612993
vt 0.428360462 0.702282548
vt 0.427118361 0.723876595
vt 0.36015594 0.716162801
vt 0.428360462 0.702282548
vt 0.36015594 0.716162801
vt 0.36118257 0.695692956
vt 0.427118361 0.723876595
vt 0.429858595 0.735967398
vt 0.352003992 0.726733923
vt 0.427118361 0.723876595
vt 0.352003992 0.726733923
vt 0.36015594 0.716162801
vt 0.352003992 0.726733923
vt 0.34799242 0.712797344
vt 0.308878005 0.69983232
vt 0.352003992 0.726733923
vt 0.308878005 0.69983232
vt 0.310850799 0.703866124
vt 0.34799242 0.712797344
vt 0.353665084 0.693612993
vt 0.311219722 0.694648325
vt 0.34799242 0.712797344
vt 0.311219722 0.694648325
vt 0.308878005 0.69983232
vt 0.353665084 0.693612993
vt 0.36118257 0.695692956
vt 0.314639747 0.695478201
vt 0.353665084 0.693612993
vt 0.314639747 0.695478201
vt 0.311219722 0.694648325
vt 0.36118257 0.695692956
vt 0.36015594 0.716162801
vt 0.314411759 0.701175094
vt 0.36118257 0.695692956
vt 0.314411759 0.701175094
vt 0.314639747 0.695478201
vt 0.36015594 0.716162801
vt 0.352003992 0.726733923
vt 0.310850799 0.703866124
vt 0.36015594 0.716162801
vt 0.310850799 0.703866124
vt 0.314411759 0.701175094
vt 0.474999994 0.710999966
vt 0.482736707 0.714021206
vt 0.476718128 0.723885953
vt 0.312000006 0.699000001
vt 0.310850799 0.703866124
vt 0.308878005 0.69983232
vt 0.474999994 0.710999966
vt 0.478063434 0.699981213
vt 0.482736707 0.714021206
vt 0.312000006 0.699000001
vt 0.308878005 0.69983232
vt 0.311219722 0.694648325
vt 0.474999994 0.710999966
vt 0.469156593 0.701168835
vt 0.478063434 0.699981213
vt 0.312000006 0.699000001
vt 0.311219722 0.694648325
vt 0.314639747 0.695478201
vt 0.474999994 0.710999966
vt 0.468325138 0.71594274
vt 0.469156593 0.701168835
vt 0.312000006 0.699000001
vt 0.314639747 0.695478201
vt 0.314411759 0.701175094
vt 0.474999994 0.710999966
vt 0.476718128 0.723885953
vt 0.468325138 0.71594274
vt 0.312000006 0.699000001
vt 0.314411759 0.701175094
vt 0.310850799 0.703866124
vt 0.477247417 0.738971651
vt 0.475191623 0.731886983
vt 0.425704539 0.728913248
vt 0.477247417 0.738971651
vt 0.425704539 0.728913248
vt 0.423282236 0.736876249
vt 0.475191623 0.731886983
vt 0.477016926 0.720812619
vt 0.4271532 0.715542316
vt 0.475191623 0.731886983
vt 0.4271532 0.715542316
vt 0.425704539 0.728913248
vt 0.477016926 0.720812619
vt 0.480200797 0.721052945
vt 0.425626189 0.715241551
vt 0.477016926 0.720812619
vt 0.425626189 0.715241551
vt 0.4271532 0.715542316
vt 0.480200797 0.721052945
vt 0.480343252 0.732275844
vt 0.423233807 0.728426635
vt 0.480200797 0.721052945
vt 0.423233807 0.728426635
vt 0.425626189 0.715241551
vt 0.480343252 0.732275844
vt 0.477247417 0.738971651
vt 0.423282236 0.736876249
vt 0.480343252 0.732275844
vt 0.423282236 0.736876249
vt 0.423233807 0.728426635
vt 0.423282236 0.736876249
vt 0.425704539 0.728913248
vt 0.355414301 0.713933945
vt 0.423282236 0.736876249
vt 0.355414301 0.713933945
vt 0.351507843 0.718859434
vt 0.425704539 0.728913248
vt 0.4271532 0.715542316
vt 0.355984271 0.70495379
vt 0.425704539 0.728913248
vt 0.355984271 0.70495379
vt 0.355414301 0.713933945
vt 0.4271532 0.715542316
vt 0.425626189 0.715241551
vt 0.352430105 0.704329312
vt 0.4271532 0.715542316
vt 0.352430105 0.704329312
vt 0.355984271 0.70495379
vt 0.425626189 0.715241551
vt 0.423233807 0.728426635
vt 0.349663496 0.712923527
vt 0.425626189 0.715241551
vt 0.349663496 0.712923527
vt 0.352430105 0.704329312
vt 0.423233807 0.728426635
vt 0.423282236 0.736876249
vt 0.351507843 0.718859434
vt 0.423233807 0.728426635
vt 0.351507843 0.718859434
vt 0.349663496 0.712923527
vt 0.351507843 0.718859434
vt 0.355414301 0.713933945
vt 0.321671009 0.705746293
vt 0.351507843 0.718859434
vt 0.321671009 0.705746293
vt 0.320634961 0.7069664
vt 0.355414301 0.713933945
vt 0.355984271 0.70495379
vt 0.321779728 0.703494847
vt 0.355414301 0.713933945
vt 0.321779728 0.703494847
vt 0.321671009 0.705746293
vt 0.355984271 0.70495379
vt 0.352430105 0.704329312
vt 0.320810914 0.703323483
vt 0.355984271 0.70495379
vt 0.320810914 0.703323483
vt 0.321779728 0.703494847
vt 0.352430105 0.704329312
vt 0.349663496 0.712923527
vt 0.320103407 0.705469012
vt 0.352430105 0.704329312
vt 0.320103407 0.705469012
vt 0.320810914 0.703323483
vt 0.349663496 0.712923527
vt 0.351507843 0.718859434
vt 0.320634961 0.7069664
vt 0.349663496 0.712923527
vt 0.320634961 0.7069664
vt 0.320103407 0.705469012
vt 0.477999985 0.728999972
vt 0.475191623 0.731886983
vt 0.477247417 0.738971651
vt 0.32099998 0.704999983
vt 0.320634961 0.7069664
vt 0.321671009 0.705746293
vt 0.477999985 0.728999972
vt 0.477016926 0.720812619
vt 0.475191623 0.731886983
vt 0.32099998 0.704999983
vt 0.321671009 0.705746293
vt 0.321779728 0.703494847
vt 0.477999985 0.728999972
vt 0.480200797 0.721052945
vt 0.477016926 0.720812619
vt 0.32099998 0.704999983
vt 0.321779728 0.703494847
vt 0.320810914 0.703323483
vt 0.477999985 0.728999972
vt 0.480343252 0.732275844
vt 0.480200797 0.721052945
vt 0.32099998 0.704999983
vt 0.320810914 0.703323483
vt 0.320103407 0.705469012
vt 0.477999985 0.728999972
vt 0.477247417 0.738971651
vt 0.480343252 0.732275844
vt 0.32099998 0.704999983
vt 0.320103407 0.705469012
vt 0.320634961 0.7069664
vt 0.600000024 0.698000014
vt 0.618252993 0.703865707
vt 0.622561932 0.698000014
vt 0.600000024 0.698000014
vt 0.622561932 0.698000014
vt 0.618252993 0.703865707
vt 0.600000024 0.698000014
vt 0.606972039 0.707490921
vt 0.618252993 0.703865707
vt 0.600000024 0.698000014
vt 0.618252993 0.703865707
vt 0.606972039 0.707490921
vt 0.600000024 0.698000014
vt 0.593027949 0.707490921
vt 0.606972039 0.707490921
vt 0.600000024 0.698000014
vt 0.606972039 0.707490921
vt 0.593027949 0.707490921
vt 0.600000024 0.698000014
vt 0.581746995 0.703865707
vt 0.593027949 0.707490921
vt 0.600000024 0.698000014
vt 0.593027949 0.707490921
vt 0.581746995 0.703865707
vt 0.600000024 0.698000014
vt 0.577438056 0.698000014
vt 0.581746995 0.703865707
vt 0.600000024 0.698000014
vt 0.581746995 0.703865707
vt 0.577438056 0.698000014
vt 0.600000024 0.698000014
vt 0.581746995 0.692134261
vt 0.577438056 0.698000014
vt 0.600000024 0.698000014
vt 0.577438056 0.698000014
vt 0.581746995 0.692134261
vt 0.600000024 0.698000014
vt 0.593027949 0.688509107
vt 0.581746995 0.692134261
vt 0.600000024 0.698000014
vt 0.581746995 0.692134261
vt 0.593027949 0.688509107
vt 0.600000024 0.698000014
vt 0.606972039 0.688509107
vt 0.593027949 0.688509107
vt 0.600000024 0.698000014
vt 0.593027949 0.688509107
vt 0.606972039 0.688509107
vt 0.600000024 0.698000014
vt 0.618252993 0.692134261
vt 0.606972039 0.688509107
vt 0.600000024 0.698000014
vt 0.606972039 0.688509107
vt 0.618252993 0.692134261
vt 0.600000024 0.698000014
vt 0.622561932 0.698000014
vt 0.618252993 0.692134261
vt 0.600000024 0.698000014
vt 0.618252993 0.692134261
vt 0.622561932 0.698000014
vt 0.622561932 0.698000014
vt 0.618252993 0.703865707
vt 0.632890761 0.708569646
vt 0.622561932 0.698000014
vt 0.632890761 0.708569646
vt 0.64065522 0.698000014
vt 0.618252993 0.703865707
vt 0.606972039 0.707490921
vt 0.612563133 0.715102017
vt 0.618252993 0.703865707
vt 0.612563133 0.715102017
vt 0.632890761 0.708569646
vt 0.606972039 0.707490921
vt 0.593027949 0.707490921
vt 0.587436855 0.715102017
vt 0.606972039 0.707490921
vt 0.587436855 0.715102017
vt 0.612563133 0.715102017
vt 0.593027949 0.707490921
vt 0.581746995 0.703865707
vt 0.567109227 0.708569646
vt 0.593027949 0.707490921
vt 0.567109227 0.708569646
vt 0.587436855 0.715102017
vt 0.581746995 0.703865707
vt 0.577438056 0.698000014
vt 0.559344769 0.698000014
vt 0.581746995 0.703865707
vt 0.559344769 0.698000014
vt 0.567109227 0.708569646
vt 0.577438056 0.698000014
vt 0.581746995 0.692134261
vt 0.567109227 0.687430382
vt 0.577438056 0.698000014
vt 0.567109227 0.687430382
vt 0.559344769 0.698000014
vt 0.581746995 0.692134261
vt 0.593027949 0.688509107
vt 0.587436855 0.680897951
vt 0.581746995 0.692134261
vt 0.587436855 0.680897951
vt 0.567109227 0.687430382
vt 0.593027949 0.688509107
vt 0.606972039 0.688509107
vt 0.612563133 0.680897951
vt 0.593027949 0.688509107
vt 0.612563133 0.680897951
vt 0.587436855 0.680897951
vt 0.606972039 0.688509107
vt 0.618252993 0.692134261
vt 0.632890761 0.687430382
vt 0.606972039 0.688509107
vt 0.632890761 0.687430382
vt 0.612563133 0.680897951
vt 0.618252993 0.692134261
vt 0.622561932 0.698000014
vt 0.64065522 0.698000014
vt 0.618252993 0.692134261
vt 0.64065522 0.698000014
vt 0.632890761 0.687430382
vt 0.64065522 0.698000014
vt 0.632890761 0.708569646
vt 0.641014099 0.711180091
vt 0.64065522 0.698000014
vt 0.641014099 0.711180091
vt 0.650696278 0.698000014
vt 0.632890761 0.708569646
vt 0.612563133 0.715102017
vt 0.615666032 0.7193259
vt 0.632890761 0.708569646
vt 0.615666032 0.7193259
vt 0.641014099 0.711180091
vt 0.612563133 0.715102017
vt 0.587436855 0.715102017
vt 0.584334016 0.7193259
vt 0.612563133 0.715102017
vt 0.584334016 0.7193259
vt 0.615666032 0.7193259
vt 0.587436855 0.715102017
vt 0.567109227 0.708569646
vt 0.558985889 0.711180091
vt 0.587436855 0.715102017
vt 0.558985889 0.711180091
vt 0.584334016 0.7193259
vt 0.567109227 0.708569646
vt 0.559344769 0.698000014
vt 0.54930377 0.698000014
vt 0.567109227 0.708569646
vt 0.54930377 0.698000014
vt 0.558985889 0.711180091
vt 0.559344769 0.698000014
vt 0.567109227 0.687430382
vt 0.558985889 0.684819877
vt 0.559344769 0.698000014
vt 0.558985889 0.684819877
vt 0.54930377 0.698000014
vt 0.567109227 0.687430382
vt 0.587436855 0.680897951
vt 0.584334016 0.676674128
vt 0.567109227 0.687430382
vt 0.584334016 0.676674128
vt 0.558985889 0.684819877
vt 0.587436855 0.680897951
vt 0.612563133 0.680897951
vt 0.615666032 0.676674128
vt 0.587436855 0.680897951
vt 0.615666032 0.676674128
vt 0.584334016 0.676674128
vt 0.612563133 0.680897951
vt 0.632890761 0.687430382
vt 0.641014099 0.684819877
vt 0.612563133 0.680897951
vt 0.641014099 0.684819877
vt 0.615666032 0.676674128
vt 0.632890761 0.687430382
vt 0.64065522 0.698000014
vt 0.650696278 0.698000014
vt 0.632890761 0.687430382
vt 0.650696278 0.698000014
vt 0.641014099 0.684819877
vt 0.650696278 0.698000014
vt 0.641014099 0.711180091
vt 0.641014099 0.711180091
vt 0.650696278 0.698000014
vt 0.641014099 0.711180091
vt 0.650696278 0.698000014
vt 0.641014099 0.711180091
vt 0.615666032 0.7193259
vt 0.615666032 0.7193259
vt 0.641014099 0.711180091
vt 0.615666032 0.7193259
vt 0.641014099 0.711180091
vt 0.615666032 0.7193259
vt 0.584334016 0.7193259
vt 0.584334016 0.7193259
vt 0.615666032 0.7193259
vt 0.584334016 0.7193259
vt 0.615666032 0.7193259
vt 0.584334016 0.7193259
vt 0.558985889 0.711180091
vt 0.558985889 0.711180091
vt 0.584334016 0.7193259
vt 0.558985889 0.711180091
vt 0.584334016 0.7193259
vt 0.558985889 0.711180091
vt 0.54930377 0.698000014
vt 0.54930377 0.698000014
vt 0.558985889 0.711180091
vt 0.54930377 0.698000014
vt 0.558985889 0.711180091
vt 0.54930377 0.698000014
vt 0.558985889 0.684819877
vt 0.558985889 0.684819877
vt 0.54930377 0.698000014
vt 0.558985889 0.684819877
vt 0.54930377 0.698000014
vt 0.558985889 0.684819877
vt 0.584334016 0.676674128
vt 0.584334016 0.676674128
vt 0.558985889 0.684819877
vt 0.584334016 0.676674128
vt 0.558985889 0.684819877
vt 0.584334016 0.676674128
vt 0.615666032 0.676674128
vt 0.615666032 0.676674128
vt 0.584334016 0.676674128
vt 0.615666032 0.676674128
vt 0.584334016 0.676674128
vt 0.615666032 0.676674128
vt 0.641014099 0.684819877
vt 0.641014099 0.684819877
vt 0.615666032 0.676674128
vt 0.641014099 0.684819877
vt 0.615666032 0.676674128
vt 0.641014099 0.684819877
vt 0.650696278 0.698000014
vt 0.650696278 0.698000014
vt 0.641014099 0.684819877
vt 0.650696278 0.698000014
vt 0.641014099 0.684819877
vt 0.650696278 0.698000014
vt 0.641014099 0.711180091
vt 0.632890761 0.708569646
vt 0.650696278 0.698000014
vt 0.632890761 0.708569646
vt 0.64065522 0.698000014
vt 0.641014099 0.711180091
vt 0.615666032 0.7193259
vt 0.612563133 0.715102017
vt 0.641014099 0.711180091
vt 0.612563133 0.715102017
vt 0.632890761 0.708569646
vt 0.615666032 0.7193259
vt 0.584334016 0.7193259
vt 0.587436855 0.715102017
vt 0.615666032 0.7193259
vt 0.587436855 0.715102017
vt 0.612563133 0.715102017
vt 0.584334016 0.7193259
vt 0.558985889 0.711180091
vt 0.567109227 0.708569646
vt 0.584334016 0.7193259
vt 0.567109227 0.708569646
vt 0.587436855 0.715102017
vt 0.558985889 0.711180091
vt 0.54930377 0.698000014
vt 0.559344769 0.698000014
vt 0.558985889 0.711180091
vt 0.559344769 0.698000014
vt 0.567109227 0.708569646
vt 0.54930377 0.698000014
vt 0.558985889 0.684819877
vt 0.567109227 0.687430382
vt 0.54930377 0.698000014
vt 0.567109227 0.687430382
vt 0.559344769 0.698000014
vt 0.558985889 0.684819877
vt 0.584334016 0.676674128
vt 0.587436855 0.680897951
vt 0.558985889 0.684819877
vt 0.587436855 0.680897951
vt 0.567109227 0.687430382
vt 0.584334016 0.676674128
vt 0.615666032 0.676674128
vt 0.612563133 0.680897951
vt 0.584334016 0.676674128
vt 0.612563133 0.680897951
vt 0.587436855 0.680897951
vt 0.615666032 0.676674128
vt 0.641014099 0.684819877
vt 0.632890761 0.687430382
vt 0.615666032 0.676674128
vt 0.632890761 0.687430382
vt 0.612563133 0.680897951
vt 0.641014099 0.684819877
vt 0.650696278 0.698000014
vt 0.64065522 0.698000014
vt 0.641014099 0.684819877
vt 0.64065522 0.698000014
vt 0.632890761 0.687430382
vt 0.64065522 0.698000014
vt 0.632890761 0.708569646
vt 0.618252993 0.703865707
vt 0.64065522 0.698000014
vt 0.618252993 0.703865707
vt 0.622561932 0.698000014
vt 0.632890761 0.708569646
vt 0.612563133 0.715102017
vt 0.606972039 0.707490921
vt 0.632890761 0.708569646
vt 0.606972039 0.707490921
vt 0.618252993 0.703865707
vt 0.612563133 0.715102017
vt 0.587436855 0.715102017
vt 0.593027949 0.707490921
vt 0.612563133 0.715102017
vt 0.593027949 0.707490921
vt 0.606972039 0.707490921
vt 0.587436855 0.715102017
vt 0.567109227 0.708569646
vt 0.581746995 0.703865707
vt 0.587436855 0.715102017
vt 0.581746995 0.703865707
vt 0.593027949 0.707490921
vt 0.567109227 0.708569646
vt 0.559344769 0.698000014
vt 0.577438056 0.698000014
vt 0.567109227 0.708569646
vt 0.577438056 0.698000014
vt 0.581746995 0.703865707
vt 0.559344769 0.698000014
vt 0.567109227 0.687430382
vt 0.581746995 0.692134261
vt 0.559344769 0.698000014
vt 0.581746995 0.692134261
vt 0.577438056 0.698000014
vt 0.567109227 0.687430382
vt 0.587436855 0.680897951
vt 0.593027949 0.688509107
vt 0.567109227 0.687430382
vt 0.593027949 0.688509107
vt 0.581746995 0.692134261
vt 0.587436855 0.680897951
vt 0.612563133 0.680897951
vt 0.606972039 0.688509107
vt 0.587436855 0.680897951
vt 0.606972039 0.688509107
vt 0.593027949 0.688509107
vt 0.612563133 0.680897951
vt 0.632890761 0.687430382
vt 0.618252993 0.692134261
vt 0.612563133 0.680897951
vt 0.618252993 0.692134261
vt 0.606972039 0.688509107
vt 0.632890761 0.687430382
vt 0.64065522 0.698000014
vt 0.622561932 0.698000014
vt 0.632890761 0.687430382
vt 0.622561932 0.698000014
vt 0.618252993 0.692134261
vt 0.600000024 0.717999995
vt 0.608131707 0.721535563
vt 0.611500025 0.717999995
vt 0.600000024 0.717999995
vt 0.611500025 0.717999995
vt 0.608131707 0.721535563
vt 0.600000024 0.717999995
vt 0.600000024 0.72299999
vt 0.608131707 0.721535563
vt 0.600000024 0.717999995
vt 0.608131707 0.721535563
vt 0.600000024 0.72299999
vt 0.600000024 0.717999995
vt 0.591868281 0.721535563
vt 0.600000024 0.72299999
vt 0.600000024 0.717999995
vt 0.600000024 0.72299999
vt 0.591868281 0.721535563
vt 0.600000024 0.717999995
vt 0.588500023 0.717999995
vt 0.591868281 0.721535563
vt 0.600000024 0.717999995
vt 0.591868281 0.721535563
vt 0.588500023 0.717999995
vt 0.600000024 0.717999995
vt 0.591868281 0.714464426
vt 0.588500023 0.717999995
vt 0.600000024 0.717999995
vt 0.588500023 0.717999995
vt 0.591868281 0.714464426
vt 0.600000024 0.717999995
vt 0.600000024 0.713
vt 0.591868281 0.714464426
vt 0.600000024 0.717999995
vt 0.591868281 0.714464426
vt 0.600000024 0.713
vt 0.600000024 0.717999995
vt 0.608131707 0.714464426
vt 0.600000024 0.713
vt 0.600000024 0.717999995
vt 0.600000024 0.713
vt 0.608131707 0.714464426
vt 0.600000024 0.717999995
vt 0.611500025 0.717999995
vt 0.608131707 0.714464426
vt 0.600000024 0.717999995
vt 0.608131707 0.714464426
vt 0.611500025 0.717999995
vt 0.611500025 0.717999995
vt 0.608131707 0.721535563
vt 0.614084601 0.724123716
vt 0.611500025 0.717999995
vt 0.614084601 0.724123716
vt 0.619918585 0.717999995
vt 0.608131707 0.721535563
vt 0.600000024 0.72299999
vt 0.600000024 0.726660252
vt 0.608131707 0.721535563
vt 0.600000024 0.726660252
vt 0.614084601 0.724123716
vt 0.600000024 0.72299999
vt 0.591868281 0.721535563
vt 0.585915446 0.724123716
vt 0.600000024 0.72299999
vt 0.585915446 0.724123716
vt 0.600000024 0.726660252
vt 0.591868281 0.721535563
vt 0.588500023 0.717999995
vt 0.580081403 0.717999995
vt 0.591868281 0.721535563
vt 0.580081403 0.717999995
vt 0.585915446 0.724123716
vt 0.588500023 0.717999995
vt 0.591868281 0.714464426
vt 0.585915446 0.711876273
vt 0.588500023 0.717999995
vt 0.585915446 0.711876273
vt 0.580081403 0.717999995
vt 0.591868281 0.714464426
vt 0.600000024 0.713
vt 0.600000024 0.709339738
vt 0.591868281 0.714464426
vt 0.600000024 0.709339738
vt 0.585915446 0.711876273
vt 0.600000024 0.713
vt 0.608131707 0.714464426
vt 0.614084601 0.711876273
vt 0.600000024 0.713
vt 0.614084601 0.711876273
vt 0.600000024 0.709339738
vt 0.608131707 0.714464426
vt 0.611500025 0.717999995
vt 0.619918585 0.717999995
vt 0.608131707 0.714464426
vt 0.619918585 0.717999995
vt 0.614084601 0.711876273
vt 0.619918585 0.717999995
vt 0.614084601 0.724123716
vt 0.616263449 0.725071073
vt 0.619918585 0.717999995
vt 0.616263449 0.725071073
vt 0.623000026 0.717999995
vt 0.614084601 0.724123716
vt 0.600000024 0.726660252
vt 0.600000024 0.727999985
vt 0.614084601 0.724123716
vt 0.600000024 0.727999985
vt 0.616263449 0.725071073
vt 0.600000024 0.726660252
vt 0.585915446 0.724123716
vt 0.583736539 0.725071073
vt 0.600000024 0.726660252
vt 0.583736539 0.725071073
vt 0.600000024 0.727999985
vt 0.585915446 0.724123716
vt 0.580081403 0.717999995
vt 0.577000022 0.717999995
vt 0.585915446 0.724123716
vt 0.577000022 0.717999995
vt 0.583736539 0.725071073
vt 0.580081403 0.717999995
vt 0.585915446 0.711876273
vt 0.583736539 0.710928917
vt 0.580081403 0.717999995
vt 0.583736539 0.710928917
vt 0.577000022 0.717999995
vt 0.585915446 0.711876273
vt 0.600000024 0.709339738
vt 0.600000024 0.708000004
vt 0.585915446 0.711876273
vt 0.600000024 0.708000004
vt 0.583736539 0.710928917
vt 0.600000024 0.709339738
vt 0.614084601 0.711876273
vt 0.616263449 0.710928917
vt 0.600000024 0.709339738
vt 0.616263449 0.710928917
vt 0.600000024 0.708000004
vt 0.614084601 0.711876273
vt 0.619918585 0.717999995
vt 0.623000026 0.717999995
vt 0.614084601 0.711876273
vt 0.623000026 0.717999995
vt 0.616263449 0.710928917
vt 0.623000026 0.717999995
vt 0.616263449 0.725071073
vt 0.614084601 0.724123716
vt 0.623000026 0.717999995
vt 0.614084601 0.724123716
vt 0.619918585 0.717999995
vt 0.616263449 0.725071073
vt 0.600000024 0.727999985
vt 0.600000024 0.726660252
vt 0.616263449 0.725071073
vt 0.600000024 0.726660252
vt 0.614084601 0.724123716
vt 0.600000024 0.727999985
vt 0.583736539 0.725071073
vt 0.585915446 0.724123716
vt 0.600000024 0.727999985
vt 0.585915446 0.724123716
vt 0.600000024 0.726660252
vt 0.583736539 0.725071073
vt 0.577000022 0.717999995
vt 0.580081403 0.717999995
vt 0.583736539 0.725071073
vt 0.580081403 0.717999995
vt 0.585915446 0.724123716
vt 0.577000022 0.717999995
vt 0.583736539 0.710928917
vt 0.585915446 0.711876273
vt 0.577000022 0.717999995
vt 0.585915446 0.711876273
vt 0.580081403 0.717999995
vt 0.583736539 0.710928917
vt 0.600000024 0.708000004
vt 0.600000024 0.709339738
vt 0.583736539 0.710928917
vt 0.600000024 0.709339738
vt 0.585915446 0.711876273
vt 0.600000024 0.708000004
vt 0.616263449 0.710928917
vt 0.614084601 0.711876273
vt 0.600000024 0.708000004
vt 0.614084601 0.711876273
vt 0.600000024 0.709339738
vt 0.616263449 0.710928917
vt 0.623000026 0.717999995
vt 0.619918585 0.717999995
vt 0.616263449 0.710928917
vt 0.619918585 0.717999995
vt 0.614084601 0.711876273
vt 0.619918585 0.717999995
vt 0.614084601 0.724123716
vt 0.608131707 0.721535563
vt 0.619918585 0.717999995
vt 0.608131707 0.721535563
vt 0.611500025 0.717999995
vt 0.614084601 0.724123716
vt 0.600000024 0.726660252
vt 0.600000024 0.72299999
vt 0.614084601 0.724123716
vt 0.600000024 0.72299999
vt 0.608131707 0.721535563
vt 0.600000024 0.726660252
vt 0.585915446 0.724123716
vt 0.591868281 0.721535563
vt 0.600000024 0.726660252
vt 0.591868281 0.721535563
vt 0.600000024 0.72299999
vt 0.585915446 0.724123716
vt 0.580081403 0.717999995
vt 0.588500023 0.717999995
vt 0.585915446 0.724123716
vt 0.588500023 0.717999995
vt 0.591868281 0.721535563
vt 0.580081403 0.717999995
vt 0.585915446 0.711876273
vt 0.591868281 0.714464426
vt 0.580081403 0.717999995
vt 0.591868281 0.714464426
vt 0.588500023 0.717999995
vt 0.585915446 0.711876273
vt 0.600000024 0.709339738
vt 0.600000024 0.713
vt 0.585915446 0.711876273
vt 0.600000024 0.713
vt 0.591868281 0.714464426
vt 0.600000024 0.709339738
vt 0.614084601 0.711876273
vt 0.608131707 0.714464426
vt 0.600000024 0.709339738
vt 0.608131707 0.714464426
vt 0.600000024 0.713
vt 0.614084601 0.711876273
vt 0.619918585 0.717999995
vt 0.611500025 0.717999995
vt 0.614084601 0.711876273
vt 0.611500025 0.717999995
vt 0.608131707 0.714464426
vt 0.52671814 0.698114038
vt 0.51832515 0.70605725
vt 0.567118347 0.71012342
vt 0.52671814 0.698114038
vt 0.567118347 0.71012342
vt 0.569858611 0.698032618
vt 0.51832515 0.70605725
vt 0.519156575 0.720831156
vt 0.568360448 0.731717467
vt 0.51832515 0.70605725
vt 0.568360448 0.731717467
vt 0.567118347 0.71012342
vt 0.519156575 0.720831156
vt 0.528063416 0.722018719
vt 0.57186836 0.732972443
vt 0.519156575 0.720831156
vt 0.57186836 0.732972443
vt 0.568360448 0.731717467
vt 0.528063416 0.722018719
vt 0.532736719 0.707978785
vt 0.572794259 0.712154031
vt 0.528063416 0.722018719
vt 0.572794259 0.712154031
vt 0.57186836 0.732972443
vt 0.532736719 0.707978785
vt 0.52671814 0.698114038
vt 0.569858611 0.698032618
vt 0.532736719 0.707978785
vt 0.569858611 0.698032618
vt 0.572794259 0.712154031
vt 0.569858611 0.698032618
vt 0.567118347 0.71012342
vt 0.650155962 0.701837182
vt 0.569858611 0.698032618
vt 0.650155962 0.701837182
vt 0.642004013 0.691266119
vt 0.567118347 0.71012342
vt 0.568360448 0.731717467
vt 0.651182532 0.722307026
vt 0.567118347 0.71012342
vt 0.651182532 0.722307026
vt 0.650155962 0.701837182
vt 0.568360448 0.731717467
vt 0.57186836 0.732972443
vt 0.643665075 0.72438699
vt 0.568360448 0.731717467
vt 0.643665075 0.72438699
vt 0.651182532 0.722307026
vt 0.57186836 0.732972443
vt 0.572794259 0.712154031
vt 0.637992382 0.705202699
vt 0.57186836 0.732972443
vt 0.637992382 0.705202699
vt 0.643665075 0.72438699
vt 0.572794259 0.712154031
vt 0.569858611 0.698032618
vt 0.642004013 0.691266119
vt 0.572794259 0.712154031
vt 0.642004013 0.691266119
vt 0.637992382 0.705202699
vt 0.642004013 0.691266119
vt 0.650155962 0.701837182
vt 0.690411747 0.696824908
vt 0.642004013 0.691266119
vt 0.690411747 0.696824908
vt 0.686850786 0.694133878
vt 0.650155962 0.701837182
vt 0.651182532 0.722307026
vt 0.690639734 0.702521801
vt 0.650155962 0.701837182
vt 0.690639734 0.702521801
vt 0.690411747 0.696824908
vt 0.651182532 0.722307026
vt 0.643665075 0.72438699
vt 0.687219739 0.703351676
vt 0.651182532 0.722307026
vt 0.687219739 0.703351676
vt 0.690639734 0.702521801
vt 0.643665075 0.72438699
vt 0.637992382 0.705202699
vt 0.684877992 0.698167682
vt 0.643665075 0.72438699
vt 0.684877992 0.698167682
vt 0.687219739 0.703351676
vt 0.637992382 0.705202699
vt 0.642004013 0.691266119
vt 0.686850786 0.694133878
vt 0.637992382 0.705202699
vt 0.686850786 0.694133878
vt 0.684877992 0.698167682
vt 0.524999976 0.710999966
vt 0.51832515 0.70605725
vt 0.52671814 0.698114038
vt 0.687999964 0.699000001
vt 0.686850786 0.694133878
vt 0.690411747 0.696824908
vt 0.524999976 0.710999966
vt 0.519156575 0.720831156
vt 0.51832515 0.70605725
vt 0.687999964 0.699000001
vt 0.690411747 0.696824908
vt 0.690639734 0.702521801
vt 0.524999976 0.710999966
vt 0.528063416 0.722018719
vt 0.519156575 0.720831156
vt 0.687999964 0.699000001
vt 0.690639734 0.702521801
vt 0.687219739 0.703351676
vt 0.524999976 0.710999966
vt 0.532736719 0.707978785
vt 0.528063416 0.722018719
vt 0.687999964 0.699000001
vt 0.687219739 0.703351676
vt 0.684877992 0.698167682
vt 0.524999976 0.710999966
vt 0.52671814 0.698114038
vt 0.532736719 0.707978785
vt 0.687999964 0.699000001
vt 0.684877992 0.698167682
vt 0.686850786 0.694133878
vt 0.521247447 0.719028354
vt 0.524343252 0.72572422
vt 0.573233843 0.721573353
vt 0.521247447 0.719028354
vt 0.573233843 0.721573353
vt 0.573282242 0.713123798
vt 0.524343252 0.72572422
vt 0.524200797 0.73694706
vt 0.575626194 0.734758437
vt 0.524343252 0.72572422
vt 0.575626194 0.734758437
vt 0.573233843 0.721573353
vt 0.524200797 0.73694706
vt 0.521016896 0.737187386
vt 0.577153206 0.734457731
vt 0.524200797 0.73694706
vt 0.577153206 0.734457731
vt 0.575626194 0.734758437
vt 0.521016896 0.737187386
vt 0.519191623 0.726112962
vt 0.575704575 0.72108674
vt 0.521016896 0.737187386
vt 0.575704575 0.72108674
vt 0.577153206 0.734457731
vt 0.519191623 0.726112962
vt 0.521247447 0.719028354
vt 0.573282242 0.713123798
vt 0.519191623 0.726112962
vt 0.573282242 0.713123798
vt 0.575704575 0.72108674
vt 0.573282242 0.713123798
vt 0.573233843 0.721573353
vt 0.643663526 0.709076524
vt 0.573282242 0.713123798
vt 0.643663526 0.709076524
vt 0.645507812 0.703140497
vt 0.573233843 0.721573353
vt 0.575626194 0.734758437
vt 0.646430075 0.717670679
vt 0.573233843 0.721573353
vt 0.646430075 0.717670679
vt 0.643663526 0.709076524
vt 0.575626194 0.734758437
vt 0.577153206 0.734457731
vt 0.6499843 0.717046201
vt 0.575626194 0.734758437
vt 0.6499843 0.717046201
vt 0.646430075 0.717670679
vt 0.577153206 0.734457731
vt 0.575704575 0.72108674
vt 0.649414301 0.708066106
vt 0.577153206 0.734457731
vt 0.649414301 0.708066106
vt 0.6499843 0.717046201
vt 0.575704575 0.72108674
vt 0.573282242 0.713123798
vt 0.645507812 0.703140497
vt 0.575704575 0.72108674
vt 0.645507812 0.703140497
vt 0.649414301 0.708066106
vt 0.645507812 0.703140497
vt 0.643663526 0.709076524
vt 0.678103387 0.704530954
vt 0.645507812 0.703140497
vt 0.678103387 0.704530954
vt 0.678635001 0.703033626
vt 0.643663526 0.709076524
vt 0.646430075 0.717670679
vt 0.678810894 0.706676543
vt 0.643663526 0.709076524
vt 0.678810894 0.706676543
vt 0.678103387 0.704530954
vt 0.646430075 0.717670679
vt 0.6499843 0.717046201
vt 0.679779768 0.706505179
vt 0.646430075 0.717670679
vt 0.679779768 0.706505179
vt 0.678810894 0.706676543
vt 0.6499843 0.717046201
vt 0.649414301 0.708066106
vt 0.67967099 0.704253674
vt 0.6499843 0.717046201
vt 0.67967099 0.704253674
vt 0.679779768 0.706505179
vt 0.649414301 0.708066106
vt 0.645507812 0.703140497
vt 0.678635001 0.703033626
vt 0.649414301 0.708066106
vt 0.678635001 0.703033626
vt 0.67967099 0.704253674
vt 0.522000015 0.728999972
vt 0.524343252 0.72572422
vt 0.521247447 0.719028354
vt 0.67900002 0.704999983
vt 0.678635001 0.703033626
vt 0.678103387 0.704530954
vt 0.522000015 0.728999972
vt 0.524200797 0.73694706
vt 0.524343252 0.72572422
vt 0.67900002 0.704999983
vt 0.678103387 0.704530954
vt 0.678810894 0.706676543
vt 0.522000015 0.728999972
vt 0.521016896 0.737187386
vt 0.524200797 0.73694706
vt 0.67900002 0.704999983
vt 0.678810894 0.706676543
vt 0.679779768 0.706505179
vt 0.522000015 0.728999972
vt 0.519191623 0.726112962
vt 0.521016896 0.737187386
vt 0.67900002 0.704999983
vt 0.679779768 0.706505179
vt 0.67967099 0.704253674
vt 0.522000015 0.728999972
vt 0.521247447 0.719028354
vt 0.519191623 0.726112962
vt 0.67900002 0.704999983
vt 0.67967099 0.704253674
vt 0.678635001 0.703033626
vt 0.477640003 0.663399994
vt 0.526000023 0.654999971
vt 0.522360027 0.663399994
vt 0.477640003 0.663399994
vt 0.474000007 0.654999971
vt 0.526000023 0.654999971
vt 0.522360027 0.663399994
vt 0.541999996 0.671000004
vt 0.536119998 0.677160025
vt 0.522360027 0.663399994
vt 0.526000023 0.654999971
vt 0.541999996 0.671000004
vt 0.536119998 0.677160025
vt 0.541999996 0.759000003
vt 0.536119998 0.752840042
vt 0.536119998 0.677160025
vt 0.541999996 0.671000004
vt 0.541999996 0.759000003
vt 0.536119998 0.752840042
vt 0.526000023 0.774999976
vt 0.522360027 0.766600013
vt 0.536119998 0.752840042
vt 0.541999996 0.759000003
vt 0.526000023 0.774999976
vt 0.522360027 0.766600013
vt 0.474000007 0.774999976
vt 0.477640003 0.766600013
vt 0.522360027 0.766600013
vt 0.526000023 0.774999976
vt 0.474000007 0.774999976
vt 0.477640003 0.766600013
vt 0.458000004 0.759000003
vt 0.463880002 0.752840042
vt 0.477640003 0.766600013
vt 0.474000007 0.774999976
vt 0.458000004 0.759000003
vt 0.463880002 0.752840042
vt 0.458000004 0.671000004
vt 0.463880002 0.677160025
vt 0.463880002 0.752840042
vt 0.458000004 0.759000003
vt 0.458000004 0.671000004
vt 0.463880002 0.677160025
vt 0.474000007 0.654999971
vt 0.477640003 0.663399994
vt 0.463880002 0.677160025
vt 0.458000004 0.671000004
vt 0.474000007 0.654999971
vt 0.474000007 0.654999971
vt 0.526000023 0.654999971
vt 0.526000023 0.654999971
vt 0.474000007 0.654999971
vt 0.474000007 0.654999971
vt 0.526000023 0.654999971
vt 0.526000023 0.654999971
vt 0.541999996 0.671000004
vt 0.541999996 0.671000004
vt 0.526000023 0.654999971
vt 0.526000023 0.654999971
vt 0.541999996 0.671000004
vt 0.541999996 0.671000004
vt 0.541999996 0.759000003
vt 0.541999996 0.759000003
vt 0.541999996 0.671000004
vt 0.541999996 0.671000004
vt 0.541999996 0.759000003
vt 0.541999996 0.759000003
vt 0.526000023 0.774999976
vt 0.526000023 0.774999976
vt 0.541999996 0.759000003
vt 0.541999996 0.759000003
vt 0.526000023 0.774999976
vt 0.526000023 0.774999976
vt 0.474000007 0.774999976
vt 0.474000007 0.774999976
vt 0.526000023 0.774999976
vt 0.526000023 0.774999976
vt 0.474000007 0.774999976
vt 0.474000007 0.774999976
vt 0.458000004 0.759000003
vt 0.458000004 0.759000003
vt 0.474000007 0.774999976
vt 0.474000007 0.774999976
vt 0.458000004 0.759000003
vt 0.458000004 0.759000003
vt 0.458000004 0.671000004
vt 0.458000004 0.671000004
vt 0.458000004 0.759000003
vt 0.458000004 0.759000003
vt 0.458000004 0.671000004
vt 0.458000004 0.671000004
vt 0.474000007 0.654999971
vt 0.474000007 0.654999971
vt 0.458000004 0.671000004
vt 0.458000004 0.671000004
vt 0.474000007 0.654999971
vt 0.474000007 0.654999971
vt 0.522360027 0.663399994
vt 0.526000023 0.654999971
vt 0.474000007 0.654999971
vt 0.477640003 0.663399994
vt 0.522360027 0.663399994
vt 0.526000023 0.654999971
vt 0.536119998 0.677160025
vt 0.541999996 0.671000004
vt 0.526000023 0.654999971
vt 0.522360027 0.663399994
vt 0.536119998 0.677160025
vt 0.541999996 0.671000004
vt 0.536119998 0.752840042
vt 0.541999996 0.759000003
vt 0.541999996 0.671000004
vt 0.536119998 0.677160025
vt 0.536119998 0.752840042
vt 0.541999996 0.759000003
vt 0.522360027 0.766600013
vt 0.526000023 0.774999976
vt 0.541999996 0.759000003
vt 0.536119998 0.752840042
vt 0.522360027 0.766600013
vt 0.526000023 0.774999976
vt 0.477640003 0.766600013
vt 0.474000007 0.774999976
vt 0.526000023 0.774999976
vt 0.522360027 0.766600013
vt 0.477640003 0.766600013
vt 0.474000007 0.774999976
vt 0.463880002 0.752840042
vt 0.458000004 0.759000003
vt 0.474000007 0.774999976
vt 0.477640003 0.766600013
vt 0.463880002 0.752840042
vt 0.458000004 0.759000003
vt 0.463880002 0.677160025
vt 0.458000004 0.671000004
vt 0.458000004 0.759000003
vt 0.463880002 0.752840042
vt 0.463880002 0.677160025
vt 0.458000004 0.671000004
vt 0.477640003 0.663399994
vt 0.474000007 0.654999971
vt 0.458000004 0.671000004
vt 0.463880002 0.677160025
vt 0.477640003 0.663399994
vt 0.5 0.715000033
vt 0.477640003 0.663399994
vt 0.522360027 0.663399994
vt 0.5 0.715000033
vt 0.522360027 0.663399994
vt 0.477640003 0.663399994
vt 0.5 0.715000033
vt 0.522360027 0.663399994
vt 0.536119998 0.677160025
vt 0.5 0.715000033
vt 0.536119998 0.677160025
vt 0.522360027 0.663399994
vt 0.5 0.715000033
vt 0.536119998 0.677160025
vt 0.536119998 0.752840042
vt 0.5 0.715000033
vt 0.536119998 0.752840042
vt 0.536119998 0.677160025
vt 0.5 0.715000033
vt 0.536119998 0.752840042
vt 0.522360027 0.766600013
vt 0.5 0.715000033
vt 0.522360027 0.766600013
vt 0.536119998 0.752840042
vt 0.5 0.715000033
vt 0.522360027 0.766600013
vt 0.477640003 0.766600013
vt 0.5 0.715000033
vt 0.477640003 0.766600013
vt 0.522360027 0.766600013
vt 0.5 0.715000033
vt 0.477640003 0.766600013
vt 0.463880002 0.752840042
vt 0.5 0.715000033
vt 0.463880002 0.752840042
vt 0.477640003 0.766600013
vt 0.5 0.715000033
vt 0.463880002 0.752840042
vt 0.463880002 0.677160025
vt 0.5 0.715000033
vt 0.463880002 0.677160025
vt 0.463880002 0.752840042
vt 0.5 0.715000033
vt 0.463880002 0.677160025
vt 0.477640003 0.663399994
vt 0.5 0.715000033
vt 0.477640003 0.663399994
vt 0.463880002 0.677160025
vt 0.469999999 0.764999986
vt 0.474242628 0.769898951
vt 0.478485286 0.764999986
vt 0.469999999 0.764999986
vt 0.478485286 0.764999986
vt 0.474242628 0.769898951
vt 0.469999999 0.764999986
vt 0.46575737 0.769898951
vt 0.474242628 0.769898951
vt 0.469999999 0.764999986
vt 0.474242628 0.769898951
vt 0.46575737 0.769898951
vt 0.469999999 0.764999986
vt 0.461514711 0.764999986
vt 0.46575737 0.769898951
vt 0.469999999 0.764999986
vt 0.46575737 0.769898951
vt 0.461514711 0.764999986
vt 0.469999999 0.764999986
vt 0.46575737 0.76010102
vt 0.461514711 0.764999986
vt 0.469999999 0.764999986
vt 0.461514711 0.764999986
vt 0.46575737 0.76010102
vt 0.469999999 0.764999986
vt 0.474242628 0.76010102
vt 0.46575737 0.76010102
vt 0.469999999 0.764999986
vt 0.46575737 0.76010102
vt 0.474242628 0.76010102
vt 0.469999999 0.764999986
vt 0.478485286 0.764999986
vt 0.474242628 0.76010102
vt 0.469999999 0.764999986
vt 0.474242628 0.76010102
vt 0.478485286 0.764999986
vt 0.478485286 0.764999986
vt 0.474242628 0.769898951
vt 0.476000011 0.771928191
vt 0.478485286 0.764999986
vt 0.476000011 0.771928191
vt 0.481999993 0.764999986
vt 0.474242628 0.769898951
vt 0.46575737 0.769898951
vt 0.463999987 0.771928191
vt 0.474242628 0.769898951
vt 0.463999987 0.771928191
vt 0.476000011 0.771928191
vt 0.46575737 0.769898951
vt 0.461514711 0.764999986
vt 0.458000004 0.764999986
vt 0.46575737 0.769898951
vt 0.458000004 0.764999986
vt 0.463999987 0.771928191
vt 0.461514711 0.764999986
vt 0.46575737 0.76010102
vt 0.463999987 0.75807178
vt 0.461514711 0.764999986
vt 0.463999987 0.75807178
vt 0.458000004 0.764999986
vt 0.46575737 0.76010102
vt 0.474242628 0.76010102
vt 0.476000011 0.75807178
vt 0.46575737 0.76010102
vt 0.476000011 0.75807178
vt 0.463999987 0.75807178
vt 0.474242628 0.76010102
vt 0.478485286 0.764999986
vt 0.481999993 0.764999986
vt 0.474242628 0.76010102
vt 0.481999993 0.764999986
vt 0.476000011 0.75807178
vt 0.481999993 0.764999986
vt 0.476000011 0.771928191
vt 0.474242628 0.769898951
vt 0.481999993 0.764999986
vt 0.474242628 0.769898951
vt 0.478485286 0.764999986
vt 0.476000011 0.771928191
vt 0.463999987 0.771928191
vt 0.46575737 0.769898951
vt 0.476000011 0.771928191
vt 0.46575737 0.769898951
vt 0.474242628 0.769898951
vt 0.463999987 0.771928191
vt 0.458000004 0.764999986
vt 0.461514711 0.764999986
vt 0.463999987 0.771928191
vt 0.461514711 0.764999986
vt 0.46575737 0.769898951
vt 0.458000004 0.764999986
vt 0.463999987 0.75807178
vt 0.46575737 0.76010102
vt 0.458000004 0.764999986
vt 0.46575737 0.76010102
vt 0.461514711 0.764999986
vt 0.463999987 0.75807178
vt 0.476000011 0.75807178
vt 0.474242628 0.76010102
vt 0.463999987 0.75807178
vt 0.474242628 0.76010102
vt 0.46575737 0.76010102
vt 0.476000011 0.75807178
vt 0.481999993 0.764999986
vt 0.478485286 0.764999986
vt 0.476000011 0.75807178
vt 0.478485286 0.764999986
vt 0.474242628 0.76010102
vt 0.529999971 0.764999986
vt 0.53424263 0.769898951
vt 0.538485289 0.764999986
vt 0.529999971 0.764999986
vt 0.538485289 0.764999986
vt 0.53424263 0.769898951
vt 0.529999971 0.764999986
vt 0.525757372 0.769898951
vt 0.53424263 0.769898951
vt 0.529999971 0.764999986
vt 0.53424263 0.769898951
vt 0.525757372 0.769898951
vt 0.529999971 0.764999986
vt 0.521514714 0.764999986
vt 0.525757372 0.769898951
vt 0.529999971 0.764999986
vt 0.525757372 0.769898951
vt 0.521514714 0.764999986
vt 0.529999971 0.764999986
vt 0.525757372 0.76010102
vt 0.521514714 0.764999986
vt 0.529999971 0.764999986
vt 0.521514714 0.764999986
vt 0.525757372 0.76010102
vt 0.529999971 0.764999986
vt 0.53424263 0.76010102
vt 0.525757372 0.76010102
vt 0.529999971 0.764999986
vt 0.525757372 0.76010102
vt 0.53424263 0.76010102
vt 0.529999971 0.764999986
vt 0.538485289 0.764999986
vt 0.53424263 0.76010102
vt 0.529999971 0.764999986
vt 0.53424263 0.76010102
vt 0.538485289 0.764999986
vt 0.538485289 0.764999986
vt 0.53424263 0.769898951
vt 0.536000013 0.771928191
vt 0.538485289 0.764999986
vt 0.536000013 0.771928191
vt 0.541999996 0.764999986
vt 0.53424263 0.769898951
vt 0.525757372 0.769898951
vt 0.523999989 0.771928191
vt 0.53424263 0.769898951
vt 0.523999989 0.771928191
vt 0.536000013 0.771928191
vt 0.525757372 0.769898951
vt 0.521514714 0.764999986
vt 0.518000007 0.764999986
vt 0.525757372 0.769898951
vt 0.518000007 0.764999986
vt 0.523999989 0.771928191
vt 0.521514714 0.764999986
vt 0.525757372 0.76010102
vt 0.523999989 0.75807178
vt 0.521514714 0.764999986
vt 0.523999989 0.75807178
vt 0.518000007 0.764999986
vt 0.525757372 0.76010102
vt 0.53424263 0.76010102
vt 0.536000013 0.75807178
vt 0.525757372 0.76010102
vt 0.536000013 0.75807178
vt 0.523999989 0.75807178
vt 0.53424263 0.76010102
vt 0.538485289 0.764999986
vt 0.541999996 0.764999986
vt 0.53424263 0.76010102
vt 0.541999996 0.764999986
vt 0.536000013 0.75807178
vt 0.541999996 0.764999986
vt 0.536000013 0.771928191
vt 0.53424263 0.769898951
vt 0.541999996 0.764999986
vt 0.53424263 0.769898951
vt 0.538485289 0.764999986
vt 0.536000013 0.771928191
vt 0.523999989 0.771928191
vt 0.525757372 0.769898951
vt 0.536000013 0.771928191
vt 0.525757372 0.769898951
vt 0.53424263 0.769898951
vt 0.523999989 0.771928191
vt 0.518000007 0.764999986
vt 0.521514714 0.764999986
vt 0.523999989 0.771928191
vt 0.521514714 0.764999986
vt 0.525757372 0.769898951
vt 0.518000007 0.764999986
vt 0.523999989 0.75807178
vt 0.525757372 0.76010102
vt 0.518000007 0.764999986
vt 0.525757372 0.76010102
vt 0.521514714 0.764999986
vt 0.523999989 0.75807178
vt 0.536000013 0.75807178
vt 0.53424263 0.76010102
vt 0.523999989 0.75807178
vt 0.53424263 0.76010102
vt 0.525757372 0.76010102
vt 0.536000013 0.75807178
vt 0.541999996 0.764999986
vt 0.538485289 0.764999986
vt 0.536000013 0.75807178
vt 0.538485289 0.764999986
vt 0.53424263 0.76010102
vt 0.374783993 0.688679993
vt 0.645600021 0.687000036
vt 0.625216007 0.688679993
vt 0.374783993 0.688679993
vt 0.354399979 0.687000036
vt 0.645600021 0.687000036
vt 0.625216007 0.688679993
vt 0.651000023 0.692399979
vt 0.629859984 0.69332397
vt 0.625216007 0.688679993
vt 0.645600021 0.687000036
vt 0.651000023 0.692399979
vt 0.629859984 0.69332397
vt 0.651000023 0.705600023
vt 0.629859984 0.704676032
vt 0.629859984 0.69332397
vt 0.651000023 0.692399979
vt 0.651000023 0.705600023
vt 0.629859984 0.704676032
vt 0.645600021 0.710999966
vt 0.625216007 0.709320009
vt 0.629859984 0.704676032
vt 0.651000023 0.705600023
vt 0.645600021 0.710999966
vt 0.625216007 0.709320009
vt 0.354399979 0.710999966
vt 0.374783993 0.709320009
vt 0.625216007 0.709320009
vt 0.645600021 0.710999966
vt 0.354399979 0.710999966
vt 0.374783993 0.709320009
vt 0.349000007 0.705600023
vt 0.370140016 0.704676032
vt 0.374783993 0.709320009
vt 0.354399979 0.710999966
vt 0.349000007 0.705600023
vt 0.370140016 0.704676032
vt 0.349000007 0.692399979
vt 0.370140016 0.69332397
vt 0.370140016 0.704676032
vt 0.349000007 0.705600023
vt 0.349000007 0.692399979
vt 0.370140016 0.69332397
vt 0.354399979 0.687000036
vt 0.374783993 0.688679993
vt 0.370140016 0.69332397
vt 0.349000007 0.692399979
vt 0.354399979 0.687000036
vt 0.354399979 0.687000036
vt 0.645600021 0.687000036
vt 0.645600021 0.687000036
vt 0.354399979 0.687000036
vt 0.354399979 0.687000036
vt 0.645600021 0.687000036
vt 0.645600021 0.687000036
vt 0.651000023 0.692399979
vt 0.651000023 0.692399979
vt 0.645600021 0.687000036
vt 0.645600021 0.687000036
vt 0.651000023 0.692399979
vt 0.651000023 0.692399979
vt 0.651000023 0.705600023
vt 0.651000023 0.705600023
vt 0.651000023 0.692399979
vt 0.651000023 0.692399979
vt 0.651000023 0.705600023
vt 0.651000023 0.705600023
vt 0.645600021 0.710999966
vt 0.645600021 0.710999966
vt 0.651000023 0.705600023
vt 0.651000023 0.705600023
vt 0.645600021 0.710999966
vt 0.645600021 0.710999966
vt 0.354399979 0.710999966
vt 0.354399979 0.710999966
vt 0.645600021 0.710999966
vt 0.645600021 0.710999966
vt 0.354399979 0.710999966
vt 0.354399979 0.710999966
vt 0.349000007 0.705600023
vt 0.349000007 0.705600023
vt 0.354399979 0.710999966
vt 0.354399979 0.710999966
vt 0.349000007 0.705600023
vt 0.349000007 0.705600023
vt 0.349000007 0.692399979
vt 0.349000007 0.692399979
vt 0.349000007 0.705600023
vt 0.349000007 0.705600023
vt 0.349000007 0.692399979
vt 0.349000007 0.692399979
vt 0.354399979 0.687000036
vt 0.354399979 0.687000036
vt 0.349000007 0.692399979
vt 0.349000007 0.692399979
vt 0.354399979 0.687000036
vt 0.354399979 0.687000036
vt 0.625216007 0.688679993
vt 0.645600021 0.687000036
vt 0.354399979 0.687000036
vt 0.374783993 0.688679993
vt 0.625216007 0.688679993
vt 0.645600021 0.687000036
vt 0.629859984 0.69332397
vt 0.651000023 0.692399979
vt 0.645600021 0.687000036
vt 0.625216007 0.688679993
vt 0.629859984 0.69332397
vt 0.651000023 0.692399979
vt 0.629859984 0.704676032
vt 0.651000023 0.705600023
vt 0.651000023 0.692399979
vt 0.629859984 0.69332397
vt 0.629859984 0.704676032
vt 0.651000023 0.705600023
vt 0.625216007 0.709320009
vt 0.645600021 0.710999966
vt 0.651000023 0.705600023
vt 0.629859984 0.704676032
vt 0.625216007 0.709320009
vt 0.645600021 0.710999966
vt 0.374783993 0.709320009
vt 0.354399979 0.710999966
vt 0.645600021 0.710999966
vt 0.625216007 0.709320009
vt 0.374783993 0.709320009
vt 0.354399979 0.710999966
vt 0.370140016 0.704676032
vt 0.349000007 0.705600023
vt 0.354399979 0.710999966
vt 0.374783993 0.709320009
vt 0.370140016 0.704676032
vt 0.349000007 0.705600023
vt 0.370140016 0.69332397
vt 0.349000007 0.692399979
vt 0.349000007 0.705600023
vt 0.370140016 0.704676032
vt 0.370140016 0.69332397
vt 0.349000007 0.692399979
vt 0.374783993 0.688679993
vt 0.354399979 0.687000036
vt 0.349000007 0.692399979
vt 0.370140016 0.69332397
vt 0.374783993 0.688679993
vt 0.5 0.699000001
vt 0.374783993 0.688679993
vt 0.625216007 0.688679993
vt 0.5 0.699000001
vt 0.625216007 0.688679993
vt 0.374783993 0.688679993
vt 0.5 0.699000001
vt 0.625216007 0.688679993
vt 0.629859984 0.69332397
vt 0.5 0.699000001
vt 0.629859984 0.69332397
vt 0.625216007 0.688679993
vt 0.5 0.699000001
vt 0.629859984 0.69332397
vt 0.629859984 0.704676032
vt 0.5 0.699000001
vt 0.629859984 0.704676032
vt 0.629859984 0.69332397
vt 0.5 0.699000001
vt 0.629859984 0.704676032
vt 0.625216007 0.709320009
vt 0.5 0.699000001
vt 0.625216007 0.709320009
vt 0.629859984 0.704676032
vt 0.5 0.699000001
vt 0.625216007 0.709320009
vt 0.374783993 0.709320009
vt 0.5 0.699000001
vt 0.374783993 0.709320009
vt 0.625216007 0.709320009
vt 0.5 0.699000001
vt 0.374783993 0.709320009
vt 0.370140016 0.704676032
vt 0.5 0.699000001
vt 0.370140016 0.704676032
vt 0.374783993 0.709320009
vt 0.5 0.699000001
vt 0.370140016 0.704676032
vt 0.370140016 0.69332397
vt 0.5 0.699000001
vt 0.370140016 0.69332397
vt 0.370140016 0.704676032
vt 0.5 0.699000001
vt 0.370140016 0.69332397
vt 0.374783993 0.688679993
vt 0.5 0.699000001
vt 0.374783993 0.688679993
vt 0.370140016 0.69332397
vt 0.366959989 0.704679966
vt 0.393000007 0.703000009
vt 0.391039997 0.704679966
vt 0.366959989 0.704679966
vt 0.36500001 0.703000009
vt 0.393000007 0.703000009
vt 0.391039997 0.704679966
vt 0.397000015 0.707000017
vt 0.39447999 0.708119988
vt 0.391039997 0.704679966
vt 0.393000007 0.703000009
vt 0.397000015 0.707000017
vt 0.39447999 0.708119988
vt 0.397000015 0.72299999
vt 0.39447999 0.721880019
vt 0.39447999 0.708119988
vt 0.397000015 0.707000017
vt 0.397000015 0.72299999
vt 0.39447999 0.721880019
vt 0.393000007 0.726999998
vt 0.391039997 0.725319982
vt 0.39447999 0.721880019
vt 0.397000015 0.72299999
vt 0.393000007 0.726999998
vt 0.391039997 0.725319982
vt 0.36500001 0.726999998
vt 0.366959989 0.725319982
vt 0.391039997 0.725319982
vt 0.393000007 0.726999998
vt 0.36500001 0.726999998
vt 0.366959989 0.725319982
vt 0.361000001 0.72299999
vt 0.363519996 0.721880019
vt 0.366959989 0.725319982
vt 0.36500001 0.726999998
vt 0.361000001 0.72299999
vt 0.363519996 0.721880019
vt 0.361000001 0.707000017
vt 0.363519996 0.708119988
vt 0.363519996 0.721880019
vt 0.361000001 0.72299999
vt 0.361000001 0.707000017
vt 0.363519996 0.708119988
vt 0.36500001 0.703000009
vt 0.366959989 0.704679966
vt 0.363519996 0.708119988
vt 0.361000001 0.707000017
vt 0.36500001 0.703000009
vt 0.36500001 0.703000009
vt 0.393000007 0.703000009
vt 0.393000007 0.703000009
vt 0.36500001 0.703000009
vt 0.36500001 0.703000009
vt 0.393000007 0.703000009
vt 0.393000007 0.703000009
vt 0.397000015 0.707000017
vt 0.397000015 0.707000017
vt 0.393000007 0.703000009
vt 0.393000007 0.703000009
vt 0.397000015 0.707000017
vt 0.397000015 0.707000017
vt 0.397000015 0.72299999
vt 0.397000015 0.72299999
vt 0.397000015 0.707000017
vt 0.397000015 0.707000017
vt 0.397000015 0.72299999
vt 0.397000015 0.72299999
vt 0.393000007 0.726999998
vt 0.393000007 0.726999998
vt 0.397000015 0.72299999
vt 0.397000015 0.72299999
vt 0.393000007 0.726999998
vt 0.393000007 0.726999998
vt 0.36500001 0.726999998
vt 0.36500001 0.726999998
vt 0.393000007 0.726999998
vt 0.393000007 0.726999998
vt 0.36500001 0.726999998
vt 0.36500001 0.726999998
vt 0.361000001 0.72299999
vt 0.361000001 0.72299999
vt 0.36500001 0.726999998
vt 0.36500001 0.726999998
vt 0.361000001 0.72299999
vt 0.361000001 0.72299999
vt 0.361000001 0.707000017
vt 0.361000001 0.707000017
vt 0.361000001 0.72299999
vt 0.361000001 0.72299999
vt 0.361000001 0.707000017
vt 0.361000001 0.707000017
vt 0.36500001 0.703000009
vt 0.36500001 0.703000009
vt 0.361000001 0.707000017
vt 0.361000001 0.707000017
vt 0.36500001 0.703000009
vt 0.36500001 0.703000009
vt 0.391039997 0.704679966
vt 0.393000007 0.703000009
vt 0.36500001 0.703000009
vt 0.366959989 0.704679966
vt 0.391039997 0.704679966
vt 0.393000007 0.703000009
vt 0.39447999 0.708119988
vt 0.397000015 0.707000017
vt 0.393000007 0.703000009
vt 0.391039997 0.704679966
vt 0.39447999 0.708119988
vt 0.397000015 0.707000017
vt 0.39447999 0.721880019
vt 0.397000015 0.72299999
vt 0.397000015 0.707000017
vt 0.39447999 0.708119988
vt 0.39447999 0.721880019
vt 0.397000015 0.72299999
vt 0.391039997 0.725319982
vt 0.393000007 0.726999998
vt 0.397000015 0.72299999
vt 0.39447999 0.721880019
vt 0.391039997 0.725319982
vt 0.393000007 0.726999998
vt 0.366959989 0.725319982
vt 0.36500001 0.726999998
vt 0.393000007 0.726999998
vt 0.391039997 0.725319982
vt 0.366959989 0.725319982
vt 0.36500001 0.726999998
vt 0.363519996 0.721880019
vt 0.361000001 0.72299999
vt 0.36500001 0.726999998
vt 0.366959989 0.725319982
vt 0.363519996 0.721880019
vt 0.361000001 0.72299999
vt 0.363519996 0.708119988
vt 0.361000001 0.707000017
vt 0.361000001 0.72299999
vt 0.363519996 0.721880019
vt 0.363519996 0.708119988
vt 0.361000001 0.707000017
vt 0.366959989 0.704679966
vt 0.36500001 0.703000009
vt 0.361000001 0.707000017
vt 0.363519996 0.708119988
vt 0.366959989 0.704679966
vt 0.379000008 0.715000033
vt 0.366959989 0.704679966
vt 0.391039997 0.704679966
vt 0.379000008 0.715000033
vt 0.391039997 0.704679966
vt 0.366959989 0.704679966
vt 0.379000008 0.715000033
vt 0.391039997 0.704679966
vt 0.39447999 0.708119988
vt 0.379000008 0.715000033
vt 0.39447999 0.708119988
vt 0.391039997 0.704679966
vt 0.379000008 0.715000033
vt 0.39447999 0.708119988
vt 0.39447999 0.721880019
vt 0.379000008 0.715000033
vt 0.39447999 0.721880019
vt 0.39447999 0.708119988
vt 0.379000008 0.715000033
vt 0.39447999 0.721880019
vt 0.391039997 0.725319982
vt 0.379000008 0.715000033
vt 0.391039997 0.725319982
vt 0.39447999 0.721880019
vt 0.379000008 0.715000033
vt 0.391039997 0.725319982
vt 0.366959989 0.725319982
vt 0.379000008 0.715000033
vt 0.366959989 0.725319982
vt 0.391039997 0.725319982
vt 0.379000008 0.715000033
vt 0.366959989 0.725319982
vt 0.363519996 0.721880019
vt 0.379000008 0.715000033
vt 0.363519996 0.721880019
vt 0.366959989 0.725319982
vt 0.379000008 0.715000033
vt 0.363519996 0.721880019
vt 0.363519996 0.708119988
vt 0.379000008 0.715000033
vt 0.363519996 0.708119988
vt 0.363519996 0.721880019
vt 0.379000008 0.715000033
vt 0.363519996 0.708119988
vt 0.366959989 0.704679966
vt 0.379000008 0.715000033
vt 0.366959989 0.704679966
vt 0.363519996 0.708119988
vt 0.414959997 0.704679966
vt 0.440999985 0.703000009
vt 0.439040005 0.704679966
vt 0.414959997 0.704679966
vt 0.412999988 0.703000009
vt 0.440999985 0.703000009
vt 0.439040005 0.704679966
vt 0.444999993 0.707000017
vt 0.442479998 0.708119988
vt 0.439040005 0.704679966
vt 0.440999985 0.703000009
vt 0.444999993 0.707000017
vt 0.442479998 0.708119988
vt 0.444999993 0.72299999
vt 0.442479998 0.721880019
vt 0.442479998 0.708119988
vt 0.444999993 0.707000017
vt 0.444999993 0.72299999
vt 0.442479998 0.721880019
vt 0.440999985 0.726999998
vt 0.439040005 0.725319982
vt 0.442479998 0.721880019
vt 0.444999993 0.72299999
vt 0.440999985 0.726999998
vt 0.439040005 0.725319982
vt 0.412999988 0.726999998
vt 0.414959997 0.725319982
vt 0.439040005 0.725319982
vt 0.440999985 0.726999998
vt 0.412999988 0.726999998
vt 0.414959997 0.725319982
vt 0.409000009 0.72299999
vt 0.411520004 0.721880019
vt 0.414959997 0.725319982
vt 0.412999988 0.726999998
vt 0.409000009 0.72299999
vt 0.411520004 0.721880019
vt 0.409000009 0.707000017
vt 0.411520004 0.708119988
vt 0.411520004 0.721880019
vt 0.409000009 0.72299999
vt 0.409000009 0.707000017
vt 0.411520004 0.708119988
vt 0.412999988 0.703000009
vt 0.414959997 0.704679966
vt 0.411520004 0.708119988
vt 0.409000009 0.707000017
vt 0.412999988 0.703000009
vt 0.412999988 0.703000009
vt 0.440999985 0.703000009
vt 0.440999985 0.703000009
vt 0.412999988 0.703000009
vt 0.412999988 0.703000009
vt 0.440999985 0.703000009
vt 0.440999985 0.703000009
vt 0.444999993 0.707000017
vt 0.444999993 0.707000017
vt 0.440999985 0.703000009
vt 0.440999985 0.703000009
vt 0.444999993 0.707000017
vt 0.444999993 0.707000017
vt 0.444999993 0.72299999
vt 0.444999993 0.72299999
vt 0.444999993 0.707000017
vt 0.444999993 0.707000017
vt 0.444999993 0.72299999
vt 0.444999993 0.72299999
vt 0.440999985 0.726999998
vt 0.440999985 0.726999998
vt 0.444999993 0.72299999
vt 0.444999993 0.72299999
vt 0.440999985 0.726999998
vt 0.440999985 0.726999998
vt 0.412999988 0.726999998
vt 0.412999988 0.726999998
vt 0.440999985 0.726999998
vt 0.440999985 0.726999998
vt 0.412999988 0.726999998
vt 0.412999988 0.726999998
vt 0.409000009 0.72299999
vt 0.409000009 0.72299999
vt 0.412999988 0.726999998
vt 0.412999988 0.726999998
vt 0.409000009 0.72299999
vt 0.409000009 0.72299999
vt 0.409000009 0.707000017
vt 0.409000009 0.707000017
vt 0.409000009 0.72299999
vt 0.409000009 0.72299999
vt 0.409000009 0.707000017
vt 0.409000009 0.707000017
vt 0.412999988 0.703000009
vt 0.412999988 0.703000009
vt 0.409000009 0.707000017
vt 0.409000009 0.707000017
vt 0.412999988 0.703000009
vt 0.412999988 0.703000009
vt 0.439040005 0.704679966
vt 0.440999985 0.703000009
vt 0.412999988 0.703000009
vt 0.414959997 0.704679966
vt 0.439040005 0.704679966
vt 0.440999985 0.703000009
vt 0.442479998 0.708119988
vt 0.444999993 0.707000017
vt 0.440999985 0.703000009
vt 0.439040005 0.704679966
vt 0.442479998 0.708119988
vt 0.444999993 0.707000017
vt 0.442479998 0.721880019
vt 0.444999993 0.72299999
vt 0.444999993 0.707000017
vt 0.442479998 0.708119988
vt 0.442479998 0.721880019
vt 0.444999993 0.72299999
vt 0.439040005 0.725319982
vt 0.440999985 0.726999998
vt 0.444999993 0.72299999
vt 0.442479998 0.721880019
vt 0.439040005 0.725319982
vt 0.440999985 0.726999998
vt 0.414959997 0.725319982
vt 0.412999988 0.726999998
vt 0.440999985 0.726999998
vt 0.439040005 0.725319982
vt 0.414959997 0.725319982
vt 0.412999988 0.726999998
vt 0.411520004 0.721880019
vt 0.409000009 0.72299999
vt 0.412999988 0.726999998
vt 0.414959997 0.725319982
vt 0.411520004 0.721880019
vt 0.409000009 0.72299999
vt 0.411520004 0.708119988
vt 0.409000009 0.707000017
vt 0.409000009 0.72299999
vt 0.411520004 0.721880019
vt 0.411520004 0.708119988
vt 0.409000009 0.707000017
vt 0.414959997 0.704679966
vt 0.412999988 0.703000009
vt 0.409000009 0.707000017
vt 0.411520004 0.708119988
vt 0.414959997 0.704679966
vt 0.426999986 0.715000033
vt 0.414959997 0.704679966
vt 0.439040005 0.704679966
vt 0.426999986 0.715000033
vt 0.439040005 0.704679966
vt 0.414959997 0.704679966
vt 0.426999986 0.715000033
vt 0.439040005 0.704679966
vt 0.442479998 0.708119988
vt 0.426999986 0.715000033
vt 0.442479998 0.708119988
vt 0.439040005 0.704679966
vt 0.426999986 0.715000033
vt 0.442479998 0.708119988
vt 0.442479998 0.721880019
vt 0.426999986 0.715000033
vt 0.442479998 0.721880019
vt 0.442479998 0.708119988
vt 0.426999986 0.715000033
vt 0.442479998 0.721880019
vt 0.439040005 0.725319982
vt 0.426999986 0.715000033
vt 0.439040005 0.725319982
vt 0.442479998 0.721880019
vt 0.426999986 0.715000033
vt 0.439040005 0.725319982
vt 0.414959997 0.725319982
vt 0.426999986 0.715000033
vt 0.414959997 0.725319982
vt 0.439040005 0.725319982
vt 0.426999986 0.715000033
vt 0.414959997 0.725319982
vt 0.411520004 0.721880019
vt 0.426999986 0.715000033
vt 0.411520004 0.721880019
vt 0.414959997 0.725319982
vt 0.426999986 0.715000033
vt 0.411520004 0.721880019
vt 0.411520004 0.708119988
vt 0.426999986 0.715000033
vt 0.411520004 0.708119988
vt 0.411520004 0.721880019
vt 0.426999986 0.715000033
vt 0.411520004 0.708119988
vt 0.414959997 0.704679966
vt 0.426999986 0.715000033
vt 0.414959997 0.704679966
vt 0.411520004 0.708119988
vt 0.462960005 0.704679966
vt 0.488999993 0.703000009
vt 0.487040013 0.704679966
vt 0.462960005 0.704679966
vt 0.460999995 0.703000009
vt 0.488999993 0.703000009
vt 0.487040013 0.704679966
vt 0.493000001 0.707000017
vt 0.490480006 0.708119988
vt 0.487040013 0.704679966
vt 0.488999993 0.703000009
vt 0.493000001 0.707000017
vt 0.490480006 0.708119988
vt 0.493000001 0.72299999
vt 0.490480006 0.721880019
vt 0.490480006 0.708119988
vt 0.493000001 0.707000017
vt 0.493000001 0.72299999
vt 0.490480006 0.721880019
vt 0.488999993 0.726999998
vt 0.487040013 0.725319982
vt 0.490480006 0.721880019
vt 0.493000001 0.72299999
vt 0.488999993 0.726999998
vt 0.487040013 0.725319982
vt 0.460999995 0.726999998
vt 0.462960005 0.725319982
vt 0.487040013 0.725319982
vt 0.488999993 0.726999998
vt 0.460999995 0.726999998
vt 0.462960005 0.725319982
vt 0.457000017 0.72299999
vt 0.459520012 0.721880019
vt 0.462960005 0.725319982
vt 0.460999995 0.726999998
vt 0.457000017 0.72299999
vt 0.459520012 0.721880019
vt 0.457000017 0.707000017
vt 0.459520012 0.708119988
vt 0.459520012 0.721880019
vt 0.457000017 0.72299999
vt 0.457000017 0.707000017
vt 0.459520012 0.708119988
vt 0.460999995 0.703000009
vt 0.462960005 0.704679966
vt 0.459520012 0.708119988
vt 0.457000017 0.707000017
vt 0.460999995 0.703000009
vt 0.460999995 0.703000009
vt 0.488999993 0.703000009
vt 0.488999993 0.703000009
vt 0.460999995 0.703000009
vt 0.460999995 0.703000009
vt 0.488999993 0.703000009
vt 0.488999993 0.703000009
vt 0.493000001 0.707000017
vt 0.493000001 0.707000017
vt 0.488999993 0.703000009
vt 0.488999993 0.703000009
vt 0.493000001 0.707000017
vt 0.493000001 0.707000017
vt 0.493000001 0.72299999
vt 0.493000001 0.72299999
vt 0.493000001 0.707000017
vt 0.493000001 0.707000017
vt 0.493000001 0.72299999
vt 0.493000001 0.72299999
vt 0.488999993 0.726999998
vt 0.488999993 0.726999998
vt 0.493000001 0.72299999
vt 0.493000001 0.72299999
vt 0.488999993 0.726999998
vt 0.488999993 0.726999998
vt 0.460999995 0.726999998
vt 0.460999995 0.726999998
vt 0.488999993 0.726999998
vt 0.488999993 0.726999998
vt 0.460999995 0.726999998
vt 0.460999995 0.726999998
vt 0.457000017 0.72299999
vt 0.457000017 0.72299999
vt 0.460999995 0.726999998
vt 0.460999995 0.726999998
vt 0.457000017 0.72299999
vt 0.457000017 0.72299999
vt 0.457000017 0.707000017
vt 0.457000017 0.707000017
vt 0.457000017 0.72299999
vt 0.457000017 0.72299999
vt 0.457000017 0.707000017
vt 0.457000017 0.707000017
vt 0.460999995 0.703000009
vt 0.460999995 0.703000009
vt 0.457000017 0.707000017
vt 0.457000017 0.707000017
vt 0.460999995 0.703000009
vt 0.460999995 0.703000009
vt 0.487040013 0.704679966
vt 0.488999993 0.703000009
vt 0.460999995 0.703000009
vt 0.462960005 0.704679966
vt 0.487040013 0.704679966
vt 0.488999993 0.703000009
vt 0.490480006 0.708119988
vt 0.493000001 0.707000017
vt 0.488999993 0.703000009
vt 0.487040013 0.704679966
vt 0.490480006 0.708119988
vt 0.493000001 0.707000017
vt 0.490480006 0.721880019
vt 0.493000001 0.72299999
vt 0.493000001 0.707000017
vt 0.490480006 0.708119988
vt 0.490480006 0.721880019
vt 0.493000001 0.72299999
vt 0.487040013 0.725319982
vt 0.488999993 0.726999998
vt 0.493000001 0.72299999
vt 0.490480006 0.721880019
vt 0.487040013 0.725319982
vt 0.488999993 0.726999998
vt 0.462960005 0.725319982
vt 0.460999995 0.726999998
vt 0.488999993 0.726999998
vt 0.487040013 0.725319982
vt 0.462960005 0.725319982
vt 0.460999995 0.726999998
vt 0.459520012 0.721880019
vt 0.457000017 0.72299999
vt 0.460999995 0.726999998
vt 0.462960005 0.725319982
vt 0.459520012 0.721880019
vt 0.457000017 0.72299999
vt 0.459520012 0.708119988
vt 0.457000017 0.707000017
vt 0.457000017 0.72299999
vt 0.459520012 0.721880019
vt 0.459520012 0.708119988
vt 0.457000017 0.707000017
vt 0.462960005 0.704679966
vt 0.460999995 0.703000009
vt 0.457000017 0.707000017
vt 0.459520012 0.708119988
vt 0.462960005 0.704679966
vt 0.474999994 0.715000033
vt 0.462960005 0.704679966
vt 0.487040013 0.704679966
vt 0.474999994 0.715000033
vt 0.487040013 0.704679966
vt 0.462960005 0.704679966
vt 0.474999994 0.715000033
vt 0.487040013 0.704679966
vt 0.490480006 0.708119988
vt 0.474999994 0.715000033
vt 0.490480006 0.708119988
vt 0.487040013 0.704679966
vt 0.474999994 0.715000033
vt 0.490480006 0.708119988
vt 0.490480006 0.721880019
vt 0.474999994 0.715000033
vt 0.490480006 0.721880019
vt 0.490480006 0.708119988
vt 0.474999994 0.715000033
vt 0.490480006 0.721880019
vt 0.487040013 0.725319982
vt 0.474999994 0.715000033
vt 0.487040013 0.725319982
vt 0.490480006 0.721880019
vt 0.474999994 0.715000033
vt 0.487040013 0.725319982
vt 0.462960005 0.725319982
vt 0.474999994 0.715000033
vt 0.462960005 0.725319982
vt 0.487040013 0.725319982
vt 0.474999994 0.715000033
vt 0.462960005 0.725319982
vt 0.459520012 0.721880019
vt 0.474999994 0.715000033
vt 0.459520012 0.721880019
vt 0.462960005 0.725319982
vt 0.474999994 0.715000033
vt 0.459520012 0.721880019
vt 0.459520012 0.708119988
vt 0.474999994 0.715000033
vt 0.459520012 0.708119988
vt 0.459520012 0.721880019
vt 0.474999994 0.715000033
vt 0.459520012 0.708119988
vt 0.462960005 0.704679966
vt 0.474999994 0.715000033
vt 0.462960005 0.704679966
vt 0.459520012 0.708119988
vt 0.510959983 0.704679966
vt 0.537 0.703000009
vt 0.535040021 0.704679966
vt 0.510959983 0.704679966
vt 0.509000003 0.703000009
vt 0.537 0.703000009
vt 0.535040021 0.704679966
vt 0.541000009 0.707000017
vt 0.538479984 0.708119988
vt 0.535040021 0.704679966
vt 0.537 0.703000009
vt 0.541000009 0.707000017
vt 0.538479984 0.708119988
vt 0.541000009 0.72299999
vt 0.538479984 0.721880019
vt 0.538479984 0.708119988
vt 0.541000009 0.707000017
vt 0.541000009 0.72299999
vt 0.538479984 0.721880019
vt 0.537 0.726999998
vt 0.535040021 0.725319982
vt 0.538479984 0.721880019
vt 0.541000009 0.72299999
vt 0.537 0.726999998
vt 0.535040021 0.725319982
vt 0.509000003 0.726999998
vt 0.510959983 0.725319982
vt 0.535040021 0.725319982
vt 0.537 0.726999998
vt 0.509000003 0.726999998
vt 0.510959983 0.725319982
vt 0.504999995 0.72299999
vt 0.50752002 0.721880019
vt 0.510959983 0.725319982
vt 0.509000003 0.726999998
vt 0.504999995 0.72299999
vt 0.50752002 0.721880019
vt 0.504999995 0.707000017
vt 0.50752002 0.708119988
vt 0.50752002 0.721880019
vt 0.504999995 0.72299999
vt 0.504999995 0.707000017
vt 0.50752002 0.708119988
vt 0.509000003 0.703000009
vt 0.510959983 0.704679966
vt 0.50752002 0.708119988
vt 0.504999995 0.707000017
vt 0.509000003 0.703000009
vt 0.509000003 0.703000009
vt 0.537 0.703000009
vt 0.537 0.703000009
vt 0.509000003 0.703000009
vt 0.509000003 0.703000009
vt 0.537 0.703000009
vt 0.537 0.703000009
vt 0.541000009 0.707000017
vt 0.541000009 0.707000017
vt 0.537 0.703000009
vt 0.537 0.703000009
vt 0.541000009 0.707000017
vt 0.541000009 0.707000017
vt 0.541000009 0.72299999
vt 0.541000009 0.72299999
vt 0.541000009 0.707000017
vt 0.541000009 0.707000017
vt 0.541000009 0.72299999
vt 0.541000009 0.72299999
vt 0.537 0.726999998
vt 0.537 0.726999998
vt 0.541000009 0.72299999
vt 0.541000009 0.72299999
vt 0.537 0.726999998
vt 0.537 0.726999998
vt 0.509000003 0.726999998
vt 0.509000003 0.726999998
vt 0.537 0.726999998
vt 0.537 0.726999998
vt 0.509000003 0.726999998
vt 0.509000003 0.726999998
vt 0.504999995 0.72299999
vt 0.504999995 0.72299999
vt 0.509000003 0.726999998
vt 0.509000003 0.726999998
vt 0.504999995 0.72299999
vt 0.504999995 0.72299999
vt 0.504999995 0.707000017
vt 0.504999995 0.707000017
vt 0.504999995 0.72299999
vt 0.504999995 0.72299999
vt 0.504999995 0.707000017
vt 0.504999995 0.707000017
vt 0.509000003 0.703000009
vt 0.509000003 0.703000009
vt 0.504999995 0.707000017
vt 0.504999995 0.707000017
vt 0.509000003 0.703000009
vt 0.509000003 0.703000009
vt 0.535040021 0.704679966
vt 0.537 0.703000009
vt 0.509000003 0.703000009
vt 0.510959983 0.704679966
vt 0.535040021 0.704679966
vt 0.537 0.703000009
vt 0.538479984 0.708119988
vt 0.541000009 0.707000017
vt 0.537 0.703000009
vt 0.535040021 0.704679966
vt 0.538479984 0.708119988
vt 0.541000009 0.707000017
vt 0.538479984 0.721880019
vt 0.541000009 0.72299999
vt 0.541000009 0.707000017
vt 0.538479984 0.708119988
vt 0.538479984 0.721880019
vt 0.541000009 0.72299999
vt 0.535040021 0.725319982
vt 0.537 0.726999998
vt 0.541000009 0.72299999
vt 0.538479984 0.721880019
vt 0.535040021 0.725319982
vt 0.537 0.726999998
vt 0.510959983 0.725319982
vt 0.509000003 0.726999998
vt 0.537 0.726999998
vt 0.535040021 0.725319982
vt 0.510959983 0.725319982
vt 0.509000003 0.726999998
vt 0.50752002 0.721880019
vt 0.504999995 0.72299999
vt 0.509000003 0.726999998
vt 0.510959983 0.725319982
vt 0.50752002 0.721880019
vt 0.504999995 0.72299999
vt 0.50752002 0.708119988
vt 0.504999995 0.707000017
vt 0.504999995 0.72299999
vt 0.50752002 0.721880019
vt 0.50752002 0.708119988
vt 0.504999995 0.707000017
vt 0.510959983 0.704679966
vt 0.509000003 0.703000009
vt 0.504999995 0.707000017
vt 0.50752002 0.708119988
vt 0.510959983 0.704679966
vt 0.523000002 0.715000033
vt 0.510959983 0.704679966
vt 0.535040021 0.704679966
vt 0.523000002 0.715000033
vt 0.535040021 0.704679966
vt 0.510959983 0.704679966
vt 0.523000002 0.715000033
vt 0.535040021 0.704679966
vt 0.538479984 0.708119988
vt 0.523000002 0.715000033
vt 0.538479984 0.708119988
vt 0.535040021 0.704679966
vt 0.523000002 0.715000033
vt 0.538479984 0.708119988
vt 0.538479984 0.721880019
vt 0.523000002 0.715000033
vt 0.538479984 0.721880019
vt 0.538479984 0.708119988
vt 0.523000002 0.715000033
vt 0.538479984 0.721880019
vt 0.535040021 0.725319982
vt 0.523000002 0.715000033
vt 0.535040021 0.725319982
vt 0.538479984 0.721880019
vt 0.523000002 0.715000033
vt 0.535040021 0.725319982
vt 0.510959983 0.725319982
vt 0.523000002 0.715000033
vt 0.510959983 0.725319982
vt 0.535040021 0.725319982
vt 0.523000002 0.715000033
vt 0.510959983 0.725319982
vt 0.50752002 0.721880019
vt 0.523000002 0.715000033
vt 0.50752002 0.721880019
vt 0.510959983 0.725319982
vt 0.523000002 0.715000033
vt 0.50752002 0.721880019
vt 0.50752002 0.708119988
vt 0.523000002 0.715000033
vt 0.50752002 0.708119988
vt 0.50752002 0.721880019
vt 0.523000002 0.715000033
vt 0.50752002 0.708119988
vt 0.510959983 0.704679966
vt 0.523000002 0.715000033
vt 0.510959983 0.704679966
vt 0.50752002 0.708119988
vt 0.558960021 0.704679966
vt 0.584999979 0.703000009
vt 0.583039999 0.704679966
vt 0.558960021 0.704679966
vt 0.556999981 0.703000009
vt 0.584999979 0.703000009
vt 0.583039999 0.704679966
vt 0.588999987 0.707000017
vt 0.586480021 0.708119988
vt 0.583039999 0.704679966
vt 0.584999979 0.703000009
vt 0.588999987 0.707000017
vt 0.586480021 0.708119988
vt 0.588999987 0.72299999
vt 0.586480021 0.721880019
vt 0.586480021 0.708119988
vt 0.588999987 0.707000017
vt 0.588999987 0.72299999
vt 0.586480021 0.721880019
vt 0.584999979 0.726999998
vt 0.583039999 0.725319982
vt 0.586480021 0.721880019
vt 0.588999987 0.72299999
vt 0.584999979 0.726999998
vt 0.583039999 0.725319982
vt 0.556999981 0.726999998
vt 0.558960021 0.725319982
vt 0.583039999 0.725319982
vt 0.584999979 0.726999998
vt 0.556999981 0.726999998
vt 0.558960021 0.725319982
vt 0.552999973 0.72299999
vt 0.555519998 0.721880019
vt 0.558960021 0.725319982
vt 0.556999981 0.726999998
vt 0.552999973 0.72299999
vt 0.555519998 0.721880019
vt 0.552999973 0.707000017
vt 0.555519998 0.708119988
vt 0.555519998 0.721880019
vt 0.552999973 0.72299999
vt 0.552999973 0.707000017
vt 0.555519998 0.708119988
vt 0.556999981 0.703000009
vt 0.558960021 0.704679966
vt 0.555519998 0.708119988
vt 0.552999973 0.707000017
vt 0.556999981 0.703000009
vt 0.556999981 0.703000009
vt 0.584999979 0.703000009
vt 0.584999979 0.703000009
vt 0.556999981 0.703000009
vt 0.556999981 0.703000009
vt 0.584999979 0.703000009
vt 0.584999979 0.703000009
vt 0.588999987 0.707000017
vt 0.588999987 0.707000017
vt 0.584999979 0.703000009
vt 0.584999979 0.703000009
vt 0.588999987 0.707000017
vt 0.588999987 0.707000017
vt 0.588999987 0.72299999
vt 0.588999987 0.72299999
vt 0.588999987 0.707000017
vt 0.588999987 0.707000017
vt 0.588999987 0.72299999
vt 0.588999987 0.72299999
vt 0.584999979 0.726999998
vt 0.584999979 0.726999998
vt 0.588999987 0.72299999
vt 0.588999987 0.72299999
vt 0.584999979 0.726999998
vt 0.584999979 0.726999998
vt 0.556999981 0.726999998
vt 0.556999981 0.726999998
vt 0.584999979 0.726999998
vt 0.584999979 0.726999998
vt 0.556999981 0.726999998
vt 0.556999981 0.726999998
vt 0.552999973 0.72299999
vt 0.552999973 0.72299999
vt 0.556999981 0.726999998
vt 0.556999981 0.726999998
vt 0.552999973 0.72299999
vt 0.552999973 0.72299999
vt 0.552999973 0.707000017
vt 0.552999973 0.707000017
vt 0.552999973 0.72299999
vt 0.552999973 0.72299999
vt 0.552999973 0.707000017
vt 0.552999973 0.707000017
vt 0.556999981 0.703000009
vt 0.556999981 0.703000009
vt 0.552999973 0.707000017
vt 0.552999973 0.707000017
vt 0.556999981 0.703000009
vt 0.556999981 0.703000009
vt 0.583039999 0.704679966
vt 0.584999979 0.703000009
vt 0.556999981 0.703000009
vt 0.558960021 0.704679966
vt 0.583039999 0.704679966
vt 0.584999979 0.703000009
vt 0.586480021 0.708119988
vt 0.588999987 0.707000017
vt 0.584999979 0.703000009
vt 0.583039999 0.704679966
vt 0.586480021 0.708119988
vt 0.588999987 0.707000017
vt 0.586480021 0.721880019
vt 0.588999987 0.72299999
vt 0.588999987 0.707000017
vt 0.586480021 0.708119988
vt 0.586480021 0.721880019
vt 0.588999987 0.72299999
vt 0.583039999 0.725319982
vt 0.584999979 0.726999998
vt 0.588999987 0.72299999
vt 0.586480021 0.721880019
vt 0.583039999 0.725319982
vt 0.584999979 0.726999998
vt 0.558960021 0.725319982
vt 0.556999981 0.726999998
vt 0.584999979 0.726999998
vt 0.583039999 0.725319982
vt 0.558960021 0.725319982
vt 0.556999981 0.726999998
vt 0.555519998 0.721880019
vt 0.552999973 0.72299999
vt 0.556999981 0.726999998
vt 0.558960021 0.725319982
vt 0.555519998 0.721880019
vt 0.552999973 0.72299999
vt 0.555519998 0.708119988
vt 0.552999973 0.707000017
vt 0.552999973 0.72299999
vt 0.555519998 0.721880019
vt 0.555519998 0.708119988
vt 0.552999973 0.707000017
vt 0.558960021 0.704679966
vt 0.556999981 0.703000009
vt 0.552999973 0.707000017
vt 0.555519998 0.708119988
vt 0.558960021 0.704679966
vt 0.57099998 0.715000033
vt 0.558960021 0.704679966
vt 0.583039999 0.704679966
vt 0.57099998 0.715000033
vt 0.583039999 0.704679966
vt 0.558960021 0.704679966
vt 0.57099998 0.715000033
vt 0.583039999 0.704679966
vt 0.586480021 0.708119988
vt 0.57099998 0.715000033
vt 0.586480021 0.708119988
vt 0.583039999 0.704679966
vt 0.57099998 0.715000033
vt 0.586480021 0.708119988
vt 0.586480021 0.721880019
vt 0.57099998 0.715000033
vt 0.586480021 0.721880019
vt 0.586480021 0.708119988
vt 0.57099998 0.715000033
vt 0.586480021 0.721880019
vt 0.583039999 0.725319982
vt 0.57099998 0.715000033
vt 0.583039999 0.725319982
vt 0.586480021 0.721880019
vt 0.57099998 0.715000033
vt 0.583039999 0.725319982
vt 0.558960021 0.725319982
vt 0.57099998 0.715000033
vt 0.558960021 0.725319982
vt 0.583039999 0.725319982
vt 0.57099998 0.715000033
vt 0.558960021 0.725319982
vt 0.555519998 0.721880019
vt 0.57099998 0.715000033
vt 0.555519998 0.721880019
vt 0.558960021 0.725319982
vt 0.57099998 0.715000033
vt 0.555519998 0.721880019
vt 0.555519998 0.708119988
vt 0.57099998 0.715000033
vt 0.555519998 0.708119988
vt 0.555519998 0.721880019
vt 0.57099998 0.715000033
vt 0.555519998 0.708119988
vt 0.558960021 0.704679966
vt 0.57099998 0.715000033
vt 0.558960021 0.704679966
vt 0.555519998 0.708119988
vt 0.606959999 0.704679966
vt 0.633000016 0.703000009
vt 0.631039977 0.704679966
vt 0.606959999 0.704679966
vt 0.605000019 0.703000009
vt 0.633000016 0.703000009
vt 0.631039977 0.704679966
vt 0.636999965 0.707000017
vt 0.63448 0.708119988
vt 0.631039977 0.704679966
vt 0.633000016 0.703000009
vt 0.636999965 0.707000017
vt 0.63448 0.708119988
vt 0.636999965 0.72299999
vt 0.63448 0.721880019
vt 0.63448 0.708119988
vt 0.636999965 0.707000017
vt 0.636999965 0.72299999
vt 0.63448 0.721880019
vt 0.633000016 0.726999998
vt 0.631039977 0.725319982
vt 0.63448 0.721880019
vt 0.636999965 0.72299999
vt 0.633000016 0.726999998
vt 0.631039977 0.725319982
vt 0.605000019 0.726999998
vt 0.606959999 0.725319982
vt 0.631039977 0.725319982
vt 0.633000016 0.726999998
vt 0.605000019 0.726999998
vt 0.606959999 0.725319982
vt 0.601000011 0.72299999
vt 0.603520036 0.721880019
vt 0.606959999 0.725319982
vt 0.605000019 0.726999998
vt 0.601000011 0.72299999
vt 0.603520036 0.721880019
vt 0.601000011 0.707000017
vt 0.603520036 0.708119988
vt 0.603520036 0.721880019
vt 0.601000011 0.72299999
vt 0.601000011 0.707000017
vt 0.603520036 0.708119988
vt 0.605000019 0.703000009
vt 0.606959999 0.704679966
vt 0.603520036 0.708119988
vt 0.601000011 0.707000017
vt 0.605000019 0.703000009
vt 0.605000019 0.703000009
vt 0.633000016 0.703000009
vt 0.633000016 0.703000009
vt 0.605000019 0.703000009
vt 0.605000019 0.703000009
vt 0.633000016 0.703000009
vt 0.633000016 0.703000009
vt 0.636999965 0.707000017
vt 0.636999965 0.707000017
vt 0.633000016 0.703000009
vt 0.633000016 0.703000009
vt 0.636999965 0.707000017
vt 0.636999965 0.707000017
vt 0.636999965 0.72299999
vt 0.636999965 0.72299999
vt 0.636999965 0.707000017
vt 0.636999965 0.707000017
vt 0.636999965 0.72299999
vt 0.636999965 0.72299999
vt 0.633000016 0.726999998
vt 0.633000016 0.726999998
vt 0.636999965 0.72299999
vt 0.636999965 0.72299999
vt 0.633000016 0.726999998
vt 0.633000016 0.726999998
vt 0.605000019 0.726999998
vt 0.605000019 0.726999998
vt 0.633000016 0.726999998
vt 0.633000016 0.726999998
vt 0.605000019 0.726999998
vt 0.605000019 0.726999998
vt 0.601000011 0.72299999
vt 0.601000011 0.72299999
vt 0.605000019 0.726999998
vt 0.605000019 0.726999998
vt 0.601000011 0.72299999
vt 0.601000011 0.72299999
vt 0.601000011 0.707000017
vt 0.601000011 0.707000017
vt 0.601000011 0.72299999
vt 0.601000011 0.72299999
vt 0.601000011 0.707000017
vt 0.601000011 0.707000017
vt 0.605000019 0.703000009
vt 0.605000019 0.703000009
vt 0.601000011 0.707000017
vt 0.601000011 0.707000017
vt 0.605000019 0.703000009
vt 0.605000019 0.703000009
vt 0.631039977 0.704679966
vt 0.633000016 0.703000009
vt 0.605000019 0.703000009
vt 0.606959999 0.704679966
vt 0.631039977 0.704679966
vt 0.633000016 0.703000009
vt 0.63448 0.708119988
vt 0.636999965 0.707000017
vt 0.633000016 0.703000009
vt 0.631039977 0.704679966
vt 0.63448 0.708119988
vt 0.636999965 0.707000017
vt 0.63448 0.721880019
vt 0.636999965 0.72299999
vt 0.636999965 0.707000017
vt 0.63448 0.708119988
vt 0.63448 0.721880019
vt 0.636999965 0.72299999
vt 0.631039977 0.725319982
vt 0.633000016 0.726999998
vt 0.636999965 0.72299999
vt 0.63448 0.721880019
vt 0.631039977 0.725319982
vt 0.633000016 0.726999998
vt 0.606959999 0.725319982
vt 0.605000019 0.726999998
vt 0.633000016 0.726999998
vt 0.631039977 0.725319982
vt 0.606959999 0.725319982
vt 0.605000019 0.726999998
vt 0.603520036 0.721880019
vt 0.601000011 0.72299999
vt 0.605000019 0.726999998
vt 0.606959999 0.725319982
vt 0.603520036 0.721880019
vt 0.601000011 0.72299999
vt 0.603520036 0.708119988
vt 0.601000011 0.707000017
vt 0.601000011 0.72299999
vt 0.603520036 0.721880019
vt 0.603520036 0.708119988
vt 0.601000011 0.707000017
vt 0.606959999 0.704679966
vt 0.605000019 0.703000009
vt 0.601000011 0.707000017
vt 0.603520036 0.708119988
vt 0.606959999 0.704679966
vt 0.619000018 0.715000033
vt 0.606959999 0.704679966
vt 0.631039977 0.704679966
vt 0.619000018 0.715000033
vt 0.631039977 0.704679966
vt 0.606959999 0.704679966
vt 0.619000018 0.715000033
vt 0.631039977 0.704679966
vt 0.63448 0.708119988
vt 0.619000018 0.715000033
vt 0.63448 0.708119988
vt 0.631039977 0.704679966
vt 0.619000018 0.715000033
vt 0.63448 0.708119988
vt 0.63448 0.721880019
vt 0.619000018 0.715000033
vt 0.63448 0.721880019
vt 0.63448 0.708119988
vt 0.619000018 0.715000033
vt 0.63448 0.721880019
vt 0.631039977 0.725319982
vt 0.619000018 0.715000033
vt 0.631039977 0.725319982
vt 0.63448 0.721880019
vt 0.619000018 0.715000033
vt 0.631039977 0.725319982
vt 0.606959999 0.725319982
vt 0.619000018 0.715000033
vt 0.606959999 0.725319982
vt 0.631039977 0.725319982
vt 0.619000018 0.715000033
vt 0.606959999 0.725319982
vt 0.603520036 0.721880019
vt 0.619000018 0.715000033
vt 0.603520036 0.721880019
vt 0.606959999 0.725319982
vt 0.619000018 0.715000033
vt 0.603520036 0.721880019
vt 0.603520036 0.708119988
vt 0.619000018 0.715000033
vt 0.603520036 0.708119988
vt 0.603520036 0.721880019
vt 0.619000018 0.715000033
vt 0.603520036 0.708119988
vt 0.606959999 0.704679966
vt 0.619000018 0.715000033
vt 0.606959999 0.704679966
vt 0.603520036 0.708119988
vt 0.485792994 0.737947345
vt 0.480174899 0.732643366
vt 0.404391944 0.742783189
vt 0.485792994 0.737947345
vt 0.404391944 0.742783189
vt 0.410773665 0.749955475
vt 0.480174899 0.732643366
vt 0.484207004 0.726052642
vt 0.409226328 0.734044552
vt 0.480174899 0.732643366
vt 0.409226328 0.734044552
vt 0.404391944 0.742783189
vt 0.484207004 0.726052642
vt 0.4898251 0.731356621
vt 0.415608048 0.741216779
vt 0.484207004 0.726052642
vt 0.415608048 0.741216779
vt 0.409226328 0.734044552
vt 0.4898251 0.731356621
vt 0.485792994 0.737947345
vt 0.410773665 0.749955475
vt 0.4898251 0.731356621
vt 0.410773665 0.749955475
vt 0.415608048 0.741216779
vt 0.410773665 0.749955475
vt 0.404391944 0.742783189
vt 0.33433795 0.74063164
vt 0.410773665 0.749955475
vt 0.33433795 0.74063164
vt 0.340584338 0.745966434
vt 0.404391944 0.742783189
vt 0.409226328 0.734044552
vt 0.339415669 0.734033525
vt 0.404391944 0.742783189
vt 0.339415669 0.734033525
vt 0.33433795 0.74063164
vt 0.409226328 0.734044552
vt 0.415608048 0.741216779
vt 0.345662057 0.739368379
vt 0.409226328 0.734044552
vt 0.345662057 0.739368379
vt 0.339415669 0.734033525
vt 0.415608048 0.741216779
vt 0.410773665 0.749955475
vt 0.340584338 0.745966434
vt 0.415608048 0.741216779
vt 0.340584338 0.745966434
vt 0.345662057 0.739368379
vt 0.340584338 0.745966434
vt 0.33433795 0.74063164
vt 0.368137121 0.741213202
vt 0.340584338 0.745966434
vt 0.368137121 0.741213202
vt 0.370191485 0.742988467
vt 0.33433795 0.74063164
vt 0.339415669 0.734033525
vt 0.369808525 0.739011526
vt 0.33433795 0.74063164
vt 0.369808525 0.739011526
vt 0.368137121 0.741213202
vt 0.339415669 0.734033525
vt 0.345662057 0.739368379
vt 0.371862888 0.740786791
vt 0.339415669 0.734033525
vt 0.371862888 0.740786791
vt 0.369808525 0.739011526
vt 0.345662057 0.739368379
vt 0.340584338 0.745966434
vt 0.370191485 0.742988467
vt 0.345662057 0.739368379
vt 0.370191485 0.742988467
vt 0.371862888 0.740786791
vt 0.485000014 0.731999993
vt 0.480174899 0.732643366
vt 0.485792994 0.737947345
vt 0.370000005 0.740999997
vt 0.370191485 0.742988467
vt 0.368137121 0.741213202
vt 0.485000014 0.731999993
vt 0.484207004 0.726052642
vt 0.480174899 0.732643366
vt 0.370000005 0.740999997
vt 0.368137121 0.741213202
vt 0.369808525 0.739011526
vt 0.485000014 0.731999993
vt 0.4898251 0.731356621
vt 0.484207004 0.726052642
vt 0.370000005 0.740999997
vt 0.369808525 0.739011526
vt 0.371862888 0.740786791
vt 0.485000014 0.731999993
vt 0.485792994 0.737947345
vt 0.4898251 0.731356621
vt 0.370000005 0.740999997
vt 0.371862888 0.740786791
vt 0.370191485 0.742988467
vt 0.515792966 0.726052642
vt 0.519825101 0.732643366
vt 0.595608056 0.742783189
vt 0.515792966 0.726052642
vt 0.595608056 0.742783189
vt 0.590773702 0.734044552
vt 0.519825101 0.732643366
vt 0.514207006 0.737947345
vt 0.589226305 0.749955475
vt 0.519825101 0.732643366
vt 0.589226305 0.749955475
vt 0.595608056 0.742783189
vt 0.514207006 0.737947345
vt 0.51017487 0.731356621
vt 0.584391952 0.741216779
vt 0.514207006 0.737947345
vt 0.584391952 0.741216779
vt 0.589226305 0.749955475
vt 0.51017487 0.731356621
vt 0.515792966 0.726052642
vt 0.590773702 0.734044552
vt 0.51017487 0.731356621
vt 0.590773702 0.734044552
vt 0.584391952 0.741216779
vt 0.590773702 0.734044552
vt 0.595608056 0.742783189
vt 0.66566205 0.74063164
vt 0.590773702 0.734044552
vt 0.66566205 0.74063164
vt 0.660584331 0.734033525
vt 0.595608056 0.742783189
vt 0.589226305 0.749955475
vt 0.659415662 0.745966434
vt 0.595608056 0.742783189
vt 0.659415662 0.745966434
vt 0.66566205 0.74063164
vt 0.589226305 0.749955475
vt 0.584391952 0.741216779
vt 0.654337943 0.739368379
vt 0.589226305 0.749955475
vt 0.654337943 0.739368379
vt 0.659415662 0.745966434
vt 0.584391952 0.741216779
vt 0.590773702 0.734044552
vt 0.660584331 0.734033525
vt 0.584391952 0.741216779
vt 0.660584331 0.734033525
vt 0.654337943 0.739368379
vt 0.660584331 0.734033525
vt 0.66566205 0.74063164
vt 0.631862879 0.741213202
vt 0.660584331 0.734033525
vt 0.631862879 0.741213202
vt 0.630191445 0.739011526
vt 0.66566205 0.74063164
vt 0.659415662 0.745966434
vt 0.629808545 0.742988467
vt 0.66566205 0.74063164
vt 0.629808545 0.742988467
vt 0.631862879 0.741213202
vt 0.659415662 0.745966434
vt 0.654337943 0.739368379
vt 0.628137112 0.740786791
vt 0.659415662 0.745966434
vt 0.628137112 0.740786791
vt 0.629808545 0.742988467
vt 0.654337943 0.739368379
vt 0.660584331 0.734033525
vt 0.630191445 0.739011526
vt 0.654337943 0.739368379
vt 0.630191445 0.739011526
vt 0.628137112 0.740786791
vt 0.514999986 0.731999993
vt 0.519825101 0.732643366
vt 0.515792966 0.726052642
vt 0.629999995 0.740999997
vt 0.630191445 0.739011526
vt 0.631862879 0.741213202
vt 0.514999986 0.731999993
vt 0.514207006 0.737947345
vt 0.519825101 0.732643366
vt 0.629999995 0.740999997
vt 0.631862879 0.741213202
vt 0.629808545 0.742988467
vt 0.514999986 0.731999993
vt 0.51017487 0.731356621
vt 0.514207006 0.737947345
vt 0.629999995 0.740999997
vt 0.629808545 0.742988467
vt 0.628137112 0.740786791
vt 0.514999986 0.731999993
vt 0.515792966 0.726052642
vt 0.51017487 0.731356621
vt 0.629999995 0.740999997
vt 0.628137112 0.740786791
vt 0.630191445 0.739011526
vt 0.2502352 0.702003479
vt 0.249184459 0.707502782
vt 0.419730306 0.711895227
vt 0.2502352 0.702003479
vt 0.419730306 0.711895227
vt 0.42015186 0.705001175
vt 0.249184459 0.707502782
vt 0.249260753 0.716453195
vt 0.41968146 0.723079979
vt 0.249184459 0.707502782
vt 0.41968146 0.723079979
vt 0.419730306 0.711895227
vt 0.249260753 0.716453195
vt 0.250358641 0.7164855
vt 0.420072824 0.723098516
vt 0.249260753 0.716453195
vt 0.420072824 0.723098516
vt 0.41968146 0.723079979
vt 0.250358641 0.7164855
vt 0.250960886 0.707555056
vt 0.420363545 0.711925149
vt 0.250358641 0.7164855
vt 0.420363545 0.711925149
vt 0.420072824 0.723098516
vt 0.250960886 0.707555056
vt 0.2502352 0.702003479
vt 0.42015186 0.705001175
vt 0.250960886 0.707555056
vt 0.42015186 0.705001175
vt 0.420363545 0.711925149
vt 0.42015186 0.705001175
vt 0.419730306 0.711895227
vt 0.5805282 0.711895227
vt 0.42015186 0.705001175
vt 0.5805282 0.711895227
vt 0.579848111 0.705001175
vt 0.419730306 0.711895227
vt 0.41968146 0.723079979
vt 0.580478311 0.723079979
vt 0.419730306 0.711895227
vt 0.580478311 0.723079979
vt 0.5805282 0.711895227
vt 0.41968146 0.723079979
vt 0.420072824 0.723098516
vt 0.579767466 0.723098516
vt 0.41968146 0.723079979
vt 0.579767466 0.723098516
vt 0.580478311 0.723079979
vt 0.420072824 0.723098516
vt 0.420363545 0.711925149
vt 0.579377949 0.711925149
vt 0.420072824 0.723098516
vt 0.579377949 0.711925149
vt 0.579767466 0.723098516
vt 0.420363545 0.711925149
vt 0.42015186 0.705001175
vt 0.579848111 0.705001175
vt 0.420363545 0.711925149
vt 0.579848111 0.705001175
vt 0.579377949 0.711925149
vt 0.579848111 0.705001175
vt 0.5805282 0.711895227
vt 0.750418305 0.707516253
vt 0.579848111 0.705001175
vt 0.750418305 0.707516253
vt 0.749764919 0.702003479
vt 0.5805282 0.711895227
vt 0.580478311 0.723079979
vt 0.750493526 0.71646148
vt 0.5805282 0.711895227
vt 0.750493526 0.71646148
vt 0.750418305 0.707516253
vt 0.580478311 0.723079979
vt 0.579767466 0.723098516
vt 0.749886751 0.716477156
vt 0.580478311 0.723079979
vt 0.749886751 0.716477156
vt 0.750493526 0.71646148
vt 0.579767466 0.723098516
vt 0.579377949 0.711925149
vt 0.749436438 0.707541585
vt 0.579767466 0.723098516
vt 0.749436438 0.707541585
vt 0.749886751 0.716477156
vt 0.579377949 0.711925149
vt 0.579848111 0.705001175
vt 0.749764919 0.702003479
vt 0.579377949 0.711925149
vt 0.749764919 0.702003479
vt 0.749436438 0.707541585
vt 0.25 0.709999979
vt 0.249184459 0.707502782
vt 0.2502352 0.702003479
vt 0.75 0.709999979
vt 0.749764919 0.702003479
vt 0.750418305 0.707516253
vt 0.25 0.709999979
vt 0.249260753 0.716453195
vt 0.249184459 0.707502782
vt 0.75 0.709999979
vt 0.750418305 0.707516253
vt 0.750493526 0.71646148
vt 0.25 0.709999979
vt 0.250358641 0.7164855
vt 0.249260753 0.716453195
vt 0.75 0.709999979
vt 0.750493526 0.71646148
vt 0.749886751 0.716477156
vt 0.25 0.709999979
vt 0.250960886 0.707555056
vt 0.250358641 0.7164855
vt 0.75 0.709999979
vt 0.749886751 0.716477156
vt 0.749436438 0.707541585
vt 0.25 0.709999979
vt 0.2502352 0.702003479
vt 0.250960886 0.707555056
vt 0.75 0.709999979
vt 0.749436438 0.707541585
vt 0.749764919 0.702003479
vn -0.191541135 -0.800625741 -0.567723989
vn 0.390420496 -0.238093019 -0.88931638
vn 0.191542476 -0.800619423 -0.567732334
vn -0.191541135 -0.800625741 -0.567723989
vn -0.390423715 -0.238094196 -0.889314592
vn 0.390420496 -0.238093019 -0.88931638
vn 0.191542476 -0.800619423 -0.567732334
vn 0.889934659 -0.267012388 -0.369757414
vn 0.516772091 -0.829516351 -0.21177645
vn 0.191542476 -0.800619423 -0.567732334
vn 0.390420496 -0.238093019 -0.88931638
vn 0.889934659 -0.267012388 -0.369757414
vn 0.516772091 -0.829516351 -0.21177645
vn 0.889938295 -0.26700756 0.369752377
vn 0.516773939 -0.829514146 0.211780503
vn 0.516772091 -0.829516351 -0.21177645
vn 0.889934659 -0.267012388 -0.369757414
vn 0.889938295 -0.26700756 0.369752377
vn 0.516773939 -0.829514146 0.211780503
vn 0.390423596 -0.238094166 0.889314711
vn 0.19154124 -0.800625622 0.56772393
vn 0.516773939 -0.829514146 0.211780503
vn 0.889938295 -0.26700756 0.369752377
vn 0.390423596 -0.238094166 0.889314711
vn 0.19154124 -0.800625622 0.56772393
vn -0.390420377 -0.238092929 0.88931638
vn -0.191542566 -0.800619483 0.567732215
vn 0.19154124 -0.800625622 0.56772393
vn 0.390423596 -0.238094166 0.889314711
vn -0.390420377 -0.238092929 0.88931638
vn -0.191542566 -0.800619483 0.567732215
vn -0.889934659 -0.267012358 0.369757533
vn -0.516772091 -0.829516292 0.21177648
vn -0.191542566 -0.800619483 0.567732215
vn -0.390420377 -0.238092929 0.88931638
vn -0.889934659 -0.267012358 0.369757533
vn -0.516772091 -0.829516292 0.21177648
vn -0.889938414 -0.26700744 -0.369752258
vn -0.516773939 -0.829514146 -0.211780503
vn -0.516772091 -0.829516292 0.21177648
vn -0.889934659 -0.267012358 0.369757533
vn -0.889938414 -0.26700744 -0.369752258
vn -0.516773939 -0.829514146 -0.211780503
vn -0.390423715 -0.238094196 -0.889314592
vn -0.191541135 -0.800625741 -0.567723989
vn -0.516773939 -0.829514146 -0.211780503
vn -0.889938414 -0.26700744 -0.369752258
vn -0.390423715 -0.238094196 -0.889314592
vn -0.390423715 -0.238094196 -0.889314592
vn 0.390423745 0.238094181 -0.889314711
vn 0.390420496 -0.238093019 -0.88931638
vn -0.390423715 -0.238094196 -0.889314592
vn -0.390420467 0.23809287 -0.88931638
vn 0.390423745 0.238094181 -0.889314711
vn 0.390420496 -0.238093019 -0.88931638
vn 0.889938414 0.267007351 -0.369752169
vn 0.889934659 -0.267012388 -0.369757414
vn 0.390420496 -0.238093019 -0.88931638
vn 0.390423745 0.238094181 -0.889314711
vn 0.889938414 0.267007351 -0.369752169
vn 0.889934659 -0.267012388 -0.369757414
vn 0.889934659 0.267012417 0.369757533
vn 0.889938295 -0.26700756 0.369752377
vn 0.889934659 -0.267012388 -0.369757414
vn 0.889938414 0.267007351 -0.369752169
vn 0.889934659 0.267012417 0.369757533
vn 0.889938295 -0.26700756 0.369752377
vn 0.390420407 0.238092884 0.88931644
vn 0.390423596 -0.238094166 0.889314711
vn 0.889938295 -0.26700756 0.369752377
vn 0.889934659 0.267012417 0.369757533
vn 0.390420407 0.238092884 0.88931644
vn 0.390423596 -0.238094166 0.889314711
vn -0.390423626 0.238094166 0.889314711
vn -0.390420377 -0.238092929 0.88931638
vn 0.390423596 -0.238094166 0.889314711
vn 0.390420407 0.238092884 0.88931644
vn -0.390423626 0.238094166 0.889314711
vn -0.390420377 -0.238092929 0.88931638
vn -0.889938414 0.267007381 0.369752318
vn -0.889934659 -0.267012358 0.369757533
vn -0.390420377 -0.238092929 0.88931638
vn -0.390423626 0.238094166 0.889314711
vn -0.889938414 0.267007381 0.369752318
vn -0.889934659 -0.267012358 0.369757533
vn -0.889934659 0.267012388 -0.369757384
vn -0.889938414 -0.26700744 -0.369752258
vn -0.889934659 -0.267012358 0.369757533
vn -0.889938414 0.267007381 0.369752318
vn -0.889934659 0.267012388 -0.369757384
vn -0.889938414 -0.26700744 -0.369752258
vn -0.390420467 0.23809287 -0.88931638
vn -0.390423715 -0.238094196 -0.889314592
vn -0.889938414 -0.26700744 -0.369752258
vn -0.889934659 0.267012388 -0.369757384
vn -0.390420467 0.23809287 -0.88931638
vn -0.390420467 0.23809287 -0.88931638
vn 0.191541076 0.800625741 -0.567723989
vn 0.390423745 0.238094181 -0.889314711
vn -0.390420467 0.23809287 -0.88931638
vn -0.191542536 0.800619423 -0.567732334
vn 0.191541076 0.800625741 -0.567723989
vn 0.390423745 0.238094181 -0.889314711
vn 0.516774058 0.829514027 -0.211780503
vn 0.889938414 0.267007351 -0.369752169
vn 0.390423745 0.238094181 -0.889314711
vn 0.191541076 0.800625741 -0.567723989
vn 0.516774058 0.829514027 -0.211780503
vn 0.889938414 0.267007351 -0.369752169
vn 0.516772091 0.829516351 0.211776406
vn 0.889934659 0.267012417 0.369757533
vn 0.889938414 0.267007351 -0.369752169
vn 0.516774058 0.829514027 -0.211780503
vn 0.516772091 0.829516351 0.211776406
vn 0.889934659 0.267012417 0.369757533
vn 0.191542447 0.800619423 0.567732275
vn 0.390420407 0.238092884 0.88931644
vn 0.889934659 0.267012417 0.369757533
vn 0.516772091 0.829516351 0.211776406
vn 0.191542447 0.800619423 0.567732275
vn 0.390420407 0.238092884 0.88931644
vn -0.191541061 0.800625741 0.567723989
vn -0.390423626 0.238094166 0.889314711
vn 0.390420407 0.238092884 0.88931644
vn 0.191542447 0.800619423 0.567732275
vn -0.191541061 0.800625741 0.567723989
vn -0.390423626 0.238094166 0.889314711
vn -0.516774058 0.829514086 0.211780503
vn -0.889938414 0.267007381 0.369752318
vn -0.390423626 0.238094166 0.889314711
vn -0.191541061 0.800625741 0.567723989
vn -0.516774058 0.829514086 0.211780503
vn -0.889938414 0.267007381 0.369752318
vn -0.516772151 0.829516292 -0.211776376
vn -0.889934659 0.267012388 -0.369757384
vn -0.889938414 0.267007381 0.369752318
vn -0.516774058 0.829514086 0.211780503
vn -0.516772151 0.829516292 -0.211776376
vn -0.889934659 0.267012388 -0.369757384
vn -0.191542536 0.800619423 -0.567732334
vn -0.390420467 0.23809287 -0.88931638
vn -0.889934659 0.267012388 -0.369757384
vn -0.516772151 0.829516292 -0.211776376
vn -0.191542536 0.800619423 -0.567732334
vn 0 -1 0
vn -0.191541135 -0.800625741 -0.567723989
vn 0.191542476 -0.800619423 -0.567732334
vn 5.65446902e-16 1 0
vn 0.191541076 0.800625741 -0.567723989
vn -0.191542536 0.800619423 -0.567732334
vn 0 -1 0
vn 0.191542476 -0.800619423 -0.567732334
vn 0.516772091 -0.829516351 -0.21177645
vn 5.65446902e-16 1 0
vn 0.516774058 0.829514027 -0.211780503
vn 0.191541076 0.800625741 -0.567723989
vn 0 -1 0
vn 0.516772091 -0.829516351 -0.21177645
vn 0.516773939 -0.829514146 0.211780503
vn 5.65446902e-16 1 0
vn 0.516772091 0.829516351 0.211776406
vn 0.516774058 0.829514027 -0.211780503
vn 0 -1 0
vn 0.516773939 -0.829514146 0.211780503
vn 0.19154124 -0.800625622 0.56772393
vn 5.65446902e-16 1 0
vn 0.191542447 0.800619423 0.567732275
vn 0.516772091 0.829516351 0.211776406
vn 0 -1 0
vn 0.19154124 -0.800625622 0.56772393
vn -0.191542566 -0.800619483 0.567732215
vn 5.65446902e-16 1 0
vn -0.191541061 0.800625741 0.567723989
vn 0.191542447 0.800619423 0.567732275
vn 0 -1 0
vn -0.191542566 -0.800619483 0.567732215
vn -0.516772091 -0.829516292 0.21177648
vn 5.65446902e-16 1 0
vn -0.516774058 0.829514086 0.211780503
vn -0.191541061 0.800625741 0.567723989
vn 0 -1 0
vn -0.516772091 -0.829516292 0.21177648
vn -0.516773939 -0.829514146 -0.211780503
vn 5.65446902e-16 1 0
vn -0.516772151 0.829516292 -0.211776376
vn -0.516774058 0.829514086 0.211780503
vn 0 -1 0
vn -0.516773939 -0.829514146 -0.211780503
vn -0.191541135 -0.800625741 -0.567723989
vn 5.65446902e-16 1 0
vn -0.191542536 0.800619423 -0.567732334
vn -0.516772151 0.829516292 -0.211776376
vn -0.170030117 -0.831387341 -0.52904135
vn 0.38705048 -0.283539295 -0.877381027
vn 0.170033485 -0.831384838 -0.529044271
vn -0.170030117 -0.831387341 -0.52904135
vn -0.387066156 -0.283547699 -0.877371371
vn 0.38705048 -0.283539295 -0.877381027
vn 0.170033485 -0.831384838 -0.529044271
vn 0.87729466 -0.308318257 -0.367823184
vn 0.477236837 -0.858344734 -0.18838568
vn 0.170033485 -0.831384838 -0.529044271
vn 0.38705048 -0.283539295 -0.877381027
vn 0.87729466 -0.308318257 -0.367823184
vn 0.477236837 -0.858344734 -0.18838568
vn 0.877298951 -0.308315068 0.367815703
vn 0.477247 -0.858338952 0.188386723
vn 0.477236837 -0.858344734 -0.18838568
vn 0.87729466 -0.308318257 -0.367823184
vn 0.877298951 -0.308315068 0.367815703
vn 0.477247 -0.858338952 0.188386723
vn 0.387066185 -0.283547878 0.877371252
vn 0.170029968 -0.831387579 0.529041111
vn 0.477247 -0.858338952 0.188386723
vn 0.877298951 -0.308315068 0.367815703
vn 0.387066185 -0.283547878 0.877371252
vn 0.170029968 -0.831387579 0.529041111
vn -0.387050748 -0.283539146 0.877380908
vn -0.170033485 -0.831384838 0.529044271
vn 0.170029968 -0.831387579 0.529041111
vn 0.387066185 -0.283547878 0.877371252
vn -0.387050748 -0.283539146 0.877380908
vn -0.170033485 -0.831384838 0.529044271
vn -0.877294779 -0.308318257 0.367823094
vn -0.477236629 -0.858344913 0.188385531
vn -0.170033485 -0.831384838 0.529044271
vn -0.387050748 -0.283539146 0.877380908
vn -0.877294779 -0.308318257 0.367823094
vn -0.477236629 -0.858344913 0.188385531
vn -0.877298772 -0.308315128 -0.367815852
vn -0.477247 -0.858338892 -0.188386858
vn -0.477236629 -0.858344913 0.188385531
vn -0.877294779 -0.308318257 0.367823094
vn -0.877298772 -0.308315128 -0.367815852
vn -0.477247 -0.858338892 -0.188386858
vn -0.387066156 -0.283547699 -0.877371371
vn -0.170030117 -0.831387341 -0.52904135
vn -0.477247 -0.858338892 -0.188386858
vn -0.877298772 -0.308315128 -0.367815852
vn -0.387066156 -0.283547699 -0.877371371
vn -0.387066156 -0.283547699 -0.877371371
vn 0.387066096 0.283547878 -0.877371252
vn 0.38705048 -0.283539295 -0.877381027
vn -0.387066156 -0.283547699 -0.877371371
vn -0.38705048 0.283539563 -0.877380908
vn 0.387066096 0.283547878 -0.877371252
vn 0.38705048 -0.283539295 -0.877381027
vn 0.877298772 0.308315277 -0.367815822
vn 0.87729466 -0.308318257 -0.367823184
vn 0.38705048 -0.283539295 -0.877381027
vn 0.387066096 0.283547878 -0.877371252
vn 0.877298772 0.308315277 -0.367815822
vn 0.87729466 -0.308318257 -0.367823184
vn 0.87729454 0.308318615 0.367823184
vn 0.877298951 -0.308315068 0.367815703
vn 0.87729466 -0.308318257 -0.367823184
vn 0.877298772 0.308315277 -0.367815822
vn 0.87729454 0.308318615 0.367823184
vn 0.877298951 -0.308315068 0.367815703
vn 0.38705045 0.283539474 0.877380908
vn 0.387066185 -0.283547878 0.877371252
vn 0.877298951 -0.308315068 0.367815703
vn 0.87729454 0.308318615 0.367823184
vn 0.38705045 0.283539474 0.877380908
vn 0.387066185 -0.283547878 0.877371252
vn -0.387066036 0.283548057 0.877371252
vn -0.387050748 -0.283539146 0.877380908
vn 0.387066185 -0.283547878 0.877371252
vn 0.38705045 0.283539474 0.877380908
vn -0.387066036 0.283548057 0.877371252
vn -0.387050748 -0.283539146 0.877380908
vn -0.877298772 0.308315367 0.367815852
vn -0.877294779 -0.308318257 0.367823094
vn -0.387050748 -0.283539146 0.877380908
vn -0.387066036 0.283548057 0.877371252
vn -0.877298772 0.308315367 0.367815852
vn -0.877294779 -0.308318257 0.367823094
vn -0.87729466 0.308318466 -0.367823184
vn -0.877298772 -0.308315128 -0.367815852
vn -0.877294779 -0.308318257 0.367823094
vn -0.877298772 0.308315367 0.367815852
vn -0.87729466 0.308318466 -0.367823184
vn -0.877298772 -0.308315128 -0.367815852
vn -0.38705048 0.283539563 -0.877380908
vn -0.387066156 -0.283547699 -0.877371371
vn -0.877298772 -0.308315128 -0.367815852
vn -0.87729466 0.308318466 -0.367823184
vn -0.38705048 0.283539563 -0.877380908
vn -0.38705048 0.283539563 -0.877380908
vn 0.170030043 0.83138752 -0.529041171
vn 0.387066096 0.283547878 -0.877371252
vn -0.38705048 0.283539563 -0.877380908
vn -0.17003338 0.831385016 -0.529044151
vn 0.170030043 0.83138752 -0.529041171
vn 0.387066096 0.283547878 -0.877371252
vn 0.47724691 0.858339071 -0.188386768
vn 0.877298772 0.308315277 -0.367815822
vn 0.387066096 0.283547878 -0.877371252
vn 0.170030043 0.83138752 -0.529041171
vn 0.47724691 0.858339071 -0.188386768
vn 0.877298772 0.308315277 -0.367815822
vn 0.47723645 0.858345032 0.188385531
vn 0.87729454 0.308318615 0.367823184
vn 0.877298772 0.308315277 -0.367815822
vn 0.47724691 0.858339071 -0.188386768
vn 0.47723645 0.858345032 0.188385531
vn 0.87729454 0.308318615 0.367823184
vn 0.170033321 0.831384957 0.529044151
vn 0.38705045 0.283539474 0.877380908
vn 0.87729454 0.308318615 0.367823184
vn 0.47723645 0.858345032 0.188385531
vn 0.170033321 0.831384957 0.529044151
vn 0.38705045 0.283539474 0.877380908
vn -0.170030087 0.831387579 0.529040933
vn -0.387066036 0.283548057 0.877371252
vn 0.38705045 0.283539474 0.877380908
vn 0.170033321 0.831384957 0.529044151
vn -0.170030087 0.831387579 0.529040933
vn -0.387066036 0.283548057 0.877371252
vn -0.477246821 0.858339012 0.188386708
vn -0.877298772 0.308315367 0.367815852
vn -0.387066036 0.283548057 0.877371252
vn -0.170030087 0.831387579 0.529040933
vn -0.477246821 0.858339012 0.188386708
vn -0.877298772 0.308315367 0.367815852
vn -0.477236688 0.858344853 -0.188385651
vn -0.87729466 0.308318466 -0.367823184
vn -0.877298772 0.308315367 0.367815852
vn -0.477246821 0.858339012 0.188386708
vn -0.477236688 0.858344853 -0.188385651
vn -0.87729466 0.308318466 -0.367823184
vn -0.17003338 0.831385016 -0.529044151
vn -0.38705048 0.283539563 -0.877380908
vn -0.87729466 0.308318466 -0.367823184
vn -0.477236688 0.858344853 -0.188385651
vn -0.17003338 0.831385016 -0.529044151
vn 0 -1 0
vn -0.170030117 -0.831387341 -0.52904135
vn 0.170033485 -0.831384838 -0.529044271
vn 0 1 0
vn 0.170030043 0.83138752 -0.529041171
vn -0.17003338 0.831385016 -0.529044151
vn 0 -1 0
vn 0.170033485 -0.831384838 -0.529044271
vn 0.477236837 -0.858344734 -0.18838568
vn 0 1 0
vn 0.47724691 0.858339071 -0.188386768
vn 0.170030043 0.83138752 -0.529041171
vn 0 -1 0
vn 0.477236837 -0.858344734 -0.18838568
vn 0.477247 -0.858338952 0.188386723
vn 0 1 0
vn 0.47723645 0.858345032 0.188385531
vn 0.47724691 0.858339071 -0.188386768
vn 0 -1 0
vn 0.477247 -0.858338952 0.188386723
vn 0.170029968 -0.831387579 0.529041111
vn 0 1 0
vn 0.170033321 0.831384957 0.529044151
vn 0.47723645 0.858345032 0.188385531
vn 0 -1 0
vn 0.170029968 -0.831387579 0.529041111
vn -0.170033485 -0.831384838 0.529044271
vn 0 1 0
vn -0.170030087 0.831387579 0.529040933
vn 0.170033321 0.831384957 0.529044151
vn 0 -1 0
vn -0.170033485 -0.831384838 0.529044271
vn -0.477236629 -0.858344913 0.188385531
vn 0 1 0
vn -0.477246821 0.858339012 0.188386708
vn -0.170030087 0.831387579 0.529040933
vn 0 -1 0
vn -0.477236629 -0.858344913 0.188385531
vn -0.477247 -0.858338892 -0.188386858
vn 0 1 0
vn -0.477236688 0.858344853 -0.188385651
vn -0.477246821 0.858339012 0.188386708
vn 0 -1 0
vn -0.477247 -0.858338892 -0.188386858
vn -0.170030117 -0.831387341 -0.52904135
vn 0 1 0
vn -0.17003338 0.831385016 -0.529044151
vn -0.477236688 0.858344853 -0.188385651
vn -0.234327063 -0.78200835 -0.577541173
vn 0.376996577 -0.202085957 -0.903899789
vn 0.234333023 -0.782003224 -0.577545643
vn -0.234327063 -0.78200835 -0.577541173
vn -0.376992971 -0.202085733 -0.903901339
vn 0.376996577 -0.202085957 -0.903899789
vn 0.234333023 -0.782003224 -0.577545643
vn 0.903158665 -0.188853681 -0.385536879
vn 0.596369386 -0.770344675 -0.225638181
vn 0.234333023 -0.782003224 -0.577545643
vn 0.376996577 -0.202085957 -0.903899789
vn 0.903158665 -0.188853681 -0.385536879
vn 0.596369386 -0.770344675 -0.225638181
vn 0.903159201 -0.188852191 0.385536432
vn 0.596375346 -0.77033782 0.225646168
vn 0.596369386 -0.770344675 -0.225638181
vn 0.903158665 -0.188853681 -0.385536879
vn 0.903159201 -0.188852191 0.385536432
vn 0.596375346 -0.77033782 0.225646168
vn 0.376992941 -0.202085704 0.903901339
vn 0.23432675 -0.78200829 0.577541232
vn 0.596375346 -0.77033782 0.225646168
vn 0.903159201 -0.188852191 0.385536432
vn 0.376992941 -0.202085704 0.903901339
vn 0.23432675 -0.78200829 0.577541232
vn -0.376996577 -0.202085763 0.903899789
vn -0.234333128 -0.782003105 0.577545702
vn 0.23432675 -0.78200829 0.577541232
vn 0.376992941 -0.202085704 0.903901339
vn -0.376996577 -0.202085763 0.903899789
vn -0.234333128 -0.782003105 0.577545702
vn -0.903158784 -0.188853472 0.385536849
vn -0.596369565 -0.770344555 0.22563836
vn -0.234333128 -0.782003105 0.577545702
vn -0.376996577 -0.202085763 0.903899789
vn -0.903158784 -0.188853472 0.385536849
vn -0.596369565 -0.770344555 0.22563836
vn -0.903159201 -0.188852116 -0.385536551
vn -0.596375465 -0.77033776 -0.225646079
vn -0.596369565 -0.770344555 0.22563836
vn -0.903158784 -0.188853472 0.385536849
vn -0.903159201 -0.188852116 -0.385536551
vn -0.596375465 -0.77033776 -0.225646079
vn -0.376992971 -0.202085733 -0.903901339
vn -0.234327063 -0.78200835 -0.577541173
vn -0.596375465 -0.77033776 -0.225646079
vn -0.903159201 -0.188852116 -0.385536551
vn -0.376992971 -0.202085733 -0.903901339
vn -0.376992971 -0.202085733 -0.903901339
vn 0.376993001 0.202085659 -0.903901339
vn 0.376996577 -0.202085957 -0.903899789
vn -0.376992971 -0.202085733 -0.903901339
vn -0.376996636 0.202085719 -0.903899789
vn 0.376993001 0.202085659 -0.903901339
vn 0.376996577 -0.202085957 -0.903899789
vn 0.903159201 0.18885237 -0.385536432
vn 0.903158665 -0.188853681 -0.385536879
vn 0.376996577 -0.202085957 -0.903899789
vn 0.376993001 0.202085659 -0.903901339
vn 0.903159201 0.18885237 -0.385536432
vn 0.903158665 -0.188853681 -0.385536879
vn 0.903158665 0.188853651 0.385536939
vn 0.903159201 -0.188852191 0.385536432
vn 0.903158665 -0.188853681 -0.385536879
vn 0.903159201 0.18885237 -0.385536432
vn 0.903158665 0.188853651 0.385536939
vn 0.903159201 -0.188852191 0.385536432
vn 0.376996577 0.202085823 0.903899908
vn 0.376992941 -0.202085704 0.903901339
vn 0.903159201 -0.188852191 0.385536432
vn 0.903158665 0.188853651 0.385536939
vn 0.376996577 0.202085823 0.903899908
vn 0.376992941 -0.202085704 0.903901339
vn -0.376992971 0.202085644 0.903901398
vn -0.376996577 -0.202085763 0.903899789
vn 0.376992941 -0.202085704 0.903901339
vn 0.376996577 0.202085823 0.903899908
vn -0.376992971 0.202085644 0.903901398
vn -0.376996577 -0.202085763 0.903899789
vn -0.903159201 0.188852072 0.385536611
vn -0.903158784 -0.188853472 0.385536849
vn -0.376996577 -0.202085763 0.903899789
vn -0.376992971 0.202085644 0.903901398
vn -0.903159201 0.188852072 0.385536611
vn -0.903158784 -0.188853472 0.385536849
vn -0.903158784 0.188853487 -0.38553676
vn -0.903159201 -0.188852116 -0.385536551
vn -0.903158784 -0.188853472 0.385536849
vn -0.903159201 0.188852072 0.385536611
vn -0.903158784 0.188853487 -0.38553676
vn -0.903159201 -0.188852116 -0.385536551
vn -0.376996636 0.202085719 -0.903899789
vn -0.376992971 -0.202085733 -0.903901339
vn -0.903159201 -0.188852116 -0.385536551
vn -0.903158784 0.188853487 -0.38553676
vn -0.376996636 0.202085719 -0.903899789
vn -0.376996636 0.202085719 -0.903899789
vn 0.234326839 0.78200835 -0.577541351
vn 0.376993001 0.202085659 -0.903901339
vn -0.376996636 0.202085719 -0.903899789
vn -0.234333128 0.782003164 -0.577545762
vn 0.234326839 0.78200835 -0.577541351
vn 0.376993001 0.202085659 -0.903901339
vn 0.596375287 0.77033788 -0.225646019
vn 0.903159201 0.18885237 -0.385536432
vn 0.376993001 0.202085659 -0.903901339
vn 0.234326839 0.78200835 -0.577541351
vn 0.596375287 0.77033788 -0.225646019
vn 0.903159201 0.18885237 -0.385536432
vn 0.596369445 0.770344555 0.22563839
vn 0.903158665 0.188853651 0.385536939
vn 0.903159201 0.18885237 -0.385536432
vn 0.596375287 0.77033788 -0.225646019
vn 0.596369445 0.770344555 0.22563839
vn 0.903158665 0.188853651 0.385536939
vn 0.234333053 0.782003164 0.577545643
vn 0.376996577 0.202085823 0.903899908
vn 0.903158665 0.188853651 0.385536939
vn 0.596369445 0.770344555 0.22563839
vn 0.234333053 0.782003164 0.577545643
vn 0.376996577 0.202085823 0.903899908
vn -0.234327063 0.78200835 0.577541232
vn -0.376992971 0.202085644 0.903901398
vn 0.376996577 0.202085823 0.903899908
vn 0.234333053 0.782003164 0.577545643
vn -0.234327063 0.78200835 0.577541232
vn -0.376992971 0.202085644 0.903901398
vn -0.596375465 0.770337641 0.225646198
vn -0.903159201 0.188852072 0.385536611
vn -0.376992971 0.202085644 0.903901398
vn -0.234327063 0.78200835 0.577541232
vn -0.596375465 0.770337641 0.225646198
vn -0.903159201 0.188852072 0.385536611
vn -0.596369386 0.770344615 -0.225638211
vn -0.903158784 0.188853487 -0.38553676
vn -0.903159201 0.188852072 0.385536611
vn -0.596375465 0.770337641 0.225646198
vn -0.596369386 0.770344615 -0.225638211
vn -0.903158784 0.188853487 -0.38553676
vn -0.234333128 0.782003164 -0.577545762
vn -0.376996636 0.202085719 -0.903899789
vn -0.903158784 0.188853487 -0.38553676
vn -0.596369386 0.770344615 -0.225638211
vn -0.234333128 0.782003164 -0.577545762
vn 2.26174483e-15 -1 0
vn -0.234327063 -0.78200835 -0.577541173
vn 0.234333023 -0.782003224 -0.577545643
vn 0 1 0
vn 0.234326839 0.78200835 -0.577541351
vn -0.234333128 0.782003164 -0.577545762
vn 2.26174483e-15 -1 0
vn 0.234333023 -0.782003224 -0.577545643
vn 0.596369386 -0.770344675 -0.225638181
vn 0 1 0
vn 0.596375287 0.77033788 -0.225646019
vn 0.234326839 0.78200835 -0.577541351
vn 2.26174483e-15 -1 0
vn 0.596369386 -0.770344675 -0.225638181
vn 0.596375346 -0.77033782 0.225646168
vn 0 1 0
vn 0.596369445 0.770344555 0.22563839
vn 0.596375287 0.77033788 -0.225646019
vn 2.26174483e-15 -1 0
vn 0.596375346 -0.77033782 0.225646168
vn 0.23432675 -0.78200829 0.577541232
vn 0 1 0
vn 0.234333053 0.782003164 0.577545643
vn 0.596369445 0.770344555 0.22563839
vn 2.26174483e-15 -1 0
vn 0.23432675 -0.78200829 0.577541232
vn -0.234333128 -0.782003105 0.577545702
vn 0 1 0
vn -0.234327063 0.78200835 0.577541232
vn 0.234333053 0.782003164 0.577545643
vn 2.26174483e-15 -1 0
vn -0.234333128 -0.782003105 0.577545702
vn -0.596369565 -0.770344555 0.22563836
vn 0 1 0
vn -0.596375465 0.770337641 0.225646198
vn -0.234327063 0.78200835 0.577541232
vn 2.26174483e-15 -1 0
vn -0.596369565 -0.770344555 0.22563836
vn -0.596375465 -0.77033776 -0.225646079
vn 0 1 0
vn -0.596369386 0.770344615 -0.225638211
vn -0.596375465 0.770337641 0.225646198
vn 2.26174483e-15 -1 0
vn -0.596375465 -0.77033776 -0.225646079
vn -0.234327063 -0.78200835 -0.577541173
vn 0 1 0
vn -0.234333128 0.782003164 -0.577545762
vn -0.596369386 0.770344615 -0.225638211
vn -0.234448478 -0.784134269 -0.574601948
vn 0.376164466 -0.204891935 -0.9036147
vn 0.234454066 -0.784129083 -0.574606657
vn -0.234448478 -0.784134269 -0.574601948
vn -0.376171589 -0.204896063 -0.903610826
vn 0.376164466 -0.204891935 -0.9036147
vn 0.234454066 -0.784129083 -0.574606657
vn 0.902745068 -0.18910037 -0.386383593
vn 0.597193778 -0.770164907 -0.224066243
vn 0.234454066 -0.784129083 -0.574606657
vn 0.376164466 -0.204891935 -0.9036147
vn 0.902745068 -0.18910037 -0.386383593
vn 0.597193778 -0.770164907 -0.224066243
vn 0.902746201 -0.189099804 0.386381358
vn 0.597201407 -0.770157099 0.22407265
vn 0.597193778 -0.770164907 -0.224066243
vn 0.902745068 -0.18910037 -0.386383593
vn 0.902746201 -0.189099804 0.386381358
vn 0.597201407 -0.770157099 0.22407265
vn 0.376171649 -0.204896137 0.903610826
vn 0.234448418 -0.784134388 0.57460171
vn 0.597201407 -0.770157099 0.22407265
vn 0.902746201 -0.189099804 0.386381358
vn 0.376171649 -0.204896137 0.903610826
vn 0.234448418 -0.784134388 0.57460171
vn -0.376164436 -0.204892278 0.9036147
vn -0.2344542 -0.784129262 0.574606359
vn 0.234448418 -0.784134388 0.57460171
vn 0.376171649 -0.204896137 0.903610826
vn -0.376164436 -0.204892278 0.9036147
vn -0.2344542 -0.784129262 0.574606359
vn -0.902744949 -0.189100891 0.386383832
vn -0.59719336 -0.770165145 0.224066392
vn -0.2344542 -0.784129262 0.574606359
vn -0.376164436 -0.204892278 0.9036147
vn -0.902744949 -0.189100891 0.386383832
vn -0.59719336 -0.770165145 0.224066392
vn -0.902746141 -0.189100116 -0.386381328
vn -0.59720099 -0.770157337 -0.22407265
vn -0.59719336 -0.770165145 0.224066392
vn -0.902744949 -0.189100891 0.386383832
vn -0.902746141 -0.189100116 -0.386381328
vn -0.59720099 -0.770157337 -0.22407265
vn -0.376171589 -0.204896063 -0.903610826
vn -0.234448478 -0.784134269 -0.574601948
vn -0.59720099 -0.770157337 -0.22407265
vn -0.902746141 -0.189100116 -0.386381328
vn -0.376171589 -0.204896063 -0.903610826
vn -0.376171589 -0.204896063 -0.903610826
vn 0.376171857 0.204896167 -0.903610706
vn 0.376164466 -0.204891935 -0.9036147
vn -0.376171589 -0.204896063 -0.903610826
vn -0.376164168 0.204892039 -0.903614819
vn 0.376171857 0.204896167 -0.903610706
vn 0.376164466 -0.204891935 -0.9036147
vn 0.90274632 0.189099818 -0.386381179
vn 0.902745068 -0.18910037 -0.386383593
vn 0.376164466 -0.204891935 -0.9036147
vn 0.376171857 0.204896167 -0.903610706
vn 0.90274632 0.189099818 -0.386381179
vn 0.902745068 -0.18910037 -0.386383593
vn 0.902744949 0.189100727 0.386383772
vn 0.902746201 -0.189099804 0.386381358
vn 0.902745068 -0.18910037 -0.386383593
vn 0.90274632 0.189099818 -0.386381179
vn 0.902744949 0.189100727 0.386383772
vn 0.902746201 -0.189099804 0.386381358
vn 0.376164198 0.204892293 0.903614759
vn 0.376171649 -0.204896137 0.903610826
vn 0.902746201 -0.189099804 0.386381358
vn 0.902744949 0.189100727 0.386383772
vn 0.376164198 0.204892293 0.903614759
vn 0.376171649 -0.204896137 0.903610826
vn -0.37617144 0.204896212 0.903610945
vn -0.376164436 -0.204892278 0.9036147
vn 0.376171649 -0.204896137 0.903610826
vn 0.376164198 0.204892293 0.903614759
vn -0.37617144 0.204896212 0.903610945
vn -0.376164436 -0.204892278 0.9036147
vn -0.902746141 0.189100355 0.386381209
vn -0.902744949 -0.189100891 0.386383832
vn -0.376164436 -0.204892278 0.9036147
vn -0.37617144 0.204896212 0.903610945
vn -0.902746141 0.189100355 0.386381209
vn -0.902744949 -0.189100891 0.386383832
vn -0.902745008 0.189100891 -0.386383682
vn -0.902746141 -0.189100116 -0.386381328
vn -0.902744949 -0.189100891 0.386383832
vn -0.902746141 0.189100355 0.386381209
vn -0.902745008 0.189100891 -0.386383682
vn -0.902746141 -0.189100116 -0.386381328
vn -0.376164168 0.204892039 -0.903614819
vn -0.376171589 -0.204896063 -0.903610826
vn -0.902746141 -0.189100116 -0.386381328
vn -0.902745008 0.189100891 -0.386383682
vn -0.376164168 0.204892039 -0.903614819
vn -0.376164168 0.204892039 -0.903614819
vn 0.234448463 0.784134328 -0.574601769
vn 0.376171857 0.204896167 -0.903610706
vn -0.376164168 0.204892039 -0.903614819
vn -0.234454066 0.784129083 -0.574606597
vn 0.234448463 0.784134328 -0.574601769
vn 0.376171857 0.204896167 -0.903610706
vn 0.597201407 0.770157099 -0.224072576
vn 0.90274632 0.189099818 -0.386381179
vn 0.376171857 0.204896167 -0.903610706
vn 0.234448463 0.784134328 -0.574601769
vn 0.597201407 0.770157099 -0.224072576
vn 0.90274632 0.189099818 -0.386381179
vn 0.597193897 0.770164907 0.224066019
vn 0.902744949 0.189100727 0.386383772
vn 0.90274632 0.189099818 -0.386381179
vn 0.597201407 0.770157099 -0.224072576
vn 0.597193897 0.770164907 0.224066019
vn 0.902744949 0.189100727 0.386383772
vn 0.234454095 0.784129381 0.574606299
vn 0.376164198 0.204892293 0.903614759
vn 0.902744949 0.189100727 0.386383772
vn 0.597193897 0.770164907 0.224066019
vn 0.234454095 0.784129381 0.574606299
vn 0.376164198 0.204892293 0.903614759
vn -0.234448209 0.78413415 0.574602127
vn -0.37617144 0.204896212 0.903610945
vn 0.376164198 0.204892293 0.903614759
vn 0.234454095 0.784129381 0.574606299
vn -0.234448209 0.78413415 0.574602127
vn -0.37617144 0.204896212 0.903610945
vn -0.597201169 0.770157337 0.224072605
vn -0.902746141 0.189100355 0.386381209
vn -0.37617144 0.204896212 0.903610945
vn -0.234448209 0.78413415 0.574602127
vn -0.597201169 0.770157337 0.224072605
vn -0.902746141 0.189100355 0.386381209
vn -0.59719342 0.770165205 -0.224065974
vn -0.902745008 0.189100891 -0.386383682
vn -0.902746141 0.189100355 0.386381209
vn -0.597201169 0.770157337 0.224072605
vn -0.59719342 0.770165205 -0.224065974
vn -0.902745008 0.189100891 -0.386383682
vn -0.234454066 0.784129083 -0.574606597
vn -0.376164168 0.204892039 -0.903614819
vn -0.902745008 0.189100891 -0.386383682
vn -0.59719342 0.770165205 -0.224065974
vn -0.234454066 0.784129083 -0.574606597
vn -4.52345113e-15 -1 0
vn -0.234448478 -0.784134269 -0.574601948
vn 0.234454066 -0.784129083 -0.574606657
vn -1.13086278e-15 1 0
vn 0.234448463 0.784134328 -0.574601769
vn -0.234454066 0.784129083 -0.574606597
vn -4.52345113e-15 -1 0
vn 0.234454066 -0.784129083 -0.574606657
vn 0.597193778 -0.770164907 -0.224066243
vn -1.13086278e-15 1 0
vn 0.597201407 0.770157099 -0.224072576
vn 0.234448463 0.784134328 -0.574601769
vn -4.52345113e-15 -1 0
vn 0.597193778 -0.770164907 -0.224066243
vn 0.597201407 -0.770157099 0.22407265
vn -1.13086278e-15 1 0
vn 0.597193897 0.770164907 0.224066019
vn 0.597201407 0.770157099 -0.224072576
vn -4.52345113e-15 -1 0
vn 0.597201407 -0.770157099 0.22407265
vn 0.234448418 -0.784134388 0.57460171
vn -1.13086278e-15 1 0
vn 0.234454095 0.784129381 0.574606299
vn 0.597193897 0.770164907 0.224066019
vn -4.52345113e-15 -1 0
vn 0.234448418 -0.784134388 0.57460171
vn -0.2344542 -0.784129262 0.574606359
vn -1.13086278e-15 1 0
vn -0.234448209 0.78413415 0.574602127
vn 0.234454095 0.784129381 0.574606299
vn -4.52345113e-15 -1 0
vn -0.2344542 -0.784129262 0.574606359
vn -0.59719336 -0.770165145 0.224066392
vn -1.13086278e-15 1 0
vn -0.597201169 0.770157337 0.224072605
vn -0.234448209 0.78413415 0.574602127
vn -4.52345113e-15 -1 0
vn -0.59719336 -0.770165145 0.224066392
vn -0.59720099 -0.770157337 -0.22407265
vn -1.13086278e-15 1 0
vn -0.59719342 0.770165205 -0.224065974
vn -0.597201169 0.770157337 0.224072605
vn -4.52345113e-15 -1 0
vn -0.59720099 -0.770157337 -0.22407265
vn -0.234448478 -0.784134269 -0.574601948
vn -1.13086278e-15 1 0
vn -0.234454066 0.784129083 -0.574606597
vn -0.59719342 0.770165205 -0.224065974
vn -0.215196654 -0.793982923 -0.568578541
vn 0.382223159 -0.220495164 -0.897378087
vn 0.215203062 -0.793973446 -0.568589389
vn -0.215196654 -0.793982923 -0.568578541
vn -0.382223397 -0.22049211 -0.897378683
vn 0.382223159 -0.220495164 -0.897378087
vn 0.215203062 -0.793973446 -0.568589389
vn 0.897536695 -0.224476397 -0.379523635
vn 0.562322855 -0.797694206 -0.217892185
vn 0.215203062 -0.793973446 -0.568589389
vn 0.382223159 -0.220495164 -0.897378087
vn 0.897536695 -0.224476397 -0.379523635
vn 0.562322855 -0.797694206 -0.217892185
vn 0.897535861 -0.224479005 0.379523993
vn 0.562328815 -0.797687769 0.217899993
vn 0.562322855 -0.797694206 -0.217892185
vn 0.897536695 -0.224476397 -0.379523635
vn 0.897535861 -0.224479005 0.379523993
vn 0.562328815 -0.797687769 0.217899993
vn 0.38222304 -0.22049199 0.897378862
vn 0.215197176 -0.793982804 0.568578362
vn 0.562328815 -0.797687769 0.217899993
vn 0.897535861 -0.224479005 0.379523993
vn 0.38222304 -0.22049199 0.897378862
vn 0.215197176 -0.793982804 0.568578362
vn -0.382223278 -0.220495433 0.897377849
vn -0.215203092 -0.793973386 0.568589389
vn 0.215197176 -0.793982804 0.568578362
vn 0.38222304 -0.22049199 0.897378862
vn -0.382223278 -0.220495433 0.897377849
vn -0.215203092 -0.793973386 0.568589389
vn -0.897536814 -0.224476278 0.379523516
vn -0.562323153 -0.797693908 0.217892528
vn -0.215203092 -0.793973386 0.568589389
vn -0.382223278 -0.220495433 0.897377849
vn -0.897536814 -0.224476278 0.379523516
vn -0.562323153 -0.797693908 0.217892528
vn -0.89753598 -0.224479079 -0.379523575
vn -0.562328517 -0.797688127 -0.217899844
vn -0.562323153 -0.797693908 0.217892528
vn -0.897536814 -0.224476278 0.379523516
vn -0.89753598 -0.224479079 -0.379523575
vn -0.562328517 -0.797688127 -0.217899844
vn -0.382223397 -0.22049211 -0.897378683
vn -0.215196654 -0.793982923 -0.568578541
vn -0.562328517 -0.797688127 -0.217899844
vn -0.89753598 -0.224479079 -0.379523575
vn -0.382223397 -0.22049211 -0.897378683
vn -0.382223397 -0.22049211 -0.897378683
vn 0.38222307 0.220492274 -0.897378802
vn 0.382223159 -0.220495164 -0.897378087
vn -0.382223397 -0.22049211 -0.897378683
vn -0.382223457 0.220495611 -0.897377789
vn 0.38222307 0.220492274 -0.897378802
vn 0.382223159 -0.220495164 -0.897378087
vn 0.897535861 0.224479213 -0.379523933
vn 0.897536695 -0.224476397 -0.379523635
vn 0.382223159 -0.220495164 -0.897378087
vn 0.38222307 0.220492274 -0.897378802
vn 0.897535861 0.224479213 -0.379523933
vn 0.897536695 -0.224476397 -0.379523635
vn 0.897536635 0.224476472 0.379523724
vn 0.897535861 -0.224479005 0.379523993
vn 0.897536695 -0.224476397 -0.379523635
vn 0.897535861 0.224479213 -0.379523933
vn 0.897536635 0.224476472 0.379523724
vn 0.897535861 -0.224479005 0.379523993
vn 0.38222301 0.220495537 0.897378027
vn 0.38222304 -0.22049199 0.897378862
vn 0.897535861 -0.224479005 0.379523993
vn 0.897536635 0.224476472 0.379523724
vn 0.38222301 0.220495537 0.897378027
vn 0.38222304 -0.22049199 0.897378862
vn -0.382223189 0.220492199 0.897378683
vn -0.382223278 -0.220495433 0.897377849
vn 0.38222304 -0.22049199 0.897378862
vn 0.38222301 0.220495537 0.897378027
vn -0.382223189 0.220492199 0.897378683
vn -0.382223278 -0.220495433 0.897377849
vn -0.897536039 0.224479228 0.379523635
vn -0.897536814 -0.224476278 0.379523516
vn -0.382223278 -0.220495433 0.897377849
vn -0.382223189 0.220492199 0.897378683
vn -0.897536039 0.224479228 0.379523635
vn -0.897536814 -0.224476278 0.379523516
vn -0.897536695 0.224476546 -0.379523456
vn -0.89753598 -0.224479079 -0.379523575
vn -0.897536814 -0.224476278 0.379523516
vn -0.897536039 0.224479228 0.379523635
vn -0.897536695 0.224476546 -0.379523456
vn -0.89753598 -0.224479079 -0.379523575
vn -0.382223457 0.220495611 -0.897377789
vn -0.382223397 -0.22049211 -0.897378683
vn -0.89753598 -0.224479079 -0.379523575
vn -0.897536695 0.224476546 -0.379523456
vn -0.382223457 0.220495611 -0.897377789
vn -0.382223457 0.220495611 -0.897377789
vn 0.215196744 0.793983161 -0.568578184
vn 0.38222307 0.220492274 -0.897378802
vn -0.382223457 0.220495611 -0.897377789
vn -0.215202853 0.793973684 -0.568589091
vn 0.215196744 0.793983161 -0.568578184
vn 0.38222307 0.220492274 -0.897378802
vn 0.562328458 0.797688186 -0.217899814
vn 0.897535861 0.224479213 -0.379523933
vn 0.38222307 0.220492274 -0.897378802
vn 0.215196744 0.793983161 -0.568578184
vn 0.562328458 0.797688186 -0.217899814
vn 0.897535861 0.224479213 -0.379523933
vn 0.562322736 0.797694325 0.217892215
vn 0.897536635 0.224476472 0.379523724
vn 0.897535861 0.224479213 -0.379523933
vn 0.562328458 0.797688186 -0.217899814
vn 0.562322736 0.797694325 0.217892215
vn 0.897536635 0.224476472 0.379523724
vn 0.215202779 0.793973744 0.568589032
vn 0.38222301 0.220495537 0.897378027
vn 0.897536635 0.224476472 0.379523724
vn 0.562322736 0.797694325 0.217892215
vn 0.215202779 0.793973744 0.568589032
vn 0.38222301 0.220495537 0.897378027
vn -0.215196386 0.793982983 0.568578482
vn -0.382223189 0.220492199 0.897378683
vn 0.38222301 0.220495537 0.897378027
vn 0.215202779 0.793973744 0.568589032
vn -0.215196386 0.793982983 0.568578482
vn -0.382223189 0.220492199 0.897378683
vn -0.562328517 0.797688186 0.217899889
vn -0.897536039 0.224479228 0.379523635
vn -0.382223189 0.220492199 0.897378683
vn -0.215196386 0.793982983 0.568578482
vn -0.562328517 0.797688186 0.217899889
vn -0.897536039 0.224479228 0.379523635
vn -0.562322676 0.797694325 -0.217892334
vn -0.897536695 0.224476546 -0.379523456
vn -0.897536039 0.224479228 0.379523635
vn -0.562328517 0.797688186 0.217899889
vn -0.562322676 0.797694325 -0.217892334
vn -0.897536695 0.224476546 -0.379523456
vn -0.215202853 0.793973684 -0.568589091
vn -0.382223457 0.220495611 -0.897377789
vn -0.897536695 0.224476546 -0.379523456
vn -0.562322676 0.797694325 -0.217892334
vn -0.215202853 0.793973684 -0.568589091
vn -2.71419866e-14 -1 0
vn -0.215196654 -0.793982923 -0.568578541
vn 0.215203062 -0.793973446 -0.568589389
vn -1.13091615e-15 1 0
vn 0.215196744 0.793983161 -0.568578184
vn -0.215202853 0.793973684 -0.568589091
vn -2.71419866e-14 -1 0
vn 0.215203062 -0.793973446 -0.568589389
vn 0.562322855 -0.797694206 -0.217892185
vn -1.13091615e-15 1 0
vn 0.562328458 0.797688186 -0.217899814
vn 0.215196744 0.793983161 -0.568578184
vn -2.71419866e-14 -1 0
vn 0.562322855 -0.797694206 -0.217892185
vn 0.562328815 -0.797687769 0.217899993
vn -1.13091615e-15 1 0
vn 0.562322736 0.797694325 0.217892215
vn 0.562328458 0.797688186 -0.217899814
vn -2.71419866e-14 -1 0
vn 0.562328815 -0.797687769 0.217899993
vn 0.215197176 -0.793982804 0.568578362
vn -1.13091615e-15 1 0
vn 0.215202779 0.793973744 0.568589032
vn 0.562322736 0.797694325 0.217892215
vn -2.71419866e-14 -1 0
vn 0.215197176 -0.793982804 0.568578362
vn -0.215203092 -0.793973386 0.568589389
vn -1.13091615e-15 1 0
vn -0.215196386 0.793982983 0.568578482
vn 0.215202779 0.793973744 0.568589032
vn -2.71419866e-14 -1 0
vn -0.215203092 -0.793973386 0.568589389
vn -0.562323153 -0.797693908 0.217892528
vn -1.13091615e-15 1 0
vn -0.562328517 0.797688186 0.217899889
vn -0.215196386 0.793982983 0.568578482
vn -2.71419866e-14 -1 0
vn -0.562323153 -0.797693908 0.217892528
vn -0.562328517 -0.797688127 -0.217899844
vn -1.13091615e-15 1 0
vn -0.562322676 0.797694325 -0.217892334
vn -0.562328517 0.797688186 0.217899889
vn -2.71419866e-14 -1 0
vn -0.562328517 -0.797688127 -0.217899844
vn -0.215196654 -0.793982923 -0.568578541
vn -1.13091615e-15 1 0
vn -0.215202853 0.793973684 -0.568589091
vn -0.562322676 0.797694325 -0.217892334
vn -0.245349586 -0.754872084 -0.608253002
vn 0.380475789 -0.165778711 -0.909810722
vn 0.245356306 -0.754865527 -0.608258367
vn -0.245349586 -0.754872084 -0.608253002
vn -0.380478084 -0.165781319 -0.909809291
vn 0.380475789 -0.165778711 -0.909810722
vn 0.245356306 -0.754865527 -0.608258367
vn 0.909669518 -0.163918614 -0.381617844
vn 0.61063081 -0.753335416 -0.244163379
vn 0.245356306 -0.754865527 -0.608258367
vn 0.380475789 -0.165778711 -0.909810722
vn 0.909669518 -0.163918614 -0.381617844
vn 0.61063081 -0.753335416 -0.244163379
vn 0.90967077 -0.163914382 0.381616652
vn 0.610636175 -0.753328502 0.244171336
vn 0.61063081 -0.753335416 -0.244163379
vn 0.909669518 -0.163918614 -0.381617844
vn 0.90967077 -0.163914382 0.381616652
vn 0.610636175 -0.753328502 0.244171336
vn 0.380477399 -0.165782347 0.909809411
vn 0.245348945 -0.754872501 0.608252883
vn 0.610636175 -0.753328502 0.244171336
vn 0.90967077 -0.163914382 0.381616652
vn 0.380477399 -0.165782347 0.909809411
vn 0.245348945 -0.754872501 0.608252883
vn -0.380476326 -0.165778399 0.909810603
vn -0.245356485 -0.754864693 0.60825938
vn 0.245348945 -0.754872501 0.608252883
vn 0.380477399 -0.165782347 0.909809411
vn -0.380476326 -0.165778399 0.909810603
vn -0.245356485 -0.754864693 0.60825938
vn -0.909669638 -0.16391772 0.381617725
vn -0.610631466 -0.753334761 0.244163707
vn -0.245356485 -0.754864693 0.60825938
vn -0.380476326 -0.165778399 0.909810603
vn -0.909669638 -0.16391772 0.381617725
vn -0.610631466 -0.753334761 0.244163707
vn -0.909671307 -0.163912907 -0.381615818
vn -0.610637903 -0.753327191 -0.244170964
vn -0.610631466 -0.753334761 0.244163707
vn -0.909669638 -0.16391772 0.381617725
vn -0.909671307 -0.163912907 -0.381615818
vn -0.610637903 -0.753327191 -0.244170964
vn -0.380478084 -0.165781319 -0.909809291
vn -0.245349586 -0.754872084 -0.608253002
vn -0.610637903 -0.753327191 -0.244170964
vn -0.909671307 -0.163912907 -0.381615818
vn -0.380478084 -0.165781319 -0.909809291
vn -0.380478084 -0.165781319 -0.909809291
vn 0.380476922 0.165781736 -0.909809709
vn 0.380475789 -0.165778711 -0.909810722
vn -0.380478084 -0.165781319 -0.909809291
vn -0.380476922 0.165778115 -0.909810424
vn 0.380476922 0.165781736 -0.909809709
vn 0.380475789 -0.165778711 -0.909810722
vn 0.909670651 0.163914323 -0.381616741
vn 0.909669518 -0.163918614 -0.381617844
vn 0.380475789 -0.165778711 -0.909810722
vn 0.380476922 0.165781736 -0.909809709
vn 0.909670651 0.163914323 -0.381616741
vn 0.909669518 -0.163918614 -0.381617844
vn 0.909669459 0.163918436 0.381617934
vn 0.90967077 -0.163914382 0.381616652
vn 0.909669518 -0.163918614 -0.381617844
vn 0.909670651 0.163914323 -0.381616741
vn 0.909669459 0.163918436 0.381617934
vn 0.90967077 -0.163914382 0.381616652
vn 0.38047561 0.16577822 0.909810901
vn 0.380477399 -0.165782347 0.909809411
vn 0.90967077 -0.163914382 0.381616652
vn 0.909669459 0.163918436 0.381617934
vn 0.38047561 0.16577822 0.909810901
vn 0.380477399 -0.165782347 0.909809411
vn -0.380477756 0.165782049 0.909809291
vn -0.380476326 -0.165778399 0.909810603
vn 0.380477399 -0.165782347 0.909809411
vn 0.38047561 0.16577822 0.909810901
vn -0.380477756 0.165782049 0.909809291
vn -0.380476326 -0.165778399 0.909810603
vn -0.909671009 0.163913101 0.381616592
vn -0.909669638 -0.16391772 0.381617725
vn -0.380476326 -0.165778399 0.909810603
vn -0.380477756 0.165782049 0.909809291
vn -0.909671009 0.163913101 0.381616592
vn -0.909669638 -0.16391772 0.381617725
vn -0.909669697 0.163917348 -0.381617934
vn -0.909671307 -0.163912907 -0.381615818
vn -0.909669638 -0.16391772 0.381617725
vn -0.909671009 0.163913101 0.381616592
vn -0.909669697 0.163917348 -0.381617934
vn -0.909671307 -0.163912907 -0.381615818
vn -0.380476922 0.165778115 -0.909810424
vn -0.380478084 -0.165781319 -0.909809291
vn -0.909671307 -0.163912907 -0.381615818
vn -0.909669697 0.163917348 -0.381617934
vn -0.380476922 0.165778115 -0.909810424
vn -0.380476922 0.165778115 -0.909810424
vn 0.245348528 0.754871786 -0.608253717
vn 0.380476922 0.165781736 -0.909809709
vn -0.380476922 0.165778115 -0.909810424
vn -0.245356724 0.754864991 -0.608258963
vn 0.245348528 0.754871786 -0.608253717
vn 0.380476922 0.165781736 -0.909809709
vn 0.610636652 0.753327966 -0.244171739
vn 0.909670651 0.163914323 -0.381616741
vn 0.380476922 0.165781736 -0.909809709
vn 0.245348528 0.754871786 -0.608253717
vn 0.610636652 0.753327966 -0.244171739
vn 0.909670651 0.163914323 -0.381616741
vn 0.610630751 0.753335416 0.244163662
vn 0.909669459 0.163918436 0.381617934
vn 0.909670651 0.163914323 -0.381616741
vn 0.610636652 0.753327966 -0.244171739
vn 0.610630751 0.753335416 0.244163662
vn 0.909669459 0.163918436 0.381617934
vn 0.245355546 0.754864812 0.608259737
vn 0.38047561 0.16577822 0.909810901
vn 0.909669459 0.163918436 0.381617934
vn 0.610630751 0.753335416 0.244163662
vn 0.245355546 0.754864812 0.608259737
vn 0.38047561 0.16577822 0.909810901
vn -0.245348558 0.754872561 0.608252823
vn -0.380477756 0.165782049 0.909809291
vn 0.38047561 0.16577822 0.909810901
vn 0.245355546 0.754864812 0.608259737
vn -0.245348558 0.754872561 0.608252823
vn -0.380477756 0.165782049 0.909809291
vn -0.610637248 0.753327608 0.2441715
vn -0.909671009 0.163913101 0.381616592
vn -0.380477756 0.165782049 0.909809291
vn -0.245348558 0.754872561 0.608252823
vn -0.610637248 0.753327608 0.2441715
vn -0.909671009 0.163913101 0.381616592
vn -0.610631347 0.753334641 -0.244164497
vn -0.909669697 0.163917348 -0.381617934
vn -0.909671009 0.163913101 0.381616592
vn -0.610637248 0.753327608 0.2441715
vn -0.610631347 0.753334641 -0.244164497
vn -0.909669697 0.163917348 -0.381617934
vn -0.245356724 0.754864991 -0.608258963
vn -0.380476922 0.165778115 -0.909810424
vn -0.909669697 0.163917348 -0.381617934
vn -0.610631347 0.753334641 -0.244164497
vn -0.245356724 0.754864991 -0.608258963
vn -1.44750379e-12 -1 0
vn -0.245349586 -0.754872084 -0.608253002
vn 0.245356306 -0.754865527 -0.608258367
vn 1.08562783e-13 1 0
vn 0.245348528 0.754871786 -0.608253717
vn -0.245356724 0.754864991 -0.608258963
vn -1.44750379e-12 -1 0
vn 0.245356306 -0.754865527 -0.608258367
vn 0.61063081 -0.753335416 -0.244163379
vn 1.08562783e-13 1 0
vn 0.610636652 0.753327966 -0.244171739
vn 0.245348528 0.754871786 -0.608253717
vn -1.44750379e-12 -1 0
vn 0.61063081 -0.753335416 -0.244163379
vn 0.610636175 -0.753328502 0.244171336
vn 1.08562783e-13 1 0
vn 0.610630751 0.753335416 0.244163662
vn 0.610636652 0.753327966 -0.244171739
vn -1.44750379e-12 -1 0
vn 0.610636175 -0.753328502 0.244171336
vn 0.245348945 -0.754872501 0.608252883
vn 1.08562783e-13 1 0
vn 0.245355546 0.754864812 0.608259737
vn 0.610630751 0.753335416 0.244163662
vn -1.44750379e-12 -1 0
vn 0.245348945 -0.754872501 0.608252883
vn -0.245356485 -0.754864693 0.60825938
vn 1.08562783e-13 1 0
vn -0.245348558 0.754872561 0.608252823
vn 0.245355546 0.754864812 0.608259737
vn -1.44750379e-12 -1 0
vn -0.245356485 -0.754864693 0.60825938
vn -0.610631466 -0.753334761 0.244163707
vn 1.08562783e-13 1 0
vn -0.610637248 0.753327608 0.2441715
vn -0.245348558 0.754872561 0.608252823
vn -1.44750379e-12 -1 0
vn -0.610631466 -0.753334761 0.244163707
vn -0.610637903 -0.753327191 -0.244170964
vn 1.08562783e-13 1 0
vn -0.610631347 0.753334641 -0.244164497
vn -0.610637248 0.753327608 0.2441715
vn -1.44750379e-12 -1 0
vn -0.610637903 -0.753327191 -0.244170964
vn -0.245349586 -0.754872084 -0.608253002
vn 1.08562783e-13 1 0
vn -0.245356724 0.754864991 -0.608258963
vn -0.610631347 0.753334641 -0.244164497
vn -0.245349497 -0.754871309 -0.608253896
vn 0.380473852 -0.165778592 -0.909811556
vn 0.245356411 -0.754865348 -0.608258724
vn -0.245349497 -0.754871309 -0.608253896
vn -0.380475432 -0.165781543 -0.909810364
vn 0.380473852 -0.165778592 -0.909811556
vn 0.245356411 -0.754865348 -0.608258724
vn 0.909668565 -0.163918599 -0.38162002
vn 0.610630333 -0.753335416 -0.244164363
vn 0.245356411 -0.754865348 -0.608258724
vn 0.380473852 -0.165778592 -0.909811556
vn 0.909668565 -0.163918599 -0.38162002
vn 0.610630333 -0.753335416 -0.244164363
vn 0.909670591 -0.163914159 0.38161695
vn 0.610636175 -0.753328264 0.244171992
vn 0.610630333 -0.753335416 -0.244164363
vn 0.909668565 -0.163918599 -0.38162002
vn 0.909670591 -0.163914159 0.38161695
vn 0.610636175 -0.753328264 0.244171992
vn 0.380477339 -0.165781632 0.909809589
vn 0.245349631 -0.754871964 0.608253181
vn 0.610636175 -0.753328264 0.244171992
vn 0.909670591 -0.163914159 0.38161695
vn 0.380477339 -0.165781632 0.909809589
vn 0.245349631 -0.754871964 0.608253181
vn -0.380474895 -0.165777594 0.909811318
vn -0.245356098 -0.754864633 0.608259678
vn 0.245349631 -0.754871964 0.608253181
vn 0.380477339 -0.165781632 0.909809589
vn -0.380474895 -0.165777594 0.909811318
vn -0.245356098 -0.754864633 0.608259678
vn -0.909669399 -0.163918123 0.381618142
vn -0.610630631 -0.753335536 0.244163573
vn -0.245356098 -0.754864633 0.608259678
vn -0.380474895 -0.165777594 0.909811318
vn -0.909669399 -0.163918123 0.381618142
vn -0.610630631 -0.753335536 0.244163573
vn -0.909670115 -0.163914919 -0.381617785
vn -0.610636473 -0.753328085 -0.244171709
vn -0.610630631 -0.753335536 0.244163573
vn -0.909669399 -0.163918123 0.381618142
vn -0.909670115 -0.163914919 -0.381617785
vn -0.610636473 -0.753328085 -0.244171709
vn -0.380475432 -0.165781543 -0.909810364
vn -0.245349497 -0.754871309 -0.608253896
vn -0.610636473 -0.753328085 -0.244171709
vn -0.909670115 -0.163914919 -0.381617785
vn -0.380475432 -0.165781543 -0.909810364
vn -0.380475432 -0.165781543 -0.909810364
vn 0.38047725 0.165781453 -0.909809589
vn 0.380473852 -0.165778592 -0.909811556
vn -0.380475432 -0.165781543 -0.909810364
vn -0.380475342 0.165777996 -0.90981108
vn 0.38047725 0.165781453 -0.909809589
vn 0.380473852 -0.165778592 -0.909811556
vn 0.909670532 0.163914621 -0.381617039
vn 0.909668565 -0.163918599 -0.38162002
vn 0.380473852 -0.165778592 -0.909811556
vn 0.38047725 0.165781453 -0.909809589
vn 0.909670532 0.163914621 -0.381617039
vn 0.909668565 -0.163918599 -0.38162002
vn 0.909668684 0.163918138 0.3816199
vn 0.909670591 -0.163914159 0.38161695
vn 0.909668565 -0.163918599 -0.38162002
vn 0.909670532 0.163914621 -0.381617039
vn 0.909668684 0.163918138 0.3816199
vn 0.909670591 -0.163914159 0.38161695
vn 0.380474359 0.165777519 0.909811556
vn 0.380477339 -0.165781632 0.909809589
vn 0.909670591 -0.163914159 0.38161695
vn 0.909668684 0.163918138 0.3816199
vn 0.380474359 0.165777519 0.909811556
vn 0.380477339 -0.165781632 0.909809589
vn -0.380475312 0.165781736 0.909810364
vn -0.380474895 -0.165777594 0.909811318
vn 0.380477339 -0.165781632 0.909809589
vn 0.380474359 0.165777519 0.909811556
vn -0.380475312 0.165781736 0.909810364
vn -0.380474895 -0.165777594 0.909811318
vn -0.909670174 0.163914427 0.381617993
vn -0.909669399 -0.163918123 0.381618142
vn -0.380474895 -0.165777594 0.909811318
vn -0.380475312 0.165781736 0.909810364
vn -0.909670174 0.163914427 0.381617993
vn -0.909669399 -0.163918123 0.381618142
vn -0.909669518 0.163918242 -0.381617963
vn -0.909670115 -0.163914919 -0.381617785
vn -0.909669399 -0.163918123 0.381618142
vn -0.909670174 0.163914427 0.381617993
vn -0.909669518 0.163918242 -0.381617963
vn -0.909670115 -0.163914919 -0.381617785
vn -0.380475342 0.165777996 -0.90981108
vn -0.380475432 -0.165781543 -0.909810364
vn -0.909670115 -0.163914919 -0.381617785
vn -0.909669518 0.163918242 -0.381617963
vn -0.380475342 0.165777996 -0.90981108
vn -0.380475342 0.165777996 -0.90981108
vn 0.245350048 0.754871666 -0.608253419
vn 0.38047725 0.165781453 -0.909809589
vn -0.380475342 0.165777996 -0.90981108
vn -0.24535647 0.75486505 -0.608258843
vn 0.245350048 0.754871666 -0.608253419
vn 0.38047725 0.165781453 -0.909809589
vn 0.610636592 0.753327906 -0.244171873
vn 0.909670532 0.163914621 -0.381617039
vn 0.38047725 0.165781453 -0.909809589
vn 0.245350048 0.754871666 -0.608253419
vn 0.610636592 0.753327906 -0.244171873
vn 0.909670532 0.163914621 -0.381617039
vn 0.610630333 0.753335357 0.244164675
vn 0.909668684 0.163918138 0.3816199
vn 0.909670532 0.163914621 -0.381617039
vn 0.610636592 0.753327906 -0.244171873
vn 0.610630333 0.753335357 0.244164675
vn 0.909668684 0.163918138 0.3816199
vn 0.245356247 0.754864335 0.608259916
vn 0.380474359 0.165777519 0.909811556
vn 0.909668684 0.163918138 0.3816199
vn 0.610630333 0.753335357 0.244164675
vn 0.245356247 0.754864335 0.608259916
vn 0.380474359 0.165777519 0.909811556
vn -0.245348424 0.754871726 0.608253896
vn -0.380475312 0.165781736 0.909810364
vn 0.380474359 0.165777519 0.909811556
vn 0.245356247 0.754864335 0.608259916
vn -0.245348424 0.754871726 0.608253896
vn -0.380475312 0.165781736 0.909810364
vn -0.610636353 0.753328204 0.244171888
vn -0.909670174 0.163914427 0.381617993
vn -0.380475312 0.165781736 0.909810364
vn -0.245348424 0.754871726 0.608253896
vn -0.610636353 0.753328204 0.244171888
vn -0.909670174 0.163914427 0.381617993
vn -0.610630989 0.753335297 -0.244163424
vn -0.909669518 0.163918242 -0.381617963
vn -0.909670174 0.163914427 0.381617993
vn -0.610636353 0.753328204 0.244171888
vn -0.610630989 0.753335297 -0.244163424
vn -0.909669518 0.163918242 -0.381617963
vn -0.24535647 0.75486505 -0.608258843
vn -0.380475342 0.165777996 -0.90981108
vn -0.909669518 0.163918242 -0.381617963
vn -0.610630989 0.753335297 -0.244163424
vn -0.24535647 0.75486505 -0.608258843
vn 1.44750379e-12 -1 0
vn -0.245349497 -0.754871309 -0.608253896
vn 0.245356411 -0.754865348 -0.608258724
vn -1.08562783e-13 1 0
vn 0.245350048 0.754871666 -0.608253419
vn -0.24535647 0.75486505 -0.608258843
vn 1.44750379e-12 -1 0
vn 0.245356411 -0.754865348 -0.608258724
vn 0.610630333 -0.753335416 -0.244164363
vn -1.08562783e-13 1 0
vn 0.610636592 0.753327906 -0.244171873
vn 0.245350048 0.754871666 -0.608253419
vn 1.44750379e-12 -1 0
vn 0.610630333 -0.753335416 -0.244164363
vn 0.610636175 -0.753328264 0.244171992
vn -1.08562783e-13 1 0
vn 0.610630333 0.753335357 0.244164675
vn 0.610636592 0.753327906 -0.244171873
vn 1.44750379e-12 -1 0
vn 0.610636175 -0.753328264 0.244171992
vn 0.245349631 -0.754871964 0.608253181
vn -1.08562783e-13 1 0
vn 0.245356247 0.754864335 0.608259916
vn 0.610630333 0.753335357 0.244164675
vn 1.44750379e-12 -1 0
vn 0.245349631 -0.754871964 0.608253181
vn -0.245356098 -0.754864633 0.608259678
vn -1.08562783e-13 1 0
vn -0.245348424 0.754871726 0.608253896
vn 0.245356247 0.754864335 0.608259916
vn 1.44750379e-12 -1 0
vn -0.245356098 -0.754864633 0.608259678
vn -0.610630631 -0.753335536 0.244163573
vn -1.08562783e-13 1 0
vn -0.610636353 0.753328204 0.244171888
vn -0.245348424 0.754871726 0.608253896
vn 1.44750379e-12 -1 0
vn -0.610630631 -0.753335536 0.244163573
vn -0.610636473 -0.753328085 -0.244171709
vn -1.08562783e-13 1 0
vn -0.610630989 0.753335297 -0.244163424
vn -0.610636353 0.753328204 0.244171888
vn 1.44750379e-12 -1 0
vn -0.610636473 -0.753328085 -0.244171709
vn -0.245349497 -0.754871309 -0.608253896
vn -1.08562783e-13 1 0
vn -0.24535647 0.75486505 -0.608258843
vn -0.610630989 0.753335297 -0.244163424
vn -0.245350286 -0.754871726 -0.608253121
vn 0.380474776 -0.165777415 -0.909811378
vn 0.245357171 -0.754864514 -0.60825932
vn -0.245350286 -0.754871726 -0.608253121
vn -0.380477309 -0.165781721 -0.90980953
vn 0.380474776 -0.165777415 -0.909811378
vn 0.245357171 -0.754864514 -0.60825932
vn 0.909669399 -0.163918063 -0.381618172
vn 0.610630572 -0.753335655 -0.244163215
vn 0.245357171 -0.754864514 -0.60825932
vn 0.380474776 -0.165777415 -0.909811378
vn 0.909669399 -0.163918063 -0.381618172
vn 0.610630572 -0.753335655 -0.244163215
vn 0.909670591 -0.163914397 0.38161701
vn 0.610636234 -0.753328204 0.244171947
vn 0.610630572 -0.753335655 -0.244163215
vn 0.909669399 -0.163918063 -0.381618172
vn 0.909670591 -0.163914397 0.38161701
vn 0.610636234 -0.753328204 0.244171947
vn 0.380476147 -0.165781096 0.909810185
vn 0.245349765 -0.754870653 0.608254611
vn 0.610636234 -0.753328204 0.244171947
vn 0.909670591 -0.163914397 0.38161701
vn 0.380476147 -0.165781096 0.909810185
vn 0.245349765 -0.754870653 0.608254611
vn -0.380474776 -0.165777802 0.909811318
vn -0.245356172 -0.754864573 0.608259678
vn 0.245349765 -0.754870653 0.608254611
vn 0.380476147 -0.165781096 0.909810185
vn -0.380474776 -0.165777802 0.909811318
vn -0.245356172 -0.754864573 0.608259678
vn -0.909668922 -0.163918138 0.381619126
vn -0.610630155 -0.753335476 0.244164556
vn -0.245356172 -0.754864573 0.608259678
vn -0.380474776 -0.165777802 0.909811318
vn -0.909668922 -0.163918138 0.381619126
vn -0.610630155 -0.753335476 0.244164556
vn -0.909670591 -0.163914606 -0.381616771
vn -0.610636413 -0.753328085 -0.244171813
vn -0.610630155 -0.753335476 0.244164556
vn -0.909668922 -0.163918138 0.381619126
vn -0.909670591 -0.163914606 -0.381616771
vn -0.610636413 -0.753328085 -0.244171813
vn -0.380477309 -0.165781721 -0.90980953
vn -0.245350286 -0.754871726 -0.608253121
vn -0.610636413 -0.753328085 -0.244171813
vn -0.909670591 -0.163914606 -0.381616771
vn -0.380477309 -0.165781721 -0.90980953
vn -0.380477309 -0.165781721 -0.90980953
vn 0.380476266 0.165781215 -0.909810066
vn 0.380474776 -0.165777415 -0.909811378
vn -0.380477309 -0.165781721 -0.90980953
vn -0.380475789 0.16577822 -0.909810901
vn 0.380476266 0.165781215 -0.909810066
vn 0.380474776 -0.165777415 -0.909811378
vn 0.909670651 0.163915008 -0.381616384
vn 0.909669399 -0.163918063 -0.381618172
vn 0.380474776 -0.165777415 -0.909811378
vn 0.380476266 0.165781215 -0.909810066
vn 0.909670651 0.163915008 -0.381616384
vn 0.909669399 -0.163918063 -0.381618172
vn 0.909669697 0.163917869 0.381617665
vn 0.909670591 -0.163914397 0.38161701
vn 0.909669399 -0.163918063 -0.381618172
vn 0.909670651 0.163915008 -0.381616384
vn 0.909669697 0.163917869 0.381617665
vn 0.909670591 -0.163914397 0.38161701
vn 0.380475253 0.165777147 0.909811318
vn 0.380476147 -0.165781096 0.909810185
vn 0.909670591 -0.163914397 0.38161701
vn 0.909669697 0.163917869 0.381617665
vn 0.380475253 0.165777147 0.909811318
vn 0.380476147 -0.165781096 0.909810185
vn -0.380477607 0.165781751 0.909809411
vn -0.380474776 -0.165777802 0.909811318
vn 0.380476147 -0.165781096 0.909810185
vn 0.380475253 0.165777147 0.909811318
vn -0.380477607 0.165781751 0.909809411
vn -0.380474776 -0.165777802 0.909811318
vn -0.909670651 0.163914129 0.381617039
vn -0.909668922 -0.163918138 0.381619126
vn -0.380474776 -0.165777802 0.909811318
vn -0.380477607 0.165781751 0.909809411
vn -0.909670651 0.163914129 0.381617039
vn -0.909668922 -0.163918138 0.381619126
vn -0.909669161 0.163918346 -0.381618679
vn -0.909670591 -0.163914606 -0.381616771
vn -0.909668922 -0.163918138 0.381619126
vn -0.909670651 0.163914129 0.381617039
vn -0.909669161 0.163918346 -0.381618679
vn -0.909670591 -0.163914606 -0.381616771
vn -0.380475789 0.16577822 -0.909810901
vn -0.380477309 -0.165781721 -0.90980953
vn -0.909670591 -0.163914606 -0.381616771
vn -0.909669161 0.163918346 -0.381618679
vn -0.380475789 0.16577822 -0.909810901
vn -0.380475789 0.16577822 -0.909810901
vn 0.245350122 0.754870534 -0.608254731
vn 0.380476266 0.165781215 -0.909810066
vn -0.380475789 0.16577822 -0.909810901
vn -0.245357007 0.75486505 -0.608258724
vn 0.245350122 0.754870534 -0.608254731
vn 0.380476266 0.165781215 -0.909810066
vn 0.61063683 0.753327966 -0.244171247
vn 0.909670651 0.163915008 -0.381616384
vn 0.380476266 0.165781215 -0.909810066
vn 0.245350122 0.754870534 -0.608254731
vn 0.61063683 0.753327966 -0.244171247
vn 0.909670651 0.163915008 -0.381616384
vn 0.610630989 0.753335536 0.2441625
vn 0.909669697 0.163917869 0.381617665
vn 0.909670651 0.163915008 -0.381616384
vn 0.61063683 0.753327966 -0.244171247
vn 0.610630989 0.753335536 0.2441625
vn 0.909669697 0.163917869 0.381617665
vn 0.245357037 0.754864693 0.608259261
vn 0.380475253 0.165777147 0.909811318
vn 0.909669697 0.163917869 0.381617665
vn 0.610630989 0.753335536 0.2441625
vn 0.245357037 0.754864693 0.608259261
vn 0.380475253 0.165777147 0.909811318
vn -0.245349944 0.754872561 0.608252287
vn -0.380477607 0.165781751 0.909809411
vn 0.380475253 0.165777147 0.909811318
vn 0.245357037 0.754864693 0.608259261
vn -0.245349944 0.754872561 0.608252287
vn -0.380477607 0.165781751 0.909809411
vn -0.610636473 0.753328145 0.244171605
vn -0.909670651 0.163914129 0.381617039
vn -0.380477607 0.165781751 0.909809411
vn -0.245349944 0.754872561 0.608252287
vn -0.610636473 0.753328145 0.244171605
vn -0.909670651 0.163914129 0.381617039
vn -0.610630572 0.753335297 -0.244164392
vn -0.909669161 0.163918346 -0.381618679
vn -0.909670651 0.163914129 0.381617039
vn -0.610636473 0.753328145 0.244171605
vn -0.610630572 0.753335297 -0.244164392
vn -0.909669161 0.163918346 -0.381618679
vn -0.245357007 0.75486505 -0.608258724
vn -0.380475789 0.16577822 -0.909810901
vn -0.909669161 0.163918346 -0.381618679
vn -0.610630572 0.753335297 -0.244164392
vn -0.245357007 0.75486505 -0.608258724
vn -1.73700453e-12 -1 0
vn -0.245350286 -0.754871726 -0.608253121
vn 0.245357171 -0.754864514 -0.60825932
vn 8.14220856e-14 1 0
vn 0.245350122 0.754870534 -0.608254731
vn -0.245357007 0.75486505 -0.608258724
vn -1.73700453e-12 -1 0
vn 0.245357171 -0.754864514 -0.60825932
vn 0.610630572 -0.753335655 -0.244163215
vn 8.14220856e-14 1 0
vn 0.61063683 0.753327966 -0.244171247
vn 0.245350122 0.754870534 -0.608254731
vn -1.73700453e-12 -1 0
vn 0.610630572 -0.753335655 -0.244163215
vn 0.610636234 -0.753328204 0.244171947
vn 8.14220856e-14 1 0
vn 0.610630989 0.753335536 0.2441625
vn 0.61063683 0.753327966 -0.244171247
vn -1.73700453e-12 -1 0
vn 0.610636234 -0.753328204 0.244171947
vn 0.245349765 -0.754870653 0.608254611
vn 8.14220856e-14 1 0
vn 0.245357037 0.754864693 0.608259261
vn 0.610630989 0.753335536 0.2441625
vn -1.73700453e-12 -1 0
vn 0.245349765 -0.754870653 0.608254611
vn -0.245356172 -0.754864573 0.608259678
vn 8.14220856e-14 1 0
vn -0.245349944 0.754872561 0.608252287
vn 0.245357037 0.754864693 0.608259261
vn -1.73700453e-12 -1 0
vn -0.245356172 -0.754864573 0.608259678
vn -0.610630155 -0.753335476 0.244164556
vn 8.14220856e-14 1 0
vn -0.610636473 0.753328145 0.244171605
vn -0.245349944 0.754872561 0.608252287
vn -1.73700453e-12 -1 0
vn -0.610630155 -0.753335476 0.244164556
vn -0.610636413 -0.753328085 -0.244171813
vn 8.14220856e-14 1 0
vn -0.610630572 0.753335297 -0.244164392
vn -0.610636473 0.753328145 0.244171605
vn -1.73700453e-12 -1 0
vn -0.610636413 -0.753328085 -0.244171813
vn -0.245350286 -0.754871726 -0.608253121
vn 8.14220856e-14 1 0
vn -0.245357007 0.75486505 -0.608258724
vn -0.610630572 0.753335297 -0.244164392
vn -0.245352641 -0.754871786 -0.608252168
vn 0.380474836 -0.165778264 -0.909811199
vn 0.245356366 -0.75486505 -0.608258963
vn -0.245352641 -0.754871786 -0.608252168
vn -0.380477816 -0.165781513 -0.909809411
vn 0.380474836 -0.165778264 -0.909811199
vn 0.245356366 -0.75486505 -0.608258963
vn 0.909669399 -0.16391848 -0.381618053
vn 0.610630751 -0.753335476 -0.244163349
vn 0.245356366 -0.75486505 -0.608258963
vn 0.380474836 -0.165778264 -0.909811199
vn 0.909669399 -0.16391848 -0.381618053
vn 0.610630751 -0.753335476 -0.244163349
vn 0.909670174 -0.163914457 0.381617874
vn 0.610636234 -0.753328264 0.244171917
vn 0.610630751 -0.753335476 -0.244163349
vn 0.909669399 -0.16391848 -0.381618053
vn 0.909670174 -0.163914457 0.381617874
vn 0.610636234 -0.753328264 0.244171917
vn 0.380475432 -0.165781438 0.909810364
vn 0.245348901 -0.754871428 0.608254075
vn 0.610636234 -0.753328264 0.244171917
vn 0.909670174 -0.163914457 0.381617874
vn 0.380475432 -0.165781438 0.909810364
vn 0.245348901 -0.754871428 0.608254075
vn -0.38047424 -0.165777385 0.909811676
vn -0.245357558 -0.754864395 0.60825932
vn 0.245348901 -0.754871428 0.608254075
vn 0.380475432 -0.165781438 0.909810364
vn -0.38047424 -0.165777385 0.909811676
vn -0.245357558 -0.754864395 0.60825932
vn -0.909668863 -0.163918212 0.381619453
vn -0.610630393 -0.753335714 0.244163424
vn -0.245357558 -0.754864395 0.60825932
vn -0.38047424 -0.165777385 0.909811676
vn -0.909668863 -0.163918212 0.381619453
vn -0.610630393 -0.753335714 0.244163424
vn -0.909670591 -0.163914621 -0.38161689
vn -0.610636771 -0.753328025 -0.244171023
vn -0.610630393 -0.753335714 0.244163424
vn -0.909668863 -0.163918212 0.381619453
vn -0.909670591 -0.163914621 -0.38161689
vn -0.610636771 -0.753328025 -0.244171023
vn -0.380477816 -0.165781513 -0.909809411
vn -0.245352641 -0.754871786 -0.608252168
vn -0.610636771 -0.753328025 -0.244171023
vn -0.909670591 -0.163914621 -0.38161689
vn -0.380477816 -0.165781513 -0.909809411
vn -0.380477816 -0.165781513 -0.909809411
vn 0.380475581 0.165781587 -0.909810305
vn 0.380474836 -0.165778264 -0.909811199
vn -0.380477816 -0.165781513 -0.909809411
vn -0.38047418 0.165777162 -0.909811735
vn 0.380475581 0.165781587 -0.909810305
vn 0.380474836 -0.165778264 -0.909811199
vn 0.909670353 0.163915068 -0.381617218
vn 0.909669399 -0.16391848 -0.381618053
vn 0.380474836 -0.165778264 -0.909811199
vn 0.380475581 0.165781587 -0.909810305
vn 0.909670353 0.163915068 -0.381617218
vn 0.909669399 -0.16391848 -0.381618053
vn 0.909669638 0.163918167 0.381617576
vn 0.909670174 -0.163914457 0.381617874
vn 0.909669399 -0.16391848 -0.381618053
vn 0.909670353 0.163915068 -0.381617218
vn 0.909669638 0.163918167 0.381617576
vn 0.909670174 -0.163914457 0.381617874
vn 0.380475342 0.165777281 0.909811199
vn 0.380475432 -0.165781438 0.909810364
vn 0.909670174 -0.163914457 0.381617874
vn 0.909669638 0.163918167 0.381617576
vn 0.380475342 0.165777281 0.909811199
vn 0.380475432 -0.165781438 0.909810364
vn -0.380477756 0.165781498 0.909809411
vn -0.38047424 -0.165777385 0.909811676
vn 0.380475432 -0.165781438 0.909810364
vn 0.380475342 0.165777281 0.909811199
vn -0.380477756 0.165781498 0.909809411
vn -0.38047424 -0.165777385 0.909811676
vn -0.909670591 0.163914129 0.381617099
vn -0.909668863 -0.163918212 0.381619453
vn -0.38047424 -0.165777385 0.909811676
vn -0.380477756 0.165781498 0.909809411
vn -0.909670591 0.163914129 0.381617099
vn -0.909668863 -0.163918212 0.381619453
vn -0.909668982 0.163918257 -0.381619096
vn -0.909670591 -0.163914621 -0.38161689
vn -0.909668863 -0.163918212 0.381619453
vn -0.909670591 0.163914129 0.381617099
vn -0.909668982 0.163918257 -0.381619096
vn -0.909670591 -0.163914621 -0.38161689
vn -0.38047418 0.165777162 -0.909811735
vn -0.380477816 -0.165781513 -0.909809411
vn -0.909670591 -0.163914621 -0.38161689
vn -0.909668982 0.163918257 -0.381619096
vn -0.38047418 0.165777162 -0.909811735
vn -0.38047418 0.165777162 -0.909811735
vn 0.245349318 0.75487113 -0.608254194
vn 0.380475581 0.165781587 -0.909810305
vn -0.38047418 0.165777162 -0.909811735
vn -0.245357975 0.754864573 -0.608258903
vn 0.245349318 0.75487113 -0.608254194
vn 0.380475581 0.165781587 -0.909810305
vn 0.61063689 0.753327966 -0.244171262
vn 0.909670353 0.163915068 -0.381617218
vn 0.380475581 0.165781587 -0.909810305
vn 0.245349318 0.75487113 -0.608254194
vn 0.61063689 0.753327966 -0.244171262
vn 0.909670353 0.163915068 -0.381617218
vn 0.610631227 0.753335416 0.244162664
vn 0.909669638 0.163918167 0.381617576
vn 0.909670353 0.163915068 -0.381617218
vn 0.61063689 0.753327966 -0.244171262
vn 0.610631227 0.753335416 0.244162664
vn 0.909669638 0.163918167 0.381617576
vn 0.245356485 0.754864514 0.608259737
vn 0.380475342 0.165777281 0.909811199
vn 0.909669638 0.163918167 0.381617576
vn 0.610631227 0.753335416 0.244162664
vn 0.245356485 0.754864514 0.608259737
vn 0.380475342 0.165777281 0.909811199
vn -0.245351806 0.754871905 0.608252347
vn -0.380477756 0.165781498 0.909809411
vn 0.380475342 0.165777281 0.909811199
vn 0.245356485 0.754864514 0.608259737
vn -0.245351806 0.754871905 0.608252347
vn -0.380477756 0.165781498 0.909809411
vn -0.610636771 0.753328025 0.244171262
vn -0.909670591 0.163914129 0.381617099
vn -0.380477756 0.165781498 0.909809411
vn -0.245351806 0.754871905 0.608252347
vn -0.610636771 0.753328025 0.244171262
vn -0.909670591 0.163914129 0.381617099
vn -0.610631227 0.753335536 -0.244162276
vn -0.909668982 0.163918257 -0.381619096
vn -0.909670591 0.163914129 0.381617099
vn -0.610636771 0.753328025 0.244171262
vn -0.610631227 0.753335536 -0.244162276
vn -0.909668982 0.163918257 -0.381619096
vn -0.245357975 0.754864573 -0.608258903
vn -0.38047418 0.165777162 -0.909811735
vn -0.909668982 0.163918257 -0.381619096
vn -0.610631227 0.753335536 -0.244162276
vn -0.245357975 0.754864573 -0.608258903
vn 1.73700453e-12 -1 0
vn -0.245352641 -0.754871786 -0.608252168
vn 0.245356366 -0.75486505 -0.608258963
vn -8.14220856e-14 1 0
vn 0.245349318 0.75487113 -0.608254194
vn -0.245357975 0.754864573 -0.608258903
vn 1.73700453e-12 -1 0
vn 0.245356366 -0.75486505 -0.608258963
vn 0.610630751 -0.753335476 -0.244163349
vn -8.14220856e-14 1 0
vn 0.61063689 0.753327966 -0.244171262
vn 0.245349318 0.75487113 -0.608254194
vn 1.73700453e-12 -1 0
vn 0.610630751 -0.753335476 -0.244163349
vn 0.610636234 -0.753328264 0.244171917
vn -8.14220856e-14 1 0
vn 0.610631227 0.753335416 0.244162664
vn 0.61063689 0.753327966 -0.244171262
vn 1.73700453e-12 -1 0
vn 0.610636234 -0.753328264 0.244171917
vn 0.245348901 -0.754871428 0.608254075
vn -8.14220856e-14 1 0
vn 0.245356485 0.754864514 0.608259737
vn 0.610631227 0.753335416 0.244162664
vn 1.73700453e-12 -1 0
vn 0.245348901 -0.754871428 0.608254075
vn -0.245357558 -0.754864395 0.60825932
vn -8.14220856e-14 1 0
vn -0.245351806 0.754871905 0.608252347
vn 0.245356485 0.754864514 0.608259737
vn 1.73700453e-12 -1 0
vn -0.245357558 -0.754864395 0.60825932
vn -0.610630393 -0.753335714 0.244163424
vn -8.14220856e-14 1 0
vn -0.610636771 0.753328025 0.244171262
vn -0.245351806 0.754871905 0.608252347
vn 1.73700453e-12 -1 0
vn -0.610630393 -0.753335714 0.244163424
vn -0.610636771 -0.753328025 -0.244171023
vn -8.14220856e-14 1 0
vn -0.610631227 0.753335536 -0.244162276
vn -0.610636771 0.753328025 0.244171262
vn 1.73700453e-12 -1 0
vn -0.610636771 -0.753328025 -0.244171023
vn -0.245352641 -0.754871786 -0.608252168
vn -8.14220856e-14 1 0
vn -0.245357975 0.754864573 -0.608258903
vn -0.610631227 0.753335536 -0.244162276
vn -0.233568981 -0.787626803 -0.57016623
vn 0.375347137 -0.209579885 -0.902879179
vn 0.233574063 -0.787622154 -0.570170581
vn -0.233568981 -0.787626803 -0.57016623
vn -0.37535423 -0.209582627 -0.902875602
vn 0.375347137 -0.209579885 -0.902879179
vn 0.233574063 -0.787622154 -0.570170581
vn 0.901917756 -0.191388726 -0.387188315
vn 0.596518338 -0.771409929 -0.221568599
vn 0.233574063 -0.787622154 -0.570170581
vn 0.375347137 -0.209579885 -0.902879179
vn 0.901917756 -0.191388726 -0.387188315
vn 0.596518338 -0.771409929 -0.221568599
vn 0.901917934 -0.191389635 0.387187272
vn 0.596529663 -0.771399736 0.221573561
vn 0.596518338 -0.771409929 -0.221568599
vn 0.901917756 -0.191388726 -0.387188315
vn 0.901917934 -0.191389635 0.387187272
vn 0.596529663 -0.771399736 0.221573561
vn 0.375354111 -0.209582478 0.902875602
vn 0.233569801 -0.787626624 0.570166171
vn 0.596529663 -0.771399736 0.221573561
vn 0.901917934 -0.191389635 0.387187272
vn 0.375354111 -0.209582478 0.902875602
vn 0.233569801 -0.787626624 0.570166171
vn -0.375347346 -0.209579647 0.902879119
vn -0.233574882 -0.787621856 0.570170641
vn 0.233569801 -0.787626624 0.570166171
vn 0.375354111 -0.209582478 0.902875602
vn -0.375347346 -0.209579647 0.902879119
vn -0.233574882 -0.787621856 0.570170641
vn -0.901917756 -0.191388667 0.387188107
vn -0.596518755 -0.771409571 0.221568286
vn -0.233574882 -0.787621856 0.570170641
vn -0.375347346 -0.209579647 0.902879119
vn -0.901917756 -0.191388667 0.387188107
vn -0.596518755 -0.771409571 0.221568286
vn -0.901918054 -0.191389874 -0.387187064
vn -0.596529067 -0.771400273 -0.221573502
vn -0.596518755 -0.771409571 0.221568286
vn -0.901917756 -0.191388667 0.387188107
vn -0.901918054 -0.191389874 -0.387187064
vn -0.596529067 -0.771400273 -0.221573502
vn -0.37535423 -0.209582627 -0.902875602
vn -0.233568981 -0.787626803 -0.57016623
vn -0.596529067 -0.771400273 -0.221573502
vn -0.901918054 -0.191389874 -0.387187064
vn -0.37535423 -0.209582627 -0.902875602
vn -0.37535423 -0.209582627 -0.902875602
vn 0.37535426 0.209582716 -0.902875602
vn 0.375347137 -0.209579885 -0.902879179
vn -0.37535423 -0.209582627 -0.902875602
vn -0.375346988 0.20957996 -0.902879179
vn 0.37535426 0.209582716 -0.902875602
vn 0.375347137 -0.209579885 -0.902879179
vn 0.901917994 0.191389829 -0.387187064
vn 0.901917756 -0.191388726 -0.387188315
vn 0.375347137 -0.209579885 -0.902879179
vn 0.37535426 0.209582716 -0.902875602
vn 0.901917994 0.191389829 -0.387187064
vn 0.901917756 -0.191388726 -0.387188315
vn 0.901917756 0.19138886 0.387188196
vn 0.901917934 -0.191389635 0.387187272
vn 0.901917756 -0.191388726 -0.387188315
vn 0.901917994 0.191389829 -0.387187064
vn 0.901917756 0.19138886 0.387188196
vn 0.901917934 -0.191389635 0.387187272
vn 0.375347167 0.209579915 0.902879179
vn 0.375354111 -0.209582478 0.902875602
vn 0.901917934 -0.191389635 0.387187272
vn 0.901917756 0.19138886 0.387188196
vn 0.375347167 0.209579915 0.902879179
vn 0.375354111 -0.209582478 0.902875602
vn -0.37535423 0.209582731 0.902875602
vn -0.375347346 -0.209579647 0.902879119
vn 0.375354111 -0.209582478 0.902875602
vn 0.375347167 0.209579915 0.902879179
vn -0.37535423 0.209582731 0.902875602
vn -0.375347346 -0.209579647 0.902879119
vn -0.901918113 0.191389784 0.387186944
vn -0.901917756 -0.191388667 0.387188107
vn -0.375347346 -0.209579647 0.902879119
vn -0.37535423 0.209582731 0.902875602
vn -0.901918113 0.191389784 0.387186944
vn -0.901917756 -0.191388667 0.387188107
vn -0.901917696 0.191388845 -0.387188256
vn -0.901918054 -0.191389874 -0.387187064
vn -0.901917756 -0.191388667 0.387188107
vn -0.901918113 0.191389784 0.387186944
vn -0.901917696 0.191388845 -0.387188256
vn -0.901918054 -0.191389874 -0.387187064
vn -0.375346988 0.20957996 -0.902879179
vn -0.37535423 -0.209582627 -0.902875602
vn -0.901918054 -0.191389874 -0.387187064
vn -0.901917696 0.191388845 -0.387188256
vn -0.375346988 0.20957996 -0.902879179
vn -0.375346988 0.20957996 -0.902879179
vn 0.233569711 0.787626803 -0.570165992
vn 0.37535426 0.209582716 -0.902875602
vn -0.375346988 0.20957996 -0.902879179
vn -0.233574793 0.787622154 -0.570170403
vn 0.233569711 0.787626803 -0.570165992
vn 0.37535426 0.209582716 -0.902875602
vn 0.596529841 0.771399677 -0.221573338
vn 0.901917994 0.191389829 -0.387187064
vn 0.37535426 0.209582716 -0.902875602
vn 0.233569711 0.787626803 -0.570165992
vn 0.596529841 0.771399677 -0.221573338
vn 0.901917994 0.191389829 -0.387187064
vn 0.596518874 0.771409631 0.221568257
vn 0.901917756 0.19138886 0.387188196
vn 0.901917994 0.191389829 -0.387187064
vn 0.596529841 0.771399677 -0.221573338
vn 0.596518874 0.771409631 0.221568257
vn 0.901917756 0.19138886 0.387188196
vn 0.233574659 0.787622035 0.570170522
vn 0.375347167 0.209579915 0.902879179
vn 0.901917756 0.19138886 0.387188196
vn 0.596518874 0.771409631 0.221568257
vn 0.233574659 0.787622035 0.570170522
vn 0.375347167 0.209579915 0.902879179
vn -0.23356916 0.787626743 0.570166349
vn -0.37535423 0.209582731 0.902875602
vn 0.375347167 0.209579915 0.902879179
vn 0.233574659 0.787622035 0.570170522
vn -0.23356916 0.787626743 0.570166349
vn -0.37535423 0.209582731 0.902875602
vn -0.596529484 0.771399856 0.221573442
vn -0.901918113 0.191389784 0.387186944
vn -0.37535423 0.209582731 0.902875602
vn -0.23356916 0.787626743 0.570166349
vn -0.596529484 0.771399856 0.221573442
vn -0.901918113 0.191389784 0.387186944
vn -0.596519113 0.771409452 -0.221568137
vn -0.901917696 0.191388845 -0.387188256
vn -0.901918113 0.191389784 0.387186944
vn -0.596529484 0.771399856 0.221573442
vn -0.596519113 0.771409452 -0.221568137
vn -0.901917696 0.191388845 -0.387188256
vn -0.233574793 0.787622154 -0.570170403
vn -0.375346988 0.20957996 -0.902879179
vn -0.901917696 0.191388845 -0.387188256
vn -0.596519113 0.771409452 -0.221568137
vn -0.233574793 0.787622154 -0.570170403
vn -5.42810697e-14 -1 0
vn -0.233568981 -0.787626803 -0.57016623
vn 0.233574063 -0.787622154 -0.570170581
vn 4.07108022e-14 1 0
vn 0.233569711 0.787626803 -0.570165992
vn -0.233574793 0.787622154 -0.570170403
vn -5.42810697e-14 -1 0
vn 0.233574063 -0.787622154 -0.570170581
vn 0.596518338 -0.771409929 -0.221568599
vn 4.07108022e-14 1 0
vn 0.596529841 0.771399677 -0.221573338
vn 0.233569711 0.787626803 -0.570165992
vn -5.42810697e-14 -1 0
vn 0.596518338 -0.771409929 -0.221568599
vn 0.596529663 -0.771399736 0.221573561
vn 4.07108022e-14 1 0
vn 0.596518874 0.771409631 0.221568257
vn 0.596529841 0.771399677 -0.221573338
vn -5.42810697e-14 -1 0
vn 0.596529663 -0.771399736 0.221573561
vn 0.233569801 -0.787626624 0.570166171
vn 4.07108022e-14 1 0
vn 0.233574659 0.787622035 0.570170522
vn 0.596518874 0.771409631 0.221568257
vn -5.42810697e-14 -1 0
vn 0.233569801 -0.787626624 0.570166171
vn -0.233574882 -0.787621856 0.570170641
vn 4.07108022e-14 1 0
vn -0.23356916 0.787626743 0.570166349
vn 0.233574659 0.787622035 0.570170522
vn -5.42810697e-14 -1 0
vn -0.233574882 -0.787621856 0.570170641
vn -0.596518755 -0.771409571 0.221568286
vn 4.07108022e-14 1 0
vn -0.596529484 0.771399856 0.221573442
vn -0.23356916 0.787626743 0.570166349
vn -5.42810697e-14 -1 0
vn -0.596518755 -0.771409571 0.221568286
vn -0.596529067 -0.771400273 -0.221573502
vn 4.07108022e-14 1 0
vn -0.596519113 0.771409452 -0.221568137
vn -0.596529484 0.771399856 0.221573442
vn -5.42810697e-14 -1 0
vn -0.596529067 -0.771400273 -0.221573502
vn -0.233568981 -0.787626803 -0.57016623
vn 4.07108022e-14 1 0
vn -0.233574793 0.787622154 -0.570170403
vn -0.596519113 0.771409452 -0.221568137
vn -0.154380679 -0.905216634 -0.395915806
vn 0.357818156 -0.379052311 -0.853396416
vn 0.154380411 -0.905213416 -0.395923316
vn -0.154380679 -0.905216634 -0.395915806
vn -0.35782674 -0.379063159 -0.853388011
vn 0.357818156 -0.379052311 -0.853396416
vn 0.154380411 -0.905213416 -0.395923316
vn 0.854549825 -0.350978464 -0.382829785
vn 0.474333197 -0.870483339 -0.131403327
vn 0.154380411 -0.905213416 -0.395923316
vn 0.357818156 -0.379052311 -0.853396416
vn 0.854549825 -0.350978464 -0.382829785
vn 0.474333197 -0.870483339 -0.131403327
vn 0.854556441 -0.350969136 0.382823527
vn 0.474332035 -0.870483458 0.131406382
vn 0.474333197 -0.870483339 -0.131403327
vn 0.854549825 -0.350978464 -0.382829785
vn 0.854556441 -0.350969136 0.382823527
vn 0.474332035 -0.870483458 0.131406382
vn 0.35782662 -0.379063368 0.853388011
vn 0.154380918 -0.905216575 0.395915955
vn 0.474332035 -0.870483458 0.131406382
vn 0.854556441 -0.350969136 0.382823527
vn 0.35782662 -0.379063368 0.853388011
vn 0.154380918 -0.905216575 0.395915955
vn -0.357818335 -0.379051983 0.853396535
vn -0.154380083 -0.905213416 0.395923585
vn 0.154380918 -0.905216575 0.395915955
vn 0.35782662 -0.379063368 0.853388011
vn -0.357818335 -0.379051983 0.853396535
vn -0.154380083 -0.905213416 0.395923585
vn -0.854549825 -0.350978494 0.382829726
vn -0.474332571 -0.870483696 0.131403267
vn -0.154380083 -0.905213416 0.395923585
vn -0.357818335 -0.379051983 0.853396535
vn -0.854549825 -0.350978494 0.382829726
vn -0.474332571 -0.870483696 0.131403267
vn -0.854556859 -0.350968629 -0.382823199
vn -0.474332422 -0.870483279 -0.131406277
vn -0.474332571 -0.870483696 0.131403267
vn -0.854549825 -0.350978494 0.382829726
vn -0.854556859 -0.350968629 -0.382823199
vn -0.474332422 -0.870483279 -0.131406277
vn -0.35782674 -0.379063159 -0.853388011
vn -0.154380679 -0.905216634 -0.395915806
vn -0.474332422 -0.870483279 -0.131406277
vn -0.854556859 -0.350968629 -0.382823199
vn -0.35782674 -0.379063159 -0.853388011
vn -0.35782674 -0.379063159 -0.853388011
vn 0.35782662 0.379063696 -0.853387833
vn 0.357818156 -0.379052311 -0.853396416
vn -0.35782674 -0.379063159 -0.853388011
vn -0.357817918 0.379052699 -0.853396356
vn 0.35782662 0.379063696 -0.853387833
vn 0.357818156 -0.379052311 -0.853396416
vn 0.854556561 0.350969166 -0.382823229
vn 0.854549825 -0.350978464 -0.382829785
vn 0.357818156 -0.379052311 -0.853396416
vn 0.35782662 0.379063696 -0.853387833
vn 0.854556561 0.350969166 -0.382823229
vn 0.854549825 -0.350978464 -0.382829785
vn 0.854549766 0.350978822 0.382829785
vn 0.854556441 -0.350969136 0.382823527
vn 0.854549825 -0.350978464 -0.382829785
vn 0.854556561 0.350969166 -0.382823229
vn 0.854549766 0.350978822 0.382829785
vn 0.854556441 -0.350969136 0.382823527
vn 0.357818365 0.37905252 0.853396297
vn 0.35782662 -0.379063368 0.853388011
vn 0.854556441 -0.350969136 0.382823527
vn 0.854549766 0.350978822 0.382829785
vn 0.357818365 0.37905252 0.853396297
vn 0.35782662 -0.379063368 0.853388011
vn -0.35782662 0.379063338 0.853387952
vn -0.357818335 -0.379051983 0.853396535
vn 0.35782662 -0.379063368 0.853388011
vn 0.357818365 0.37905252 0.853396297
vn -0.35782662 0.379063338 0.853387952
vn -0.357818335 -0.379051983 0.853396535
vn -0.854556859 0.350968689 0.38282305
vn -0.854549825 -0.350978494 0.382829726
vn -0.357818335 -0.379051983 0.853396535
vn -0.35782662 0.379063338 0.853387952
vn -0.854556859 0.350968689 0.38282305
vn -0.854549825 -0.350978494 0.382829726
vn -0.854549706 0.350979179 -0.382829666
vn -0.854556859 -0.350968629 -0.382823199
vn -0.854549825 -0.350978494 0.382829726
vn -0.854556859 0.350968689 0.38282305
vn -0.854549706 0.350979179 -0.382829666
vn -0.854556859 -0.350968629 -0.382823199
vn -0.357817918 0.379052699 -0.853396356
vn -0.35782674 -0.379063159 -0.853388011
vn -0.854556859 -0.350968629 -0.382823199
vn -0.854549706 0.350979179 -0.382829666
vn -0.357817918 0.379052699 -0.853396356
vn -0.357817918 0.379052699 -0.853396356
vn 0.154379979 0.905216932 -0.395915478
vn 0.35782662 0.379063696 -0.853387833
vn -0.357817918 0.379052699 -0.853396356
vn -0.154380023 0.905213654 -0.395923108
vn 0.154379979 0.905216932 -0.395915478
vn 0.35782662 0.379063696 -0.853387833
vn 0.474331409 0.870483816 -0.131406248
vn 0.854556561 0.350969166 -0.382823229
vn 0.35782662 0.379063696 -0.853387833
vn 0.154379979 0.905216932 -0.395915478
vn 0.474331409 0.870483816 -0.131406248
vn 0.854556561 0.350969166 -0.382823229
vn 0.474332035 0.870483935 0.131403223
vn 0.854549766 0.350978822 0.382829785
vn 0.854556561 0.350969166 -0.382823229
vn 0.474331409 0.870483816 -0.131406248
vn 0.474332035 0.870483935 0.131403223
vn 0.854549766 0.350978822 0.382829785
vn 0.154380068 0.905213654 0.395922989
vn 0.357818365 0.37905252 0.853396297
vn 0.854549766 0.350978822 0.382829785
vn 0.474332035 0.870483935 0.131403223
vn 0.154380068 0.905213654 0.395922989
vn 0.357818365 0.37905252 0.853396297
vn -0.154379785 0.905216873 0.395915806
vn -0.35782662 0.379063338 0.853387952
vn 0.357818365 0.37905252 0.853396297
vn 0.154380068 0.905213654 0.395922989
vn -0.154379785 0.905216873 0.395915806
vn -0.35782662 0.379063338 0.853387952
vn -0.474331796 0.870483637 0.131406248
vn -0.854556859 0.350968689 0.38282305
vn -0.35782662 0.379063338 0.853387952
vn -0.154379785 0.905216873 0.395915806
vn -0.474331796 0.870483637 0.131406248
vn -0.854556859 0.350968689 0.38282305
vn -0.474332362 0.870483875 -0.131403089
vn -0.854549706 0.350979179 -0.382829666
vn -0.854556859 0.350968689 0.38282305
vn -0.474331796 0.870483637 0.131406248
vn -0.474332362 0.870483875 -0.131403089
vn -0.854549706 0.350979179 -0.382829666
vn -0.154380023 0.905213654 -0.395923108
vn -0.357817918 0.379052699 -0.853396356
vn -0.854549706 0.350979179 -0.382829666
vn -0.474332362 0.870483875 -0.131403089
vn -0.154380023 0.905213654 -0.395923108
vn 0 -1 0
vn -0.154380679 -0.905216634 -0.395915806
vn 0.154380411 -0.905213416 -0.395923316
vn 1.5606105e-13 1 0
vn 0.154379979 0.905216932 -0.395915478
vn -0.154380023 0.905213654 -0.395923108
vn 0 -1 0
vn 0.154380411 -0.905213416 -0.395923316
vn 0.474333197 -0.870483339 -0.131403327
vn 1.5606105e-13 1 0
vn 0.474331409 0.870483816 -0.131406248
vn 0.154379979 0.905216932 -0.395915478
vn 0 -1 0
vn 0.474333197 -0.870483339 -0.131403327
vn 0.474332035 -0.870483458 0.131406382
vn 1.5606105e-13 1 0
vn 0.474332035 0.870483935 0.131403223
vn 0.474331409 0.870483816 -0.131406248
vn 0 -1 0
vn 0.474332035 -0.870483458 0.131406382
vn 0.154380918 -0.905216575 0.395915955
vn 1.5606105e-13 1 0
vn 0.154380068 0.905213654 0.395922989
vn 0.474332035 0.870483935 0.131403223
vn 0 -1 0
vn 0.154380918 -0.905216575 0.395915955
vn -0.154380083 -0.905213416 0.395923585
vn 1.5606105e-13 1 0
vn -0.154379785 0.905216873 0.395915806
vn 0.154380068 0.905213654 0.395922989
vn 0 -1 0
vn -0.154380083 -0.905213416 0.395923585
vn -0.474332571 -0.870483696 0.131403267
vn 1.5606105e-13 1 0
vn -0.474331796 0.870483637 0.131406248
vn -0.154379785 0.905216873 0.395915806
vn 0 -1 0
vn -0.474332571 -0.870483696 0.131403267
vn -0.474332422 -0.870483279 -0.131406277
vn 1.5606105e-13 1 0
vn -0.474332362 0.870483875 -0.131403089
vn -0.474331796 0.870483637 0.131406248
vn 0 -1 0
vn -0.474332422 -0.870483279 -0.131406277
vn -0.154380679 -0.905216634 -0.395915806
vn 1.5606105e-13 1 0
vn -0.154380023 0.905213654 -0.395923108
vn -0.474332362 0.870483875 -0.131403089
vn -0.234326839 -0.78200835 -0.577541351
vn 0.376996607 -0.202085748 -0.903899789
vn 0.234333143 -0.782003224 -0.577545762
vn -0.234326839 -0.78200835 -0.577541351
vn -0.376992971 -0.202085644 -0.903901339
vn 0.376996607 -0.202085748 -0.903899789
vn 0.234333143 -0.782003224 -0.577545762
vn 0.903158724 -0.188853502 -0.38553682
vn 0.596369445 -0.770344615 -0.225638226
vn 0.234333143 -0.782003224 -0.577545762
vn 0.376996607 -0.202085748 -0.903899789
vn 0.903158724 -0.188853502 -0.38553682
vn 0.596369445 -0.770344615 -0.225638226
vn 0.903159201 -0.188852027 0.385536551
vn 0.596375465 -0.77033776 0.225646213
vn 0.596369445 -0.770344615 -0.225638226
vn 0.903158724 -0.188853502 -0.38553682
vn 0.903159201 -0.188852027 0.385536551
vn 0.596375465 -0.77033776 0.225646213
vn 0.376992971 -0.202085644 0.903901398
vn 0.234327018 -0.78200841 0.577541232
vn 0.596375465 -0.77033776 0.225646213
vn 0.903159201 -0.188852027 0.385536551
vn 0.376992971 -0.202085644 0.903901398
vn 0.234327018 -0.78200841 0.577541232
vn -0.376996547 -0.202085838 0.903899789
vn -0.234333023 -0.782003224 0.577545643
vn 0.234327018 -0.78200841 0.577541232
vn 0.376992971 -0.202085644 0.903901398
vn -0.376996547 -0.202085838 0.903899789
vn -0.234333023 -0.782003224 0.577545643
vn -0.903158665 -0.188853621 0.385536909
vn -0.596369445 -0.770344615 0.22563836
vn -0.234333023 -0.782003224 0.577545643
vn -0.376996547 -0.202085838 0.903899789
vn -0.903158665 -0.188853621 0.385536909
vn -0.596369445 -0.770344615 0.22563836
vn -0.903159201 -0.18885231 -0.385536432
vn -0.596375287 -0.77033788 -0.225646019
vn -0.596369445 -0.770344615 0.22563836
vn -0.903158665 -0.188853621 0.385536909
vn -0.903159201 -0.18885231 -0.385536432
vn -0.596375287 -0.77033788 -0.225646019
vn -0.376992971 -0.202085644 -0.903901339
vn -0.234326839 -0.78200835 -0.577541351
vn -0.596375287 -0.77033788 -0.225646019
vn -0.903159201 -0.18885231 -0.385536432
vn -0.376992971 -0.202085644 -0.903901339
vn -0.376992971 -0.202085644 -0.903901339
vn 0.37699303 0.202085659 -0.903901339
vn 0.376996607 -0.202085748 -0.903899789
vn -0.376992971 -0.202085644 -0.903901339
vn -0.376996547 0.202085868 -0.903899789
vn 0.37699303 0.202085659 -0.903901339
vn 0.376996607 -0.202085748 -0.903899789
vn 0.903159201 0.188852131 -0.385536551
vn 0.903158724 -0.188853502 -0.38553682
vn 0.376996607 -0.202085748 -0.903899789
vn 0.37699303 0.202085659 -0.903901339
vn 0.903159201 0.188852131 -0.385536551
vn 0.903158724 -0.188853502 -0.38553682
vn 0.903158724 0.188853517 0.385536849
vn 0.903159201 -0.188852027 0.385536551
vn 0.903158724 -0.188853502 -0.38553682
vn 0.903159201 0.188852131 -0.385536551
vn 0.903158724 0.188853517 0.385536849
vn 0.903159201 -0.188852027 0.385536551
vn 0.376996636 0.202085763 0.903899789
vn 0.376992971 -0.202085644 0.903901398
vn 0.903159201 -0.188852027 0.385536551
vn 0.903158724 0.188853517 0.385536849
vn 0.376996636 0.202085763 0.903899789
vn 0.376992971 -0.202085644 0.903901398
vn -0.376992941 0.202085704 0.903901339
vn -0.376996547 -0.202085838 0.903899789
vn 0.376992971 -0.202085644 0.903901398
vn 0.376996636 0.202085763 0.903899789
vn -0.376992941 0.202085704 0.903901339
vn -0.376996547 -0.202085838 0.903899789
vn -0.903159201 0.188852221 0.385536432
vn -0.903158665 -0.188853621 0.385536909
vn -0.376996547 -0.202085838 0.903899789
vn -0.376992941 0.202085704 0.903901339
vn -0.903159201 0.188852221 0.385536432
vn -0.903158665 -0.188853621 0.385536909
vn -0.903158665 0.188853696 -0.385536849
vn -0.903159201 -0.18885231 -0.385536432
vn -0.903158665 -0.188853621 0.385536909
vn -0.903159201 0.188852221 0.385536432
vn -0.903158665 0.188853696 -0.385536849
vn -0.903159201 -0.18885231 -0.385536432
vn -0.376996547 0.202085868 -0.903899789
vn -0.376992971 -0.202085644 -0.903901339
vn -0.903159201 -0.18885231 -0.385536432
vn -0.903158665 0.188853696 -0.385536849
vn -0.376996547 0.202085868 -0.903899789
vn -0.376996547 0.202085868 -0.903899789
vn 0.234327018 0.78200841 -0.577541232
vn 0.37699303 0.202085659 -0.903901339
vn -0.376996547 0.202085868 -0.903899789
vn -0.234333009 0.782003343 -0.577545583
vn 0.234327018 0.78200841 -0.577541232
vn 0.37699303 0.202085659 -0.903901339
vn 0.596375406 0.77033782 -0.225646034
vn 0.903159201 0.188852131 -0.385536551
vn 0.37699303 0.202085659 -0.903901339
vn 0.234327018 0.78200841 -0.577541232
vn 0.596375406 0.77033782 -0.225646034
vn 0.903159201 0.188852131 -0.385536551
vn 0.596369505 0.770344496 0.22563839
vn 0.903158724 0.188853517 0.385536849
vn 0.903159201 0.188852131 -0.385536551
vn 0.596375406 0.77033782 -0.225646034
vn 0.596369505 0.770344496 0.22563839
vn 0.903158724 0.188853517 0.385536849
vn 0.234333232 0.782003105 0.577545762
vn 0.376996636 0.202085763 0.903899789
vn 0.903158724 0.188853517 0.385536849
vn 0.596369505 0.770344496 0.22563839
vn 0.234333232 0.782003105 0.577545762
vn 0.376996636 0.202085763 0.903899789
vn -0.234326765 0.78200829 0.577541232
vn -0.376992941 0.202085704 0.903901339
vn 0.376996636 0.202085763 0.903899789
vn 0.234333232 0.782003105 0.577545762
vn -0.234326765 0.78200829 0.577541232
vn -0.376992941 0.202085704 0.903901339
vn -0.596375346 0.77033776 0.225646123
vn -0.903159201 0.188852221 0.385536432
vn -0.376992941 0.202085704 0.903901339
vn -0.234326765 0.78200829 0.577541232
vn -0.596375346 0.77033776 0.225646123
vn -0.903159201 0.188852221 0.385536432
vn -0.596369326 0.770344675 -0.225638136
vn -0.903158665 0.188853696 -0.385536849
vn -0.903159201 0.188852221 0.385536432
vn -0.596375346 0.77033776 0.225646123
vn -0.596369326 0.770344675 -0.225638136
vn -0.903158665 0.188853696 -0.385536849
vn -0.234333009 0.782003343 -0.577545583
vn -0.376996547 0.202085868 -0.903899789
vn -0.903158665 0.188853696 -0.385536849
vn -0.596369326 0.770344675 -0.225638136
vn -0.234333009 0.782003343 -0.577545583
vn -2.26174483e-15 -1 0
vn -0.234326839 -0.78200835 -0.577541351
vn 0.234333143 -0.782003224 -0.577545762
vn 0 1 0
vn 0.234327018 0.78200841 -0.577541232
vn -0.234333009 0.782003343 -0.577545583
vn -2.26174483e-15 -1 0
vn 0.234333143 -0.782003224 -0.577545762
vn 0.596369445 -0.770344615 -0.225638226
vn 0 1 0
vn 0.596375406 0.77033782 -0.225646034
vn 0.234327018 0.78200841 -0.577541232
vn -2.26174483e-15 -1 0
vn 0.596369445 -0.770344615 -0.225638226
vn 0.596375465 -0.77033776 0.225646213
vn 0 1 0
vn 0.596369505 0.770344496 0.22563839
vn 0.596375406 0.77033782 -0.225646034
vn -2.26174483e-15 -1 0
vn 0.596375465 -0.77033776 0.225646213
vn 0.234327018 -0.78200841 0.577541232
vn 0 1 0
vn 0.234333232 0.782003105 0.577545762
vn 0.596369505 0.770344496 0.22563839
vn -2.26174483e-15 -1 0
vn 0.234327018 -0.78200841 0.577541232
vn -0.234333023 -0.782003224 0.577545643
vn 0 1 0
vn -0.234326765 0.78200829 0.577541232
vn 0.234333232 0.782003105 0.577545762
vn -2.26174483e-15 -1 0
vn -0.234333023 -0.782003224 0.577545643
vn -0.596369445 -0.770344615 0.22563836
vn 0 1 0
vn -0.596375346 0.77033776 0.225646123
vn -0.234326765 0.78200829 0.577541232
vn -2.26174483e-15 -1 0
vn -0.596369445 -0.770344615 0.22563836
vn -0.596375287 -0.77033788 -0.225646019
vn 0 1 0
vn -0.596369326 0.770344675 -0.225638136
vn -0.596375346 0.77033776 0.225646123
vn -2.26174483e-15 -1 0
vn -0.596375287 -0.77033788 -0.225646019
vn -0.234326839 -0.78200835 -0.577541351
vn 0 1 0
vn -0.234333009 0.782003343 -0.577545583
vn -0.596369326 0.770344675 -0.225638136
vn -0.234448403 -0.784134388 -0.574601769
vn 0.376164585 -0.204892069 -0.903614581
vn 0.23445414 -0.784129143 -0.574606717
vn -0.234448403 -0.784134388 -0.574601769
vn -0.376171827 -0.204896063 -0.903610706
vn 0.376164585 -0.204892069 -0.903614581
vn 0.23445414 -0.784129143 -0.574606717
vn 0.902745068 -0.189100668 -0.386383563
vn 0.59719342 -0.770165145 -0.224066421
vn 0.23445414 -0.784129143 -0.574606717
vn 0.376164585 -0.204892069 -0.903614581
vn 0.902745068 -0.189100668 -0.386383563
vn 0.59719342 -0.770165145 -0.224066421
vn 0.902746081 -0.189100191 0.386381418
vn 0.597201169 -0.770157278 0.224072605
vn 0.59719342 -0.770165145 -0.224066421
vn 0.902745068 -0.189100668 -0.386383563
vn 0.902746081 -0.189100191 0.386381418
vn 0.597201169 -0.770157278 0.224072605
vn 0.37617144 -0.204896167 0.903610945
vn 0.234448493 -0.784134328 0.574601829
vn 0.597201169 -0.770157278 0.224072605
vn 0.902746081 -0.189100191 0.386381418
vn 0.37617144 -0.204896167 0.903610945
vn 0.234448493 -0.784134328 0.574601829
vn -0.376164317 -0.204892218 0.903614759
vn -0.23445414 -0.784129262 0.574606359
vn 0.234448493 -0.784134328 0.574601829
vn 0.37617144 -0.204896167 0.903610945
vn -0.376164317 -0.204892218 0.903614759
vn -0.23445414 -0.784129262 0.574606359
vn -0.902744949 -0.189100623 0.386383861
vn -0.597193837 -0.770164847 0.224066302
vn -0.23445414 -0.784129262 0.574606359
vn -0.376164317 -0.204892218 0.903614759
vn -0.902744949 -0.189100623 0.386383861
vn -0.597193837 -0.770164847 0.224066302
vn -0.90274632 -0.189099744 -0.386381239
vn -0.597201288 -0.770157099 -0.224072665
vn -0.597193837 -0.770164847 0.224066302
vn -0.902744949 -0.189100623 0.386383861
vn -0.90274632 -0.189099744 -0.386381239
vn -0.597201288 -0.770157099 -0.224072665
vn -0.376171827 -0.204896063 -0.903610706
vn -0.234448403 -0.784134388 -0.574601769
vn -0.597201288 -0.770157099 -0.224072665
vn -0.90274632 -0.189099744 -0.386381239
vn -0.376171827 -0.204896063 -0.903610706
vn -0.376171827 -0.204896063 -0.903610706
vn 0.376171559 0.204896152 -0.903610826
vn 0.376164585 -0.204892069 -0.903614581
vn -0.376171827 -0.204896063 -0.903610706
vn -0.376164317 0.204892024 -0.903614759
vn 0.376171559 0.204896152 -0.903610826
vn 0.376164585 -0.204892069 -0.903614581
vn 0.902746201 0.189100295 -0.386381119
vn 0.902745068 -0.189100668 -0.386383563
vn 0.376164585 -0.204892069 -0.903614581
vn 0.376171559 0.204896152 -0.903610826
vn 0.902746201 0.189100295 -0.386381119
vn 0.902745068 -0.189100668 -0.386383563
vn 0.902744949 0.189100951 0.386383802
vn 0.902746081 -0.189100191 0.386381418
vn 0.902745068 -0.189100668 -0.386383563
vn 0.902746201 0.189100295 -0.386381119
vn 0.902744949 0.189100951 0.386383802
vn 0.902746081 -0.189100191 0.386381418
vn 0.376164079 0.204892233 0.903614819
vn 0.37617144 -0.204896167 0.903610945
vn 0.902746081 -0.189100191 0.386381418
vn 0.902744949 0.189100951 0.386383802
vn 0.376164079 0.204892233 0.903614819
vn 0.37617144 -0.204896167 0.903610945
vn -0.376171649 0.204896167 0.903610766
vn -0.376164317 -0.204892218 0.903614759
vn 0.37617144 -0.204896167 0.903610945
vn 0.376164079 0.204892233 0.903614819
vn -0.376171649 0.204896167 0.903610766
vn -0.376164317 -0.204892218 0.903614759
vn -0.902746201 0.189099923 0.386381298
vn -0.902744949 -0.189100623 0.386383861
vn -0.376164317 -0.204892218 0.903614759
vn -0.376171649 0.204896167 0.903610766
vn -0.902746201 0.189099923 0.386381298
vn -0.902744949 -0.189100623 0.386383861
vn -0.902745068 0.189100668 -0.386383653
vn -0.90274632 -0.189099744 -0.386381239
vn -0.902744949 -0.189100623 0.386383861
vn -0.902746201 0.189099923 0.386381298
vn -0.902745068 0.189100668 -0.386383653
vn -0.90274632 -0.189099744 -0.386381239
vn -0.376164317 0.204892024 -0.903614759
vn -0.376171827 -0.204896063 -0.903610706
vn -0.90274632 -0.189099744 -0.386381239
vn -0.902745068 0.189100668 -0.386383653
vn -0.376164317 0.204892024 -0.903614759
vn -0.376164317 0.204892024 -0.903614759
vn 0.234448314 0.78413415 -0.574602246
vn 0.376171559 0.204896152 -0.903610826
vn -0.376164317 0.204892024 -0.903614759
vn -0.234454185 0.784129083 -0.574606538
vn 0.234448314 0.78413415 -0.574602246
vn 0.376171559 0.204896152 -0.903610826
vn 0.597201109 0.770157278 -0.224072665
vn 0.902746201 0.189100295 -0.386381119
vn 0.376171559 0.204896152 -0.903610826
vn 0.234448314 0.78413415 -0.574602246
vn 0.597201109 0.770157278 -0.224072665
vn 0.902746201 0.189100295 -0.386381119
vn 0.59719348 0.770165145 0.224065959
vn 0.902744949 0.189100951 0.386383802
vn 0.902746201 0.189100295 -0.386381119
vn 0.597201109 0.770157278 -0.224072665
vn 0.59719348 0.770165145 0.224065959
vn 0.902744949 0.189100951 0.386383802
vn 0.234454021 0.784129322 0.574606359
vn 0.376164079 0.204892233 0.903614819
vn 0.902744949 0.189100951 0.386383802
vn 0.59719348 0.770165145 0.224065959
vn 0.234454021 0.784129322 0.574606359
vn 0.376164079 0.204892233 0.903614819
vn -0.234448433 0.784134448 0.57460171
vn -0.376171649 0.204896167 0.903610766
vn 0.376164079 0.204892233 0.903614819
vn 0.234454021 0.784129322 0.574606359
vn -0.234448433 0.784134448 0.57460171
vn -0.376171649 0.204896167 0.903610766
vn -0.597201467 0.770157099 0.224072605
vn -0.902746201 0.189099923 0.386381298
vn -0.376171649 0.204896167 0.903610766
vn -0.234448433 0.784134448 0.57460171
vn -0.597201467 0.770157099 0.224072605
vn -0.902746201 0.189099923 0.386381298
vn -0.597193837 0.770164907 -0.224066019
vn -0.902745068 0.189100668 -0.386383653
vn -0.902746201 0.189099923 0.386381298
vn -0.597201467 0.770157099 0.224072605
vn -0.597193837 0.770164907 -0.224066019
vn -0.902745068 0.189100668 -0.386383653
vn -0.234454185 0.784129083 -0.574606538
vn -0.376164317 0.204892024 -0.903614759
vn -0.902745068 0.189100668 -0.386383653
vn -0.597193837 0.770164907 -0.224066019
vn -0.234454185 0.784129083 -0.574606538
vn 9.04690141e-15 -1 0
vn -0.234448403 -0.784134388 -0.574601769
vn 0.23445414 -0.784129143 -0.574606717
vn 1.13086268e-15 1 0
vn 0.234448314 0.78413415 -0.574602246
vn -0.234454185 0.784129083 -0.574606538
vn 9.04690141e-15 -1 0
vn 0.23445414 -0.784129143 -0.574606717
vn 0.59719342 -0.770165145 -0.224066421
vn 1.13086268e-15 1 0
vn 0.597201109 0.770157278 -0.224072665
vn 0.234448314 0.78413415 -0.574602246
vn 9.04690141e-15 -1 0
vn 0.59719342 -0.770165145 -0.224066421
vn 0.597201169 -0.770157278 0.224072605
vn 1.13086268e-15 1 0
vn 0.59719348 0.770165145 0.224065959
vn 0.597201109 0.770157278 -0.224072665
vn 9.04690141e-15 -1 0
vn 0.597201169 -0.770157278 0.224072605
vn 0.234448493 -0.784134328 0.574601829
vn 1.13086268e-15 1 0
vn 0.234454021 0.784129322 0.574606359
vn 0.59719348 0.770165145 0.224065959
vn 9.04690141e-15 -1 0
vn 0.234448493 -0.784134328 0.574601829
vn -0.23445414 -0.784129262 0.574606359
vn 1.13086268e-15 1 0
vn -0.234448433 0.784134448 0.57460171
vn 0.234454021 0.784129322 0.574606359
vn 9.04690141e-15 -1 0
vn -0.23445414 -0.784129262 0.574606359
vn -0.597193837 -0.770164847 0.224066302
vn 1.13086268e-15 1 0
vn -0.597201467 0.770157099 0.224072605
vn -0.234448433 0.784134448 0.57460171
vn 9.04690141e-15 -1 0
vn -0.597193837 -0.770164847 0.224066302
vn -0.597201288 -0.770157099 -0.224072665
vn 1.13086268e-15 1 0
vn -0.597193837 0.770164907 -0.224066019
vn -0.597201467 0.770157099 0.224072605
vn 9.04690141e-15 -1 0
vn -0.597201288 -0.770157099 -0.224072665
vn -0.234448403 -0.784134388 -0.574601769
vn 1.13086268e-15 1 0
vn -0.234454185 0.784129083 -0.574606538
vn -0.597193837 0.770164907 -0.224066019
vn -0.215196893 -0.793982923 -0.568578362
vn 0.382223487 -0.220495343 -0.897377849
vn 0.215202957 -0.793973386 -0.56858933
vn -0.215196893 -0.793982923 -0.568578362
vn -0.382223159 -0.220491961 -0.897378802
vn 0.382223487 -0.220495343 -0.897377849
vn 0.215202957 -0.793973386 -0.56858933
vn 0.897536814 -0.224476397 -0.379523486
vn 0.562322795 -0.797694147 -0.217892453
vn 0.215202957 -0.793973386 -0.56858933
vn 0.382223487 -0.220495343 -0.897377849
vn 0.897536814 -0.224476397 -0.379523486
vn 0.562322795 -0.797694147 -0.217892453
vn 0.897536099 -0.224478975 0.379523665
vn 0.562328815 -0.797687769 0.217899993
vn 0.562322795 -0.797694147 -0.217892453
vn 0.897536814 -0.224476397 -0.379523486
vn 0.897536099 -0.224478975 0.379523665
vn 0.562328815 -0.797687769 0.217899993
vn 0.382223338 -0.220492005 0.897378743
vn 0.215196878 -0.793982804 0.568578601
vn 0.562328815 -0.797687769 0.217899993
vn 0.897536099 -0.224478975 0.379523665
vn 0.382223338 -0.220492005 0.897378743
vn 0.215196878 -0.793982804 0.568578601
vn -0.38222295 -0.220495284 0.897378087
vn -0.215203136 -0.793973386 0.56858927
vn 0.215196878 -0.793982804 0.568578601
vn 0.382223338 -0.220492005 0.897378743
vn -0.38222295 -0.220495284 0.897378087
vn -0.215203136 -0.793973386 0.56858927
vn -0.897536695 -0.224476278 0.379523695
vn -0.562323213 -0.797693968 0.217892259
vn -0.215203136 -0.793973386 0.56858927
vn -0.38222295 -0.220495284 0.897378087
vn -0.897536695 -0.224476278 0.379523695
vn -0.562323213 -0.797693968 0.217892259
vn -0.89753598 -0.224479079 -0.379523933
vn -0.562328577 -0.797688007 -0.217899874
vn -0.562323213 -0.797693968 0.217892259
vn -0.897536695 -0.224476278 0.379523695
vn -0.89753598 -0.224479079 -0.379523933
vn -0.562328577 -0.797688007 -0.217899874
vn -0.382223159 -0.220491961 -0.897378802
vn -0.215196893 -0.793982923 -0.568578362
vn -0.562328577 -0.797688007 -0.217899874
vn -0.89753598 -0.224479079 -0.379523933
vn -0.382223159 -0.220491961 -0.897378802
vn -0.382223159 -0.220491961 -0.897378802
vn 0.382223308 0.220492333 -0.897378683
vn 0.382223487 -0.220495343 -0.897377849
vn -0.382223159 -0.220491961 -0.897378802
vn -0.382223129 0.220495343 -0.897377968
vn 0.382223308 0.220492333 -0.897378683
vn 0.382223487 -0.220495343 -0.897377849
vn 0.897536039 0.224479228 -0.379523546
vn 0.897536814 -0.224476397 -0.379523486
vn 0.382223487 -0.220495343 -0.897377849
vn 0.382223308 0.220492333 -0.897378683
vn 0.897536039 0.224479228 -0.379523546
vn 0.897536814 -0.224476397 -0.379523486
vn 0.897536695 0.224476501 0.379523546
vn 0.897536099 -0.224478975 0.379523665
vn 0.897536814 -0.224476397 -0.379523486
vn 0.897536039 0.224479228 -0.379523546
vn 0.897536695 0.224476501 0.379523546
vn 0.897536099 -0.224478975 0.379523665
vn 0.382223308 0.220495701 0.897377789
vn 0.382223338 -0.220492005 0.897378743
vn 0.897536099 -0.224478975 0.379523665
vn 0.897536695 0.224476501 0.379523546
vn 0.382223308 0.220495701 0.897377789
vn 0.382223338 -0.220492005 0.897378743
vn -0.38222298 0.220492229 0.897378802
vn -0.38222295 -0.220495284 0.897378087
vn 0.382223338 -0.220492005 0.897378743
vn 0.382223308 0.220495701 0.897377789
vn -0.38222298 0.220492229 0.897378802
vn -0.38222295 -0.220495284 0.897378087
vn -0.897535861 0.224479213 0.379523993
vn -0.897536695 -0.224476278 0.379523695
vn -0.38222295 -0.220495284 0.897378087
vn -0.38222298 0.220492229 0.897378802
vn -0.897535861 0.224479213 0.379523993
vn -0.897536695 -0.224476278 0.379523695
vn -0.897536635 0.224476531 -0.379523635
vn -0.89753598 -0.224479079 -0.379523933
vn -0.897536695 -0.224476278 0.379523695
vn -0.897535861 0.224479213 0.379523993
vn -0.897536635 0.224476531 -0.379523635
vn -0.89753598 -0.224479079 -0.379523933
vn -0.382223129 0.220495343 -0.897377968
vn -0.382223159 -0.220491961 -0.897378802
vn -0.89753598 -0.224479079 -0.379523933
vn -0.897536635 0.224476531 -0.379523635
vn -0.382223129 0.220495343 -0.897377968
vn -0.382223129 0.220495343 -0.897377968
vn 0.215196446 0.793983102 -0.568578362
vn 0.382223308 0.220492333 -0.897378683
vn -0.382223129 0.220495343 -0.897377968
vn -0.215202913 0.793973625 -0.568589151
vn 0.215196446 0.793983102 -0.568578362
vn 0.382223308 0.220492333 -0.897378683
vn 0.562328398 0.797688127 -0.217899755
vn 0.897536039 0.224479228 -0.379523546
vn 0.382223308 0.220492333 -0.897378683
vn 0.215196446 0.793983102 -0.568578362
vn 0.562328398 0.797688127 -0.217899755
vn 0.897536039 0.224479228 -0.379523546
vn 0.562322617 0.797694206 0.217892483
vn 0.897536695 0.224476501 0.379523546
vn 0.897536039 0.224479228 -0.379523546
vn 0.562328398 0.797688127 -0.217899755
vn 0.562322617 0.797694206 0.217892483
vn 0.897536695 0.224476501 0.379523546
vn 0.215202719 0.793973744 0.568589151
vn 0.382223308 0.220495701 0.897377789
vn 0.897536695 0.224476501 0.379523546
vn 0.562322617 0.797694206 0.217892483
vn 0.215202719 0.793973744 0.568589151
vn 0.382223308 0.220495701 0.897377789
vn -0.215196654 0.793983102 0.568578303
vn -0.38222298 0.220492229 0.897378802
vn 0.382223308 0.220495701 0.897377789
vn 0.215202719 0.793973744 0.568589151
vn -0.215196654 0.793983102 0.568578303
vn -0.38222298 0.220492229 0.897378802
vn -0.562328458 0.797688186 0.217899919
vn -0.897535861 0.224479213 0.379523993
vn -0.38222298 0.220492229 0.897378802
vn -0.215196654 0.793983102 0.568578303
vn -0.562328458 0.797688186 0.217899919
vn -0.897535861 0.224479213 0.379523993
vn -0.562322676 0.797694325 -0.217892081
vn -0.897536635 0.224476531 -0.379523635
vn -0.897535861 0.224479213 0.379523993
vn -0.562328458 0.797688186 0.217899919
vn -0.562322676 0.797694325 -0.217892081
vn -0.897536635 0.224476531 -0.379523635
vn -0.215202913 0.793973625 -0.568589151
vn -0.382223129 0.220495343 -0.897377968
vn -0.897536635 0.224476531 -0.379523635
vn -0.562322676 0.797694325 -0.217892081
vn -0.215202913 0.793973625 -0.568589151
vn 2.71419866e-14 -1 0
vn -0.215196893 -0.793982923 -0.568578362
vn 0.215202957 -0.793973386 -0.56858933
vn 1.13091615e-15 1 0
vn 0.215196446 0.793983102 -0.568578362
vn -0.215202913 0.793973625 -0.568589151
vn 2.71419866e-14 -1 0
vn 0.215202957 -0.793973386 -0.56858933
vn 0.562322795 -0.797694147 -0.217892453
vn 1.13091615e-15 1 0
vn 0.562328398 0.797688127 -0.217899755
vn 0.215196446 0.793983102 -0.568578362
vn 2.71419866e-14 -1 0
vn 0.562322795 -0.797694147 -0.217892453
vn 0.562328815 -0.797687769 0.217899993
vn 1.13091615e-15 1 0
vn 0.562322617 0.797694206 0.217892483
vn 0.562328398 0.797688127 -0.217899755
vn 2.71419866e-14 -1 0
vn 0.562328815 -0.797687769 0.217899993
vn 0.215196878 -0.793982804 0.568578601
vn 1.13091615e-15 1 0
vn 0.215202719 0.793973744 0.568589151
vn 0.562322617 0.797694206 0.217892483
vn 2.71419866e-14 -1 0
vn 0.215196878 -0.793982804 0.568578601
vn -0.215203136 -0.793973386 0.56858927
vn 1.13091615e-15 1 0
vn -0.215196654 0.793983102 0.568578303
vn 0.215202719 0.793973744 0.568589151
vn 2.71419866e-14 -1 0
vn -0.215203136 -0.793973386 0.56858927
vn -0.562323213 -0.797693968 0.217892259
vn 1.13091615e-15 1 0
vn -0.562328458 0.797688186 0.217899919
vn -0.215196654 0.793983102 0.568578303
vn 2.71419866e-14 -1 0
vn -0.562323213 -0.797693968 0.217892259
vn -0.562328577 -0.797688007 -0.217899874
vn 1.13091615e-15 1 0
vn -0.562322676 0.797694325 -0.217892081
vn -0.562328458 0.797688186 0.217899919
vn 2.71419866e-14 -1 0
vn -0.562328577 -0.797688007 -0.217899874
vn -0.215196893 -0.793982923 -0.568578362
vn 1.13091615e-15 1 0
vn -0.215202913 0.793973625 -0.568589151
vn -0.562322676 0.797694325 -0.217892081
vn -0.245349586 -0.754872203 -0.608253002
vn 0.380476475 -0.165778443 -0.909810483
vn 0.245356962 -0.754865229 -0.608258545
vn -0.245349586 -0.754872203 -0.608253002
vn -0.380477339 -0.165781796 -0.90980953
vn 0.380476475 -0.165778443 -0.909810483
vn 0.245356962 -0.754865229 -0.608258545
vn 0.909669697 -0.163917586 -0.381617725
vn 0.610631764 -0.753334582 -0.244163468
vn 0.245356962 -0.754865229 -0.608258545
vn 0.380476475 -0.165778443 -0.909810483
vn 0.909669697 -0.163917586 -0.381617725
vn 0.610631764 -0.753334582 -0.244163468
vn 0.909671307 -0.163913429 0.381615758
vn 0.610637188 -0.753327787 0.244170889
vn 0.610631764 -0.753334582 -0.244163468
vn 0.909669697 -0.163917586 -0.381617725
vn 0.909671307 -0.163913429 0.381615758
vn 0.610637188 -0.753327787 0.244170889
vn 0.380478144 -0.165782139 0.909809172
vn 0.245348945 -0.754872382 0.608252883
vn 0.610637188 -0.753327787 0.244170889
vn 0.909671307 -0.163913429 0.381615758
vn 0.380478144 -0.165782139 0.909809172
vn 0.245348945 -0.754872382 0.608252883
vn -0.38047567 -0.165778697 0.909810781
vn -0.245355859 -0.75486505 0.60825932
vn 0.245348945 -0.754872382 0.608252883
vn 0.380478144 -0.165782139 0.909809172
vn -0.38047567 -0.165778697 0.909810781
vn -0.245355859 -0.75486505 0.60825932
vn -0.909669518 -0.163918674 0.381617844
vn -0.610630631 -0.753335536 0.244163573
vn -0.245355859 -0.75486505 0.60825932
vn -0.38047567 -0.165778697 0.909810781
vn -0.909669518 -0.163918674 0.381617844
vn -0.610630631 -0.753335536 0.244163573
vn -0.90967077 -0.163914382 -0.381616652
vn -0.610636652 -0.753328204 -0.244171262
vn -0.610630631 -0.753335536 0.244163573
vn -0.909669518 -0.163918674 0.381617844
vn -0.90967077 -0.163914382 -0.381616652
vn -0.610636652 -0.753328204 -0.244171262
vn -0.380477339 -0.165781796 -0.90980953
vn -0.245349586 -0.754872203 -0.608253002
vn -0.610636652 -0.753328204 -0.244171262
vn -0.90967077 -0.163914382 -0.381616652
vn -0.380477339 -0.165781796 -0.90980953
vn -0.380477339 -0.165781796 -0.90980953
vn 0.380477726 0.165781528 -0.909809351
vn 0.380476475 -0.165778443 -0.909810483
vn -0.380477339 -0.165781796 -0.90980953
vn -0.380475789 0.165778056 -0.909810901
vn 0.380477726 0.165781528 -0.909809351
vn 0.380476475 -0.165778443 -0.909810483
vn 0.909671009 0.163912833 -0.381616592
vn 0.909669697 -0.163917586 -0.381617725
vn 0.380476475 -0.165778443 -0.909810483
vn 0.380477726 0.165781528 -0.909809351
vn 0.909671009 0.163912833 -0.381616592
vn 0.909669697 -0.163917586 -0.381617725
vn 0.909669638 0.163917378 0.381617963
vn 0.909671307 -0.163913429 0.381615758
vn 0.909669697 -0.163917586 -0.381617725
vn 0.909671009 0.163912833 -0.381616592
vn 0.909669638 0.163917378 0.381617963
vn 0.909671307 -0.163913429 0.381615758
vn 0.380476832 0.165778294 0.909810424
vn 0.380478144 -0.165782139 0.909809172
vn 0.909671307 -0.163913429 0.381615758
vn 0.909669638 0.163917378 0.381617963
vn 0.380476832 0.165778294 0.909810424
vn 0.380478144 -0.165782139 0.909809172
vn -0.380476862 0.165782213 0.909809589
vn -0.38047567 -0.165778697 0.909810781
vn 0.380478144 -0.165782139 0.909809172
vn 0.380476832 0.165778294 0.909810424
vn -0.380476862 0.165782213 0.909809589
vn -0.38047567 -0.165778697 0.909810781
vn -0.909670651 0.163914576 0.381616712
vn -0.909669518 -0.163918674 0.381617844
vn -0.38047567 -0.165778697 0.909810781
vn -0.380476862 0.165782213 0.909809589
vn -0.909670651 0.163914576 0.381616712
vn -0.909669518 -0.163918674 0.381617844
vn -0.909669459 0.163918331 -0.381617993
vn -0.90967077 -0.163914382 -0.381616652
vn -0.909669518 -0.163918674 0.381617844
vn -0.909670651 0.163914576 0.381616712
vn -0.909669459 0.163918331 -0.381617993
vn -0.90967077 -0.163914382 -0.381616652
vn -0.380475789 0.165778056 -0.909810901
vn -0.380477339 -0.165781796 -0.90980953
vn -0.90967077 -0.163914382 -0.381616652
vn -0.909669459 0.163918331 -0.381617993
vn -0.380475789 0.165778056 -0.909810901
vn -0.380475789 0.165778056 -0.909810901
vn 0.245349273 0.754872203 -0.608252883
vn 0.380477726 0.165781528 -0.909809351
vn -0.380475789 0.165778056 -0.909810901
vn -0.245356128 0.754864991 -0.608259201
vn 0.245349273 0.754872203 -0.608252883
vn 0.380477726 0.165781528 -0.909809351
vn 0.610637903 0.753327072 -0.244171545
vn 0.909671009 0.163912833 -0.381616592
vn 0.380477726 0.165781528 -0.909809351
vn 0.245349273 0.754872203 -0.608252883
vn 0.610637903 0.753327072 -0.244171545
vn 0.909671009 0.163912833 -0.381616592
vn 0.610631406 0.753334403 0.244164824
vn 0.909669638 0.163917378 0.381617963
vn 0.909671009 0.163912833 -0.381616592
vn 0.610637903 0.753327072 -0.244171545
vn 0.610631406 0.753334403 0.244164824
vn 0.909669638 0.163917378 0.381617963
vn 0.245356217 0.754864573 0.608259618
vn 0.380476832 0.165778294 0.909810424
vn 0.909669638 0.163917378 0.381617963
vn 0.610631406 0.753334403 0.244164824
vn 0.245356217 0.754864573 0.608259618
vn 0.380476832 0.165778294 0.909810424
vn -0.245347798 0.754872203 0.608253658
vn -0.380476862 0.165782213 0.909809589
vn 0.380476832 0.165778294 0.909810424
vn 0.245356217 0.754864573 0.608259618
vn -0.245347798 0.754872203 0.608253658
vn -0.380476862 0.165782213 0.909809589
vn -0.610636055 0.753328443 0.244171709
vn -0.909670651 0.163914576 0.381616712
vn -0.380476862 0.165782213 0.909809589
vn -0.245347798 0.754872203 0.608253658
vn -0.610636055 0.753328443 0.244171709
vn -0.909670651 0.163914576 0.381616712
vn -0.610630989 0.753335297 -0.244163424
vn -0.909669459 0.163918331 -0.381617993
vn -0.909670651 0.163914576 0.381616712
vn -0.610636055 0.753328443 0.244171709
vn -0.610630989 0.753335297 -0.244163424
vn -0.909669459 0.163918331 -0.381617993
vn -0.245356128 0.754864991 -0.608259201
vn -0.380475789 0.165778056 -0.909810901
vn -0.909669459 0.163918331 -0.381617993
vn -0.610630989 0.753335297 -0.244163424
vn -0.245356128 0.754864991 -0.608259201
vn 1.44750379e-12 -1 0
vn -0.245349586 -0.754872203 -0.608253002
vn 0.245356962 -0.754865229 -0.608258545
vn -1.08562783e-13 1 0
vn 0.245349273 0.754872203 -0.608252883
vn -0.245356128 0.754864991 -0.608259201
vn 1.44750379e-12 -1 0
vn 0.245356962 -0.754865229 -0.608258545
vn 0.610631764 -0.753334582 -0.244163468
vn -1.08562783e-13 1 0
vn 0.610637903 0.753327072 -0.244171545
vn 0.245349273 0.754872203 -0.608252883
vn 1.44750379e-12 -1 0
vn 0.610631764 -0.753334582 -0.244163468
vn 0.610637188 -0.753327787 0.244170889
vn -1.08562783e-13 1 0
vn 0.610631406 0.753334403 0.244164824
vn 0.610637903 0.753327072 -0.244171545
vn 1.44750379e-12 -1 0
vn 0.610637188 -0.753327787 0.244170889
vn 0.245348945 -0.754872382 0.608252883
vn -1.08562783e-13 1 0
vn 0.245356217 0.754864573 0.608259618
vn 0.610631406 0.753334403 0.244164824
vn 1.44750379e-12 -1 0
vn 0.245348945 -0.754872382 0.608252883
vn -0.245355859 -0.75486505 0.60825932
vn -1.08562783e-13 1 0
vn -0.245347798 0.754872203 0.608253658
vn 0.245356217 0.754864573 0.608259618
vn 1.44750379e-12 -1 0
vn -0.245355859 -0.75486505 0.60825932
vn -0.610630631 -0.753335536 0.244163573
vn -1.08562783e-13 1 0
vn -0.610636055 0.753328443 0.244171709
vn -0.245347798 0.754872203 0.608253658
vn 1.44750379e-12 -1 0
vn -0.610630631 -0.753335536 0.244163573
vn -0.610636652 -0.753328204 -0.244171262
vn -1.08562783e-13 1 0
vn -0.610630989 0.753335297 -0.244163424
vn -0.610636055 0.753328443 0.244171709
vn 1.44750379e-12 -1 0
vn -0.610636652 -0.753328204 -0.244171262
vn -0.245349586 -0.754872203 -0.608253002
vn -1.08562783e-13 1 0
vn -0.245356128 0.754864991 -0.608259201
vn -0.610630989 0.753335297 -0.244163424
vn -0.245350257 -0.754871726 -0.608253062
vn 0.380474865 -0.165778458 -0.909811199
vn 0.245356336 -0.754865229 -0.608258843
vn -0.245350257 -0.754871726 -0.608253062
vn -0.380477309 -0.165781721 -0.90980953
vn 0.380474865 -0.165778458 -0.909811199
vn 0.245356336 -0.754865229 -0.608258843
vn 0.909669399 -0.16391848 -0.381618053
vn 0.61063081 -0.753335416 -0.244163379
vn 0.245356336 -0.754865229 -0.608258843
vn 0.380474865 -0.165778458 -0.909811199
vn 0.909669399 -0.16391848 -0.381618053
vn 0.61063081 -0.753335416 -0.244163379
vn 0.909670174 -0.163914457 0.381617874
vn 0.610636234 -0.753328264 0.244171917
vn 0.61063081 -0.753335416 -0.244163379
vn 0.909669399 -0.16391848 -0.381618053
vn 0.909670174 -0.163914457 0.381617874
vn 0.610636234 -0.753328264 0.244171917
vn 0.380475432 -0.165781438 0.909810364
vn 0.245348901 -0.754871488 0.608254015
vn 0.610636234 -0.753328264 0.244171917
vn 0.909670174 -0.163914457 0.381617874
vn 0.380475432 -0.165781438 0.909810364
vn 0.245348901 -0.754871488 0.608254015
vn -0.380473942 -0.165777758 0.909811676
vn -0.245356172 -0.754864573 0.608259678
vn 0.245348901 -0.754871488 0.608254015
vn 0.380475432 -0.165781438 0.909810364
vn -0.380473942 -0.165777758 0.909811676
vn -0.245356172 -0.754864573 0.608259678
vn -0.909668624 -0.163918227 0.381620109
vn -0.610630155 -0.753335476 0.244164556
vn -0.245356172 -0.754864573 0.608259678
vn -0.380473942 -0.165777758 0.909811676
vn -0.909668624 -0.163918227 0.381620109
vn -0.610630155 -0.753335476 0.244164556
vn -0.909670591 -0.163914621 -0.38161689
vn -0.610636413 -0.753328085 -0.244171813
vn -0.610630155 -0.753335476 0.244164556
vn -0.909668624 -0.163918227 0.381620109
vn -0.909670591 -0.163914621 -0.38161689
vn -0.610636413 -0.753328085 -0.244171813
vn -0.380477309 -0.165781721 -0.90980953
vn -0.245350257 -0.754871726 -0.608253062
vn -0.610636413 -0.753328085 -0.244171813
vn -0.909670591 -0.163914621 -0.38161689
vn -0.380477309 -0.165781721 -0.90980953
vn -0.380477309 -0.165781721 -0.90980953
vn 0.380475312 0.165781632 -0.909810364
vn 0.380474865 -0.165778458 -0.909811199
vn -0.380477309 -0.165781721 -0.90980953
vn -0.380474389 0.165777996 -0.909811497
vn 0.380475312 0.165781632 -0.909810364
vn 0.380474865 -0.165778458 -0.909811199
vn 0.909670115 0.163914904 -0.381617934
vn 0.909669399 -0.16391848 -0.381618053
vn 0.380474865 -0.165778458 -0.909811199
vn 0.380475312 0.165781632 -0.909810364
vn 0.909670115 0.163914904 -0.381617934
vn 0.909669399 -0.16391848 -0.381618053
vn 0.909669518 0.163918063 0.381617963
vn 0.909670174 -0.163914457 0.381617874
vn 0.909669399 -0.16391848 -0.381618053
vn 0.909670115 0.163914904 -0.381617934
vn 0.909669518 0.163918063 0.381617963
vn 0.909670174 -0.163914457 0.381617874
vn 0.380475342 0.165777519 0.90981108
vn 0.380475432 -0.165781438 0.909810364
vn 0.909670174 -0.163914457 0.381617874
vn 0.909669518 0.163918063 0.381617963
vn 0.380475342 0.165777519 0.90981108
vn 0.380475432 -0.165781438 0.909810364
vn -0.38047725 0.165781602 0.909809589
vn -0.380473942 -0.165777758 0.909811676
vn 0.380475432 -0.165781438 0.909810364
vn 0.380475342 0.165777519 0.90981108
vn -0.38047725 0.165781602 0.909809589
vn -0.380473942 -0.165777758 0.909811676
vn -0.909670591 0.163914129 0.381617099
vn -0.909668624 -0.163918227 0.381620109
vn -0.380473942 -0.165777758 0.909811676
vn -0.38047725 0.165781602 0.909809589
vn -0.909670591 0.163914129 0.381617099
vn -0.909668624 -0.163918227 0.381620109
vn -0.909668684 0.163918316 -0.381619871
vn -0.909670591 -0.163914621 -0.38161689
vn -0.909668624 -0.163918227 0.381620109
vn -0.909670591 0.163914129 0.381617099
vn -0.909668684 0.163918316 -0.381619871
vn -0.909670591 -0.163914621 -0.38161689
vn -0.380474389 0.165777996 -0.909811497
vn -0.380477309 -0.165781721 -0.90980953
vn -0.909670591 -0.163914621 -0.38161689
vn -0.909668684 0.163918316 -0.381619871
vn -0.380474389 0.165777996 -0.909811497
vn -0.380474389 0.165777996 -0.909811497
vn 0.245349288 0.754871368 -0.608254075
vn 0.380475312 0.165781632 -0.909810364
vn -0.380474389 0.165777996 -0.909811497
vn -0.245356649 0.754864872 -0.608259141
vn 0.245349288 0.754871368 -0.608254075
vn 0.380475312 0.165781632 -0.909810364
vn 0.610636652 0.753327906 -0.244171783
vn 0.909670115 0.163914904 -0.381617934
vn 0.380475312 0.165781632 -0.909810364
vn 0.245349288 0.754871368 -0.608254075
vn 0.610636652 0.753327906 -0.244171783
vn 0.909670115 0.163914904 -0.381617934
vn 0.610630751 0.753335416 0.244163662
vn 0.909669518 0.163918063 0.381617963
vn 0.909670115 0.163914904 -0.381617934
vn 0.610636652 0.753327906 -0.244171783
vn 0.610630751 0.753335416 0.244163662
vn 0.909669518 0.163918063 0.381617963
vn 0.245356098 0.754864633 0.608259618
vn 0.380475342 0.165777519 0.90981108
vn 0.909669518 0.163918063 0.381617963
vn 0.610630751 0.753335416 0.244163662
vn 0.245356098 0.754864633 0.608259618
vn 0.380475342 0.165777519 0.90981108
vn -0.245349213 0.754871964 0.608253181
vn -0.38047725 0.165781602 0.909809589
vn 0.380475342 0.165777519 0.90981108
vn 0.245356098 0.754864633 0.608259618
vn -0.245349213 0.754871964 0.608253181
vn -0.38047725 0.165781602 0.909809589
vn -0.610636294 0.753328204 0.244172022
vn -0.909670591 0.163914129 0.381617099
vn -0.38047725 0.165781602 0.909809589
vn -0.245349213 0.754871964 0.608253181
vn -0.610636294 0.753328204 0.244172022
vn -0.909670591 0.163914129 0.381617099
vn -0.610630572 0.753335297 -0.244164392
vn -0.909668684 0.163918316 -0.381619871
vn -0.909670591 0.163914129 0.381617099
vn -0.610636294 0.753328204 0.244172022
vn -0.610630572 0.753335297 -0.244164392
vn -0.909668684 0.163918316 -0.381619871
vn -0.245356649 0.754864872 -0.608259141
vn -0.380474389 0.165777996 -0.909811497
vn -0.909668684 0.163918316 -0.381619871
vn -0.610630572 0.753335297 -0.244164392
vn -0.245356649 0.754864872 -0.608259141
vn -1.44750379e-12 -1 0
vn -0.245350257 -0.754871726 -0.608253062
vn 0.245356336 -0.754865229 -0.608258843
vn 1.08562783e-13 1 0
vn 0.245349288 0.754871368 -0.608254075
vn -0.245356649 0.754864872 -0.608259141
vn -1.44750379e-12 -1 0
vn 0.245356336 -0.754865229 -0.608258843
vn 0.61063081 -0.753335416 -0.244163379
vn 1.08562783e-13 1 0
vn 0.610636652 0.753327906 -0.244171783
vn 0.245349288 0.754871368 -0.608254075
vn -1.44750379e-12 -1 0
vn 0.61063081 -0.753335416 -0.244163379
vn 0.610636234 -0.753328264 0.244171917
vn 1.08562783e-13 1 0
vn 0.610630751 0.753335416 0.244163662
vn 0.610636652 0.753327906 -0.244171783
vn -1.44750379e-12 -1 0
vn 0.610636234 -0.753328264 0.244171917
vn 0.245348901 -0.754871488 0.608254015
vn 1.08562783e-13 1 0
vn 0.245356098 0.754864633 0.608259618
vn 0.610630751 0.753335416 0.244163662
vn -1.44750379e-12 -1 0
vn 0.245348901 -0.754871488 0.608254015
vn -0.245356172 -0.754864573 0.608259678
vn 1.08562783e-13 1 0
vn -0.245349213 0.754871964 0.608253181
vn 0.245356098 0.754864633 0.608259618
vn -1.44750379e-12 -1 0
vn -0.245356172 -0.754864573 0.608259678
vn -0.610630155 -0.753335476 0.244164556
vn 1.08562783e-13 1 0
vn -0.610636294 0.753328204 0.244172022
vn -0.245349213 0.754871964 0.608253181
vn -1.44750379e-12 -1 0
vn -0.610630155 -0.753335476 0.244164556
vn -0.610636413 -0.753328085 -0.244171813
vn 1.08562783e-13 1 0
vn -0.610630572 0.753335297 -0.244164392
vn -0.610636294 0.753328204 0.244172022
vn -1.44750379e-12 -1 0
vn -0.610636413 -0.753328085 -0.244171813
vn -0.245350257 -0.754871726 -0.608253062
vn 1.08562783e-13 1 0
vn -0.245356649 0.754864872 -0.608259141
vn -0.610630572 0.753335297 -0.244164392
vn -0.245350391 -0.754870594 -0.608254492
vn 0.380474716 -0.165778682 -0.909811199
vn 0.245356411 -0.754865348 -0.608258724
vn -0.245350391 -0.754870594 -0.608254492
vn -0.380476087 -0.16578123 -0.909810185
vn 0.380474716 -0.165778682 -0.909811199
vn 0.245356411 -0.754865348 -0.608258724
vn 0.909668922 -0.163918525 -0.381619066
vn 0.610630333 -0.753335416 -0.244164363
vn 0.245356411 -0.754865348 -0.608258724
vn 0.380474716 -0.165778682 -0.909811199
vn 0.909668922 -0.163918525 -0.381619066
vn 0.610630333 -0.753335416 -0.244164363
vn 0.909670651 -0.163914159 0.381616861
vn 0.610636175 -0.753328264 0.244171992
vn 0.610630333 -0.753335416 -0.244164363
vn 0.909668922 -0.163918525 -0.381619066
vn 0.909670651 -0.163914159 0.381616861
vn 0.610636175 -0.753328264 0.244171992
vn 0.380477339 -0.165781632 0.909809589
vn 0.245349631 -0.754871964 0.608253181
vn 0.610636175 -0.753328264 0.244171992
vn 0.909670651 -0.163914159 0.381616861
vn 0.380477339 -0.165781632 0.909809589
vn 0.245349631 -0.754871964 0.608253181
vn -0.380474746 -0.165777236 0.909811378
vn -0.245356724 -0.754864275 0.608259797
vn 0.245349631 -0.754871964 0.608253181
vn 0.380477339 -0.165781632 0.909809589
vn -0.380474746 -0.165777236 0.909811378
vn -0.245356724 -0.754864275 0.608259797
vn -0.909669399 -0.163917914 0.381618172
vn -0.610630393 -0.753335714 0.244163424
vn -0.245356724 -0.754864275 0.608259797
vn -0.380474746 -0.165777236 0.909811378
vn -0.909669399 -0.163917914 0.381618172
vn -0.610630393 -0.753335714 0.244163424
vn -0.909670472 -0.163914859 -0.38161689
vn -0.610636473 -0.753328085 -0.244171739
vn -0.610630393 -0.753335714 0.244163424
vn -0.909669399 -0.163917914 0.381618172
vn -0.909670472 -0.163914859 -0.38161689
vn -0.610636473 -0.753328085 -0.244171739
vn -0.380476087 -0.16578123 -0.909810185
vn -0.245350391 -0.754870594 -0.608254492
vn -0.610636473 -0.753328085 -0.244171739
vn -0.909670472 -0.163914859 -0.38161689
vn -0.380476087 -0.16578123 -0.909810185
vn -0.380476087 -0.16578123 -0.909810185
vn 0.380477607 0.165781632 -0.909809411
vn 0.380474716 -0.165778682 -0.909811199
vn -0.380476087 -0.16578123 -0.909810185
vn -0.380475253 0.165777251 -0.909811318
vn 0.380477607 0.165781632 -0.909809411
vn 0.380474716 -0.165778682 -0.909811199
vn 0.909670591 0.163914606 -0.38161695
vn 0.909668922 -0.163918525 -0.381619066
vn 0.380474716 -0.165778682 -0.909811199
vn 0.380477607 0.165781632 -0.909809411
vn 0.909670591 0.163914606 -0.38161695
vn 0.909668922 -0.163918525 -0.381619066
vn 0.90966922 0.163918197 0.381618708
vn 0.909670651 -0.163914159 0.381616861
vn 0.909668922 -0.163918525 -0.381619066
vn 0.909670591 0.163914606 -0.38161695
vn 0.90966922 0.163918197 0.381618708
vn 0.909670651 -0.163914159 0.381616861
vn 0.38047576 0.165777847 0.909810901
vn 0.380477339 -0.165781632 0.909809589
vn 0.909670651 -0.163914159 0.381616861
vn 0.90966922 0.163918197 0.381618708
vn 0.38047576 0.165777847 0.909810901
vn 0.380477339 -0.165781632 0.909809589
vn -0.380476296 0.165781334 0.909810007
vn -0.380474746 -0.165777236 0.909811378
vn 0.380477339 -0.165781632 0.909809589
vn 0.38047576 0.165777847 0.909810901
vn -0.380476296 0.165781334 0.909810007
vn -0.380474746 -0.165777236 0.909811378
vn -0.90967077 0.163914561 0.381616473
vn -0.909669399 -0.163917914 0.381618172
vn -0.380474746 -0.165777236 0.909811378
vn -0.380476296 0.165781334 0.909810007
vn -0.90967077 0.163914561 0.381616473
vn -0.909669399 -0.163917914 0.381618172
vn -0.909669697 0.163918063 -0.381617576
vn -0.909670472 -0.163914859 -0.38161689
vn -0.909669399 -0.163917914 0.381618172
vn -0.90967077 0.163914561 0.381616473
vn -0.909669697 0.163918063 -0.381617576
vn -0.909670472 -0.163914859 -0.38161689
vn -0.380475253 0.165777251 -0.909811318
vn -0.380476087 -0.16578123 -0.909810185
vn -0.909670472 -0.163914859 -0.38161689
vn -0.909669697 0.163918063 -0.381617576
vn -0.380475253 0.165777251 -0.909811318
vn -0.380475253 0.165777251 -0.909811318
vn 0.245350808 0.754871964 -0.608252645
vn 0.380477607 0.165781632 -0.909809411
vn -0.380475253 0.165777251 -0.909811318
vn -0.245357528 0.754864633 -0.608258903
vn 0.245350808 0.754871964 -0.608252645
vn 0.380477607 0.165781632 -0.909809411
vn 0.61063683 0.753327966 -0.24417147
vn 0.909670591 0.163914606 -0.38161695
vn 0.380477607 0.165781632 -0.909809411
vn 0.245350808 0.754871964 -0.608252645
vn 0.61063683 0.753327966 -0.24417147
vn 0.909670591 0.163914606 -0.38161695
vn 0.610630333 0.753335357 0.244164675
vn 0.90966922 0.163918197 0.381618708
vn 0.909670591 0.163914606 -0.38161695
vn 0.61063683 0.753327966 -0.24417147
vn 0.610630333 0.753335357 0.244164675
vn 0.90966922 0.163918197 0.381618708
vn 0.245356619 0.754864514 0.608259499
vn 0.38047576 0.165777847 0.909810901
vn 0.90966922 0.163918197 0.381618708
vn 0.610630333 0.753335357 0.244164675
vn 0.245356619 0.754864514 0.608259499
vn 0.38047576 0.165777847 0.909810901
vn -0.245349497 0.754870653 0.608254731
vn -0.380476296 0.165781334 0.909810007
vn 0.38047576 0.165777847 0.909810901
vn 0.245356619 0.754864514 0.608259499
vn -0.245349497 0.754870653 0.608254731
vn -0.380476296 0.165781334 0.909810007
vn -0.610636652 0.753328025 0.24417147
vn -0.90967077 0.163914561 0.381616473
vn -0.380476296 0.165781334 0.909810007
vn -0.245349497 0.754870653 0.608254731
vn -0.610636652 0.753328025 0.24417147
vn -0.90967077 0.163914561 0.381616473
vn -0.610631227 0.753335536 -0.244162276
vn -0.909669697 0.163918063 -0.381617576
vn -0.90967077 0.163914561 0.381616473
vn -0.610636652 0.753328025 0.24417147
vn -0.610631227 0.753335536 -0.244162276
vn -0.909669697 0.163918063 -0.381617576
vn -0.245357528 0.754864633 -0.608258903
vn -0.380475253 0.165777251 -0.909811318
vn -0.909669697 0.163918063 -0.381617576
vn -0.610631227 0.753335536 -0.244162276
vn -0.245357528 0.754864633 -0.608258903
vn 1.73700453e-12 -1 0
vn -0.245350391 -0.754870594 -0.608254492
vn 0.245356411 -0.754865348 -0.608258724
vn -8.14220856e-14 1 0
vn 0.245350808 0.754871964 -0.608252645
vn -0.245357528 0.754864633 -0.608258903
vn 1.73700453e-12 -1 0
vn 0.245356411 -0.754865348 -0.608258724
vn 0.610630333 -0.753335416 -0.244164363
vn -8.14220856e-14 1 0
vn 0.61063683 0.753327966 -0.24417147
vn 0.245350808 0.754871964 -0.608252645
vn 1.73700453e-12 -1 0
vn 0.610630333 -0.753335416 -0.244164363
vn 0.610636175 -0.753328264 0.244171992
vn -8.14220856e-14 1 0
vn 0.610630333 0.753335357 0.244164675
vn 0.61063683 0.753327966 -0.24417147
vn 1.73700453e-12 -1 0
vn 0.610636175 -0.753328264 0.244171992
vn 0.245349631 -0.754871964 0.608253181
vn -8.14220856e-14 1 0
vn 0.245356619 0.754864514 0.608259499
vn 0.610630333 0.753335357 0.244164675
vn 1.73700453e-12 -1 0
vn 0.245349631 -0.754871964 0.608253181
vn -0.245356724 -0.754864275 0.608259797
vn -8.14220856e-14 1 0
vn -0.245349497 0.754870653 0.608254731
vn 0.245356619 0.754864514 0.608259499
vn 1.73700453e-12 -1 0
vn -0.245356724 -0.754864275 0.608259797
vn -0.610630393 -0.753335714 0.244163424
vn -8.14220856e-14 1 0
vn -0.610636652 0.753328025 0.24417147
vn -0.245349497 0.754870653 0.608254731
vn 1.73700453e-12 -1 0
vn -0.610630393 -0.753335714 0.244163424
vn -0.610636473 -0.753328085 -0.244171739
vn -8.14220856e-14 1 0
vn -0.610631227 0.753335536 -0.244162276
vn -0.610636652 0.753328025 0.24417147
vn 1.73700453e-12 -1 0
vn -0.610636473 -0.753328085 -0.244171739
vn -0.245350391 -0.754870594 -0.608254492
vn -8.14220856e-14 1 0
vn -0.245357528 0.754864633 -0.608258903
vn -0.610631227 0.753335536 -0.244162276
vn -0.245349556 -0.754871249 -0.608254075
vn 0.38047424 -0.165777549 -0.909811556
vn 0.245358035 -0.754864633 -0.608258903
vn -0.245349556 -0.754871249 -0.608254075
vn -0.380475432 -0.165781543 -0.909810364
vn 0.38047424 -0.165777549 -0.909811556
vn 0.245358035 -0.754864633 -0.608258903
vn 0.909668863 -0.163918346 -0.381619424
vn 0.610630572 -0.753335655 -0.244163215
vn 0.245358035 -0.754864633 -0.608258903
vn 0.38047424 -0.165777549 -0.909811556
vn 0.909668863 -0.163918346 -0.381619424
vn 0.610630572 -0.753335655 -0.244163215
vn 0.909670591 -0.163914159 0.38161695
vn 0.610636592 -0.753328264 0.244171232
vn 0.610630572 -0.753335655 -0.244163215
vn 0.909668863 -0.163918346 -0.381619424
vn 0.909670591 -0.163914159 0.38161695
vn 0.610636592 -0.753328264 0.244171232
vn 0.380477816 -0.165781379 0.909809411
vn 0.24535206 -0.754871786 0.608252287
vn 0.610636592 -0.753328264 0.244171232
vn 0.909670591 -0.163914159 0.38161695
vn 0.380477816 -0.165781379 0.909809411
vn 0.24535206 -0.754871786 0.608252287
vn -0.380474925 -0.16577743 0.909811378
vn -0.245356128 -0.754864335 0.608259916
vn 0.24535206 -0.754871786 0.608252287
vn 0.380477816 -0.165781379 0.909809411
vn -0.380474925 -0.16577743 0.909811378
vn -0.245356128 -0.754864335 0.608259916
vn -0.909669399 -0.163918123 0.381618142
vn -0.610630631 -0.753335476 0.244163573
vn -0.245356128 -0.754864335 0.608259916
vn -0.380474925 -0.16577743 0.909811378
vn -0.909669399 -0.163918123 0.381618142
vn -0.610630631 -0.753335476 0.244163573
vn -0.909670115 -0.163914919 -0.381617785
vn -0.610636473 -0.753328145 -0.244171709
vn -0.610630631 -0.753335476 0.244163573
vn -0.909669399 -0.163918123 0.381618142
vn -0.909670115 -0.163914919 -0.381617785
vn -0.610636473 -0.753328145 -0.244171709
vn -0.380475432 -0.165781543 -0.909810364
vn -0.245349556 -0.754871249 -0.608254075
vn -0.610636473 -0.753328145 -0.244171709
vn -0.909670115 -0.163914919 -0.381617785
vn -0.380475432 -0.165781543 -0.909810364
vn -0.380475432 -0.165781543 -0.909810364
vn 0.380477697 0.165781364 -0.909809411
vn 0.38047424 -0.165777549 -0.909811556
vn -0.380475432 -0.165781543 -0.909810364
vn -0.380475342 0.165777668 -0.90981108
vn 0.380477697 0.165781364 -0.909809411
vn 0.38047424 -0.165777549 -0.909811556
vn 0.909670532 0.163914621 -0.381617039
vn 0.909668863 -0.163918346 -0.381619424
vn 0.38047424 -0.165777549 -0.909811556
vn 0.380477697 0.165781364 -0.909809411
vn 0.909670532 0.163914621 -0.381617039
vn 0.909668863 -0.163918346 -0.381619424
vn 0.909669042 0.163918063 0.381619126
vn 0.909670591 -0.163914159 0.38161695
vn 0.909668863 -0.163918346 -0.381619424
vn 0.909670532 0.163914621 -0.381617039
vn 0.909669042 0.163918063 0.381619126
vn 0.909670591 -0.163914159 0.38161695
vn 0.38047418 0.165777072 0.909811676
vn 0.380477816 -0.165781379 0.909809411
vn 0.909670591 -0.163914159 0.38161695
vn 0.909669042 0.163918063 0.381619126
vn 0.38047418 0.165777072 0.909811676
vn 0.380477816 -0.165781379 0.909809411
vn -0.380475581 0.165781692 0.909810305
vn -0.380474925 -0.16577743 0.909811378
vn 0.380477816 -0.165781379 0.909809411
vn 0.38047418 0.165777072 0.909811676
vn -0.380475581 0.165781692 0.909810305
vn -0.380474925 -0.16577743 0.909811378
vn -0.909670353 0.163914621 0.381617337
vn -0.909669399 -0.163918123 0.381618142
vn -0.380474925 -0.16577743 0.909811378
vn -0.380475581 0.165781692 0.909810305
vn -0.909670353 0.163914621 0.381617337
vn -0.909669399 -0.163918123 0.381618142
vn -0.909669638 0.163918346 -0.381617516
vn -0.909670115 -0.163914919 -0.381617785
vn -0.909669399 -0.163918123 0.381618142
vn -0.909670353 0.163914621 0.381617337
vn -0.909669638 0.163918346 -0.381617516
vn -0.909670115 -0.163914919 -0.381617785
vn -0.380475342 0.165777668 -0.90981108
vn -0.380475432 -0.165781543 -0.909810364
vn -0.909670115 -0.163914919 -0.381617785
vn -0.909669638 0.163918346 -0.381617516
vn -0.380475342 0.165777668 -0.90981108
vn -0.380475342 0.165777668 -0.90981108
vn 0.245352373 0.754871726 -0.608252287
vn 0.380477697 0.165781364 -0.909809411
vn -0.380475342 0.165777668 -0.90981108
vn -0.245356858 0.754864991 -0.608258903
vn 0.245352373 0.754871726 -0.608252287
vn 0.380477697 0.165781364 -0.909809411
vn 0.61063695 0.753328025 -0.244171053
vn 0.909670532 0.163914621 -0.381617039
vn 0.380477697 0.165781364 -0.909809411
vn 0.245352373 0.754871726 -0.608252287
vn 0.61063695 0.753328025 -0.244171053
vn 0.909670532 0.163914621 -0.381617039
vn 0.610630989 0.753335536 0.2441625
vn 0.909669042 0.163918063 0.381619126
vn 0.909670532 0.163914621 -0.381617039
vn 0.61063695 0.753328025 -0.244171053
vn 0.610630989 0.753335536 0.2441625
vn 0.909669042 0.163918063 0.381619126
vn 0.245357499 0.754864514 0.608259141
vn 0.38047418 0.165777072 0.909811676
vn 0.909669042 0.163918063 0.381619126
vn 0.610630989 0.753335536 0.2441625
vn 0.245357499 0.754864514 0.608259141
vn 0.38047418 0.165777072 0.909811676
vn -0.245348454 0.754871726 0.608253896
vn -0.380475581 0.165781692 0.909810305
vn 0.38047418 0.165777072 0.909811676
vn 0.245357499 0.754864514 0.608259141
vn -0.245348454 0.754871726 0.608253896
vn -0.380475581 0.165781692 0.909810305
vn -0.610636592 0.753328204 0.244171396
vn -0.909670353 0.163914621 0.381617337
vn -0.380475581 0.165781692 0.909810305
vn -0.245348454 0.754871726 0.608253896
vn -0.610636592 0.753328204 0.244171396
vn -0.909670353 0.163914621 0.381617337
vn -0.610631406 0.753335238 -0.244162396
vn -0.909669638 0.163918346 -0.381617516
vn -0.909670353 0.163914621 0.381617337
vn -0.610636592 0.753328204 0.244171396
vn -0.610631406 0.753335238 -0.244162396
vn -0.909669638 0.163918346 -0.381617516
vn -0.245356858 0.754864991 -0.608258903
vn -0.380475342 0.165777668 -0.90981108
vn -0.909669638 0.163918346 -0.381617516
vn -0.610631406 0.753335238 -0.244162396
vn -0.245356858 0.754864991 -0.608258903
vn -1.73700453e-12 -1 0
vn -0.245349556 -0.754871249 -0.608254075
vn 0.245358035 -0.754864633 -0.608258903
vn 8.14220856e-14 1 0
vn 0.245352373 0.754871726 -0.608252287
vn -0.245356858 0.754864991 -0.608258903
vn -1.73700453e-12 -1 0
vn 0.245358035 -0.754864633 -0.608258903
vn 0.610630572 -0.753335655 -0.244163215
vn 8.14220856e-14 1 0
vn 0.61063695 0.753328025 -0.244171053
vn 0.245352373 0.754871726 -0.608252287
vn -1.73700453e-12 -1 0
vn 0.610630572 -0.753335655 -0.244163215
vn 0.610636592 -0.753328264 0.244171232
vn 8.14220856e-14 1 0
vn 0.610630989 0.753335536 0.2441625
vn 0.61063695 0.753328025 -0.244171053
vn -1.73700453e-12 -1 0
vn 0.610636592 -0.753328264 0.244171232
vn 0.24535206 -0.754871786 0.608252287
vn 8.14220856e-14 1 0
vn 0.245357499 0.754864514 0.608259141
vn 0.610630989 0.753335536 0.2441625
vn -1.73700453e-12 -1 0
vn 0.24535206 -0.754871786 0.608252287
vn -0.245356128 -0.754864335 0.608259916
vn 8.14220856e-14 1 0
vn -0.245348454 0.754871726 0.608253896
vn 0.245357499 0.754864514 0.608259141
vn -1.73700453e-12 -1 0
vn -0.245356128 -0.754864335 0.608259916
vn -0.610630631 -0.753335476 0.244163573
vn 8.14220856e-14 1 0
vn -0.610636592 0.753328204 0.244171396
vn -0.245348454 0.754871726 0.608253896
vn -1.73700453e-12 -1 0
vn -0.610630631 -0.753335476 0.244163573
vn -0.610636473 -0.753328145 -0.244171709
vn 8.14220856e-14 1 0
vn -0.610631406 0.753335238 -0.244162396
vn -0.610636592 0.753328204 0.244171396
vn -1.73700453e-12 -1 0
vn -0.610636473 -0.753328145 -0.244171709
vn -0.245349556 -0.754871249 -0.608254075
vn 8.14220856e-14 1 0
vn -0.245356858 0.754864991 -0.608258903
vn -0.610631406 0.753335238 -0.244162396
vn -0.233568907 -0.787626743 -0.57016629
vn 0.375347137 -0.209579885 -0.902879179
vn 0.233574092 -0.787622213 -0.570170522
vn -0.233568907 -0.787626743 -0.57016629
vn -0.375354201 -0.209582612 -0.902875602
vn 0.375347137 -0.209579885 -0.902879179
vn 0.233574092 -0.787622213 -0.570170522
vn 0.901917756 -0.191388786 -0.387188226
vn 0.596518278 -0.771409988 -0.221568406
vn 0.233574092 -0.787622213 -0.570170522
vn 0.375347137 -0.209579885 -0.902879179
vn 0.901917756 -0.191388786 -0.387188226
vn 0.596518278 -0.771409988 -0.221568406
vn 0.901917994 -0.191389784 0.387187302
vn 0.596529663 -0.771399796 0.221573517
vn 0.596518278 -0.771409988 -0.221568406
vn 0.901917756 -0.191388786 -0.387188226
vn 0.901917994 -0.191389784 0.387187302
vn 0.596529663 -0.771399796 0.221573517
vn 0.37535423 -0.209582582 0.902875602
vn 0.233569905 -0.787626624 0.570166051
vn 0.596529663 -0.771399796 0.221573517
vn 0.901917994 -0.191389784 0.387187302
vn 0.37535423 -0.209582582 0.902875602
vn 0.233569905 -0.787626624 0.570166051
vn -0.375347406 -0.209579632 0.902879179
vn -0.233574852 -0.787621915 0.570170641
vn 0.233569905 -0.787626624 0.570166051
vn 0.37535423 -0.209582582 0.902875602
vn -0.375347406 -0.209579632 0.902879179
vn -0.233574852 -0.787621915 0.570170641
vn -0.901917756 -0.191388503 0.387188196
vn -0.596518874 -0.771409512 0.22156851
vn -0.233574852 -0.787621915 0.570170641
vn -0.375347406 -0.209579632 0.902879179
vn -0.901917756 -0.191388503 0.387188196
vn -0.596518874 -0.771409512 0.22156851
vn -0.901917994 -0.191389725 -0.387187034
vn -0.596529126 -0.771400213 -0.221573547
vn -0.596518874 -0.771409512 0.22156851
vn -0.901917756 -0.191388503 0.387188196
vn -0.901917994 -0.191389725 -0.387187034
vn -0.596529126 -0.771400213 -0.221573547
vn -0.375354201 -0.209582612 -0.902875602
vn -0.233568907 -0.787626743 -0.57016629
vn -0.596529126 -0.771400213 -0.221573547
vn -0.901917994 -0.191389725 -0.387187034
vn -0.375354201 -0.209582612 -0.902875602
vn -0.375354201 -0.209582612 -0.902875602
vn 0.375354111 0.209582657 -0.902875602
vn 0.375347137 -0.209579885 -0.902879179
vn -0.375354201 -0.209582612 -0.902875602
vn -0.375347108 0.209580034 -0.902879179
vn 0.375354111 0.209582657 -0.902875602
vn 0.375347137 -0.209579885 -0.902879179
vn 0.901917994 0.191389933 -0.387187064
vn 0.901917756 -0.191388786 -0.387188226
vn 0.375347137 -0.209579885 -0.902879179
vn 0.375354111 0.209582657 -0.902875602
vn 0.901917994 0.191389933 -0.387187064
vn 0.901917756 -0.191388786 -0.387188226
vn 0.901917756 0.19138889 0.387188226
vn 0.901917994 -0.191389784 0.387187302
vn 0.901917756 -0.191388786 -0.387188226
vn 0.901917994 0.191389933 -0.387187064
vn 0.901917756 0.19138889 0.387188226
vn 0.901917994 -0.191389784 0.387187302
vn 0.375347018 0.209579885 0.902879179
vn 0.37535423 -0.209582582 0.902875602
vn 0.901917994 -0.191389784 0.387187302
vn 0.901917756 0.19138889 0.387188226
vn 0.375347018 0.209579885 0.902879179
vn 0.37535423 -0.209582582 0.902875602
vn -0.37535426 0.209582716 0.902875602
vn -0.375347406 -0.209579632 0.902879179
vn 0.37535423 -0.209582582 0.902875602
vn 0.375347018 0.209579885 0.902879179
vn -0.37535426 0.209582716 0.902875602
vn -0.375347406 -0.209579632 0.902879179
vn -0.901918113 0.191389665 0.387186855
vn -0.901917756 -0.191388503 0.387188196
vn -0.375347406 -0.209579632 0.902879179
vn -0.37535426 0.209582716 0.902875602
vn -0.901918113 0.191389665 0.387186855
vn -0.901917756 -0.191388503 0.387188196
vn -0.901917756 0.191388816 -0.387188226
vn -0.901917994 -0.191389725 -0.387187034
vn -0.901917756 -0.191388503 0.387188196
vn -0.901918113 0.191389665 0.387186855
vn -0.901917756 0.191388816 -0.387188226
vn -0.901917994 -0.191389725 -0.387187034
vn -0.375347108 0.209580034 -0.902879179
vn -0.375354201 -0.209582612 -0.902875602
vn -0.901917994 -0.191389725 -0.387187034
vn -0.901917756 0.191388816 -0.387188226
vn -0.375347108 0.209580034 -0.902879179
vn -0.375347108 0.209580034 -0.902879179
vn 0.233569637 0.787626565 -0.57016623
vn 0.375354111 0.209582657 -0.902875602
vn -0.375347108 0.209580034 -0.902879179
vn -0.233574837 0.787622094 -0.570170283
vn 0.233569637 0.787626565 -0.57016623
vn 0.375354111 0.209582657 -0.902875602
vn 0.596529841 0.771399677 -0.221573427
vn 0.901917994 0.191389933 -0.387187064
vn 0.375354111 0.209582657 -0.902875602
vn 0.233569637 0.787626565 -0.57016623
vn 0.596529841 0.771399677 -0.221573427
vn 0.901917994 0.191389933 -0.387187064
vn 0.596518755 0.771409631 0.221568182
vn 0.901917756 0.19138889 0.387188226
vn 0.901917994 0.191389933 -0.387187064
vn 0.596529841 0.771399677 -0.221573427
vn 0.596518755 0.771409631 0.221568182
vn 0.901917756 0.19138889 0.387188226
vn 0.233574569 0.787622035 0.570170581
vn 0.375347018 0.209579885 0.902879179
vn 0.901917756 0.19138889 0.387188226
vn 0.596518755 0.771409631 0.221568182
vn 0.233574569 0.787622035 0.570170581
vn 0.375347018 0.209579885 0.902879179
vn -0.233569309 0.787626803 0.570166171
vn -0.37535426 0.209582716 0.902875602
vn 0.375347018 0.209579885 0.902879179
vn 0.233574569 0.787622035 0.570170581
vn -0.233569309 0.787626803 0.570166171
vn -0.37535426 0.209582716 0.902875602
vn -0.596529543 0.771399796 0.221573368
vn -0.901918113 0.191389665 0.387186855
vn -0.37535426 0.209582716 0.902875602
vn -0.233569309 0.787626803 0.570166171
vn -0.596529543 0.771399796 0.221573368
vn -0.901918113 0.191389665 0.387186855
vn -0.596519172 0.771409452 -0.221568182
vn -0.901917756 0.191388816 -0.387188226
vn -0.901918113 0.191389665 0.387186855
vn -0.596529543 0.771399796 0.221573368
vn -0.596519172 0.771409452 -0.221568182
vn -0.901917756 0.191388816 -0.387188226
vn -0.233574837 0.787622094 -0.570170283
vn -0.375347108 0.209580034 -0.902879179
vn -0.901917756 0.191388816 -0.387188226
vn -0.596519172 0.771409452 -0.221568182
vn -0.233574837 0.787622094 -0.570170283
vn 5.42810663e-14 -1 0
vn -0.233568907 -0.787626743 -0.57016629
vn 0.233574092 -0.787622213 -0.570170522
vn -4.07107989e-14 1 0
vn 0.233569637 0.787626565 -0.57016623
vn -0.233574837 0.787622094 -0.570170283
vn 5.42810663e-14 -1 0
vn 0.233574092 -0.787622213 -0.570170522
vn 0.596518278 -0.771409988 -0.221568406
vn -4.07107989e-14 1 0
vn 0.596529841 0.771399677 -0.221573427
vn 0.233569637 0.787626565 -0.57016623
vn 5.42810663e-14 -1 0
vn 0.596518278 -0.771409988 -0.221568406
vn 0.596529663 -0.771399796 0.221573517
vn -4.07107989e-14 1 0
vn 0.596518755 0.771409631 0.221568182
vn 0.596529841 0.771399677 -0.221573427
vn 5.42810663e-14 -1 0
vn 0.596529663 -0.771399796 0.221573517
vn 0.233569905 -0.787626624 0.570166051
vn -4.07107989e-14 1 0
vn 0.233574569 0.787622035 0.570170581
vn 0.596518755 0.771409631 0.221568182
vn 5.42810663e-14 -1 0
vn 0.233569905 -0.787626624 0.570166051
vn -0.233574852 -0.787621915 0.570170641
vn -4.07107989e-14 1 0
vn -0.233569309 0.787626803 0.570166171
vn 0.233574569 0.787622035 0.570170581
vn 5.42810663e-14 -1 0
vn -0.233574852 -0.787621915 0.570170641
vn -0.596518874 -0.771409512 0.22156851
vn -4.07107989e-14 1 0
vn -0.596529543 0.771399796 0.221573368
vn -0.233569309 0.787626803 0.570166171
vn 5.42810663e-14 -1 0
vn -0.596518874 -0.771409512 0.22156851
vn -0.596529126 -0.771400213 -0.221573547
vn -4.07107989e-14 1 0
vn -0.596519172 0.771409452 -0.221568182
vn -0.596529543 0.771399796 0.221573368
vn 5.42810663e-14 -1 0
vn -0.596529126 -0.771400213 -0.221573547
vn -0.233568907 -0.787626743 -0.57016629
vn -4.07107989e-14 1 0
vn -0.233574837 0.787622094 -0.570170283
vn -0.596519172 0.771409452 -0.221568182
vn -0.154380769 -0.905216634 -0.395915806
vn 0.357818216 -0.379052252 -0.853396475
vn 0.154380426 -0.905213416 -0.395923436
vn -0.154380769 -0.905216634 -0.395915806
vn -0.35782662 -0.379063249 -0.853388011
vn 0.357818216 -0.379052252 -0.853396475
vn 0.154380426 -0.905213416 -0.395923436
vn 0.854549825 -0.350978494 -0.382829815
vn 0.474333137 -0.870483339 -0.131403133
vn 0.154380426 -0.905213416 -0.395923436
vn 0.357818216 -0.379052252 -0.853396475
vn 0.854549825 -0.350978494 -0.382829815
vn 0.474333137 -0.870483339 -0.131403133
vn 0.854556561 -0.350969106 0.382823408
vn 0.474332035 -0.870483458 0.131406337
vn 0.474333137 -0.870483339 -0.131403133
vn 0.854549825 -0.350978494 -0.382829815
vn 0.854556561 -0.350969106 0.382823408
vn 0.474332035 -0.870483458 0.131406337
vn 0.357826769 -0.379063249 0.853387952
vn 0.154380798 -0.905216575 0.395916045
vn 0.474332035 -0.870483458 0.131406337
vn 0.854556561 -0.350969106 0.382823408
vn 0.357826769 -0.379063249 0.853387952
vn 0.154380798 -0.905216575 0.395916045
vn -0.357818365 -0.379052252 0.853396416
vn -0.154380113 -0.905213416 0.395923465
vn 0.154380798 -0.905216575 0.395916045
vn 0.357826769 -0.379063249 0.853387952
vn -0.357818365 -0.379052252 0.853396416
vn -0.154380113 -0.905213416 0.395923465
vn -0.854549825 -0.350978494 0.382829696
vn -0.474332571 -0.870483637 0.131403461
vn -0.154380113 -0.905213416 0.395923465
vn -0.357818365 -0.379052252 0.853396416
vn -0.854549825 -0.350978494 0.382829696
vn -0.474332571 -0.870483637 0.131403461
vn -0.854556799 -0.35096857 -0.382823348
vn -0.474332482 -0.870483279 -0.131406352
vn -0.474332571 -0.870483637 0.131403461
vn -0.854549825 -0.350978494 0.382829696
vn -0.854556799 -0.35096857 -0.382823348
vn -0.474332482 -0.870483279 -0.131406352
vn -0.35782662 -0.379063249 -0.853388011
vn -0.154380769 -0.905216634 -0.395915806
vn -0.474332482 -0.870483279 -0.131406352
vn -0.854556799 -0.35096857 -0.382823348
vn -0.35782662 -0.379063249 -0.853388011
vn -0.35782662 -0.379063249 -0.853388011
vn 0.35782674 0.379063666 -0.853387833
vn 0.357818216 -0.379052252 -0.853396475
vn -0.35782662 -0.379063249 -0.853388011
vn -0.357817858 0.379052848 -0.853396356
vn 0.35782674 0.379063666 -0.853387833
vn 0.357818216 -0.379052252 -0.853396475
vn 0.85455662 0.350969166 -0.382823139
vn 0.854549825 -0.350978494 -0.382829815
vn 0.357818216 -0.379052252 -0.853396475
vn 0.35782674 0.379063666 -0.853387833
vn 0.85455662 0.350969166 -0.382823139
vn 0.854549825 -0.350978494 -0.382829815
vn 0.854549706 0.350978851 0.382829815
vn 0.854556561 -0.350969106 0.382823408
vn 0.854549825 -0.350978494 -0.382829815
vn 0.85455662 0.350969166 -0.382823139
vn 0.854549706 0.350978851 0.382829815
vn 0.854556561 -0.350969106 0.382823408
vn 0.357818425 0.379052371 0.853396356
vn 0.357826769 -0.379063249 0.853387952
vn 0.854556561 -0.350969106 0.382823408
vn 0.854549706 0.350978851 0.382829815
vn 0.357818425 0.379052371 0.853396356
vn 0.357826769 -0.379063249 0.853387952
vn -0.357826501 0.379063517 0.853387952
vn -0.357818365 -0.379052252 0.853396416
vn 0.357826769 -0.379063249 0.853387952
vn 0.357818425 0.379052371 0.853396356
vn -0.357826501 0.379063517 0.853387952
vn -0.357818365 -0.379052252 0.853396416
vn -0.854556859 0.350968778 0.382823169
vn -0.854549825 -0.350978494 0.382829696
vn -0.357818365 -0.379052252 0.853396416
vn -0.357826501 0.379063517 0.853387952
vn -0.854556859 0.350968778 0.382823169
vn -0.854549825 -0.350978494 0.382829696
vn -0.854549706 0.350979179 -0.382829607
vn -0.854556799 -0.35096857 -0.382823348
vn -0.854549825 -0.350978494 0.382829696
vn -0.854556859 0.350968778 0.382823169
vn -0.854549706 0.350979179 -0.382829607
vn -0.854556799 -0.35096857 -0.382823348
vn -0.357817858 0.379052848 -0.853396356
vn -0.35782662 -0.379063249 -0.853388011
vn -0.854556799 -0.35096857 -0.382823348
vn -0.854549706 0.350979179 -0.382829607
vn -0.357817858 0.379052848 -0.853396356
vn -0.357817858 0.379052848 -0.853396356
vn 0.15437986 0.905216932 -0.395915538
vn 0.35782674 0.379063666 -0.853387833
vn -0.357817858 0.379052848 -0.853396356
vn -0.154380053 0.905213654 -0.395922989
vn 0.15437986 0.905216932 -0.395915538
vn 0.35782674 0.379063666 -0.853387833
vn 0.474331379 0.870483816 -0.131406233
vn 0.85455662 0.350969166 -0.382823139
vn 0.35782674 0.379063666 -0.853387833
vn 0.15437986 0.905216932 -0.395915538
vn 0.474331379 0.870483816 -0.131406233
vn 0.85455662 0.350969166 -0.382823139
vn 0.474332005 0.870483994 0.131403148
vn 0.854549706 0.350978851 0.382829815
vn 0.85455662 0.350969166 -0.382823139
vn 0.474331379 0.870483816 -0.131406233
vn 0.474332005 0.870483994 0.131403148
vn 0.854549706 0.350978851 0.382829815
vn 0.154380038 0.905213594 0.395923167
vn 0.357818425 0.379052371 0.853396356
vn 0.854549706 0.350978851 0.382829815
vn 0.474332005 0.870483994 0.131403148
vn 0.154380038 0.905213594 0.395923167
vn 0.357818425 0.379052371 0.853396356
vn -0.154379904 0.905216873 0.395915687
vn -0.357826501 0.379063517 0.853387952
vn 0.357818425 0.379052371 0.853396356
vn 0.154380038 0.905213594 0.395923167
vn -0.154379904 0.905216873 0.395915687
vn -0.357826501 0.379063517 0.853387952
vn -0.474331796 0.870483637 0.131406277
vn -0.854556859 0.350968778 0.382823169
vn -0.357826501 0.379063517 0.853387952
vn -0.154379904 0.905216873 0.395915687
vn -0.474331796 0.870483637 0.131406277
vn -0.854556859 0.350968778 0.382823169
vn -0.474332362 0.870483756 -0.131403118
vn -0.854549706 0.350979179 -0.382829607
vn -0.854556859 0.350968778 0.382823169
vn -0.474331796 0.870483637 0.131406277
vn -0.474332362 0.870483756 -0.131403118
vn -0.854549706 0.350979179 -0.382829607
vn -0.154380053 0.905213654 -0.395922989
vn -0.357817858 0.379052848 -0.853396356
vn -0.854549706 0.350979179 -0.382829607
vn -0.474332362 0.870483756 -0.131403118
vn -0.154380053 0.905213654 -0.395922989
vn 0 -1 0
vn -0.154380769 -0.905216634 -0.395915806
vn 0.154380426 -0.905213416 -0.395923436
vn -1.51537542e-13 1 0
vn 0.15437986 0.905216932 -0.395915538
vn -0.154380053 0.905213654 -0.395922989
vn 0 -1 0
vn 0.154380426 -0.905213416 -0.395923436
vn 0.474333137 -0.870483339 -0.131403133
vn -1.51537542e-13 1 0
vn 0.474331379 0.870483816 -0.131406233
vn 0.15437986 0.905216932 -0.395915538
vn 0 -1 0
vn 0.474333137 -0.870483339 -0.131403133
vn 0.474332035 -0.870483458 0.131406337
vn -1.51537542e-13 1 0
vn 0.474332005 0.870483994 0.131403148
vn 0.474331379 0.870483816 -0.131406233
vn 0 -1 0
vn 0.474332035 -0.870483458 0.131406337
vn 0.154380798 -0.905216575 0.395916045
vn -1.51537542e-13 1 0
vn 0.154380038 0.905213594 0.395923167
vn 0.474332005 0.870483994 0.131403148
vn 0 -1 0
vn 0.154380798 -0.905216575 0.395916045
vn -0.154380113 -0.905213416 0.395923465
vn -1.51537542e-13 1 0
vn -0.154379904 0.905216873 0.395915687
vn 0.154380038 0.905213594 0.395923167
vn 0 -1 0
vn -0.154380113 -0.905213416 0.395923465
vn -0.474332571 -0.870483637 0.131403461
vn -1.51537542e-13 1 0
vn -0.474331796 0.870483637 0.131406277
vn -0.154379904 0.905216873 0.395915687
vn 0 -1 0
vn -0.474332571 -0.870483637 0.131403461
vn -0.474332482 -0.870483279 -0.131406352
vn -1.51537542e-13 1 0
vn -0.474332362 0.870483756 -0.131403118
vn -0.474331796 0.870483637 0.131406277
vn 0 -1 0
vn -0.474332482 -0.870483279 -0.131406352
vn -0.154380769 -0.905216634 -0.395915806
vn -1.51537542e-13 1 0
vn -0.154380053 0.905213654 -0.395922989
vn -0.474332362 0.870483756 -0.131403118
vn -0.149726227 -0.870698154 -0.468472898
vn 0.377472132 -0.337497145 -0.862328529
vn 0.149732932 -0.870695829 -0.468474895
vn -0.149726227 -0.870698154 -0.468472898
vn -0.377471745 -0.337500811 -0.862327218
vn 0.377472132 -0.337497145 -0.862328529
vn 0.149732932 -0.870695829 -0.468474895
vn 0.862004101 -0.348607779 -0.367996603
vn 0.44036594 -0.883707583 -0.158552065
vn 0.149732932 -0.870695829 -0.468474895
vn 0.377472132 -0.337497145 -0.862328529
vn 0.862004101 -0.348607779 -0.367996603
vn 0.44036594 -0.883707583 -0.158552065
vn 0.862006903 -0.348602891 0.367994845
vn 0.440372527 -0.883703351 0.158557519
vn 0.44036594 -0.883707583 -0.158552065
vn 0.862004101 -0.348607779 -0.367996603
vn 0.862006903 -0.348602891 0.367994845
vn 0.440372527 -0.883703351 0.158557519
vn 0.377471775 -0.337500662 0.862327218
vn 0.149726331 -0.870697916 0.468473166
vn 0.440372527 -0.883703351 0.158557519
vn 0.862006903 -0.348602891 0.367994845
vn 0.377471775 -0.337500662 0.862327218
vn 0.149726331 -0.870697916 0.468473166
vn -0.377472162 -0.337496907 0.862328529
vn -0.149733111 -0.87069571 0.468475223
vn 0.149726331 -0.870697916 0.468473166
vn 0.377471775 -0.337500662 0.862327218
vn -0.377472162 -0.337496907 0.862328529
vn -0.149733111 -0.87069571 0.468475223
vn -0.862004101 -0.348607689 0.367996603
vn -0.44036597 -0.883707583 0.158552006
vn -0.149733111 -0.87069571 0.468475223
vn -0.377472162 -0.337496907 0.862328529
vn -0.862004101 -0.348607689 0.367996603
vn -0.44036597 -0.883707583 0.158552006
vn -0.862006903 -0.348602921 -0.367994815
vn -0.440372407 -0.883703351 -0.15855749
vn -0.44036597 -0.883707583 0.158552006
vn -0.862004101 -0.348607689 0.367996603
vn -0.862006903 -0.348602921 -0.367994815
vn -0.440372407 -0.883703351 -0.15855749
vn -0.377471745 -0.337500811 -0.862327218
vn -0.149726227 -0.870698154 -0.468472898
vn -0.440372407 -0.883703351 -0.15855749
vn -0.862006903 -0.348602921 -0.367994815
vn -0.377471745 -0.337500811 -0.862327218
vn -0.377471745 -0.337500811 -0.862327218
vn 0.377471775 0.337501019 -0.862327218
vn 0.377472132 -0.337497145 -0.862328529
vn -0.377471745 -0.337500811 -0.862327218
vn -0.377472132 0.337497503 -0.86232841
vn 0.377471775 0.337501019 -0.862327218
vn 0.377472132 -0.337497145 -0.862328529
vn 0.862006843 0.34860307 -0.367994696
vn 0.862004101 -0.348607779 -0.367996603
vn 0.377472132 -0.337497145 -0.862328529
vn 0.377471775 0.337501019 -0.862327218
vn 0.862006843 0.34860307 -0.367994696
vn 0.862004101 -0.348607779 -0.367996603
vn 0.862003744 0.348608494 0.367996693
vn 0.862006903 -0.348602891 0.367994845
vn 0.862004101 -0.348607779 -0.367996603
vn 0.862006843 0.34860307 -0.367994696
vn 0.862003744 0.348608494 0.367996693
vn 0.862006903 -0.348602891 0.367994845
vn 0.377471924 0.337497324 0.862328589
vn 0.377471775 -0.337500662 0.862327218
vn 0.862006903 -0.348602891 0.367994845
vn 0.862003744 0.348608494 0.367996693
vn 0.377471924 0.337497324 0.862328589
vn 0.377471775 -0.337500662 0.862327218
vn -0.377471656 0.33750096 0.862327218
vn -0.377472162 -0.337496907 0.862328529
vn 0.377471775 -0.337500662 0.862327218
vn 0.377471924 0.337497324 0.862328589
vn -0.377471656 0.33750096 0.862327218
vn -0.377472162 -0.337496907 0.862328529
vn -0.862006724 0.348603249 0.367994994
vn -0.862004101 -0.348607689 0.367996603
vn -0.377472162 -0.337496907 0.862328529
vn -0.377471656 0.33750096 0.862327218
vn -0.862006724 0.348603249 0.367994994
vn -0.862004101 -0.348607689 0.367996603
vn -0.862003922 0.348608345 -0.367996573
vn -0.862006903 -0.348602921 -0.367994815
vn -0.862004101 -0.348607689 0.367996603
vn -0.862006724 0.348603249 0.367994994
vn -0.862003922 0.348608345 -0.367996573
vn -0.862006903 -0.348602921 -0.367994815
vn -0.377472132 0.337497503 -0.86232841
vn -0.377471745 -0.337500811 -0.862327218
vn -0.862006903 -0.348602921 -0.367994815
vn -0.862003922 0.348608345 -0.367996573
vn -0.377472132 0.337497503 -0.86232841
vn -0.377472132 0.337497503 -0.86232841
vn 0.149726003 0.870698273 -0.468472689
vn 0.377471775 0.337501019 -0.862327218
vn -0.377472132 0.337497503 -0.86232841
vn -0.149732932 0.870696068 -0.468474478
vn 0.149726003 0.870698273 -0.468472689
vn 0.377471775 0.337501019 -0.862327218
vn 0.440372348 0.88370347 -0.158557341
vn 0.862006843 0.34860307 -0.367994696
vn 0.377471775 0.337501019 -0.862327218
vn 0.149726003 0.870698273 -0.468472689
vn 0.440372348 0.88370347 -0.158557341
vn 0.862006843 0.34860307 -0.367994696
vn 0.440364957 0.88370806 0.158551872
vn 0.862003744 0.348608494 0.367996693
vn 0.862006843 0.34860307 -0.367994696
vn 0.440372348 0.88370347 -0.158557341
vn 0.440364957 0.88370806 0.158551872
vn 0.862003744 0.348608494 0.367996693
vn 0.149732679 0.870695829 0.468474984
vn 0.377471924 0.337497324 0.862328589
vn 0.862003744 0.348608494 0.367996693
vn 0.440364957 0.88370806 0.158551872
vn 0.149732679 0.870695829 0.468474984
vn 0.377471924 0.337497324 0.862328589
vn -0.149726138 0.870698094 0.468472898
vn -0.377471656 0.33750096 0.862327218
vn 0.377471924 0.337497324 0.862328589
vn 0.149732679 0.870695829 0.468474984
vn -0.149726138 0.870698094 0.468472898
vn -0.377471656 0.33750096 0.862327218
vn -0.440372139 0.883703589 0.158557415
vn -0.862006724 0.348603249 0.367994994
vn -0.377471656 0.33750096 0.862327218
vn -0.149726138 0.870698094 0.468472898
vn -0.440372139 0.883703589 0.158557415
vn -0.862006724 0.348603249 0.367994994
vn -0.440365255 0.883707941 -0.158551902
vn -0.862003922 0.348608345 -0.367996573
vn -0.862006724 0.348603249 0.367994994
vn -0.440372139 0.883703589 0.158557415
vn -0.440365255 0.883707941 -0.158551902
vn -0.862003922 0.348608345 -0.367996573
vn -0.149732932 0.870696068 -0.468474478
vn -0.377472132 0.337497503 -0.86232841
vn -0.862003922 0.348608345 -0.367996573
vn -0.440365255 0.883707941 -0.158551902
vn -0.149732932 0.870696068 -0.468474478
vn 0 -1 0
vn -0.149726227 -0.870698154 -0.468472898
vn 0.149732932 -0.870695829 -0.468474895
vn 0 1 0
vn 0.149726003 0.870698273 -0.468472689
vn -0.149732932 0.870696068 -0.468474478
vn 0 -1 0
vn 0.149732932 -0.870695829 -0.468474895
vn 0.44036594 -0.883707583 -0.158552065
vn 0 1 0
vn 0.440372348 0.88370347 -0.158557341
vn 0.149726003 0.870698273 -0.468472689
vn 0 -1 0
vn 0.44036594 -0.883707583 -0.158552065
vn 0.440372527 -0.883703351 0.158557519
vn 0 1 0
vn 0.440364957 0.88370806 0.158551872
vn 0.440372348 0.88370347 -0.158557341
vn 0 -1 0
vn 0.440372527 -0.883703351 0.158557519
vn 0.149726331 -0.870697916 0.468473166
vn 0 1 0
vn 0.149732679 0.870695829 0.468474984
vn 0.440364957 0.88370806 0.158551872
vn 0 -1 0
vn 0.149726331 -0.870697916 0.468473166
vn -0.149733111 -0.87069571 0.468475223
vn 0 1 0
vn -0.149726138 0.870698094 0.468472898
vn 0.149732679 0.870695829 0.468474984
vn 0 -1 0
vn -0.149733111 -0.87069571 0.468475223
vn -0.44036597 -0.883707583 0.158552006
vn 0 1 0
vn -0.440372139 0.883703589 0.158557415
vn -0.149726138 0.870698094 0.468472898
vn 0 -1 0
vn -0.44036597 -0.883707583 0.158552006
vn -0.440372407 -0.883703351 -0.15855749
vn 0 1 0
vn -0.440365255 0.883707941 -0.158551902
vn -0.440372139 0.883703589 0.158557415
vn 0 -1 0
vn -0.440372407 -0.883703351 -0.15855749
vn -0.149726227 -0.870698154 -0.468472898
vn 0 1 0
vn -0.149732932 0.870696068 -0.468474478
vn -0.440365255 0.883707941 -0.158551902
vn -0.10469275 -0.916381061 -0.386374265
vn 0.367639601 -0.416739732 -0.831365824
vn 0.104694255 -0.916381001 -0.386374056
vn -0.10469275 -0.916381061 -0.386374265
vn -0.367642105 -0.416745812 -0.831361711
vn 0.367639601 -0.416739732 -0.831365824
vn 0.104694255 -0.916381001 -0.386374056
vn 0.830370605 -0.43073824 -0.353481621
vn 0.336361229 -0.934390187 -0.117371731
vn 0.104694255 -0.916381001 -0.386374056
vn 0.367639601 -0.416739732 -0.831365824
vn 0.830370605 -0.43073824 -0.353481621
vn 0.336361229 -0.934390187 -0.117371731
vn 0.830373764 -0.430736095 0.353476793
vn 0.336362302 -0.934389472 0.117374197
vn 0.336361229 -0.934390187 -0.117371731
vn 0.830370605 -0.43073824 -0.353481621
vn 0.830373764 -0.430736095 0.353476793
vn 0.336362302 -0.934389472 0.117374197
vn 0.367642194 -0.416745812 0.831361651
vn 0.104692884 -0.916381121 0.386374325
vn 0.336362302 -0.934389472 0.117374197
vn 0.830373764 -0.430736095 0.353476793
vn 0.367642194 -0.416745812 0.831361651
vn 0.104692884 -0.916381121 0.386374325
vn -0.367639601 -0.416739762 0.831365824
vn -0.104693875 -0.916380942 0.386374205
vn 0.104692884 -0.916381121 0.386374325
vn 0.367642194 -0.416745812 0.831361651
vn -0.367639601 -0.416739762 0.831365824
vn -0.104693875 -0.916380942 0.386374205
vn -0.830370605 -0.430738121 0.353481501
vn -0.336361259 -0.934390128 0.117371716
vn -0.104693875 -0.916380942 0.386374205
vn -0.367639601 -0.416739762 0.831365824
vn -0.830370605 -0.430738121 0.353481501
vn -0.336361259 -0.934390128 0.117371716
vn -0.830374122 -0.430735618 -0.353476644
vn -0.336363047 -0.934389174 -0.117374264
vn -0.336361259 -0.934390128 0.117371716
vn -0.830370605 -0.430738121 0.353481501
vn -0.830374122 -0.430735618 -0.353476644
vn -0.336363047 -0.934389174 -0.117374264
vn -0.367642105 -0.416745812 -0.831361711
vn -0.10469275 -0.916381061 -0.386374265
vn -0.336363047 -0.934389174 -0.117374264
vn -0.830374122 -0.430735618 -0.353476644
vn -0.367642105 -0.416745812 -0.831361711
vn -0.367642105 -0.416745812 -0.831361711
vn 0.367642671 0.416745603 -0.831361473
vn 0.367639601 -0.416739732 -0.831365824
vn -0.367642105 -0.416745812 -0.831361711
vn -0.367640346 0.416739404 -0.831365645
vn 0.367642671 0.416745603 -0.831361473
vn 0.367639601 -0.416739732 -0.831365824
vn 0.830374122 0.430735558 -0.353476435
vn 0.830370605 -0.43073824 -0.353481621
vn 0.367639601 -0.416739732 -0.831365824
vn 0.367642671 0.416745603 -0.831361473
vn 0.830374122 0.430735558 -0.353476435
vn 0.830370605 -0.43073824 -0.353481621
vn 0.830370784 0.43073824 0.353481293
vn 0.830373764 -0.430736095 0.353476793
vn 0.830370605 -0.43073824 -0.353481621
vn 0.830374122 0.430735558 -0.353476435
vn 0.830370784 0.43073824 0.353481293
vn 0.830373764 -0.430736095 0.353476793
vn 0.367640287 0.416739494 0.831365645
vn 0.367642194 -0.416745812 0.831361651
vn 0.830373764 -0.430736095 0.353476793
vn 0.830370784 0.43073824 0.353481293
vn 0.367640287 0.416739494 0.831365645
vn 0.367642194 -0.416745812 0.831361651
vn -0.36764282 0.416745603 0.831361413
vn -0.367639601 -0.416739762 0.831365824
vn 0.367642194 -0.416745812 0.831361651
vn 0.367640287 0.416739494 0.831365645
vn -0.36764282 0.416745603 0.831361413
vn -0.367639601 -0.416739762 0.831365824
vn -0.83037436 0.43073526 0.353476405
vn -0.830370605 -0.430738121 0.353481501
vn -0.367639601 -0.416739762 0.831365824
vn -0.36764282 0.416745603 0.831361413
vn -0.83037436 0.43073526 0.353476405
vn -0.830370605 -0.430738121 0.353481501
vn -0.830370545 0.430738568 -0.353481412
vn -0.830374122 -0.430735618 -0.353476644
vn -0.830370605 -0.430738121 0.353481501
vn -0.83037436 0.43073526 0.353476405
vn -0.830370545 0.430738568 -0.353481412
vn -0.830374122 -0.430735618 -0.353476644
vn -0.367640346 0.416739404 -0.831365645
vn -0.367642105 -0.416745812 -0.831361711
vn -0.830374122 -0.430735618 -0.353476644
vn -0.830370545 0.430738568 -0.353481412
vn -0.367640346 0.416739404 -0.831365645
vn -0.367640346 0.416739404 -0.831365645
vn 0.104693189 0.916381121 -0.386374325
vn 0.367642671 0.416745603 -0.831361473
vn -0.367640346 0.416739404 -0.831365645
vn -0.10469459 0.916381061 -0.386374086
vn 0.104693189 0.916381121 -0.386374325
vn 0.367642671 0.416745603 -0.831361473
vn 0.336363047 0.934389234 -0.117374167
vn 0.830374122 0.430735558 -0.353476435
vn 0.367642671 0.416745603 -0.831361473
vn 0.104693189 0.916381121 -0.386374325
vn 0.336363047 0.934389234 -0.117374167
vn 0.830374122 0.430735558 -0.353476435
vn 0.336361051 0.934390187 0.117371693
vn 0.830370784 0.43073824 0.353481293
vn 0.830374122 0.430735558 -0.353476435
vn 0.336363047 0.934389234 -0.117374167
vn 0.336361051 0.934390187 0.117371693
vn 0.830370784 0.43073824 0.353481293
vn 0.104694702 0.916380882 0.386374176
vn 0.367640287 0.416739494 0.831365645
vn 0.830370784 0.43073824 0.353481293
vn 0.336361051 0.934390187 0.117371693
vn 0.104694702 0.916380882 0.386374176
vn 0.367640287 0.416739494 0.831365645
vn -0.104693428 0.916381061 0.386374235
vn -0.36764282 0.416745603 0.831361413
vn 0.367640287 0.416739494 0.831365645
vn 0.104694702 0.916380882 0.386374176
vn -0.104693428 0.916381061 0.386374235
vn -0.36764282 0.416745603 0.831361413
vn -0.336363971 0.934388876 0.117374189
vn -0.83037436 0.43073526 0.353476405
vn -0.36764282 0.416745603 0.831361413
vn -0.104693428 0.916381061 0.386374235
vn -0.336363971 0.934388876 0.117374189
vn -0.83037436 0.43073526 0.353476405
vn -0.336360276 0.934390545 -0.117371693
vn -0.830370545 0.430738568 -0.353481412
vn -0.83037436 0.43073526 0.353476405
vn -0.336363971 0.934388876 0.117374189
vn -0.336360276 0.934390545 -0.117371693
vn -0.830370545 0.430738568 -0.353481412
vn -0.10469459 0.916381061 -0.386374086
vn -0.367640346 0.416739404 -0.831365645
vn -0.830370545 0.430738568 -0.353481412
vn -0.336360276 0.934390545 -0.117371693
vn -0.10469459 0.916381061 -0.386374086
vn 0 -1 0
vn -0.10469275 -0.916381061 -0.386374265
vn 0.104694255 -0.916381001 -0.386374056
vn -2.26182975e-15 1 0
vn 0.104693189 0.916381121 -0.386374325
vn -0.10469459 0.916381061 -0.386374086
vn 0 -1 0
vn 0.104694255 -0.916381001 -0.386374056
vn 0.336361229 -0.934390187 -0.117371731
vn -2.26182975e-15 1 0
vn 0.336363047 0.934389234 -0.117374167
vn 0.104693189 0.916381121 -0.386374325
vn 0 -1 0
vn 0.336361229 -0.934390187 -0.117371731
vn 0.336362302 -0.934389472 0.117374197
vn -2.26182975e-15 1 0
vn 0.336361051 0.934390187 0.117371693
vn 0.336363047 0.934389234 -0.117374167
vn 0 -1 0
vn 0.336362302 -0.934389472 0.117374197
vn 0.104692884 -0.916381121 0.386374325
vn -2.26182975e-15 1 0
vn 0.104694702 0.916380882 0.386374176
vn 0.336361051 0.934390187 0.117371693
vn 0 -1 0
vn 0.104692884 -0.916381121 0.386374325
vn -0.104693875 -0.916380942 0.386374205
vn -2.26182975e-15 1 0
vn -0.104693428 0.916381061 0.386374235
vn 0.104694702 0.916380882 0.386374176
vn 0 -1 0
vn -0.104693875 -0.916380942 0.386374205
vn -0.336361259 -0.934390128 0.117371716
vn -2.26182975e-15 1 0
vn -0.336363971 0.934388876 0.117374189
vn -0.104693428 0.916381061 0.386374235
vn 0 -1 0
vn -0.336361259 -0.934390128 0.117371716
vn -0.336363047 -0.934389174 -0.117374264
vn -2.26182975e-15 1 0
vn -0.336360276 0.934390545 -0.117371693
vn -0.336363971 0.934388876 0.117374189
vn 0 -1 0
vn -0.336363047 -0.934389174 -0.117374264
vn -0.10469275 -0.916381061 -0.386374265
vn -2.26182975e-15 1 0
vn -0.10469459 0.916381061 -0.386374086
vn -0.336360276 0.934390545 -0.117371693
vn -0.0598198548 -0.966472208 -0.249705777
vn 0.344298571 -0.508166373 -0.789446235
vn 0.0598170757 -0.966472447 -0.249705955
vn -0.0598198548 -0.966472208 -0.249705777
vn -0.344296187 -0.508161902 -0.789450169
vn 0.344298571 -0.508166373 -0.789446235
vn 0.0598170757 -0.966472447 -0.249705955
vn 0.788656473 -0.515342414 -0.335325718
vn 0.212442145 -0.974839211 -0.0675043538
vn 0.0598170757 -0.966472447 -0.249705955
vn 0.344298571 -0.508166373 -0.789446235
vn 0.788656473 -0.515342414 -0.335325718
vn 0.212442145 -0.974839211 -0.0675043538
vn 0.78864795 -0.515356421 0.3353239
vn 0.212445989 -0.974838376 0.0675040334
vn 0.212442145 -0.974839211 -0.0675043538
vn 0.788656473 -0.515342414 -0.335325718
vn 0.78864795 -0.515356421 0.3353239
vn 0.212445989 -0.974838376 0.0675040334
vn 0.344298899 -0.508161366 0.789449334
vn 0.0598239824 -0.966472089 0.249705344
vn 0.212445989 -0.974838376 0.0675040334
vn 0.78864795 -0.515356421 0.3353239
vn 0.344298899 -0.508161366 0.789449334
vn 0.0598239824 -0.966472089 0.249705344
vn -0.344299138 -0.508166194 0.789446056
vn -0.0598210506 -0.966472208 0.249705791
vn 0.0598239824 -0.966472089 0.249705344
vn 0.344298899 -0.508161366 0.789449334
vn -0.344299138 -0.508166194 0.789446056
vn -0.0598210506 -0.966472208 0.249705791
vn -0.788656831 -0.515341997 0.335325152
vn -0.212445483 -0.974838436 0.0675044283
vn -0.0598210506 -0.966472208 0.249705791
vn -0.344299138 -0.508166194 0.789446056
vn -0.788656831 -0.515341997 0.335325152
vn -0.212445483 -0.974838436 0.0675044283
vn -0.788646519 -0.515357971 -0.335325122
vn -0.212441623 -0.974839389 -0.0675038397
vn -0.212445483 -0.974838436 0.0675044283
vn -0.788656831 -0.515341997 0.335325152
vn -0.788646519 -0.515357971 -0.335325122
vn -0.212441623 -0.974839389 -0.0675038397
vn -0.344296187 -0.508161902 -0.789450169
vn -0.0598198548 -0.966472208 -0.249705777
vn -0.212441623 -0.974839389 -0.0675038397
vn -0.788646519 -0.515357971 -0.335325122
vn -0.344296187 -0.508161902 -0.789450169
vn -0.344296187 -0.508161902 -0.789450169
vn 0.344299555 0.508160651 -0.789449453
vn 0.344298571 -0.508166373 -0.789446235
vn -0.344296187 -0.508161902 -0.789450169
vn -0.344299436 0.508166194 -0.789445996
vn 0.344299555 0.508160651 -0.789449453
vn 0.344298571 -0.508166373 -0.789446235
vn 0.788649023 0.515354872 -0.335323781
vn 0.788656473 -0.515342414 -0.335325718
vn 0.344298571 -0.508166373 -0.789446235
vn 0.344299555 0.508160651 -0.789449453
vn 0.788649023 0.515354872 -0.335323781
vn 0.788656473 -0.515342414 -0.335325718
vn 0.788657248 0.515341163 0.33532545
vn 0.78864795 -0.515356421 0.3353239
vn 0.788656473 -0.515342414 -0.335325718
vn 0.788649023 0.515354872 -0.335323781
vn 0.788657248 0.515341163 0.33532545
vn 0.78864795 -0.515356421 0.3353239
vn 0.344299763 0.508165836 0.789446056
vn 0.344298899 -0.508161366 0.789449334
vn 0.78864795 -0.515356421 0.3353239
vn 0.788657248 0.515341163 0.33532545
vn 0.344299763 0.508165836 0.789446056
vn 0.344298899 -0.508161366 0.789449334
vn -0.344299883 0.508160651 0.789449334
vn -0.344299138 -0.508166194 0.789446056
vn 0.344298899 -0.508161366 0.789449334
vn 0.344299763 0.508165836 0.789446056
vn -0.344299883 0.508160651 0.789449334
vn -0.344299138 -0.508166194 0.789446056
vn -0.788649976 0.515353978 0.335323066
vn -0.788656831 -0.515341997 0.335325152
vn -0.344299138 -0.508166194 0.789446056
vn -0.344299883 0.508160651 0.789449334
vn -0.788649976 0.515353978 0.335323066
vn -0.788656831 -0.515341997 0.335325152
vn -0.788657546 0.515341043 -0.335325241
vn -0.788646519 -0.515357971 -0.335325122
vn -0.788656831 -0.515341997 0.335325152
vn -0.788649976 0.515353978 0.335323066
vn -0.788657546 0.515341043 -0.335325241
vn -0.788646519 -0.515357971 -0.335325122
vn -0.344299436 0.508166194 -0.789445996
vn -0.344296187 -0.508161902 -0.789450169
vn -0.788646519 -0.515357971 -0.335325122
vn -0.788657546 0.515341043 -0.335325241
vn -0.344299436 0.508166194 -0.789445996
vn -0.344299436 0.508166194 -0.789445996
vn 0.059823513 0.96647197 -0.249705821
vn 0.344299555 0.508160651 -0.789449453
vn -0.344299436 0.508166194 -0.789445996
vn -0.0598214269 0.966472208 -0.249705777
vn 0.059823513 0.96647197 -0.249705821
vn 0.344299555 0.508160651 -0.789449453
vn 0.212447032 0.974838138 -0.0675037727
vn 0.788649023 0.515354872 -0.335323781
vn 0.344299555 0.508160651 -0.789449453
vn 0.059823513 0.96647197 -0.249705821
vn 0.212447032 0.974838138 -0.0675037727
vn 0.788649023 0.515354872 -0.335323781
vn 0.212443814 0.974838912 0.0675045028
vn 0.788657248 0.515341163 0.33532545
vn 0.788649023 0.515354872 -0.335323781
vn 0.212447032 0.974838138 -0.0675037727
vn 0.212443814 0.974838912 0.0675045028
vn 0.788657248 0.515341163 0.33532545
vn 0.0598174259 0.966472328 0.249705851
vn 0.344299763 0.508165836 0.789446056
vn 0.788657248 0.515341163 0.33532545
vn 0.212443814 0.974838912 0.0675045028
vn 0.0598174259 0.966472328 0.249705851
vn 0.344299763 0.508165836 0.789446056
vn -0.0598172359 0.966472507 0.249705464
vn -0.344299883 0.508160651 0.789449334
vn 0.344299763 0.508165836 0.789446056
vn 0.0598174259 0.966472328 0.249705851
vn -0.0598172359 0.966472507 0.249705464
vn -0.344299883 0.508160651 0.789449334
vn -0.212442368 0.974839151 0.0675041899
vn -0.788649976 0.515353978 0.335323066
vn -0.344299883 0.508160651 0.789449334
vn -0.0598172359 0.966472507 0.249705464
vn -0.212442368 0.974839151 0.0675041899
vn -0.788649976 0.515353978 0.335323066
vn -0.212447733 0.974838018 -0.0675042868
vn -0.788657546 0.515341043 -0.335325241
vn -0.788649976 0.515353978 0.335323066
vn -0.212442368 0.974839151 0.0675041899
vn -0.212447733 0.974838018 -0.0675042868
vn -0.788657546 0.515341043 -0.335325241
vn -0.0598214269 0.966472208 -0.249705777
vn -0.344299436 0.508166194 -0.789445996
vn -0.788657546 0.515341043 -0.335325241
vn -0.212447733 0.974838018 -0.0675042868
vn -0.0598214269 0.966472208 -0.249705777
vn -4.52359428e-15 -1 0
vn -0.0598198548 -0.966472208 -0.249705777
vn 0.0598170757 -0.966472447 -0.249705955
vn 0 1 0
vn 0.059823513 0.96647197 -0.249705821
vn -0.0598214269 0.966472208 -0.249705777
vn -4.52359428e-15 -1 0
vn 0.0598170757 -0.966472447 -0.249705955
vn 0.212442145 -0.974839211 -0.0675043538
vn 0 1 0
vn 0.212447032 0.974838138 -0.0675037727
vn 0.059823513 0.96647197 -0.249705821
vn -4.52359428e-15 -1 0
vn 0.212442145 -0.974839211 -0.0675043538
vn 0.212445989 -0.974838376 0.0675040334
vn 0 1 0
vn 0.212443814 0.974838912 0.0675045028
vn 0.212447032 0.974838138 -0.0675037727
vn -4.52359428e-15 -1 0
vn 0.212445989 -0.974838376 0.0675040334
vn 0.0598239824 -0.966472089 0.249705344
vn 0 1 0
vn 0.0598174259 0.966472328 0.249705851
vn 0.212443814 0.974838912 0.0675045028
vn -4.52359428e-15 -1 0
vn 0.0598239824 -0.966472089 0.249705344
vn -0.0598210506 -0.966472208 0.249705791
vn 0 1 0
vn -0.0598172359 0.966472507 0.249705464
vn 0.0598174259 0.966472328 0.249705851
vn -4.52359428e-15 -1 0
vn -0.0598210506 -0.966472208 0.249705791
vn -0.212445483 -0.974838436 0.0675044283
vn 0 1 0
vn -0.212442368 0.974839151 0.0675041899
vn -0.0598172359 0.966472507 0.249705464
vn -4.52359428e-15 -1 0
vn -0.212445483 -0.974838436 0.0675044283
vn -0.212441623 -0.974839389 -0.0675038397
vn 0 1 0
vn -0.212447733 0.974838018 -0.0675042868
vn -0.212442368 0.974839151 0.0675041899
vn -4.52359428e-15 -1 0
vn -0.212441623 -0.974839389 -0.0675038397
vn -0.0598198548 -0.966472208 -0.249705777
vn 0 1 0
vn -0.0598214269 0.966472208 -0.249705777
vn -0.212447733 0.974838018 -0.0675042868
vn 1.24335324e-08 1 2.79427269e-07
vn 0.276080579 0.846084714 0.455982655
vn 0.42357108 0.905862927 3.73793864e-06
vn 1.04703428e-08 -1 3.3570538e-07
vn 0.423572272 -0.905862272 -3.19347896e-06
vn 0.276082784 -0.846083939 0.455982685
vn 1.24335324e-08 1 2.79427269e-07
vn 0.0890894905 0.780370235 0.618938863
vn 0.276080579 0.846084714 0.455982655
vn 1.04703428e-08 -1 3.3570538e-07
vn 0.276082784 -0.846083939 0.455982685
vn 0.0890898034 -0.780367434 0.61894238
vn 1.24335324e-08 1 2.79427269e-07
vn -0.0890912414 0.78036809 0.618941307
vn 0.0890894905 0.780370235 0.618938863
vn 1.04703428e-08 -1 3.3570538e-07
vn 0.0890898034 -0.780367434 0.61894238
vn -0.0890895948 -0.780369699 0.618939579
vn 1.24335324e-08 1 2.79427269e-07
vn -0.276082277 0.846084237 0.455982536
vn -0.0890912414 0.78036809 0.618941307
vn 1.04703428e-08 -1 3.3570538e-07
vn -0.0890895948 -0.780369699 0.618939579
vn -0.276082307 -0.846083641 0.455983728
vn 1.24335324e-08 1 2.79427269e-07
vn -0.423570693 0.905862987 -3.03903835e-06
vn -0.276082277 0.846084237 0.455982536
vn 1.04703428e-08 -1 3.3570538e-07
vn -0.276082307 -0.846083641 0.455983728
vn -0.423573732 -0.905861616 3.53900532e-06
vn 1.24335324e-08 1 2.79427269e-07
vn -0.276079953 0.846084774 -0.455982804
vn -0.423570693 0.905862987 -3.03903835e-06
vn 1.04703428e-08 -1 3.3570538e-07
vn -0.423573732 -0.905861616 3.53900532e-06
vn -0.276082218 -0.846083641 -0.455983579
vn 1.24335324e-08 1 2.79427269e-07
vn -0.0890903398 0.780369818 -0.61893934
vn -0.276079953 0.846084774 -0.455982804
vn 1.04703428e-08 -1 3.3570538e-07
vn -0.276082218 -0.846083641 -0.455983579
vn -0.0890921652 -0.780367017 -0.618942678
vn 1.24335324e-08 1 2.79427269e-07
vn 0.0890910253 0.780367672 -0.618941903
vn -0.0890903398 0.780369818 -0.61893934
vn 1.04703428e-08 -1 3.3570538e-07
vn -0.0890921652 -0.780367017 -0.618942678
vn 0.0890915692 -0.780369043 -0.618940115
vn 1.24335324e-08 1 2.79427269e-07
vn 0.276082247 0.846084177 -0.455982655
vn 0.0890910253 0.780367672 -0.618941903
vn 1.04703428e-08 -1 3.3570538e-07
vn 0.0890915692 -0.780369043 -0.618940115
vn 0.27608034 -0.846084535 -0.455983251
vn 1.24335324e-08 1 2.79427269e-07
vn 0.42357108 0.905862927 3.73793864e-06
vn 0.276082247 0.846084177 -0.455982655
vn 1.04703428e-08 -1 3.3570538e-07
vn 0.27608034 -0.846084535 -0.455983251
vn 0.423572272 -0.905862272 -3.19347896e-06
vn 0.42357108 0.905862927 3.73793864e-06
vn 0.276080579 0.846084714 0.455982655
vn 0.478500932 0.558232486 0.677800357
vn 0.42357108 0.905862927 3.73793864e-06
vn 0.478500932 0.558232486 0.677800357
vn 0.750426888 0.660953462 -2.5442489e-06
vn 0.276080579 0.846084714 0.455982655
vn 0.0890894905 0.780370235 0.618938863
vn 0.14262493 0.43501839 0.88905406
vn 0.276080579 0.846084714 0.455982655
vn 0.14262493 0.43501839 0.88905406
vn 0.478500932 0.558232486 0.677800357
vn 0.0890894905 0.780370235 0.618938863
vn -0.0890912414 0.78036809 0.618941307
vn -0.142622039 0.435018241 0.889054656
vn 0.0890894905 0.780370235 0.618938863
vn -0.142622039 0.435018241 0.889054656
vn 0.14262493 0.43501839 0.88905406
vn -0.0890912414 0.78036809 0.618941307
vn -0.276082277 0.846084237 0.455982536
vn -0.478505522 0.558229089 0.677799881
vn -0.0890912414 0.78036809 0.618941307
vn -0.478505522 0.558229089 0.677799881
vn -0.142622039 0.435018241 0.889054656
vn -0.276082277 0.846084237 0.455982536
vn -0.423570693 0.905862987 -3.03903835e-06
vn -0.750427365 0.660952926 2.79986193e-06
vn -0.276082277 0.846084237 0.455982536
vn -0.750427365 0.660952926 2.79986193e-06
vn -0.478505522 0.558229089 0.677799881
vn -0.423570693 0.905862987 -3.03903835e-06
vn -0.276079953 0.846084774 -0.455982804
vn -0.478500426 0.558232665 -0.677800596
vn -0.423570693 0.905862987 -3.03903835e-06
vn -0.478500426 0.558232665 -0.677800596
vn -0.750427365 0.660952926 2.79986193e-06
vn -0.276079953 0.846084774 -0.455982804
vn -0.0890903398 0.780369818 -0.61893934
vn -0.14262484 0.435017914 -0.889054239
vn -0.276079953 0.846084774 -0.455982804
vn -0.14262484 0.435017914 -0.889054239
vn -0.478500426 0.558232665 -0.677800596
vn -0.0890903398 0.780369818 -0.61893934
vn 0.0890910253 0.780367672 -0.618941903
vn 0.142621234 0.435018212 -0.889054716
vn -0.0890903398 0.780369818 -0.61893934
vn 0.142621234 0.435018212 -0.889054716
vn -0.14262484 0.435017914 -0.889054239
vn 0.0890910253 0.780367672 -0.618941903
vn 0.276082247 0.846084177 -0.455982655
vn 0.478504032 0.558230221 -0.677800119
vn 0.0890910253 0.780367672 -0.618941903
vn 0.478504032 0.558230221 -0.677800119
vn 0.142621234 0.435018212 -0.889054716
vn 0.276082247 0.846084177 -0.455982655
vn 0.42357108 0.905862927 3.73793864e-06
vn 0.750426888 0.660953462 -2.5442489e-06
vn 0.276082247 0.846084177 -0.455982655
vn 0.750426888 0.660953462 -2.5442489e-06
vn 0.478504032 0.558230221 -0.677800119
vn 0.750426888 0.660953462 -2.5442489e-06
vn 0.478500932 0.558232486 0.677800357
vn 0.590881109 0.195190772 0.782789886
vn 0.750426888 0.660953462 -2.5442489e-06
vn 0.590881109 0.195190772 0.782789886
vn 0.968931615 0.247328907 2.86783052e-06
vn 0.478500932 0.558232486 0.677800357
vn 0.14262493 0.43501839 0.88905406
vn 0.159682587 0.136539444 0.977680087
vn 0.478500932 0.558232486 0.677800357
vn 0.159682587 0.136539444 0.977680087
vn 0.590881109 0.195190772 0.782789886
vn 0.14262493 0.43501839 0.88905406
vn -0.142622039 0.435018241 0.889054656
vn -0.159679964 0.136536404 0.977680981
vn 0.14262493 0.43501839 0.88905406
vn -0.159679964 0.136536404 0.977680981
vn 0.159682587 0.136539444 0.977680087
vn -0.142622039 0.435018241 0.889054656
vn -0.478505522 0.558229089 0.677799881
vn -0.590880513 0.195188373 0.782791078
vn -0.142622039 0.435018241 0.889054656
vn -0.590880513 0.195188373 0.782791078
vn -0.159679964 0.136536404 0.977680981
vn -0.478505522 0.558229089 0.677799881
vn -0.750427365 0.660952926 2.79986193e-06
vn -0.968931615 0.247328773 -1.58660055e-06
vn -0.478505522 0.558229089 0.677799881
vn -0.968931615 0.247328773 -1.58660055e-06
vn -0.590880513 0.195188373 0.782791078
vn -0.750427365 0.660952926 2.79986193e-06
vn -0.478500426 0.558232665 -0.677800596
vn -0.590881407 0.195190862 -0.782789707
vn -0.750427365 0.660952926 2.79986193e-06
vn -0.590881407 0.195190862 -0.782789707
vn -0.968931615 0.247328773 -1.58660055e-06
vn -0.478500426 0.558232665 -0.677800596
vn -0.14262484 0.435017914 -0.889054239
vn -0.159682244 0.136539564 -0.977680147
vn -0.478500426 0.558232665 -0.677800596
vn -0.159682244 0.136539564 -0.977680147
vn -0.590881407 0.195190862 -0.782789707
vn -0.14262484 0.435017914 -0.889054239
vn 0.142621234 0.435018212 -0.889054716
vn 0.159679696 0.136536762 -0.977680981
vn -0.14262484 0.435017914 -0.889054239
vn 0.159679696 0.136536762 -0.977680981
vn -0.159682244 0.136539564 -0.977680147
vn 0.142621234 0.435018212 -0.889054716
vn 0.478504032 0.558230221 -0.677800119
vn 0.590880394 0.195188969 -0.782790899
vn 0.142621234 0.435018212 -0.889054716
vn 0.590880394 0.195188969 -0.782790899
vn 0.159679696 0.136536762 -0.977680981
vn 0.478504032 0.558230221 -0.677800119
vn 0.750426888 0.660953462 -2.5442489e-06
vn 0.968931615 0.247328907 2.86783052e-06
vn 0.478504032 0.558230221 -0.677800119
vn 0.968931615 0.247328907 2.86783052e-06
vn 0.590880394 0.195188969 -0.782790899
vn 0.968931615 0.247328907 2.86783052e-06
vn 0.590881109 0.195190772 0.782789886
vn 0.590881765 -0.195188224 0.782790065
vn 0.968931615 0.247328907 2.86783052e-06
vn 0.590881765 -0.195188224 0.782790065
vn 0.968931735 -0.247328222 -1.99154715e-06
vn 0.590881109 0.195190772 0.782789886
vn 0.159682587 0.136539444 0.977680087
vn 0.159680113 -0.136536434 0.977680981
vn 0.590881109 0.195190772 0.782789886
vn 0.159680113 -0.136536434 0.977680981
vn 0.590881765 -0.195188224 0.782790065
vn 0.159682587 0.136539444 0.977680087
vn -0.159679964 0.136536404 0.977680981
vn -0.159683406 -0.136539429 0.977679968
vn 0.159682587 0.136539444 0.977680087
vn -0.159683406 -0.136539429 0.977679968
vn 0.159680113 -0.136536434 0.977680981
vn -0.159679964 0.136536404 0.977680981
vn -0.590880513 0.195188373 0.782791078
vn -0.590881824 -0.195190296 0.782789469
vn -0.159679964 0.136536404 0.977680981
vn -0.590881824 -0.195190296 0.782789469
vn -0.159683406 -0.136539429 0.977679968
vn -0.590880513 0.195188373 0.782791078
vn -0.968931615 0.247328773 -1.58660055e-06
vn -0.968931735 -0.247328222 2.37657969e-06
vn -0.590880513 0.195188373 0.782791078
vn -0.968931735 -0.247328222 2.37657969e-06
vn -0.590881824 -0.195190296 0.782789469
vn -0.968931615 0.247328773 -1.58660055e-06
vn -0.590881407 0.195190862 -0.782789707
vn -0.590881586 -0.195188567 -0.782790065
vn -0.968931615 0.247328773 -1.58660055e-06
vn -0.590881586 -0.195188567 -0.782790065
vn -0.968931735 -0.247328222 2.37657969e-06
vn -0.590881407 0.195190862 -0.782789707
vn -0.159682244 0.136539564 -0.977680147
vn -0.159680054 -0.136536852 -0.977680922
vn -0.590881407 0.195190862 -0.782789707
vn -0.159680054 -0.136536852 -0.977680922
vn -0.590881586 -0.195188567 -0.782790065
vn -0.159682244 0.136539564 -0.977680147
vn 0.159679696 0.136536762 -0.977680981
vn 0.15968281 -0.136539638 -0.977680087
vn -0.159682244 0.136539564 -0.977680147
vn 0.15968281 -0.136539638 -0.977680087
vn -0.159680054 -0.136536852 -0.977680922
vn 0.159679696 0.136536762 -0.977680981
vn 0.590880394 0.195188969 -0.782790899
vn 0.590881526 -0.195190698 -0.782789648
vn 0.159679696 0.136536762 -0.977680981
vn 0.590881526 -0.195190698 -0.782789648
vn 0.15968281 -0.136539638 -0.977680087
vn 0.590880394 0.195188969 -0.782790899
vn 0.968931615 0.247328907 2.86783052e-06
vn 0.968931735 -0.247328222 -1.99154715e-06
vn 0.590880394 0.195188969 -0.782790899
vn 0.968931735 -0.247328222 -1.99154715e-06
vn 0.590881526 -0.195190698 -0.782789648
vn 0.968931735 -0.247328222 -1.99154715e-06
vn 0.590881765 -0.195188224 0.782790065
vn 0.478505045 -0.558229089 0.677800357
vn 0.968931735 -0.247328222 -1.99154715e-06
vn 0.478505045 -0.558229089 0.677800357
vn 0.75042665 -0.66095376 3.44781438e-06
vn 0.590881765 -0.195188224 0.782790065
vn 0.159680113 -0.136536434 0.977680981
vn 0.142621994 -0.435017228 0.889055073
vn 0.590881765 -0.195188224 0.782790065
vn 0.142621994 -0.435017228 0.889055073
vn 0.478505045 -0.558229089 0.677800357
vn 0.159680113 -0.136536434 0.977680981
vn -0.159683406 -0.136539429 0.977679968
vn -0.142625302 -0.435017675 0.889054298
vn 0.159680113 -0.136536434 0.977680981
vn -0.142625302 -0.435017675 0.889054298
vn 0.142621994 -0.435017228 0.889055073
vn -0.159683406 -0.136539429 0.977679968
vn -0.590881824 -0.195190296 0.782789469
vn -0.478500277 -0.558231652 0.67780143
vn -0.159683406 -0.136539429 0.977679968
vn -0.478500277 -0.558231652 0.67780143
vn -0.142625302 -0.435017675 0.889054298
vn -0.590881824 -0.195190296 0.782789469
vn -0.968931735 -0.247328222 2.37657969e-06
vn -0.750426769 -0.660953641 -3.02278136e-06
vn -0.590881824 -0.195190296 0.782789469
vn -0.750426769 -0.660953641 -3.02278136e-06
vn -0.478500277 -0.558231652 0.67780143
vn -0.968931735 -0.247328222 2.37657969e-06
vn -0.590881586 -0.195188567 -0.782790065
vn -0.478505075 -0.558229089 -0.677800179
vn -0.968931735 -0.247328222 2.37657969e-06
vn -0.478505075 -0.558229089 -0.677800179
vn -0.750426769 -0.660953641 -3.02278136e-06
vn -0.590881586 -0.195188567 -0.782790065
vn -0.159680054 -0.136536852 -0.977680922
vn -0.142621845 -0.435017258 -0.889055133
vn -0.590881586 -0.195188567 -0.782790065
vn -0.142621845 -0.435017258 -0.889055133
vn -0.478505075 -0.558229089 -0.677800179
vn -0.159680054 -0.136536852 -0.977680922
vn 0.15968281 -0.136539638 -0.977680087
vn 0.142625049 -0.435017198 -0.889054656
vn -0.159680054 -0.136536852 -0.977680922
vn 0.142625049 -0.435017198 -0.889054656
vn -0.142621845 -0.435017258 -0.889055133
vn 0.15968281 -0.136539638 -0.977680087
vn 0.590881526 -0.195190698 -0.782789648
vn 0.478500277 -0.558231831 -0.67780143
vn 0.15968281 -0.136539638 -0.977680087
vn 0.478500277 -0.558231831 -0.67780143
vn 0.142625049 -0.435017198 -0.889054656
vn 0.590881526 -0.195190698 -0.782789648
vn 0.968931735 -0.247328222 -1.99154715e-06
vn 0.75042665 -0.66095376 3.44781438e-06
vn 0.590881526 -0.195190698 -0.782789648
vn 0.75042665 -0.66095376 3.44781438e-06
vn 0.478500277 -0.558231831 -0.67780143
vn 0.75042665 -0.66095376 3.44781438e-06
vn 0.478505045 -0.558229089 0.677800357
vn 0.276082784 -0.846083939 0.455982685
vn 0.75042665 -0.66095376 3.44781438e-06
vn 0.276082784 -0.846083939 0.455982685
vn 0.423572272 -0.905862272 -3.19347896e-06
vn 0.478505045 -0.558229089 0.677800357
vn 0.142621994 -0.435017228 0.889055073
vn 0.0890898034 -0.780367434 0.61894238
vn 0.478505045 -0.558229089 0.677800357
vn 0.0890898034 -0.780367434 0.61894238
vn 0.276082784 -0.846083939 0.455982685
vn 0.142621994 -0.435017228 0.889055073
vn -0.142625302 -0.435017675 0.889054298
vn -0.0890895948 -0.780369699 0.618939579
vn 0.142621994 -0.435017228 0.889055073
vn -0.0890895948 -0.780369699 0.618939579
vn 0.0890898034 -0.780367434 0.61894238
vn -0.142625302 -0.435017675 0.889054298
vn -0.478500277 -0.558231652 0.67780143
vn -0.276082307 -0.846083641 0.455983728
vn -0.142625302 -0.435017675 0.889054298
vn -0.276082307 -0.846083641 0.455983728
vn -0.0890895948 -0.780369699 0.618939579
vn -0.478500277 -0.558231652 0.67780143
vn -0.750426769 -0.660953641 -3.02278136e-06
vn -0.423573732 -0.905861616 3.53900532e-06
vn -0.478500277 -0.558231652 0.67780143
vn -0.423573732 -0.905861616 3.53900532e-06
vn -0.276082307 -0.846083641 0.455983728
vn -0.750426769 -0.660953641 -3.02278136e-06
vn -0.478505075 -0.558229089 -0.677800179
vn -0.276082218 -0.846083641 -0.455983579
vn -0.750426769 -0.660953641 -3.02278136e-06
vn -0.276082218 -0.846083641 -0.455983579
vn -0.423573732 -0.905861616 3.53900532e-06
vn -0.478505075 -0.558229089 -0.677800179
vn -0.142621845 -0.435017258 -0.889055133
vn -0.0890921652 -0.780367017 -0.618942678
vn -0.478505075 -0.558229089 -0.677800179
vn -0.0890921652 -0.780367017 -0.618942678
vn -0.276082218 -0.846083641 -0.455983579
vn -0.142621845 -0.435017258 -0.889055133
vn 0.142625049 -0.435017198 -0.889054656
vn 0.0890915692 -0.780369043 -0.618940115
vn -0.142621845 -0.435017258 -0.889055133
vn 0.0890915692 -0.780369043 -0.618940115
vn -0.0890921652 -0.780367017 -0.618942678
vn 0.142625049 -0.435017198 -0.889054656
vn 0.478500277 -0.558231831 -0.67780143
vn 0.27608034 -0.846084535 -0.455983251
vn 0.142625049 -0.435017198 -0.889054656
vn 0.27608034 -0.846084535 -0.455983251
vn 0.0890915692 -0.780369043 -0.618940115
vn 0.478500277 -0.558231831 -0.67780143
vn 0.75042665 -0.66095376 3.44781438e-06
vn 0.423572272 -0.905862272 -3.19347896e-06
vn 0.478500277 -0.558231831 -0.67780143
vn 0.423572272 -0.905862272 -3.19347896e-06
vn 0.27608034 -0.846084535 -0.455983251
vn -6.63862636e-08 1 -6.20634353e-07
vn 0.32322827 0.686287999 0.651561439
vn 0.618281364 0.785956919 9.4329414e-07
vn -6.94744315e-08 -1 -5.0947915e-07
vn 0.618281662 -0.785956621 -1.3652965e-07
vn 0.323228568 -0.686284423 0.651565075
vn -6.63862636e-08 1 -6.20634353e-07
vn -2.302045e-06 0.601243496 0.799065828
vn 0.32322827 0.686287999 0.651561439
vn -6.94744315e-08 -1 -5.0947915e-07
vn 0.323228568 -0.686284423 0.651565075
vn 1.66673078e-06 -0.601241171 0.799067676
vn -6.63862636e-08 1 -6.20634353e-07
vn -0.323230535 0.686285555 0.65156287
vn -2.302045e-06 0.601243496 0.799065828
vn -6.94744315e-08 -1 -5.0947915e-07
vn 1.66673078e-06 -0.601241171 0.799067676
vn -0.32322678 -0.686287463 0.651562691
vn -6.63862636e-08 1 -6.20634353e-07
vn -0.61828202 0.785956383 4.7164707e-07
vn -0.323230535 0.686285555 0.65156287
vn -6.94744315e-08 -1 -5.0947915e-07
vn -0.32322678 -0.686287463 0.651562691
vn -0.618279994 -0.785957932 1.290824e-06
vn -6.63862636e-08 1 -6.20634353e-07
vn -0.32322824 0.686288416 -0.651561022
vn -0.61828202 0.785956383 4.7164707e-07
vn -6.94744315e-08 -1 -5.0947915e-07
vn -0.618279994 -0.785957932 1.290824e-06
vn -0.323229551 -0.686284363 -0.651564538
vn -6.63862636e-08 1 -6.20634353e-07
vn 2.64156301e-06 0.6012429 -0.799066305
vn -0.32322824 0.686288416 -0.651561022
vn -6.94744315e-08 -1 -5.0947915e-07
vn -0.323229551 -0.686284363 -0.651564538
vn -2.51552683e-06 -0.601240337 -0.799068213
vn -6.63862636e-08 1 -6.20634353e-07
vn 0.323230952 0.686284542 -0.651563644
vn 2.64156301e-06 0.6012429 -0.799066305
vn -6.94744315e-08 -1 -5.0947915e-07
vn -2.51552683e-06 -0.601240337 -0.799068213
vn 0.323228598 -0.686285913 -0.651563466
vn -6.63862636e-08 1 -6.20634353e-07
vn 0.618281364 0.785956919 9.4329414e-07
vn 0.323230952 0.686284542 -0.651563644
vn -6.94744315e-08 -1 -5.0947915e-07
vn 0.323228598 -0.686285913 -0.651563466
vn 0.618281662 -0.785956621 -1.3652965e-07
vn 0.618281364 0.785956919 9.4329414e-07
vn 0.32322827 0.686287999 0.651561439
vn 0.462671518 0.309683412 0.830681264
vn 0.618281364 0.785956919 9.4329414e-07
vn 0.462671518 0.309683412 0.830681264
vn 0.906959891 0.421216846 3.15284228e-06
vn 0.32322827 0.686287999 0.651561439
vn -2.302045e-06 0.601243496 0.799065828
vn -1.65086317e-06 0.229479954 0.973313391
vn 0.32322827 0.686287999 0.651561439
vn -1.65086317e-06 0.229479954 0.973313391
vn 0.462671518 0.309683412 0.830681264
vn -2.302045e-06 0.601243496 0.799065828
vn -0.323230535 0.686285555 0.65156287
vn -0.462673813 0.309687942 0.830678165
vn -2.302045e-06 0.601243496 0.799065828
vn -0.462673813 0.309687942 0.830678165
vn -1.65086317e-06 0.229479954 0.973313391
vn -0.323230535 0.686285555 0.65156287
vn -0.61828202 0.785956383 4.7164707e-07
vn -0.906959653 0.421217561 -3.0392257e-06
vn -0.323230535 0.686285555 0.65156287
vn -0.906959653 0.421217561 -3.0392257e-06
vn -0.462673813 0.309687942 0.830678165
vn -0.61828202 0.785956383 4.7164707e-07
vn -0.32322824 0.686288416 -0.651561022
vn -0.462671369 0.309684366 -0.830680966
vn -0.61828202 0.785956383 4.7164707e-07
vn -0.462671369 0.309684366 -0.830680966
vn -0.906959653 0.421217561 -3.0392257e-06
vn -0.32322824 0.686288416 -0.651561022
vn 2.64156301e-06 0.6012429 -0.799066305
vn 1.39460963e-06 0.229481637 -0.973312974
vn -0.32322824 0.686288416 -0.651561022
vn 1.39460963e-06 0.229481637 -0.973312974
vn -0.462671369 0.309684366 -0.830680966
vn 2.64156301e-06 0.6012429 -0.799066305
vn 0.323230952 0.686284542 -0.651563644
vn 0.46267426 0.30968821 -0.830677927
vn 2.64156301e-06 0.6012429 -0.799066305
vn 0.46267426 0.30968821 -0.830677927
vn 1.39460963e-06 0.229481637 -0.973312974
vn 0.323230952 0.686284542 -0.651563644
vn 0.618281364 0.785956919 9.4329414e-07
vn 0.906959891 0.421216846 3.15284228e-06
vn 0.323230952 0.686284542 -0.651563644
vn 0.906959891 0.421216846 3.15284228e-06
vn 0.46267426 0.30968821 -0.830677927
vn 0.906959891 0.421216846 3.15284228e-06
vn 0.462671518 0.309683412 0.830681264
vn 0.492569864 9.12578685e-07 0.870272875
vn 0.906959891 0.421216846 3.15284228e-06
vn 0.492569864 9.12578685e-07 0.870272875
vn 1 6.14150622e-07 5.03159526e-07
vn 0.462671518 0.309683412 0.830681264
vn -1.65086317e-06 0.229479954 0.973313391
vn 1.66625284e-07 -5.14578105e-08 1
vn 0.462671518 0.309683412 0.830681264
vn 1.66625284e-07 -5.14578105e-08 1
vn 0.492569864 9.12578685e-07 0.870272875
vn -1.65086317e-06 0.229479954 0.973313391
vn -0.462673813 0.309687942 0.830678165
vn -0.492570162 -6.88322814e-07 0.870272696
vn -1.65086317e-06 0.229479954 0.973313391
vn -0.492570162 -6.88322814e-07 0.870272696
vn 1.66625284e-07 -5.14578105e-08 1
vn -0.462673813 0.309687942 0.830678165
vn -0.906959653 0.421217561 -3.0392257e-06
vn -1 -9.80420793e-08 4.58762941e-07
vn -0.462673813 0.309687942 0.830678165
vn -1 -9.80420793e-08 4.58762941e-07
vn -0.492570162 -6.88322814e-07 0.870272696
vn -0.906959653 0.421217561 -3.0392257e-06
vn -0.462671369 0.309684366 -0.830680966
vn -0.492570072 2.89069817e-07 -0.870272815
vn -0.906959653 0.421217561 -3.0392257e-06
vn -0.492570072 2.89069817e-07 -0.870272815
vn -1 -9.80420793e-08 4.58762941e-07
vn -0.462671369 0.309684366 -0.830680966
vn 1.39460963e-06 0.229481637 -0.973312974
vn -6.61600694e-08 -2.05831327e-07 -1
vn -0.462671369 0.309684366 -0.830680966
vn -6.61600694e-08 -2.05831327e-07 -1
vn -0.492570072 2.89069817e-07 -0.870272815
vn 1.39460963e-06 0.229481637 -0.973312974
vn 0.46267426 0.30968821 -0.830677927
vn 0.49257043 -3.88883281e-09 -0.870272577
vn 1.39460963e-06 0.229481637 -0.973312974
vn 0.49257043 -3.88883281e-09 -0.870272577
vn -6.61600694e-08 -2.05831327e-07 -1
vn 0.46267426 0.30968821 -0.830677927
vn 0.906959891 0.421216846 3.15284228e-06
vn 1 6.14150622e-07 5.03159526e-07
vn 0.46267426 0.30968821 -0.830677927
vn 1 6.14150622e-07 5.03159526e-07
vn 0.49257043 -3.88883281e-09 -0.870272577
vn 1 6.14150622e-07 5.03159526e-07
vn 0.492569864 9.12578685e-07 0.870272875
vn 0.462673485 -0.309688658 0.830678165
vn 1 6.14150622e-07 5.03159526e-07
vn 0.462673485 -0.309688658 0.830678165
vn 0.906959474 -0.421217889 -3.89134448e-06
vn 0.492569864 9.12578685e-07 0.870272875
vn 1.66625284e-07 -5.14578105e-08 1
vn 1.18763626e-06 -0.229480743 0.973313153
vn 0.492569864 9.12578685e-07 0.870272875
vn 1.18763626e-06 -0.229480743 0.973313153
vn 0.462673485 -0.309688658 0.830678165
vn 1.66625284e-07 -5.14578105e-08 1
vn -0.492570162 -6.88322814e-07 0.870272696
vn -0.462670982 -0.309684247 0.830681205
vn 1.66625284e-07 -5.14578105e-08 1
vn -0.462670982 -0.309684247 0.830681205
vn 1.18763626e-06 -0.229480743 0.973313153
vn -0.492570162 -6.88322814e-07 0.870272696
vn -1 -9.80420793e-08 4.58762941e-07
vn -0.906959593 -0.42121765 4.22864196e-06
vn -0.492570162 -6.88322814e-07 0.870272696
vn -0.906959593 -0.42121765 4.22864196e-06
vn -0.462670982 -0.309684247 0.830681205
vn -1 -9.80420793e-08 4.58762941e-07
vn -0.492570072 2.89069817e-07 -0.870272815
vn -0.462673604 -0.309688866 -0.830678046
vn -1 -9.80420793e-08 4.58762941e-07
vn -0.462673604 -0.309688866 -0.830678046
vn -0.906959593 -0.42121765 4.22864196e-06
vn -0.492570072 2.89069817e-07 -0.870272815
vn -6.61600694e-08 -2.05831327e-07 -1
vn -1.56585577e-06 -0.229481801 -0.973312914
vn -0.492570072 2.89069817e-07 -0.870272815
vn -1.56585577e-06 -0.229481801 -0.973312914
vn -0.462673604 -0.309688866 -0.830678046
vn -6.61600694e-08 -2.05831327e-07 -1
vn 0.49257043 -3.88883281e-09 -0.870272577
vn 0.462671012 -0.309685022 -0.830680907
vn -6.61600694e-08 -2.05831327e-07 -1
vn 0.462671012 -0.309685022 -0.830680907
vn -1.56585577e-06 -0.229481801 -0.973312914
vn 0.49257043 -3.88883281e-09 -0.870272577
vn 1 6.14150622e-07 5.03159526e-07
vn 0.906959474 -0.421217889 -3.89134448e-06
vn 0.49257043 -3.88883281e-09 -0.870272577
vn 0.906959474 -0.421217889 -3.89134448e-06
vn 0.462671012 -0.309685022 -0.830680907
vn 0.906959474 -0.421217889 -3.89134448e-06
vn 0.462673485 -0.309688658 0.830678165
vn 0.323228568 -0.686284423 0.651565075
vn 0.906959474 -0.421217889 -3.89134448e-06
vn 0.323228568 -0.686284423 0.651565075
vn 0.618281662 -0.785956621 -1.3652965e-07
vn 0.462673485 -0.309688658 0.830678165
vn 1.18763626e-06 -0.229480743 0.973313153
vn 1.66673078e-06 -0.601241171 0.799067676
vn 0.462673485 -0.309688658 0.830678165
vn 1.66673078e-06 -0.601241171 0.799067676
vn 0.323228568 -0.686284423 0.651565075
vn 1.18763626e-06 -0.229480743 0.973313153
vn -0.462670982 -0.309684247 0.830681205
vn -0.32322678 -0.686287463 0.651562691
vn 1.18763626e-06 -0.229480743 0.973313153
vn -0.32322678 -0.686287463 0.651562691
vn 1.66673078e-06 -0.601241171 0.799067676
vn -0.462670982 -0.309684247 0.830681205
vn -0.906959593 -0.42121765 4.22864196e-06
vn -0.618279994 -0.785957932 1.290824e-06
vn -0.462670982 -0.309684247 0.830681205
vn -0.618279994 -0.785957932 1.290824e-06
vn -0.32322678 -0.686287463 0.651562691
vn -0.906959593 -0.42121765 4.22864196e-06
vn -0.462673604 -0.309688866 -0.830678046
vn -0.323229551 -0.686284363 -0.651564538
vn -0.906959593 -0.42121765 4.22864196e-06
vn -0.323229551 -0.686284363 -0.651564538
vn -0.618279994 -0.785957932 1.290824e-06
vn -0.462673604 -0.309688866 -0.830678046
vn -1.56585577e-06 -0.229481801 -0.973312914
vn -2.51552683e-06 -0.601240337 -0.799068213
vn -0.462673604 -0.309688866 -0.830678046
vn -2.51552683e-06 -0.601240337 -0.799068213
vn -0.323229551 -0.686284363 -0.651564538
vn -1.56585577e-06 -0.229481801 -0.973312914
vn 0.462671012 -0.309685022 -0.830680907
vn 0.323228598 -0.686285913 -0.651563466
vn -1.56585577e-06 -0.229481801 -0.973312914
vn 0.323228598 -0.686285913 -0.651563466
vn -2.51552683e-06 -0.601240337 -0.799068213
vn 0.462671012 -0.309685022 -0.830680907
vn 0.906959474 -0.421217889 -3.89134448e-06
vn 0.618281662 -0.785956621 -1.3652965e-07
vn 0.462671012 -0.309685022 -0.830680907
vn 0.618281662 -0.785956621 -1.3652965e-07
vn 0.323228598 -0.686285913 -0.651563466
vn 0.611965597 -0.360968918 0.703704119
vn 0.964186907 0.235529721 0.121939838
vn 0.232061148 0.938088894 0.257170856
vn 0.611965597 -0.360968918 0.703704119
vn 0.232061148 0.938088894 0.257170856
vn 0.0925405771 0.16988501 0.981109202
vn 0.964186907 0.235529721 0.121939838
vn 0.691733062 -0.00114456879 -0.722152412
vn 0.184081733 0.620985389 -0.76189959
vn 0.964186907 0.235529721 0.121939838
vn 0.184081733 0.620985389 -0.76189959
vn 0.232061148 0.938088894 0.257170856
vn 0.691733062 -0.00114456879 -0.722152412
vn 0.153570414 -0.743980527 -0.650314629
vn -0.0753607377 -0.535323143 -0.841278732
vn 0.691733062 -0.00114456879 -0.722152412
vn -0.0753607377 -0.535323143 -0.841278732
vn 0.184081733 0.620985389 -0.76189959
vn 0.153570414 -0.743980527 -0.650314629
vn 0.104306415 -0.969385087 0.222289845
vn -0.150358349 -0.871755898 0.466298223
vn 0.153570414 -0.743980527 -0.650314629
vn -0.150358349 -0.871755898 0.466298223
vn -0.0753607377 -0.535323143 -0.841278732
vn 0.104306415 -0.969385087 0.222289845
vn 0.611965597 -0.360968918 0.703704119
vn 0.0925405771 0.16988501 0.981109202
vn 0.104306415 -0.969385087 0.222289845
vn 0.0925405771 0.16988501 0.981109202
vn -0.150358349 -0.871755898 0.466298223
vn 0.0925405771 0.16988501 0.981109202
vn 0.232061148 0.938088894 0.257170856
vn -0.504397094 0.842974126 0.187024668
vn 0.0925405771 0.16988501 0.981109202
vn -0.504397094 0.842974126 0.187024668
vn -0.305967659 0.0626077726 0.949981034
vn 0.232061148 0.938088894 0.257170856
vn 0.184081733 0.620985389 -0.76189959
vn -0.217923 0.517301619 -0.827592015
vn 0.232061148 0.938088894 0.257170856
vn -0.217923 0.517301619 -0.827592015
vn -0.504397094 0.842974126 0.187024668
vn 0.184081733 0.620985389 -0.76189959
vn -0.0753607377 -0.535323143 -0.841278732
vn 0.239130482 -0.571992576 -0.784628093
vn 0.184081733 0.620985389 -0.76189959
vn 0.239130482 -0.571992576 -0.784628093
vn -0.217923 0.517301619 -0.827592015
vn -0.0753607377 -0.535323143 -0.841278732
vn -0.150358349 -0.871755898 0.466298223
vn 0.183798105 -0.885522485 0.426694512
vn -0.0753607377 -0.535323143 -0.841278732
vn 0.183798105 -0.885522485 0.426694512
vn 0.239130482 -0.571992576 -0.784628093
vn -0.150358349 -0.871755898 0.466298223
vn 0.0925405771 0.16988501 0.981109202
vn -0.305967659 0.0626077726 0.949981034
vn -0.150358349 -0.871755898 0.466298223
vn -0.305967659 0.0626077726 0.949981034
vn 0.183798105 -0.885522485 0.426694512
vn -0.305967659 0.0626077726 0.949981034
vn -0.504397094 0.842974126 0.187024668
vn -0.986801505 0.161896184 -0.00352084381
vn -0.305967659 0.0626077726 0.949981034
vn -0.986801505 0.161896184 -0.00352084381
vn -0.702527583 -0.400950015 0.587957561
vn -0.504397094 0.842974126 0.187024668
vn -0.217923 0.517301619 -0.827592015
vn -0.645447969 -0.057108324 -0.761666298
vn -0.504397094 0.842974126 0.187024668
vn -0.645447969 -0.057108324 -0.761666298
vn -0.986801505 0.161896184 -0.00352084381
vn -0.217923 0.517301619 -0.827592015
vn 0.239130482 -0.571992576 -0.784628093
vn -0.146870166 -0.75403887 -0.640198827
vn -0.217923 0.517301619 -0.827592015
vn -0.146870166 -0.75403887 -0.640198827
vn -0.645447969 -0.057108324 -0.761666298
vn 0.239130482 -0.571992576 -0.784628093
vn 0.183798105 -0.885522485 0.426694512
vn -0.181821108 -0.964577019 0.191134244
vn 0.239130482 -0.571992576 -0.784628093
vn -0.181821108 -0.964577019 0.191134244
vn -0.146870166 -0.75403887 -0.640198827
vn 0.183798105 -0.885522485 0.426694512
vn -0.305967659 0.0626077726 0.949981034
vn -0.702527583 -0.400950015 0.587957561
vn 0.183798105 -0.885522485 0.426694512
vn -0.702527583 -0.400950015 0.587957561
vn -0.181821108 -0.964577019 0.191134244
vn 0.801784813 -0.587973118 -0.106904894
vn 0.964186907 0.235529721 0.121939838
vn 0.611965597 -0.360968918 0.703704119
vn -0.78014648 -0.598711729 -0.181426704
vn -0.702527583 -0.400950015 0.587957561
vn -0.986801505 0.161896184 -0.00352084381
vn 0.801784813 -0.587973118 -0.106904894
vn 0.691733062 -0.00114456879 -0.722152412
vn 0.964186907 0.235529721 0.121939838
vn -0.78014648 -0.598711729 -0.181426704
vn -0.986801505 0.161896184 -0.00352084381
vn -0.645447969 -0.057108324 -0.761666298
vn 0.801784813 -0.587973118 -0.106904894
vn 0.153570414 -0.743980527 -0.650314629
vn 0.691733062 -0.00114456879 -0.722152412
vn -0.78014648 -0.598711729 -0.181426704
vn -0.645447969 -0.057108324 -0.761666298
vn -0.146870166 -0.75403887 -0.640198827
vn 0.801784813 -0.587973118 -0.106904894
vn 0.104306415 -0.969385087 0.222289845
vn 0.153570414 -0.743980527 -0.650314629
vn -0.78014648 -0.598711729 -0.181426704
vn -0.146870166 -0.75403887 -0.640198827
vn -0.181821108 -0.964577019 0.191134244
vn 0.801784813 -0.587973118 -0.106904894
vn 0.611965597 -0.360968918 0.703704119
vn 0.104306415 -0.969385087 0.222289845
vn -0.78014648 -0.598711729 -0.181426704
vn -0.181821108 -0.964577019 0.191134244
vn -0.702527583 -0.400950015 0.587957561
vn 0.52349484 0.165574685 0.835785925
vn 0.357707679 0.893314898 0.272091299
vn -0.0186918899 0.924404144 0.380956143
vn 0.52349484 0.165574685 0.835785925
vn -0.0186918899 0.924404144 0.380956143
vn -0.140425012 -0.118068263 0.983026266
vn 0.357707679 0.893314898 0.272091299
vn 0.503462791 0.616612673 -0.605238974
vn 0.12895447 0.511941791 -0.849285781
vn 0.357707679 0.893314898 0.272091299
vn 0.12895447 0.511941791 -0.849285781
vn -0.0186918899 0.924404144 0.380956143
vn 0.503462791 0.616612673 -0.605238974
vn 0.757378399 -0.288444817 -0.585813582
vn 0.0635731518 -0.658327401 -0.750042319
vn 0.503462791 0.616612673 -0.605238974
vn 0.0635731518 -0.658327401 -0.750042319
vn 0.12895447 0.511941791 -0.849285781
vn 0.757378399 -0.288444817 -0.585813582
vn 0.767380357 -0.56582427 0.301612735
vn -0.102965273 -0.954945803 0.278346121
vn 0.757378399 -0.288444817 -0.585813582
vn -0.102965273 -0.954945803 0.278346121
vn 0.0635731518 -0.658327401 -0.750042319
vn 0.767380357 -0.56582427 0.301612735
vn 0.52349484 0.165574685 0.835785925
vn -0.140425012 -0.118068263 0.983026266
vn 0.767380357 -0.56582427 0.301612735
vn -0.140425012 -0.118068263 0.983026266
vn -0.102965273 -0.954945803 0.278346121
vn -0.140425012 -0.118068263 0.983026266
vn -0.0186918899 0.924404144 0.380956143
vn 0.212698981 0.912479401 0.349486023
vn -0.140425012 -0.118068263 0.983026266
vn 0.212698981 0.912479401 0.349486023
vn -0.283345312 0.0356967896 0.958353341
vn -0.0186918899 0.924404144 0.380956143
vn 0.12895447 0.511941791 -0.849285781
vn 0.278173447 0.568294883 -0.774377406
vn -0.0186918899 0.924404144 0.380956143
vn 0.278173447 0.568294883 -0.774377406
vn 0.212698981 0.912479401 0.349486023
vn 0.12895447 0.511941791 -0.849285781
vn 0.0635731518 -0.658327401 -0.750042319
vn -0.174380481 -0.507096708 -0.844064236
vn 0.12895447 0.511941791 -0.849285781
vn -0.174380481 -0.507096708 -0.844064236
vn 0.278173447 0.568294883 -0.774377406
vn 0.0635731518 -0.658327401 -0.750042319
vn -0.102965273 -0.954945803 0.278346121
vn -0.514742672 -0.82960242 0.216332465
vn 0.0635731518 -0.658327401 -0.750042319
vn -0.514742672 -0.82960242 0.216332465
vn -0.174380481 -0.507096708 -0.844064236
vn -0.102965273 -0.954945803 0.278346121
vn -0.140425012 -0.118068263 0.983026266
vn -0.283345312 0.0356967896 0.958353341
vn -0.102965273 -0.954945803 0.278346121
vn -0.283345312 0.0356967896 0.958353341
vn -0.514742672 -0.82960242 0.216332465
vn -0.283345312 0.0356967896 0.958353341
vn 0.212698981 0.912479401 0.349486023
vn -0.334338605 0.926765084 0.171242863
vn -0.283345312 0.0356967896 0.958353341
vn -0.334338605 0.926765084 0.171242863
vn -0.724330068 0.277654707 0.631073475
vn 0.212698981 0.912479401 0.349486023
vn 0.278173447 0.568294883 -0.774377406
vn -0.293376148 0.674888432 -0.677093744
vn 0.212698981 0.912479401 0.349486023
vn -0.293376148 0.674888432 -0.677093744
vn -0.334338605 0.926765084 0.171242863
vn 0.278173447 0.568294883 -0.774377406
vn -0.174380481 -0.507096708 -0.844064236
vn -0.658087134 -0.130017236 -0.741631269
vn 0.278173447 0.568294883 -0.774377406
vn -0.658087134 -0.130017236 -0.741631269
vn -0.293376148 0.674888432 -0.677093744
vn -0.174380481 -0.507096708 -0.844064236
vn -0.514742672 -0.82960242 0.216332465
vn -0.92438978 -0.375529766 0.0669398829
vn -0.174380481 -0.507096708 -0.844064236
vn -0.92438978 -0.375529766 0.0669398829
vn -0.658087134 -0.130017236 -0.741631269
vn -0.514742672 -0.82960242 0.216332465
vn -0.283345312 0.0356967896 0.958353341
vn -0.724330068 0.277654707 0.631073475
vn -0.514742672 -0.82960242 0.216332465
vn -0.724330068 0.277654707 0.631073475
vn -0.92438978 -0.375529766 0.0669398829
vn 0.95967865 0.271608293 0.0724283904
vn 0.357707679 0.893314898 0.272091299
vn 0.52349484 0.165574685 0.835785925
vn -0.892684817 0.418448508 -0.167376176
vn -0.724330068 0.277654707 0.631073475
vn -0.334338605 0.926765084 0.171242863
vn 0.95967865 0.271608293 0.0724283904
vn 0.503462791 0.616612673 -0.605238974
vn 0.357707679 0.893314898 0.272091299
vn -0.892684817 0.418448508 -0.167376176
vn -0.334338605 0.926765084 0.171242863
vn -0.293376148 0.674888432 -0.677093744
vn 0.95967865 0.271608293 0.0724283904
vn 0.757378399 -0.288444817 -0.585813582
vn 0.503462791 0.616612673 -0.605238974
vn -0.892684817 0.418448508 -0.167376176
vn -0.293376148 0.674888432 -0.677093744
vn -0.658087134 -0.130017236 -0.741631269
vn 0.95967865 0.271608293 0.0724283904
vn 0.767380357 -0.56582427 0.301612735
vn 0.757378399 -0.288444817 -0.585813582
vn -0.892684817 0.418448508 -0.167376176
vn -0.658087134 -0.130017236 -0.741631269
vn -0.92438978 -0.375529766 0.0669398829
vn 0.95967865 0.271608293 0.0724283904
vn 0.52349484 0.165574685 0.835785925
vn 0.767380357 -0.56582427 0.301612735
vn -0.892684817 0.418448508 -0.167376176
vn -0.92438978 -0.375529766 0.0669398829
vn -0.724330068 0.277654707 0.631073475
vn -1.3087929e-08 1 2.71574521e-07
vn 0.276080519 0.846084356 0.455983222
vn 0.423571169 0.905862868 4.03111153e-06
vn -1.04703419e-08 -1 3.25234993e-07
vn 0.423572451 -0.905862212 -2.83748591e-06
vn 0.276082933 -0.846083641 0.455983341
vn -1.3087929e-08 1 2.71574521e-07
vn 0.0890894458 0.780370176 0.618938982
vn 0.276080519 0.846084356 0.455983222
vn -1.04703419e-08 -1 3.25234993e-07
vn 0.276082933 -0.846083641 0.455983341
vn 0.0890897736 -0.780367553 0.618942201
vn -1.3087929e-08 1 2.71574521e-07
vn -0.089091301 0.78036797 0.618941545
vn 0.0890894458 0.780370176 0.618938982
vn -1.04703419e-08 -1 3.25234993e-07
vn 0.0890897736 -0.780367553 0.618942201
vn -0.0890896767 -0.780369699 0.618939579
vn -1.3087929e-08 1 2.71574521e-07
vn -0.276082098 0.846084356 0.455982208
vn -0.089091301 0.78036797 0.618941545
vn -1.04703419e-08 -1 3.25234993e-07
vn -0.0890896767 -0.780369699 0.618939579
vn -0.276082397 -0.84608376 0.455983251
vn -1.3087929e-08 1 2.71574521e-07
vn -0.423570186 0.905863285 -3.15159423e-06
vn -0.276082098 0.846084356 0.455982208
vn -1.04703419e-08 -1 3.25234993e-07
vn -0.276082397 -0.84608376 0.455983251
vn -0.423573792 -0.905861557 3.48665185e-06
vn -1.3087929e-08 1 2.71574521e-07
vn -0.276080191 0.846084893 -0.455982447
vn -0.423570186 0.905863285 -3.15159423e-06
vn -1.04703419e-08 -1 3.25234993e-07
vn -0.423573792 -0.905861557 3.48665185e-06
vn -0.276082486 -0.846083701 -0.4559834
vn -1.3087929e-08 1 2.71574521e-07
vn -0.0890904069 0.780369759 -0.618939281
vn -0.276080191 0.846084893 -0.455982447
vn -1.04703419e-08 -1 3.25234993e-07
vn -0.276082486 -0.846083701 -0.4559834
vn -0.0890922248 -0.780366778 -0.618942857
vn -1.3087929e-08 1 2.71574521e-07
vn 0.0890909582 0.780367792 -0.618941724
vn -0.0890904069 0.780369759 -0.618939281
vn -1.04703419e-08 -1 3.25234993e-07
vn -0.0890922248 -0.780366778 -0.618942857
vn 0.0890914947 -0.780368924 -0.618940115
vn -1.3087929e-08 1 2.71574521e-07
vn 0.276082069 0.846084177 -0.455982745
vn 0.0890909582 0.780367792 -0.618941724
vn -1.04703419e-08 -1 3.25234993e-07
vn 0.0890914947 -0.780368924 -0.618940115
vn 0.276080012 -0.846084476 -0.455983549
vn -1.3087929e-08 1 2.71574521e-07
vn 0.423571169 0.905862868 4.03111153e-06
vn 0.276082069 0.846084177 -0.455982745
vn -1.04703419e-08 -1 3.25234993e-07
vn 0.276080012 -0.846084476 -0.455983549
vn 0.423572451 -0.905862212 -2.83748591e-06
vn 0.423571169 0.905862868 4.03111153e-06
vn 0.276080519 0.846084356 0.455983222
vn 0.47850132 0.558232069 0.677800417
vn 0.423571169 0.905862868 4.03111153e-06
vn 0.47850132 0.558232069 0.677800417
vn 0.750427246 0.660953104 -2.49669256e-06
vn 0.276080519 0.846084356 0.455983222
vn 0.0890894458 0.780370176 0.618938982
vn 0.1426249 0.435018361 0.88905412
vn 0.276080519 0.846084356 0.455983222
vn 0.1426249 0.435018361 0.88905412
vn 0.47850132 0.558232069 0.677800417
vn 0.0890894458 0.780370176 0.618938982
vn -0.089091301 0.78036797 0.618941545
vn -0.142622069 0.435018301 0.889054596
vn 0.0890894458 0.780370176 0.618938982
vn -0.142622069 0.435018301 0.889054596
vn 0.1426249 0.435018361 0.88905412
vn -0.089091301 0.78036797 0.618941545
vn -0.276082098 0.846084356 0.455982208
vn -0.478505313 0.558229506 0.677799761
vn -0.089091301 0.78036797 0.618941545
vn -0.478505313 0.558229506 0.677799761
vn -0.142622069 0.435018301 0.889054596
vn -0.276082098 0.846084356 0.455982208
vn -0.423570186 0.905863285 -3.15159423e-06
vn -0.750427067 0.660953164 2.7344729e-06
vn -0.276082098 0.846084356 0.455982208
vn -0.750427067 0.660953164 2.7344729e-06
vn -0.478505313 0.558229506 0.677799761
vn -0.423570186 0.905863285 -3.15159423e-06
vn -0.276080191 0.846084893 -0.455982447
vn -0.478500217 0.558232605 -0.677800775
vn -0.423570186 0.905863285 -3.15159423e-06
vn -0.478500217 0.558232605 -0.677800775
vn -0.750427067 0.660953164 2.7344729e-06
vn -0.276080191 0.846084893 -0.455982447
vn -0.0890904069 0.780369759 -0.618939281
vn -0.142624855 0.435017973 -0.889054239
vn -0.276080191 0.846084893 -0.455982447
vn -0.142624855 0.435017973 -0.889054239
vn -0.478500217 0.558232605 -0.677800775
vn -0.0890904069 0.780369759 -0.618939281
vn 0.0890909582 0.780367792 -0.618941724
vn 0.142621219 0.435018241 -0.889054716
vn -0.0890904069 0.780369759 -0.618939281
vn 0.142621219 0.435018241 -0.889054716
vn -0.142624855 0.435017973 -0.889054239
vn 0.0890909582 0.780367792 -0.618941724
vn 0.276082069 0.846084177 -0.455982745
vn 0.478504181 0.558230102 -0.677800059
vn 0.0890909582 0.780367792 -0.618941724
vn 0.478504181 0.558230102 -0.677800059
vn 0.142621219 0.435018241 -0.889054716
vn 0.276082069 0.846084177 -0.455982745
vn 0.423571169 0.905862868 4.03111153e-06
vn 0.750427246 0.660953104 -2.49669256e-06
vn 0.276082069 0.846084177 -0.455982745
vn 0.750427246 0.660953104 -2.49669256e-06
vn 0.478504181 0.558230102 -0.677800059
vn 0.750427246 0.660953104 -2.49669256e-06
vn 0.47850132 0.558232069 0.677800417
vn 0.590881288 0.195190385 0.782789886
vn 0.750427246 0.660953104 -2.49669256e-06
vn 0.590881288 0.195190385 0.782789886
vn 0.968931615 0.247328803 2.86782938e-06
vn 0.47850132 0.558232069 0.677800417
vn 0.1426249 0.435018361 0.88905412
vn 0.159682572 0.136539325 0.977680206
vn 0.47850132 0.558232069 0.677800417
vn 0.159682572 0.136539325 0.977680206
vn 0.590881288 0.195190385 0.782789886
vn 0.1426249 0.435018361 0.88905412
vn -0.142622069 0.435018301 0.889054596
vn -0.159679875 0.136536732 0.977680981
vn 0.1426249 0.435018361 0.88905412
vn -0.159679875 0.136536732 0.977680981
vn 0.159682572 0.136539325 0.977680206
vn -0.142622069 0.435018301 0.889054596
vn -0.478505313 0.558229506 0.677799761
vn -0.590880334 0.195188776 0.782790959
vn -0.142622069 0.435018301 0.889054596
vn -0.590880334 0.195188776 0.782790959
vn -0.159679875 0.136536732 0.977680981
vn -0.478505313 0.558229506 0.677799761
vn -0.750427067 0.660953164 2.7344729e-06
vn -0.968931496 0.247328967 -1.65298593e-06
vn -0.478505313 0.558229506 0.677799761
vn -0.968931496 0.247328967 -1.65298593e-06
vn -0.590880334 0.195188776 0.782790959
vn -0.750427067 0.660953164 2.7344729e-06
vn -0.478500217 0.558232605 -0.677800775
vn -0.590881288 0.195190877 -0.782789767
vn -0.750427067 0.660953164 2.7344729e-06
vn -0.590881288 0.195190877 -0.782789767
vn -0.968931496 0.247328967 -1.65298593e-06
vn -0.478500217 0.558232605 -0.677800775
vn -0.142624855 0.435017973 -0.889054239
vn -0.159682274 0.136539534 -0.977680206
vn -0.478500217 0.558232605 -0.677800775
vn -0.159682274 0.136539534 -0.977680206
vn -0.590881288 0.195190877 -0.782789767
vn -0.142624855 0.435017973 -0.889054239
vn 0.142621219 0.435018241 -0.889054716
vn 0.159679726 0.136536822 -0.977680981
vn -0.142624855 0.435017973 -0.889054239
vn 0.159679726 0.136536822 -0.977680981
vn -0.159682274 0.136539534 -0.977680206
vn 0.142621219 0.435018241 -0.889054716
vn 0.478504181 0.558230102 -0.677800059
vn 0.590880454 0.195189014 -0.78279084
vn 0.142621219 0.435018241 -0.889054716
vn 0.590880454 0.195189014 -0.78279084
vn 0.159679726 0.136536822 -0.977680981
vn 0.478504181 0.558230102 -0.677800059
vn 0.750427246 0.660953104 -2.49669256e-06
vn 0.968931615 0.247328803 2.86782938e-06
vn 0.478504181 0.558230102 -0.677800059
vn 0.968931615 0.247328803 2.86782938e-06
vn 0.590880454 0.195189014 -0.78279084
vn 0.968931615 0.247328803 2.86782938e-06
vn 0.590881288 0.195190385 0.782789886
vn 0.590881884 -0.195188001 0.782790065
vn 0.968931615 0.247328803 2.86782938e-06
vn 0.590881884 -0.195188001 0.782790065
vn 0.968931794 -0.247328013 -1.9517156e-06
vn 0.590881288 0.195190385 0.782789886
vn 0.159682572 0.136539325 0.977680206
vn 0.159680173 -0.136536509 0.977680981
vn 0.590881288 0.195190385 0.782789886
vn 0.159680173 -0.136536509 0.977680981
vn 0.590881884 -0.195188001 0.782790065
vn 0.159682572 0.136539325 0.977680206
vn -0.159679875 0.136536732 0.977680981
vn -0.159683421 -0.136539519 0.977679968
vn 0.159682572 0.136539325 0.977680206
vn -0.159683421 -0.136539519 0.977679968
vn 0.159680173 -0.136536509 0.977680981
vn -0.159679875 0.136536732 0.977680981
vn -0.590880334 0.195188776 0.782790959
vn -0.590881646 -0.195190609 0.782789588
vn -0.159679875 0.136536732 0.977680981
vn -0.590881646 -0.195190609 0.782789588
vn -0.159683421 -0.136539519 0.977679968
vn -0.590880334 0.195188776 0.782790959
vn -0.968931496 0.247328967 -1.65298593e-06
vn -0.968931735 -0.247328296 2.38985763e-06
vn -0.590880334 0.195188776 0.782790959
vn -0.968931735 -0.247328296 2.38985763e-06
vn -0.590881646 -0.195190609 0.782789588
vn -0.968931496 0.247328967 -1.65298593e-06
vn -0.590881288 0.195190877 -0.782789767
vn -0.590881526 -0.195188507 -0.782790184
vn -0.968931496 0.247328967 -1.65298593e-06
vn -0.590881526 -0.195188507 -0.782790184
vn -0.968931735 -0.247328296 2.38985763e-06
vn -0.590881288 0.195190877 -0.782789767
vn -0.159682274 0.136539534 -0.977680206
vn -0.159679994 -0.136536762 -0.977680922
vn -0.590881288 0.195190877 -0.782789767
vn -0.159679994 -0.136536762 -0.977680922
vn -0.590881526 -0.195188507 -0.782790184
vn -0.159682274 0.136539534 -0.977680206
vn 0.159679726 0.136536822 -0.977680981
vn 0.159682766 -0.136539653 -0.977680147
vn -0.159682274 0.136539534 -0.977680206
vn 0.159682766 -0.136539653 -0.977680147
vn -0.159679994 -0.136536762 -0.977680922
vn 0.159679726 0.136536822 -0.977680981
vn 0.590880454 0.195189014 -0.78279084
vn 0.590881705 -0.195190683 -0.782789528
vn 0.159679726 0.136536822 -0.977680981
vn 0.590881705 -0.195190683 -0.782789528
vn 0.159682766 -0.136539653 -0.977680147
vn 0.590880454 0.195189014 -0.78279084
vn 0.968931615 0.247328803 2.86782938e-06
vn 0.968931794 -0.247328013 -1.9517156e-06
vn 0.590880454 0.195189014 -0.78279084
vn 0.968931794 -0.247328013 -1.9517156e-06
vn 0.590881705 -0.195190683 -0.782789528
vn 0.968931794 -0.247328013 -1.9517156e-06
vn 0.590881884 -0.195188001 0.782790065
vn 0.478505254 -0.558228731 0.677800417
vn 0.968931794 -0.247328013 -1.9517156e-06
vn 0.478505254 -0.558228731 0.677800417
vn 0.750426888 -0.660953462 3.44186856e-06
vn 0.590881884 -0.195188001 0.782790065
vn 0.159680173 -0.136536509 0.977680981
vn 0.142621934 -0.435017407 0.889055073
vn 0.590881884 -0.195188001 0.782790065
vn 0.142621934 -0.435017407 0.889055073
vn 0.478505254 -0.558228731 0.677800417
vn 0.159680173 -0.136536509 0.977680981
vn -0.159683421 -0.136539519 0.977679968
vn -0.142625347 -0.435017556 0.889054418
vn 0.159680173 -0.136536509 0.977680981
vn -0.142625347 -0.435017556 0.889054418
vn 0.142621934 -0.435017407 0.889055073
vn -0.159683421 -0.136539519 0.977679968
vn -0.590881646 -0.195190609 0.782789588
vn -0.478500128 -0.558232009 0.67780143
vn -0.159683421 -0.136539519 0.977679968
vn -0.478500128 -0.558232009 0.67780143
vn -0.142625347 -0.435017556 0.889054418
vn -0.590881646 -0.195190609 0.782789588
vn -0.968931735 -0.247328296 2.38985763e-06
vn -0.750426471 -0.660953999 -3.05993535e-06
vn -0.590881646 -0.195190609 0.782789588
vn -0.750426471 -0.660953999 -3.05993535e-06
vn -0.478500128 -0.558232009 0.67780143
vn -0.968931735 -0.247328296 2.38985763e-06
vn -0.590881526 -0.195188507 -0.782790184
vn -0.478504956 -0.558229148 -0.677800357
vn -0.968931735 -0.247328296 2.38985763e-06
vn -0.478504956 -0.558229148 -0.677800357
vn -0.750426471 -0.660953999 -3.05993535e-06
vn -0.590881526 -0.195188507 -0.782790184
vn -0.159679994 -0.136536762 -0.977680922
vn -0.14262186 -0.435017228 -0.889055133
vn -0.590881526 -0.195188507 -0.782790184
vn -0.14262186 -0.435017228 -0.889055133
vn -0.478504956 -0.558229148 -0.677800357
vn -0.159679994 -0.136536762 -0.977680922
vn 0.159682766 -0.136539653 -0.977680147
vn 0.142625034 -0.435017228 -0.889054656
vn -0.159679994 -0.136536762 -0.977680922
vn 0.142625034 -0.435017228 -0.889054656
vn -0.14262186 -0.435017228 -0.889055133
vn 0.159682766 -0.136539653 -0.977680147
vn 0.590881705 -0.195190683 -0.782789528
vn 0.478500366 -0.55823195 -0.677801251
vn 0.159682766 -0.136539653 -0.977680147
vn 0.478500366 -0.55823195 -0.677801251
vn 0.142625034 -0.435017228 -0.889054656
vn 0.590881705 -0.195190683 -0.782789528
vn 0.968931794 -0.247328013 -1.9517156e-06
vn 0.750426888 -0.660953462 3.44186856e-06
vn 0.590881705 -0.195190683 -0.782789528
vn 0.750426888 -0.660953462 3.44186856e-06
vn 0.478500366 -0.55823195 -0.677801251
vn 0.750426888 -0.660953462 3.44186856e-06
vn 0.478505254 -0.558228731 0.677800417
vn 0.276082933 -0.846083641 0.455983341
vn 0.750426888 -0.660953462 3.44186856e-06
vn 0.276082933 -0.846083641 0.455983341
vn 0.423572451 -0.905862212 -2.83748591e-06
vn 0.478505254 -0.558228731 0.677800417
vn 0.142621934 -0.435017407 0.889055073
vn 0.0890897736 -0.780367553 0.618942201
vn 0.478505254 -0.558228731 0.677800417
vn 0.0890897736 -0.780367553 0.618942201
vn 0.276082933 -0.846083641 0.455983341
vn 0.142621934 -0.435017407 0.889055073
vn -0.142625347 -0.435017556 0.889054418
vn -0.0890896767 -0.780369699 0.618939579
vn 0.142621934 -0.435017407 0.889055073
vn -0.0890896767 -0.780369699 0.618939579
vn 0.0890897736 -0.780367553 0.618942201
vn -0.142625347 -0.435017556 0.889054418
vn -0.478500128 -0.558232009 0.67780143
vn -0.276082397 -0.84608376 0.455983251
vn -0.142625347 -0.435017556 0.889054418
vn -0.276082397 -0.84608376 0.455983251
vn -0.0890896767 -0.780369699 0.618939579
vn -0.478500128 -0.558232009 0.67780143
vn -0.750426471 -0.660953999 -3.05993535e-06
vn -0.423573792 -0.905861557 3.48665185e-06
vn -0.478500128 -0.558232009 0.67780143
vn -0.423573792 -0.905861557 3.48665185e-06
vn -0.276082397 -0.84608376 0.455983251
vn -0.750426471 -0.660953999 -3.05993535e-06
vn -0.478504956 -0.558229148 -0.677800357
vn -0.276082486 -0.846083701 -0.4559834
vn -0.750426471 -0.660953999 -3.05993535e-06
vn -0.276082486 -0.846083701 -0.4559834
vn -0.423573792 -0.905861557 3.48665185e-06
vn -0.478504956 -0.558229148 -0.677800357
vn -0.14262186 -0.435017228 -0.889055133
vn -0.0890922248 -0.780366778 -0.618942857
vn -0.478504956 -0.558229148 -0.677800357
vn -0.0890922248 -0.780366778 -0.618942857
vn -0.276082486 -0.846083701 -0.4559834
vn -0.14262186 -0.435017228 -0.889055133
vn 0.142625034 -0.435017228 -0.889054656
vn 0.0890914947 -0.780368924 -0.618940115
vn -0.14262186 -0.435017228 -0.889055133
vn 0.0890914947 -0.780368924 -0.618940115
vn -0.0890922248 -0.780366778 -0.618942857
vn 0.142625034 -0.435017228 -0.889054656
vn 0.478500366 -0.55823195 -0.677801251
vn 0.276080012 -0.846084476 -0.455983549
vn 0.142625034 -0.435017228 -0.889054656
vn 0.276080012 -0.846084476 -0.455983549
vn 0.0890914947 -0.780368924 -0.618940115
vn 0.478500366 -0.55823195 -0.677801251
vn 0.750426888 -0.660953462 3.44186856e-06
vn 0.423572451 -0.905862212 -2.83748591e-06
vn 0.478500366 -0.55823195 -0.677801251
vn 0.423572451 -0.905862212 -2.83748591e-06
vn 0.276080012 -0.846084476 -0.455983549
vn 6.94739981e-08 1 -6.20634353e-07
vn 0.323228508 0.686288536 0.651560783
vn 0.618281186 0.785956979 1.01776413e-06
vn 6.79305572e-08 -1 -5.07935283e-07
vn 0.618280709 -0.785957336 4.96470989e-08
vn 0.323228925 -0.686284721 0.651564479
vn 6.94739981e-08 1 -6.20634353e-07
vn -2.18115565e-06 0.601243615 0.799065769
vn 0.323228508 0.686288536 0.651560783
vn 6.79305572e-08 -1 -5.07935283e-07
vn 0.323228925 -0.686284721 0.651564479
vn 1.82105782e-06 -0.601241052 0.799067736
vn 6.94739981e-08 1 -6.20634353e-07
vn -0.323229998 0.686285317 0.651563406
vn -2.18115565e-06 0.601243615 0.799065769
vn 6.79305572e-08 -1 -5.07935283e-07
vn 1.82105782e-06 -0.601241052 0.799067736
vn -0.323226333 -0.686287701 0.651562691
vn 6.94739981e-08 1 -6.20634353e-07
vn -0.618282616 0.785955846 7.44706483e-08
vn -0.323229998 0.686285317 0.651563406
vn 6.79305572e-08 -1 -5.07935283e-07
vn -0.323226333 -0.686287701 0.651562691
vn -0.618279755 -0.785957992 1.04258879e-06
vn 6.94739981e-08 1 -6.20634353e-07
vn -0.323228389 0.686287582 -0.651561856
vn -0.618282616 0.785955846 7.44706483e-08
vn 6.79305572e-08 -1 -5.07935283e-07
vn -0.618279755 -0.785957992 1.04258879e-06
vn -0.323229551 -0.68628329 -0.651565731
vn 6.94739981e-08 1 -6.20634353e-07
vn 2.74959166e-06 0.601242959 -0.799066246
vn -0.323228389 0.686287582 -0.651561856
vn 6.79305572e-08 -1 -5.07935283e-07
vn -0.323229551 -0.68628329 -0.651565731
vn -2.38177699e-06 -0.601240337 -0.799068332
vn 6.94739981e-08 1 -6.20634353e-07
vn 0.323231071 0.686285794 -0.651562393
vn 2.74959166e-06 0.601242959 -0.799066246
vn 6.79305572e-08 -1 -5.07935283e-07
vn -2.38177699e-06 -0.601240337 -0.799068332
vn 0.323228389 -0.686286807 -0.651562631
vn 6.94739981e-08 1 -6.20634353e-07
vn 0.618281186 0.785956979 1.01776413e-06
vn 0.323231071 0.686285794 -0.651562393
vn 6.79305572e-08 -1 -5.07935283e-07
vn 0.323228389 -0.686286807 -0.651562631
vn 0.618280709 -0.785957336 4.96470989e-08
vn 0.618281186 0.785956979 1.01776413e-06
vn 0.323228508 0.686288536 0.651560783
vn 0.462671548 0.309683859 0.830681026
vn 0.618281186 0.785956979 1.01776413e-06
vn 0.462671548 0.309683859 0.830681026
vn 0.906959772 0.421217263 3.3232659e-06
vn 0.323228508 0.686288536 0.651560783
vn -2.18115565e-06 0.601243615 0.799065769
vn -1.75188643e-06 0.229480818 0.973313212
vn 0.323228508 0.686288536 0.651560783
vn -1.75188643e-06 0.229480818 0.973313212
vn 0.462671548 0.309683859 0.830681026
vn -2.18115565e-06 0.601243615 0.799065769
vn -0.323229998 0.686285317 0.651563406
vn -0.462673664 0.309688091 0.830678284
vn -2.18115565e-06 0.601243615 0.799065769
vn -0.462673664 0.309688091 0.830678284
vn -1.75188643e-06 0.229480818 0.973313212
vn -0.323229998 0.686285317 0.651563406
vn -0.618282616 0.785955846 7.44706483e-08
vn -0.906959653 0.421217322 -3.01792261e-06
vn -0.323229998 0.686285317 0.651563406
vn -0.906959653 0.421217322 -3.01792261e-06
vn -0.462673664 0.309688091 0.830678284
vn -0.618282616 0.785955846 7.44706483e-08
vn -0.323228389 0.686287582 -0.651561856
vn -0.46267131 0.309684575 -0.830680966
vn -0.618282616 0.785955846 7.44706483e-08
vn -0.46267131 0.309684575 -0.830680966
vn -0.906959653 0.421217322 -3.01792261e-06
vn -0.323228389 0.686287582 -0.651561856
vn 2.74959166e-06 0.601242959 -0.799066246
vn 1.34779395e-06 0.229481801 -0.973312974
vn -0.323228389 0.686287582 -0.651561856
vn 1.34779395e-06 0.229481801 -0.973312974
vn -0.46267131 0.309684575 -0.830680966
vn 2.74959166e-06 0.601242959 -0.799066246
vn 0.323231071 0.686285794 -0.651562393
vn 0.462674171 0.309688419 -0.830677867
vn 2.74959166e-06 0.601242959 -0.799066246
vn 0.462674171 0.309688419 -0.830677867
vn 1.34779395e-06 0.229481801 -0.973312974
vn 0.323231071 0.686285794 -0.651562393
vn 0.618281186 0.785956979 1.01776413e-06
vn 0.906959772 0.421217263 3.3232659e-06
vn 0.323231071 0.686285794 -0.651562393
vn 0.906959772 0.421217263 3.3232659e-06
vn 0.462674171 0.309688419 -0.830677867
vn 0.906959772 0.421217263 3.3232659e-06
vn 0.462671548 0.309683859 0.830681026
vn 0.492569357 8.65912511e-07 0.870273173
vn 0.906959772 0.421217263 3.3232659e-06
vn 0.492569357 8.65912511e-07 0.870273173
vn 1 6.51148355e-07 4.4396478e-07
vn 0.462671548 0.309683859 0.830681026
vn -1.75188643e-06 0.229480818 0.973313212
vn 4.90074399e-08 1.5314825e-07 1
vn 0.462671548 0.309683859 0.830681026
vn 4.90074399e-08 1.5314825e-07 1
vn 0.492569357 8.65912511e-07 0.870273173
vn -1.75188643e-06 0.229480818 0.973313212
vn -0.462673664 0.309688091 0.830678284
vn -0.492570639 -4.74437371e-07 0.870272517
vn -1.75188643e-06 0.229480818 0.973313212
vn -0.492570639 -4.74437371e-07 0.870272517
vn 4.90074399e-08 1.5314825e-07 1
vn -0.462673664 0.309688091 0.830678284
vn -0.906959653 0.421217322 -3.01792261e-06
vn -1 -1.51687601e-07 4.88360115e-07
vn -0.462673664 0.309688091 0.830678284
vn -1 -1.51687601e-07 4.88360115e-07
vn -0.492570639 -4.74437371e-07 0.870272517
vn -0.906959653 0.421217322 -3.01792261e-06
vn -0.46267131 0.309684575 -0.830680966
vn -0.492570579 -9.07394266e-08 -0.870272517
vn -0.906959653 0.421217322 -3.01792261e-06
vn -0.492570579 -9.07394266e-08 -0.870272517
vn -1 -1.51687601e-07 4.88360115e-07
vn -0.46267131 0.309684575 -0.830680966
vn 1.34779395e-06 0.229481801 -0.973312974
vn -1.59274251e-07 2.32785439e-07 -1
vn -0.46267131 0.309684575 -0.830680966
vn -1.59274251e-07 2.32785439e-07 -1
vn -0.492570579 -9.07394266e-08 -0.870272517
vn 1.34779395e-06 0.229481801 -0.973312974
vn 0.462674171 0.309688419 -0.830677867
vn 0.492569953 -1.58145824e-07 -0.870272875
vn 1.34779395e-06 0.229481801 -0.973312974
vn 0.492569953 -1.58145824e-07 -0.870272875
vn -1.59274251e-07 2.32785439e-07 -1
vn 0.462674171 0.309688419 -0.830677867
vn 0.906959772 0.421217263 3.3232659e-06
vn 1 6.51148355e-07 4.4396478e-07
vn 0.462674171 0.309688419 -0.830677867
vn 1 6.51148355e-07 4.4396478e-07
vn 0.492569953 -1.58145824e-07 -0.870272875
vn 1 6.51148355e-07 4.4396478e-07
vn 0.492569357 8.65912511e-07 0.870273173
vn 0.462673545 -0.309688359 0.830678225
vn 1 6.51148355e-07 4.4396478e-07
vn 0.462673545 -0.309688359 0.830678225
vn 0.906959414 -0.421218008 -4.01916213e-06
vn 0.492569357 8.65912511e-07 0.870273173
vn 4.90074399e-08 1.5314825e-07 1
vn 1.110021e-06 -0.229480088 0.973313391
vn 0.492569357 8.65912511e-07 0.870273173
vn 1.110021e-06 -0.229480088 0.973313391
vn 0.462673545 -0.309688359 0.830678225
vn 4.90074399e-08 1.5314825e-07 1
vn -0.492570639 -4.74437371e-07 0.870272517
vn -0.462671041 -0.309683919 0.830681264
vn 4.90074399e-08 1.5314825e-07 1
vn -0.462671041 -0.309683919 0.830681264
vn 1.110021e-06 -0.229480088 0.973313391
vn -0.492570639 -4.74437371e-07 0.870272517
vn -1 -1.51687601e-07 4.88360115e-07
vn -0.906959891 -0.421217084 4.05821902e-06
vn -0.492570639 -4.74437371e-07 0.870272517
vn -0.906959891 -0.421217084 4.05821902e-06
vn -0.462671041 -0.309683919 0.830681264
vn -1 -1.51687601e-07 4.88360115e-07
vn -0.492570579 -9.07394266e-08 -0.870272517
vn -0.462673604 -0.309688836 -0.830678046
vn -1 -1.51687601e-07 4.88360115e-07
vn -0.462673604 -0.309688836 -0.830678046
vn -0.906959891 -0.421217084 4.05821902e-06
vn -0.492570579 -9.07394266e-08 -0.870272517
vn -1.59274251e-07 2.32785439e-07 -1
vn -1.62252763e-06 -0.229481861 -0.973312914
vn -0.492570579 -9.07394266e-08 -0.870272517
vn -1.62252763e-06 -0.229481861 -0.973312914
vn -0.462673604 -0.309688836 -0.830678046
vn -1.59274251e-07 2.32785439e-07 -1
vn 0.492569953 -1.58145824e-07 -0.870272875
vn 0.462671041 -0.309684843 -0.830680907
vn -1.59274251e-07 2.32785439e-07 -1
vn 0.462671041 -0.309684843 -0.830680907
vn -1.62252763e-06 -0.229481861 -0.973312914
vn 0.492569953 -1.58145824e-07 -0.870272875
vn 1 6.51148355e-07 4.4396478e-07
vn 0.906959414 -0.421218008 -4.01916213e-06
vn 0.492569953 -1.58145824e-07 -0.870272875
vn 0.906959414 -0.421218008 -4.01916213e-06
vn 0.462671041 -0.309684843 -0.830680907
vn 0.906959414 -0.421218008 -4.01916213e-06
vn 0.462673545 -0.309688359 0.830678225
vn 0.323228925 -0.686284721 0.651564479
vn 0.906959414 -0.421218008 -4.01916213e-06
vn 0.323228925 -0.686284721 0.651564479
vn 0.618280709 -0.785957336 4.96470989e-08
vn 0.462673545 -0.309688359 0.830678225
vn 1.110021e-06 -0.229480088 0.973313391
vn 1.82105782e-06 -0.601241052 0.799067736
vn 0.462673545 -0.309688359 0.830678225
vn 1.82105782e-06 -0.601241052 0.799067736
vn 0.323228925 -0.686284721 0.651564479
vn 1.110021e-06 -0.229480088 0.973313391
vn -0.462671041 -0.309683919 0.830681264
vn -0.323226333 -0.686287701 0.651562691
vn 1.110021e-06 -0.229480088 0.973313391
vn -0.323226333 -0.686287701 0.651562691
vn 1.82105782e-06 -0.601241052 0.799067736
vn -0.462671041 -0.309683919 0.830681264
vn -0.906959891 -0.421217084 4.05821902e-06
vn -0.618279755 -0.785957992 1.04258879e-06
vn -0.462671041 -0.309683919 0.830681264
vn -0.618279755 -0.785957992 1.04258879e-06
vn -0.323226333 -0.686287701 0.651562691
vn -0.906959891 -0.421217084 4.05821902e-06
vn -0.462673604 -0.309688836 -0.830678046
vn -0.323229551 -0.68628329 -0.651565731
vn -0.906959891 -0.421217084 4.05821902e-06
vn -0.323229551 -0.68628329 -0.651565731
vn -0.618279755 -0.785957992 1.04258879e-06
vn -0.462673604 -0.309688836 -0.830678046
vn -1.62252763e-06 -0.229481861 -0.973312914
vn -2.38177699e-06 -0.601240337 -0.799068332
vn -0.462673604 -0.309688836 -0.830678046
vn -2.38177699e-06 -0.601240337 -0.799068332
vn -0.323229551 -0.68628329 -0.651565731
vn -1.62252763e-06 -0.229481861 -0.973312914
vn 0.462671041 -0.309684843 -0.830680907
vn 0.323228389 -0.686286807 -0.651562631
vn -1.62252763e-06 -0.229481861 -0.973312914
vn 0.323228389 -0.686286807 -0.651562631
vn -2.38177699e-06 -0.601240337 -0.799068332
vn 0.462671041 -0.309684843 -0.830680907
vn 0.906959414 -0.421218008 -4.01916213e-06
vn 0.618280709 -0.785957336 4.96470989e-08
vn 0.462671041 -0.309684843 -0.830680907
vn 0.618280709 -0.785957336 4.96470989e-08
vn 0.323228389 -0.686286807 -0.651562631
vn -0.40549463 -0.368788719 -0.836402416
vn -0.902447879 0.237525254 -0.359401613
vn -0.239358753 0.925013781 -0.295054048
vn -0.40549463 -0.368788719 -0.836402416
vn -0.239358753 0.925013781 -0.295054048
vn -0.0826806352 0.0872852951 -0.992746294
vn -0.902447879 0.237525254 -0.359401613
vn -0.857332468 0.00983195286 0.51466924
vn -0.177076936 0.662552297 0.727782965
vn -0.902447879 0.237525254 -0.359401613
vn -0.177076936 0.662552297 0.727782965
vn -0.239358753 0.925013781 -0.295054048
vn -0.857332468 0.00983195286 0.51466924
vn -0.321353793 -0.745354414 0.584104896
vn 0.0356459655 -0.405931503 0.913208067
vn -0.857332468 0.00983195286 0.51466924
vn 0.0356459655 -0.405931503 0.913208067
vn -0.177076936 0.662552297 0.727782965
vn -0.321353793 -0.745354414 0.584104896
vn -0.0400199629 -0.968895435 -0.244212866
vn 0.181286335 -0.950173259 -0.253586411
vn -0.321353793 -0.745354414 0.584104896
vn 0.181286335 -0.950173259 -0.253586411
vn 0.0356459655 -0.405931503 0.913208067
vn -0.0400199629 -0.968895435 -0.244212866
vn -0.40549463 -0.368788719 -0.836402416
vn -0.0826806352 0.0872852951 -0.992746294
vn -0.0400199629 -0.968895435 -0.244212866
vn -0.0826806352 0.0872852951 -0.992746294
vn 0.181286335 -0.950173259 -0.253586411
vn -0.0826806352 0.0872852951 -0.992746294
vn -0.239358753 0.925013781 -0.295054048
vn 0.413138747 0.829712927 -0.375357002
vn -0.0826806352 0.0872852951 -0.992746294
vn 0.413138747 0.829712927 -0.375357002
vn -0.031037828 -0.0100693014 -0.999467492
vn -0.239358753 0.925013781 -0.295054048
vn -0.177076936 0.662552297 0.727782965
vn 0.466964632 0.558924198 0.6852355
vn -0.239358753 0.925013781 -0.295054048
vn 0.466964632 0.558924198 0.6852355
vn 0.413138747 0.829712927 -0.375357002
vn -0.177076936 0.662552297 0.727782965
vn 0.0356459655 -0.405931503 0.913208067
vn 0.0632484034 -0.489394456 0.869765818
vn -0.177076936 0.662552297 0.727782965
vn 0.0632484034 -0.489394456 0.869765818
vn 0.466964632 0.558924198 0.6852355
vn 0.0356459655 -0.405931503 0.913208067
vn 0.181286335 -0.950173259 -0.253586411
vn -0.307942659 -0.923921466 -0.227025017
vn 0.0356459655 -0.405931503 0.913208067
vn -0.307942659 -0.923921466 -0.227025017
vn 0.0632484034 -0.489394456 0.869765818
vn 0.181286335 -0.950173259 -0.253586411
vn -0.0826806352 0.0872852951 -0.992746294
vn -0.031037828 -0.0100693014 -0.999467492
vn 0.181286335 -0.950173259 -0.253586411
vn -0.031037828 -0.0100693014 -0.999467492
vn -0.307942659 -0.923921466 -0.227025017
vn -0.031037828 -0.0100693014 -0.999467492
vn 0.413138747 0.829712927 -0.375357002
vn 0.885826945 0.156716317 -0.436750054
vn -0.031037828 -0.0100693014 -0.999467492
vn 0.885826945 0.156716317 -0.436750054
vn 0.366240442 -0.412460506 -0.834112823
vn 0.413138747 0.829712927 -0.375357002
vn 0.466964632 0.558924198 0.6852355
vn 0.916332066 -0.0511284247 0.397141576
vn 0.413138747 0.829712927 -0.375357002
vn 0.916332066 -0.0511284247 0.397141576
vn 0.885826945 0.156716317 -0.436750054
vn 0.466964632 0.558924198 0.6852355
vn 0.0632484034 -0.489394456 0.869765818
vn 0.418640614 -0.746802688 0.516745269
vn 0.466964632 0.558924198 0.6852355
vn 0.418640614 -0.746802688 0.516745269
vn 0.916332066 -0.0511284247 0.397141576
vn 0.0632484034 -0.489394456 0.869765818
vn -0.307942659 -0.923921466 -0.227025017
vn 0.0780793279 -0.966581762 -0.244178966
vn 0.0632484034 -0.489394456 0.869765818
vn 0.0780793279 -0.966581762 -0.244178966
vn 0.418640614 -0.746802688 0.516745269
vn -0.307942659 -0.923921466 -0.227025017
vn -0.031037828 -0.0100693014 -0.999467492
vn 0.366240442 -0.412460506 -0.834112823
vn -0.307942659 -0.923921466 -0.227025017
vn 0.366240442 -0.412460506 -0.834112823
vn 0.0780793279 -0.966581762 -0.244178966
vn -0.801783919 -0.587974548 -0.106904075
vn -0.902447879 0.237525254 -0.359401613
vn -0.40549463 -0.368788719 -0.836402416
vn 0.780139565 -0.598719537 -0.181430951
vn 0.366240442 -0.412460506 -0.834112823
vn 0.885826945 0.156716317 -0.436750054
vn -0.801783919 -0.587974548 -0.106904075
vn -0.857332468 0.00983195286 0.51466924
vn -0.902447879 0.237525254 -0.359401613
vn 0.780139565 -0.598719537 -0.181430951
vn 0.885826945 0.156716317 -0.436750054
vn 0.916332066 -0.0511284247 0.397141576
vn -0.801783919 -0.587974548 -0.106904075
vn -0.321353793 -0.745354414 0.584104896
vn -0.857332468 0.00983195286 0.51466924
vn 0.780139565 -0.598719537 -0.181430951
vn 0.916332066 -0.0511284247 0.397141576
vn 0.418640614 -0.746802688 0.516745269
vn -0.801783919 -0.587974548 -0.106904075
vn -0.0400199629 -0.968895435 -0.244212866
vn -0.321353793 -0.745354414 0.584104896
vn 0.780139565 -0.598719537 -0.181430951
vn 0.418640614 -0.746802688 0.516745269
vn 0.0780793279 -0.966581762 -0.244178966
vn -0.801783919 -0.587974548 -0.106904075
vn -0.40549463 -0.368788719 -0.836402416
vn -0.0400199629 -0.968895435 -0.244212866
vn 0.780139565 -0.598719537 -0.181430951
vn 0.0780793279 -0.966581762 -0.244178966
vn 0.366240442 -0.412460506 -0.834112823
vn -0.642159879 0.167944908 -0.747947395
vn -0.394520372 0.892645717 -0.218030244
vn -0.07083112 0.945894599 -0.316648781
vn -0.642159879 0.167944908 -0.747947395
vn -0.07083112 0.945894599 -0.316648781
vn -0.123512223 -0.114061534 -0.985766113
vn -0.394520372 0.892645717 -0.218030244
vn -0.408003062 0.614742219 0.67500037
vn 0.0943177566 0.481441885 0.871388435
vn -0.394520372 0.892645717 -0.218030244
vn 0.0943177566 0.481441885 0.871388435
vn -0.07083112 0.945894599 -0.316648781
vn -0.408003062 0.614742219 0.67500037
vn -0.659642458 -0.288445771 0.69402504
vn 0.14191857 -0.647164762 0.749023974
vn -0.408003062 0.614742219 0.67500037
vn 0.14191857 -0.647164762 0.749023974
vn 0.0943177566 0.481441885 0.871388435
vn -0.659642458 -0.288445771 0.69402504
vn -0.804733157 -0.565140009 -0.181717813
vn 0.0268543009 -0.960750103 -0.276112676
vn -0.659642458 -0.288445771 0.69402504
vn 0.0268543009 -0.960750103 -0.276112676
vn 0.14191857 -0.647164762 0.749023974
vn -0.804733157 -0.565140009 -0.181717813
vn -0.642159879 0.167944908 -0.747947395
vn -0.123512223 -0.114061534 -0.985766113
vn -0.804733157 -0.565140009 -0.181717813
vn -0.123512223 -0.114061534 -0.985766113
vn 0.0268543009 -0.960750103 -0.276112676
vn -0.123512223 -0.114061534 -0.985766113
vn -0.07083112 0.945894599 -0.316648781
vn -0.327502578 0.908467352 -0.259671062
vn -0.123512223 -0.114061534 -0.985766113
vn -0.327502578 0.908467352 -0.259671062
vn -0.0855583847 0.0257622767 -0.996000051
vn -0.07083112 0.945894599 -0.316648781
vn 0.0943177566 0.481441885 0.871388435
vn 0.0220144242 0.578116596 0.815657198
vn -0.07083112 0.945894599 -0.316648781
vn 0.0220144242 0.578116596 0.815657198
vn -0.327502578 0.908467352 -0.259671062
vn 0.0943177566 0.481441885 0.871388435
vn 0.14191857 -0.647164762 0.749023974
vn 0.471251935 -0.500238419 0.726417959
vn 0.0943177566 0.481441885 0.871388435
vn 0.471251935 -0.500238419 0.726417959
vn 0.0220144242 0.578116596 0.815657198
vn 0.14191857 -0.647164762 0.749023974
vn 0.0268543009 -0.960750103 -0.276112676
vn 0.401520431 -0.832383871 -0.381992787
vn 0.14191857 -0.647164762 0.749023974
vn 0.401520431 -0.832383871 -0.381992787
vn 0.471251935 -0.500238419 0.726417959
vn 0.0268543009 -0.960750103 -0.276112676
vn -0.123512223 -0.114061534 -0.985766113
vn -0.0855583847 0.0257622767 -0.996000051
vn 0.0268543009 -0.960750103 -0.276112676
vn -0.0855583847 0.0257622767 -0.996000051
vn 0.401520431 -0.832383871 -0.381992787
vn -0.0855583847 0.0257622767 -0.996000051
vn -0.327502578 0.908467352 -0.259671062
vn 0.249203891 0.924952686 -0.286984265
vn -0.0855583847 0.0257622767 -0.996000051
vn 0.249203891 0.924952686 -0.286984265
vn 0.449080288 0.271723539 -0.851171672
vn -0.327502578 0.908467352 -0.259671062
vn 0.0220144242 0.578116596 0.815657198
vn 0.515886545 0.679699659 0.521411061
vn -0.327502578 0.908467352 -0.259671062
vn 0.515886545 0.679699659 0.521411061
vn 0.249203891 0.924952686 -0.286984265
vn 0.0220144242 0.578116596 0.815657198
vn 0.471251935 -0.500238419 0.726417959
vn 0.880650401 -0.12516281 0.456934571
vn 0.0220144242 0.578116596 0.815657198
vn 0.880650401 -0.12516281 0.456934571
vn 0.515886545 0.679699659 0.521411061
vn 0.471251935 -0.500238419 0.726417959
vn 0.401520431 -0.832383871 -0.381992787
vn 0.839303076 -0.377300352 -0.391426623
vn 0.471251935 -0.500238419 0.726417959
vn 0.839303076 -0.377300352 -0.391426623
vn 0.880650401 -0.12516281 0.456934571
vn 0.401520431 -0.832383871 -0.381992787
vn -0.0855583847 0.0257622767 -0.996000051
vn 0.449080288 0.271723539 -0.851171672
vn 0.401520431 -0.832383871 -0.381992787
vn 0.449080288 0.271723539 -0.851171672
vn 0.839303076 -0.377300352 -0.391426623
vn -0.95967865 0.271607995 0.0724288672
vn -0.394520372 0.892645717 -0.218030244
vn -0.642159879 0.167944908 -0.747947395
vn 0.892684519 0.41844824 -0.167377919
vn 0.449080288 0.271723539 -0.851171672
vn 0.249203891 0.924952686 -0.286984265
vn -0.95967865 0.271607995 0.0724288672
vn -0.408003062 0.614742219 0.67500037
vn -0.394520372 0.892645717 -0.218030244
vn 0.892684519 0.41844824 -0.167377919
vn 0.249203891 0.924952686 -0.286984265
vn 0.515886545 0.679699659 0.521411061
vn -0.95967865 0.271607995 0.0724288672
vn -0.659642458 -0.288445771 0.69402504
vn -0.408003062 0.614742219 0.67500037
vn 0.892684519 0.41844824 -0.167377919
vn 0.515886545 0.679699659 0.521411061
vn 0.880650401 -0.12516281 0.456934571
vn -0.95967865 0.271607995 0.0724288672
vn -0.804733157 -0.565140009 -0.181717813
vn -0.659642458 -0.288445771 0.69402504
vn 0.892684519 0.41844824 -0.167377919
vn 0.880650401 -0.12516281 0.456934571
vn 0.839303076 -0.377300352 -0.391426623
vn -0.95967865 0.271607995 0.0724288672
vn -0.642159879 0.167944908 -0.747947395
vn -0.804733157 -0.565140009 -0.181717813
vn 0.892684519 0.41844824 -0.167377919
vn 0.839303076 -0.377300352 -0.391426623
vn 0.449080288 0.271723539 -0.851171672
vn -0.222130984 -0.81187892 -0.539916992
vn 0.371909022 -0.242592603 -0.896009147
vn 0.222135931 -0.811875939 -0.539919376
vn -0.222130984 -0.81187892 -0.539916992
vn -0.371912986 -0.242601246 -0.896005213
vn 0.371909022 -0.242592603 -0.896009147
vn 0.222135931 -0.811875939 -0.539919376
vn 0.895085394 -0.216489583 -0.389813364
vn 0.582054317 -0.787054241 -0.204349101
vn 0.222135931 -0.811875939 -0.539919376
vn 0.371909022 -0.242592603 -0.896009147
vn 0.895085394 -0.216489583 -0.389813364
vn 0.582054317 -0.787054241 -0.204349101
vn 0.895091057 -0.21648106 0.389804989
vn 0.582067847 -0.787043929 0.204350084
vn 0.582054317 -0.787054241 -0.204349101
vn 0.895085394 -0.216489583 -0.389813364
vn 0.895091057 -0.21648106 0.389804989
vn 0.582067847 -0.787043929 0.204350084
vn 0.371913105 -0.242601037 0.896005273
vn 0.222131759 -0.811878741 0.539917111
vn 0.582067847 -0.787043929 0.204350084
vn 0.895091057 -0.21648106 0.389804989
vn 0.371913105 -0.242601037 0.896005273
vn 0.222131759 -0.811878741 0.539917111
vn -0.37190935 -0.242592305 0.896009088
vn -0.222136989 -0.811875641 0.539919615
vn 0.222131759 -0.811878741 0.539917111
vn 0.371913105 -0.242601037 0.896005273
vn -0.37190935 -0.242592305 0.896009088
vn -0.222136989 -0.811875641 0.539919615
vn -0.895085514 -0.21648927 0.389813274
vn -0.582055092 -0.787053585 0.204349235
vn -0.222136989 -0.811875641 0.539919615
vn -0.37190935 -0.242592305 0.896009088
vn -0.895085514 -0.21648927 0.389813274
vn -0.582055092 -0.787053585 0.204349235
vn -0.895090997 -0.216481254 -0.389804959
vn -0.582067251 -0.787044406 -0.204350054
vn -0.582055092 -0.787053585 0.204349235
vn -0.895085514 -0.21648927 0.389813274
vn -0.895090997 -0.216481254 -0.389804959
vn -0.582067251 -0.787044406 -0.204350054
vn -0.371912986 -0.242601246 -0.896005213
vn -0.222130984 -0.81187892 -0.539916992
vn -0.582067251 -0.787044406 -0.204350054
vn -0.895090997 -0.216481254 -0.389804959
vn -0.371912986 -0.242601246 -0.896005213
vn -0.371912986 -0.242601246 -0.896005213
vn 0.371912897 0.242601335 -0.896005273
vn 0.371909022 -0.242592603 -0.896009147
vn -0.371912986 -0.242601246 -0.896005213
vn -0.371908695 0.242592737 -0.896009266
vn 0.371912897 0.242601335 -0.896005273
vn 0.371909022 -0.242592603 -0.896009147
vn 0.895090699 0.216481626 -0.389805496
vn 0.895085394 -0.216489583 -0.389813364
vn 0.371909022 -0.242592603 -0.896009147
vn 0.371912897 0.242601335 -0.896005273
vn 0.895090699 0.216481626 -0.389805496
vn 0.895085394 -0.216489583 -0.389813364
vn 0.895085394 0.216489241 0.389813542
vn 0.895091057 -0.21648106 0.389804989
vn 0.895085394 -0.216489583 -0.389813364
vn 0.895090699 0.216481626 -0.389805496
vn 0.895085394 0.216489241 0.389813542
vn 0.895091057 -0.21648106 0.389804989
vn 0.371908695 0.242592514 0.896009266
vn 0.371913105 -0.242601037 0.896005273
vn 0.895091057 -0.21648106 0.389804989
vn 0.895085394 0.216489241 0.389813542
vn 0.371908695 0.242592514 0.896009266
vn 0.371913105 -0.242601037 0.896005273
vn -0.371912956 0.242601037 0.896005332
vn -0.37190935 -0.242592305 0.896009088
vn 0.371913105 -0.242601037 0.896005273
vn 0.371908695 0.242592514 0.896009266
vn -0.371912956 0.242601037 0.896005332
vn -0.37190935 -0.242592305 0.896009088
vn -0.895090878 0.216481134 0.389805526
vn -0.895085514 -0.21648927 0.389813274
vn -0.37190935 -0.242592305 0.896009088
vn -0.371912956 0.242601037 0.896005332
vn -0.895090878 0.216481134 0.389805526
vn -0.895085514 -0.21648927 0.389813274
vn -0.895085275 0.216489688 -0.389813513
vn -0.895090997 -0.216481254 -0.389804959
vn -0.895085514 -0.21648927 0.389813274
vn -0.895090878 0.216481134 0.389805526
vn -0.895085275 0.216489688 -0.389813513
vn -0.895090997 -0.216481254 -0.389804959
vn -0.371908695 0.242592737 -0.896009266
vn -0.371912986 -0.242601246 -0.896005213
vn -0.895090997 -0.216481254 -0.389804959
vn -0.895085275 0.216489688 -0.389813513
vn -0.371908695 0.242592737 -0.896009266
vn -0.371908695 0.242592737 -0.896009266
vn 0.222131476 0.81187886 -0.539916813
vn 0.371912897 0.242601335 -0.896005273
vn -0.371908695 0.242592737 -0.896009266
vn -0.222135693 0.811875999 -0.539919555
vn 0.222131476 0.81187886 -0.539916813
vn 0.371912897 0.242601335 -0.896005273
vn 0.582066894 0.787044585 -0.204350188
vn 0.895090699 0.216481626 -0.389805496
vn 0.371912897 0.242601335 -0.896005273
vn 0.222131476 0.81187886 -0.539916813
vn 0.582066894 0.787044585 -0.204350188
vn 0.895090699 0.216481626 -0.389805496
vn 0.582055271 0.787053466 0.204349279
vn 0.895085394 0.216489241 0.389813542
vn 0.895090699 0.216481626 -0.389805496
vn 0.582066894 0.787044585 -0.204350188
vn 0.582055271 0.787053466 0.204349279
vn 0.895085394 0.216489241 0.389813542
vn 0.222136497 0.811875701 0.539919555
vn 0.371908695 0.242592514 0.896009266
vn 0.895085394 0.216489241 0.389813542
vn 0.582055271 0.787053466 0.204349279
vn 0.222136497 0.811875701 0.539919555
vn 0.371908695 0.242592514 0.896009266
vn -0.222132161 0.811878681 0.539916933
vn -0.371912956 0.242601037 0.896005332
vn 0.371908695 0.242592514 0.896009266
vn 0.222136497 0.811875701 0.539919555
vn -0.222132161 0.811878681 0.539916933
vn -0.371912956 0.242601037 0.896005332
vn -0.582068026 0.787043691 0.204350278
vn -0.895090878 0.216481134 0.389805526
vn -0.371912956 0.242601037 0.896005332
vn -0.222132161 0.811878681 0.539916933
vn -0.582068026 0.787043691 0.204350278
vn -0.895090878 0.216481134 0.389805526
vn -0.582054317 0.787054121 -0.204349101
vn -0.895085275 0.216489688 -0.389813513
vn -0.895090878 0.216481134 0.389805526
vn -0.582068026 0.787043691 0.204350278
vn -0.582054317 0.787054121 -0.204349101
vn -0.895085275 0.216489688 -0.389813513
vn -0.222135693 0.811875999 -0.539919555
vn -0.371908695 0.242592737 -0.896009266
vn -0.895085275 0.216489688 -0.389813513
vn -0.582054317 0.787054121 -0.204349101
vn -0.222135693 0.811875999 -0.539919555
vn 9.04711995e-15 -1 0
vn -0.222130984 -0.81187892 -0.539916992
vn 0.222135931 -0.811875939 -0.539919376
vn 9.04711995e-15 1 0
vn 0.222131476 0.81187886 -0.539916813
vn -0.222135693 0.811875999 -0.539919555
vn 9.04711995e-15 -1 0
vn 0.222135931 -0.811875939 -0.539919376
vn 0.582054317 -0.787054241 -0.204349101
vn 9.04711995e-15 1 0
vn 0.582066894 0.787044585 -0.204350188
vn 0.222131476 0.81187886 -0.539916813
vn 9.04711995e-15 -1 0
vn 0.582054317 -0.787054241 -0.204349101
vn 0.582067847 -0.787043929 0.204350084
vn 9.04711995e-15 1 0
vn 0.582055271 0.787053466 0.204349279
vn 0.582066894 0.787044585 -0.204350188
vn 9.04711995e-15 -1 0
vn 0.582067847 -0.787043929 0.204350084
vn 0.222131759 -0.811878741 0.539917111
vn 9.04711995e-15 1 0
vn 0.222136497 0.811875701 0.539919555
vn 0.582055271 0.787053466 0.204349279
vn 9.04711995e-15 -1 0
vn 0.222131759 -0.811878741 0.539917111
vn -0.222136989 -0.811875641 0.539919615
vn 9.04711995e-15 1 0
vn -0.222132161 0.811878681 0.539916933
vn 0.222136497 0.811875701 0.539919555
vn 9.04711995e-15 -1 0
vn -0.222136989 -0.811875641 0.539919615
vn -0.582055092 -0.787053585 0.204349235
vn 9.04711995e-15 1 0
vn -0.582068026 0.787043691 0.204350278
vn -0.222132161 0.811878681 0.539916933
vn 9.04711995e-15 -1 0
vn -0.582055092 -0.787053585 0.204349235
vn -0.582067251 -0.787044406 -0.204350054
vn 9.04711995e-15 1 0
vn -0.582054317 0.787054121 -0.204349101
vn -0.582068026 0.787043691 0.204350278
vn 9.04711995e-15 -1 0
vn -0.582067251 -0.787044406 -0.204350054
vn -0.222130984 -0.81187892 -0.539916992
vn 9.04711995e-15 1 0
vn -0.222135693 0.811875999 -0.539919555
vn -0.582054317 0.787054121 -0.204349101
vn -1.74814616e-07 1 -1.35340358e-07
vn 0.304691821 0.653918386 0.692498147
vn 0.711652815 0.702531397 -5.18894831e-06
vn -1.74814616e-07 -1 -1.35340358e-07
vn 0.711652637 -0.702531517 4.49664003e-06
vn 0.304697245 -0.653913617 0.692500293
vn -1.74814616e-07 1 -1.35340358e-07
vn -0.304697782 0.653913558 0.692500055
vn 0.304691821 0.653918386 0.692498147
vn -1.74814616e-07 -1 -1.35340358e-07
vn 0.304697245 -0.653913617 0.692500293
vn -0.304692209 -0.653918087 0.692498207
vn -1.74814616e-07 1 -1.35340358e-07
vn -0.711651623 0.70253253 4.70499981e-06
vn -0.304697782 0.653913558 0.692500055
vn -1.74814616e-07 -1 -1.35340358e-07
vn -0.304692209 -0.653918087 0.692498207
vn -0.711651862 -0.702532351 -4.24794371e-06
vn -1.74814616e-07 1 -1.35340358e-07
vn -0.304691553 0.653919697 -0.692497015
vn -0.711651623 0.70253253 4.70499981e-06
vn -1.74814616e-07 -1 -1.35340358e-07
vn -0.711651862 -0.702532351 -4.24794371e-06
vn -0.304697275 -0.653913677 -0.692500234
vn -1.74814616e-07 1 -1.35340358e-07
vn 0.30469802 0.653912187 -0.692501187
vn -0.304691553 0.653919697 -0.692497015
vn -1.74814616e-07 -1 -1.35340358e-07
vn -0.304697275 -0.653913677 -0.692500234
vn 0.30469206 -0.653918922 -0.692497551
vn -1.74814616e-07 1 -1.35340358e-07
vn 0.711652815 0.702531397 -5.18894831e-06
vn 0.30469802 0.653912187 -0.692501187
vn -1.74814616e-07 -1 -1.35340358e-07
vn 0.30469206 -0.653918922 -0.692497551
vn 0.711652637 -0.702531517 4.49664003e-06
vn 0.711652815 0.702531397 -5.18894831e-06
vn 0.304691821 0.653918386 0.692498147
vn 0.438429743 -3.25096721e-06 0.898765504
vn 0.711652815 0.702531397 -5.18894831e-06
vn 0.438429743 -3.25096721e-06 0.898765504
vn 1 -1.8816425e-07 1.02635042e-07
vn 0.304691821 0.653918386 0.692498147
vn -0.304697782 0.653913558 0.692500055
vn -0.43843019 1.78617768e-06 0.898765206
vn 0.304691821 0.653918386 0.692498147
vn -0.43843019 1.78617768e-06 0.898765206
vn 0.438429743 -3.25096721e-06 0.898765504
vn -0.304697782 0.653913558 0.692500055
vn -0.711651623 0.70253253 4.70499981e-06
vn -1 -5.1317528e-07 1.71058439e-08
vn -0.304697782 0.653913558 0.692500055
vn -1 -5.1317528e-07 1.71058439e-08
vn -0.43843019 1.78617768e-06 0.898765206
vn -0.711651623 0.70253253 4.70499981e-06
vn -0.304691553 0.653919697 -0.692497015
vn -0.438430041 -1.05069364e-06 -0.898765266
vn -0.711651623 0.70253253 4.70499981e-06
vn -0.438430041 -1.05069364e-06 -0.898765266
vn -1 -5.1317528e-07 1.71058439e-08
vn -0.304691553 0.653919697 -0.692497015
vn 0.30469802 0.653912187 -0.692501187
vn 0.43843025 1.53895678e-06 -0.898765147
vn -0.304691553 0.653919697 -0.692497015
vn 0.43843025 1.53895678e-06 -0.898765147
vn -0.438430041 -1.05069364e-06 -0.898765266
vn 0.30469802 0.653912187 -0.692501187
vn 0.711652815 0.702531397 -5.18894831e-06
vn 1 -1.8816425e-07 1.02635042e-07
vn 0.30469802 0.653912187 -0.692501187
vn 1 -1.8816425e-07 1.02635042e-07
vn 0.43843025 1.53895678e-06 -0.898765147
vn 1 -1.8816425e-07 1.02635042e-07
vn 0.438429743 -3.25096721e-06 0.898765504
vn 0.304697245 -0.653913617 0.692500293
vn 1 -1.8816425e-07 1.02635042e-07
vn 0.304697245 -0.653913617 0.692500293
vn 0.711652637 -0.702531517 4.49664003e-06
vn 0.438429743 -3.25096721e-06 0.898765504
vn -0.43843019 1.78617768e-06 0.898765206
vn -0.304692209 -0.653918087 0.692498207
vn 0.438429743 -3.25096721e-06 0.898765504
vn -0.304692209 -0.653918087 0.692498207
vn 0.304697245 -0.653913617 0.692500293
vn -0.43843019 1.78617768e-06 0.898765206
vn -1 -5.1317528e-07 1.71058439e-08
vn -0.711651862 -0.702532351 -4.24794371e-06
vn -0.43843019 1.78617768e-06 0.898765206
vn -0.711651862 -0.702532351 -4.24794371e-06
vn -0.304692209 -0.653918087 0.692498207
vn -1 -5.1317528e-07 1.71058439e-08
vn -0.438430041 -1.05069364e-06 -0.898765266
vn -0.304697275 -0.653913677 -0.692500234
vn -1 -5.1317528e-07 1.71058439e-08
vn -0.304697275 -0.653913677 -0.692500234
vn -0.711651862 -0.702532351 -4.24794371e-06
vn -0.438430041 -1.05069364e-06 -0.898765266
vn 0.43843025 1.53895678e-06 -0.898765147
vn 0.30469206 -0.653918922 -0.692497551
vn -0.438430041 -1.05069364e-06 -0.898765266
vn 0.30469206 -0.653918922 -0.692497551
vn -0.304697275 -0.653913677 -0.692500234
vn 0.43843025 1.53895678e-06 -0.898765147
vn 1 -1.8816425e-07 1.02635042e-07
vn 0.711652637 -0.702531517 4.49664003e-06
vn 0.43843025 1.53895678e-06 -0.898765147
vn 0.711652637 -0.702531517 4.49664003e-06
vn 0.30469206 -0.653918922 -0.692497551
vn 1.74814645e-07 1 -1.32520768e-07
vn 0.304692119 0.653918207 0.692498207
vn 0.711651802 0.70253247 -4.27482883e-06
vn 1.74814645e-07 -1 -1.32520768e-07
vn 0.711651266 -0.702532887 4.85959117e-06
vn 0.304697692 -0.65391314 0.692500591
vn 1.74814645e-07 1 -1.32520768e-07
vn -0.304697275 0.653914034 0.692499757
vn 0.304692119 0.653918207 0.692498207
vn 1.74814645e-07 -1 -1.32520768e-07
vn 0.304697692 -0.65391314 0.692500591
vn -0.304691702 -0.653918684 0.692497969
vn 1.74814645e-07 1 -1.32520768e-07
vn -0.711652637 0.702531457 4.5033612e-06
vn -0.304697275 0.653914034 0.692499757
vn 1.74814645e-07 -1 -1.32520768e-07
vn -0.304691702 -0.653918684 0.692497969
vn -0.711652458 -0.702531695 -5.32337572e-06
vn 1.74814645e-07 1 -1.32520768e-07
vn -0.30469203 0.653918982 -0.692497432
vn -0.711652637 0.702531457 4.5033612e-06
vn 1.74814645e-07 -1 -1.32520768e-07
vn -0.711652458 -0.702531695 -5.32337572e-06
vn -0.304697722 -0.653912961 -0.692500591
vn 1.74814645e-07 1 -1.32520768e-07
vn 0.304697633 0.653912902 -0.69250077
vn -0.30469203 0.653918982 -0.692497432
vn 1.74814645e-07 -1 -1.32520768e-07
vn -0.304697722 -0.653912961 -0.692500591
vn 0.304691374 -0.653919935 -0.692496836
vn 1.74814645e-07 1 -1.32520768e-07
vn 0.711651802 0.70253247 -4.27482883e-06
vn 0.304697633 0.653912902 -0.69250077
vn 1.74814645e-07 -1 -1.32520768e-07
vn 0.304691374 -0.653919935 -0.692496836
vn 0.711651266 -0.702532887 4.85959117e-06
vn 0.711651802 0.70253247 -4.27482883e-06
vn 0.304692119 0.653918207 0.692498207
vn 0.438429773 -2.2342665e-06 0.898765385
vn 0.711651802 0.70253247 -4.27482883e-06
vn 0.438429773 -2.2342665e-06 0.898765385
vn 1 -1.79611391e-07 3.07905253e-07
vn 0.304692119 0.653918207 0.692498207
vn -0.304697275 0.653914034 0.692499757
vn -0.438430071 2.34860795e-06 0.898765326
vn 0.304692119 0.653918207 0.692498207
vn -0.438430071 2.34860795e-06 0.898765326
vn 0.438429773 -2.2342665e-06 0.898765385
vn -0.304697275 0.653914034 0.692499757
vn -0.711652637 0.702531457 4.5033612e-06
vn -1 -5.04622392e-07 -2.22375974e-07
vn -0.304697275 0.653914034 0.692499757
vn -1 -5.04622392e-07 -2.22375974e-07
vn -0.438430071 2.34860795e-06 0.898765326
vn -0.711652637 0.702531457 4.5033612e-06
vn -0.30469203 0.653918982 -0.692497432
vn -0.43843016 -1.30100591e-06 -0.898765266
vn -0.711652637 0.702531457 4.5033612e-06
vn -0.43843016 -1.30100591e-06 -0.898765266
vn -1 -5.04622392e-07 -2.22375974e-07
vn -0.30469203 0.653918982 -0.692497432
vn 0.304697633 0.653912902 -0.69250077
vn 0.43843013 8.09652192e-07 -0.898765266
vn -0.30469203 0.653918982 -0.692497432
vn 0.43843013 8.09652192e-07 -0.898765266
vn -0.43843016 -1.30100591e-06 -0.898765266
vn 0.304697633 0.653912902 -0.69250077
vn 0.711651802 0.70253247 -4.27482883e-06
vn 1 -1.79611391e-07 3.07905253e-07
vn 0.304697633 0.653912902 -0.69250077
vn 1 -1.79611391e-07 3.07905253e-07
vn 0.43843013 8.09652192e-07 -0.898765266
vn 1 -1.79611391e-07 3.07905253e-07
vn 0.438429773 -2.2342665e-06 0.898765385
vn 0.304697692 -0.65391314 0.692500591
vn 1 -1.79611391e-07 3.07905253e-07
vn 0.304697692 -0.65391314 0.692500591
vn 0.711651266 -0.702532887 4.85959117e-06
vn 0.438429773 -2.2342665e-06 0.898765385
vn -0.438430071 2.34860795e-06 0.898765326
vn -0.304691702 -0.653918684 0.692497969
vn 0.438429773 -2.2342665e-06 0.898765385
vn -0.304691702 -0.653918684 0.692497969
vn 0.304697692 -0.65391314 0.692500591
vn -0.438430071 2.34860795e-06 0.898765326
vn -1 -5.04622392e-07 -2.22375974e-07
vn -0.711652458 -0.702531695 -5.32337572e-06
vn -0.438430071 2.34860795e-06 0.898765326
vn -0.711652458 -0.702531695 -5.32337572e-06
vn -0.304691702 -0.653918684 0.692497969
vn -1 -5.04622392e-07 -2.22375974e-07
vn -0.43843016 -1.30100591e-06 -0.898765266
vn -0.304697722 -0.653912961 -0.692500591
vn -1 -5.04622392e-07 -2.22375974e-07
vn -0.304697722 -0.653912961 -0.692500591
vn -0.711652458 -0.702531695 -5.32337572e-06
vn -0.43843016 -1.30100591e-06 -0.898765266
vn 0.43843013 8.09652192e-07 -0.898765266
vn 0.304691374 -0.653919935 -0.692496836
vn -0.43843016 -1.30100591e-06 -0.898765266
vn 0.304691374 -0.653919935 -0.692496836
vn -0.304697722 -0.653912961 -0.692500591
vn 0.43843013 8.09652192e-07 -0.898765266
vn 1 -1.79611391e-07 3.07905253e-07
vn 0.711651266 -0.702532887 4.85959117e-06
vn 0.43843013 8.09652192e-07 -0.898765266
vn 0.711651266 -0.702532887 4.85959117e-06
vn 0.304691374 -0.653919935 -0.692496836
vn -0.0412697084 -0.808116615 -0.587574959
vn 0.369379431 -0.499160886 -0.783834994
vn 0.0412685871 -0.808114469 -0.587578058
vn -0.0412697084 -0.808116615 -0.587574959
vn -0.369382828 -0.499170661 -0.783827066
vn 0.369379431 -0.499160886 -0.783834994
vn 0.0412685871 -0.808114469 -0.587578058
vn 0.777115524 -0.546452463 -0.312219858
vn 0.150312647 -0.984924316 -0.0856162533
vn 0.0412685871 -0.808114469 -0.587578058
vn 0.369379431 -0.499160886 -0.783834994
vn 0.777115524 -0.546452463 -0.312219858
vn 0.150312647 -0.984924316 -0.0856162533
vn 0.777121127 -0.546442866 0.31222254
vn 0.150313064 -0.984924197 0.0856171772
vn 0.150312647 -0.984924316 -0.0856162533
vn 0.777115524 -0.546452463 -0.312219858
vn 0.777121127 -0.546442866 0.31222254
vn 0.150313064 -0.984924197 0.0856171772
vn 0.369382143 -0.499171078 0.783827186
vn 0.0412703454 -0.808115542 0.58757633
vn 0.150313064 -0.984924197 0.0856171772
vn 0.777121127 -0.546442866 0.31222254
vn 0.369382143 -0.499171078 0.783827186
vn 0.0412703454 -0.808115542 0.58757633
vn -0.369379461 -0.499160826 0.783834934
vn -0.0412687063 -0.808114827 0.587577403
vn 0.0412703454 -0.808115542 0.58757633
vn 0.369382143 -0.499171078 0.783827186
vn -0.369379461 -0.499160826 0.783834934
vn -0.0412687063 -0.808114827 0.587577403
vn -0.77711606 -0.546451807 0.312219709
vn -0.150312364 -0.984924376 0.085615918
vn -0.0412687063 -0.808114827 0.587577403
vn -0.369379461 -0.499160826 0.783834934
vn -0.77711606 -0.546451807 0.312219709
vn -0.150312364 -0.984924376 0.085615918
vn -0.777121484 -0.54644227 -0.312222511
vn -0.150311932 -0.984924376 -0.0856171027
vn -0.150312364 -0.984924376 0.085615918
vn -0.77711606 -0.546451807 0.312219709
vn -0.777121484 -0.54644227 -0.312222511
vn -0.150311932 -0.984924376 -0.0856171027
vn -0.369382828 -0.499170661 -0.783827066
vn -0.0412697084 -0.808116615 -0.587574959
vn -0.150311932 -0.984924376 -0.0856171027
vn -0.777121484 -0.54644227 -0.312222511
vn -0.369382828 -0.499170661 -0.783827066
vn -0.369382828 -0.499170661 -0.783827066
vn 0.369382709 0.499170333 -0.783827424
vn 0.369379431 -0.499160886 -0.783834994
vn -0.369382828 -0.499170661 -0.783827066
vn -0.369380116 0.499160022 -0.783835292
vn 0.369382709 0.499170333 -0.783827424
vn 0.369379431 -0.499160886 -0.783834994
vn 0.777121603 0.546442211 -0.31222254
vn 0.777115524 -0.546452463 -0.312219858
vn 0.369379431 -0.499160886 -0.783834994
vn 0.369382709 0.499170333 -0.783827424
vn 0.777121603 0.546442211 -0.31222254
vn 0.777115524 -0.546452463 -0.312219858
vn 0.777116418 0.546451211 0.31221959
vn 0.777121127 -0.546442866 0.31222254
vn 0.777115524 -0.546452463 -0.312219858
vn 0.777121603 0.546442211 -0.31222254
vn 0.777116418 0.546451211 0.31221959
vn 0.777121127 -0.546442866 0.31222254
vn 0.369380325 0.499159634 0.783835292
vn 0.369382143 -0.499171078 0.783827186
vn 0.777121127 -0.546442866 0.31222254
vn 0.777116418 0.546451211 0.31221959
vn 0.369380325 0.499159634 0.783835292
vn 0.369382143 -0.499171078 0.783827186
vn -0.369383216 0.499170274 0.783827186
vn -0.369379461 -0.499160826 0.783834934
vn 0.369382143 -0.499171078 0.783827186
vn 0.369380325 0.499159634 0.783835292
vn -0.369383216 0.499170274 0.783827186
vn -0.369379461 -0.499160826 0.783834934
vn -0.777121603 0.546442211 0.312222421
vn -0.77711606 -0.546451807 0.312219709
vn -0.369379461 -0.499160826 0.783834934
vn -0.369383216 0.499170274 0.783827186
vn -0.777121603 0.546442211 0.312222421
vn -0.77711606 -0.546451807 0.312219709
vn -0.777116239 0.546451569 -0.31221965
vn -0.777121484 -0.54644227 -0.312222511
vn -0.77711606 -0.546451807 0.312219709
vn -0.777121603 0.546442211 0.312222421
vn -0.777116239 0.546451569 -0.31221965
vn -0.777121484 -0.54644227 -0.312222511
vn -0.369380116 0.499160022 -0.783835292
vn -0.369382828 -0.499170661 -0.783827066
vn -0.777121484 -0.54644227 -0.312222511
vn -0.777116239 0.546451569 -0.31221965
vn -0.369380116 0.499160022 -0.783835292
vn -0.369380116 0.499160022 -0.783835292
vn 0.0412700512 0.808116138 -0.587575614
vn 0.369382709 0.499170333 -0.783827424
vn -0.369380116 0.499160022 -0.783835292
vn -0.04126871 0.808114111 -0.587578356
vn 0.0412700512 0.808116138 -0.587575614
vn 0.369382709 0.499170333 -0.783827424
vn 0.150312066 0.984924257 -0.085617438
vn 0.777121603 0.546442211 -0.31222254
vn 0.369382709 0.499170333 -0.783827424
vn 0.0412700512 0.808116138 -0.587575614
vn 0.150312066 0.984924257 -0.085617438
vn 0.777121603 0.546442211 -0.31222254
vn 0.150313139 0.984924316 0.0856157839
vn 0.777116418 0.546451211 0.31221959
vn 0.777121603 0.546442211 -0.31222254
vn 0.150312066 0.984924257 -0.085617438
vn 0.150313139 0.984924316 0.0856157839
vn 0.777116418 0.546451211 0.31221959
vn 0.0412690639 0.808114171 0.587578416
vn 0.369380325 0.499159634 0.783835292
vn 0.777116418 0.546451211 0.31221959
vn 0.150313139 0.984924316 0.0856157839
vn 0.0412690639 0.808114171 0.587578416
vn 0.369380325 0.499159634 0.783835292
vn -0.0412701927 0.808115482 0.587576389
vn -0.369383216 0.499170274 0.783827186
vn 0.369380325 0.499159634 0.783835292
vn 0.0412690639 0.808114171 0.587578416
vn -0.0412701927 0.808115482 0.587576389
vn -0.369383216 0.499170274 0.783827186
vn -0.150312275 0.984924257 0.0856174305
vn -0.777121603 0.546442211 0.312222421
vn -0.369383216 0.499170274 0.783827186
vn -0.0412701927 0.808115482 0.587576389
vn -0.150312275 0.984924257 0.0856174305
vn -0.777121603 0.546442211 0.312222421
vn -0.150312439 0.984924376 -0.0856163129
vn -0.777116239 0.546451569 -0.31221965
vn -0.777121603 0.546442211 0.312222421
vn -0.150312275 0.984924257 0.0856174305
vn -0.150312439 0.984924376 -0.0856163129
vn -0.777116239 0.546451569 -0.31221965
vn -0.04126871 0.808114111 -0.587578356
vn -0.369380116 0.499160022 -0.783835292
vn -0.777116239 0.546451569 -0.31221965
vn -0.150312439 0.984924376 -0.0856163129
vn -0.04126871 0.808114111 -0.587578356
vn 0 -1 0
vn -0.0412697084 -0.808116615 -0.587574959
vn 0.0412685871 -0.808114469 -0.587578058
vn 0 1 0
vn 0.0412700512 0.808116138 -0.587575614
vn -0.04126871 0.808114111 -0.587578356
vn 0 -1 0
vn 0.0412685871 -0.808114469 -0.587578058
vn 0.150312647 -0.984924316 -0.0856162533
vn 0 1 0
vn 0.150312066 0.984924257 -0.085617438
vn 0.0412700512 0.808116138 -0.587575614
vn 0 -1 0
vn 0.150312647 -0.984924316 -0.0856162533
vn 0.150313064 -0.984924197 0.0856171772
vn 0 1 0
vn 0.150313139 0.984924316 0.0856157839
vn 0.150312066 0.984924257 -0.085617438
vn 0 -1 0
vn 0.150313064 -0.984924197 0.0856171772
vn 0.0412703454 -0.808115542 0.58757633
vn 0 1 0
vn 0.0412690639 0.808114171 0.587578416
vn 0.150313139 0.984924316 0.0856157839
vn 0 -1 0
vn 0.0412703454 -0.808115542 0.58757633
vn -0.0412687063 -0.808114827 0.587577403
vn 0 1 0
vn -0.0412701927 0.808115482 0.587576389
vn 0.0412690639 0.808114171 0.587578416
vn 0 -1 0
vn -0.0412687063 -0.808114827 0.587577403
vn -0.150312364 -0.984924376 0.085615918
vn 0 1 0
vn -0.150312275 0.984924257 0.0856174305
vn -0.0412701927 0.808115482 0.587576389
vn 0 -1 0
vn -0.150312364 -0.984924376 0.085615918
vn -0.150311932 -0.984924376 -0.0856171027
vn 0 1 0
vn -0.150312439 0.984924376 -0.0856163129
vn -0.150312275 0.984924257 0.0856174305
vn 0 -1 0
vn -0.150311932 -0.984924376 -0.0856171027
vn -0.0412697084 -0.808116615 -0.587574959
vn 0 1 0
vn -0.04126871 0.808114111 -0.587578356
vn -0.150312439 0.984924376 -0.0856163129
vn -0.185482904 -0.806982875 -0.560691357
vn 0.390535325 -0.248423785 -0.88643539
vn 0.185485005 -0.806978524 -0.56069684
vn -0.185482904 -0.806982875 -0.560691357
vn -0.390539944 -0.248428047 -0.886432171
vn 0.390535325 -0.248423785 -0.88643539
vn 0.185485005 -0.806978524 -0.56069684
vn 0.886882842 -0.278444052 -0.368656665
vn 0.505518198 -0.837673962 -0.20676972
vn 0.185485005 -0.806978524 -0.56069684
vn 0.390535325 -0.248423785 -0.88643539
vn 0.886882842 -0.278444052 -0.368656665
vn 0.505518198 -0.837673962 -0.20676972
vn 0.886889279 -0.278433412 0.368649036
vn 0.505521297 -0.837671459 0.206772
vn 0.505518198 -0.837673962 -0.20676972
vn 0.886882842 -0.278444052 -0.368656665
vn 0.886889279 -0.278433412 0.368649036
vn 0.505521297 -0.837671459 0.206772
vn 0.39054206 -0.24842979 0.88643086
vn 0.185485065 -0.806984484 0.560688376
vn 0.505521297 -0.837671459 0.206772
vn 0.886889279 -0.278433412 0.368649036
vn 0.39054206 -0.24842979 0.88643086
vn 0.185485065 -0.806984484 0.560688376
vn -0.39054051 -0.24842447 0.886432946
vn -0.185486585 -0.806978405 0.560696542
vn 0.185485065 -0.806984484 0.560688376
vn 0.39054206 -0.24842979 0.88643086
vn -0.39054051 -0.24842447 0.886432946
vn -0.185486585 -0.806978405 0.560696542
vn -0.886883914 -0.278443962 0.368654072
vn -0.505517781 -0.837674201 0.206769481
vn -0.185486585 -0.806978405 0.560696542
vn -0.39054051 -0.24842447 0.886432946
vn -0.886883914 -0.278443962 0.368654072
vn -0.505517781 -0.837674201 0.206769481
vn -0.886888802 -0.278433383 -0.368650317
vn -0.505520523 -0.837671518 -0.206773862
vn -0.505517781 -0.837674201 0.206769481
vn -0.886883914 -0.278443962 0.368654072
vn -0.886888802 -0.278433383 -0.368650317
vn -0.505520523 -0.837671518 -0.206773862
vn -0.390539944 -0.248428047 -0.886432171
vn -0.185482904 -0.806982875 -0.560691357
vn -0.505520523 -0.837671518 -0.206773862
vn -0.886888802 -0.278433383 -0.368650317
vn -0.390539944 -0.248428047 -0.886432171
vn -0.390539944 -0.248428047 -0.886432171
vn 0.390540719 0.248430058 -0.886431336
vn 0.390535325 -0.248423785 -0.88643539
vn -0.390539944 -0.248428047 -0.886432171
vn -0.390538424 0.248425215 -0.886433661
vn 0.390540719 0.248430058 -0.886431336
vn 0.390535325 -0.248423785 -0.88643539
vn 0.886887372 0.278437316 -0.368650705
vn 0.886882842 -0.278444052 -0.368656665
vn 0.390535325 -0.248423785 -0.88643539
vn 0.390540719 0.248430058 -0.886431336
vn 0.886887372 0.278437316 -0.368650705
vn 0.886882842 -0.278444052 -0.368656665
vn 0.886883199 0.27844581 0.36865443
vn 0.886889279 -0.278433412 0.368649036
vn 0.886882842 -0.278444052 -0.368656665
vn 0.886887372 0.278437316 -0.368650705
vn 0.886883199 0.27844581 0.36865443
vn 0.886889279 -0.278433412 0.368649036
vn 0.390538663 0.248427257 0.886432886
vn 0.39054206 -0.24842979 0.88643086
vn 0.886889279 -0.278433412 0.368649036
vn 0.886883199 0.27844581 0.36865443
vn 0.390538663 0.248427257 0.886432886
vn 0.39054206 -0.24842979 0.88643086
vn -0.390541703 0.248432383 0.886430204
vn -0.39054051 -0.24842447 0.886432946
vn 0.39054206 -0.24842979 0.88643086
vn 0.390538663 0.248427257 0.886432886
vn -0.390541703 0.248432383 0.886430204
vn -0.39054051 -0.24842447 0.886432946
vn -0.886888027 0.278437465 0.368649095
vn -0.886883914 -0.278443962 0.368654072
vn -0.39054051 -0.24842447 0.886432946
vn -0.390541703 0.248432383 0.886430204
vn -0.886888027 0.278437465 0.368649095
vn -0.886883914 -0.278443962 0.368654072
vn -0.886882663 0.278446436 -0.368655294
vn -0.886888802 -0.278433383 -0.368650317
vn -0.886883914 -0.278443962 0.368654072
vn -0.886888027 0.278437465 0.368649095
vn -0.886882663 0.278446436 -0.368655294
vn -0.886888802 -0.278433383 -0.368650317
vn -0.390538424 0.248425215 -0.886433661
vn -0.390539944 -0.248428047 -0.886432171
vn -0.886888802 -0.278433383 -0.368650317
vn -0.886882663 0.278446436 -0.368655294
vn -0.390538424 0.248425215 -0.886433661
vn -0.390538424 0.248425215 -0.886433661
vn 0.185483277 0.806984425 -0.560688913
vn 0.390540719 0.248430058 -0.886431336
vn -0.390538424 0.248425215 -0.886433661
vn -0.185482427 0.806979418 -0.560696423
vn 0.185483277 0.806984425 -0.560688913
vn 0.390540719 0.248430058 -0.886431336
vn 0.505516887 0.837674081 -0.206772164
vn 0.886887372 0.278437316 -0.368650705
vn 0.390540719 0.248430058 -0.886431336
vn 0.185483277 0.806984425 -0.560688913
vn 0.505516887 0.837674081 -0.206772164
vn 0.886887372 0.278437316 -0.368650705
vn 0.505516708 0.837675214 0.206768379
vn 0.886883199 0.27844581 0.36865443
vn 0.886887372 0.278437316 -0.368650705
vn 0.505516887 0.837674081 -0.206772164
vn 0.505516708 0.837675214 0.206768379
vn 0.886883199 0.27844581 0.36865443
vn 0.185485318 0.806980312 0.560694158
vn 0.390538663 0.248427257 0.886432886
vn 0.886883199 0.27844581 0.36865443
vn 0.505516708 0.837675214 0.206768379
vn 0.185485318 0.806980312 0.560694158
vn 0.390538663 0.248427257 0.886432886
vn -0.185483247 0.806986213 0.560686529
vn -0.390541703 0.248432383 0.886430204
vn 0.390538663 0.248427257 0.886432886
vn 0.185485318 0.806980312 0.560694158
vn -0.185483247 0.806986213 0.560686529
vn -0.390541703 0.248432383 0.886430204
vn -0.505517185 0.83767426 0.206770808
vn -0.886888027 0.278437465 0.368649095
vn -0.390541703 0.248432383 0.886430204
vn -0.185483247 0.806986213 0.560686529
vn -0.505517185 0.83767426 0.206770808
vn -0.886888027 0.278437465 0.368649095
vn -0.505513966 0.837676406 -0.206769869
vn -0.886882663 0.278446436 -0.368655294
vn -0.886888027 0.278437465 0.368649095
vn -0.505517185 0.83767426 0.206770808
vn -0.505513966 0.837676406 -0.206769869
vn -0.886882663 0.278446436 -0.368655294
vn -0.185482427 0.806979418 -0.560696423
vn -0.390538424 0.248425215 -0.886433661
vn -0.886882663 0.278446436 -0.368655294
vn -0.505513966 0.837676406 -0.206769869
vn -0.185482427 0.806979418 -0.560696423
vn -3.61885035e-14 -1 0
vn -0.185482904 -0.806982875 -0.560691357
vn 0.185485005 -0.806978524 -0.56069684
vn -8.32335557e-13 1 0
vn 0.185483277 0.806984425 -0.560688913
vn -0.185482427 0.806979418 -0.560696423
vn -3.61885035e-14 -1 0
vn 0.185485005 -0.806978524 -0.56069684
vn 0.505518198 -0.837673962 -0.20676972
vn -8.32335557e-13 1 0
vn 0.505516887 0.837674081 -0.206772164
vn 0.185483277 0.806984425 -0.560688913
vn -3.61885035e-14 -1 0
vn 0.505518198 -0.837673962 -0.20676972
vn 0.505521297 -0.837671459 0.206772
vn -8.32335557e-13 1 0
vn 0.505516708 0.837675214 0.206768379
vn 0.505516887 0.837674081 -0.206772164
vn -3.61885035e-14 -1 0
vn 0.505521297 -0.837671459 0.206772
vn 0.185485065 -0.806984484 0.560688376
vn -8.32335557e-13 1 0
vn 0.185485318 0.806980312 0.560694158
vn 0.505516708 0.837675214 0.206768379
vn -3.61885035e-14 -1 0
vn 0.185485065 -0.806984484 0.560688376
vn -0.185486585 -0.806978405 0.560696542
vn -8.32335557e-13 1 0
vn -0.185483247 0.806986213 0.560686529
vn 0.185485318 0.806980312 0.560694158
vn -3.61885035e-14 -1 0
vn -0.185486585 -0.806978405 0.560696542
vn -0.505517781 -0.837674201 0.206769481
vn -8.32335557e-13 1 0
vn -0.505517185 0.83767426 0.206770808
vn -0.185483247 0.806986213 0.560686529
vn -3.61885035e-14 -1 0
vn -0.505517781 -0.837674201 0.206769481
vn -0.505520523 -0.837671518 -0.206773862
vn -8.32335557e-13 1 0
vn -0.505513966 0.837676406 -0.206769869
vn -0.505517185 0.83767426 0.206770808
vn -3.61885035e-14 -1 0
vn -0.505520523 -0.837671518 -0.206773862
vn -0.185482904 -0.806982875 -0.560691357
vn -8.32335557e-13 1 0
vn -0.185482427 0.806979418 -0.560696423
vn -0.505513966 0.837676406 -0.206769869
vn -0.185484096 -0.806983769 -0.560689688
vn 0.390535653 -0.248424232 -0.886435151
vn 0.185485125 -0.806978524 -0.560696781
vn -0.185484096 -0.806983769 -0.560689688
vn -0.390540391 -0.248428836 -0.886431813
vn 0.390535653 -0.248424232 -0.886435151
vn 0.185485125 -0.806978524 -0.560696781
vn 0.886882782 -0.278444111 -0.368656844
vn 0.505518019 -0.837673903 -0.206770197
vn 0.185485125 -0.806978524 -0.560696781
vn 0.390535653 -0.248424232 -0.886435151
vn 0.886882782 -0.278444111 -0.368656844
vn 0.505518019 -0.837673903 -0.206770197
vn 0.886889279 -0.278433412 0.368649065
vn 0.505521357 -0.837671518 0.206771791
vn 0.505518019 -0.837673903 -0.206770197
vn 0.886882782 -0.278444111 -0.368656844
vn 0.886889279 -0.278433412 0.368649065
vn 0.505521357 -0.837671518 0.206771791
vn 0.39054215 -0.248428777 0.886431098
vn 0.185485467 -0.80698359 0.56068933
vn 0.505521357 -0.837671518 0.206771791
vn 0.886889279 -0.278433412 0.368649065
vn 0.39054215 -0.248428777 0.886431098
vn 0.185485467 -0.80698359 0.56068933
vn -0.390538603 -0.24842225 0.886434376
vn -0.185487479 -0.806977928 0.56069684
vn 0.185485467 -0.80698359 0.56068933
vn 0.39054215 -0.248428777 0.886431098
vn -0.390538603 -0.24842225 0.886434376
vn -0.185487479 -0.806977928 0.56069684
vn -0.886883318 -0.278443515 0.36865598
vn -0.5055179 -0.837674499 0.206768423
vn -0.185487479 -0.806977928 0.56069684
vn -0.390538603 -0.24842225 0.886434376
vn -0.886883318 -0.278443515 0.36865598
vn -0.5055179 -0.837674499 0.206768423
vn -0.886888802 -0.278433114 -0.368650556
vn -0.505520701 -0.837671399 -0.206773996
vn -0.5055179 -0.837674499 0.206768423
vn -0.886883318 -0.278443515 0.36865598
vn -0.886888802 -0.278433114 -0.368650556
vn -0.505520701 -0.837671399 -0.206773996
vn -0.390540391 -0.248428836 -0.886431813
vn -0.185484096 -0.806983769 -0.560689688
vn -0.505520701 -0.837671399 -0.206773996
vn -0.886888802 -0.278433114 -0.368650556
vn -0.390540391 -0.248428836 -0.886431813
vn -0.390540391 -0.248428836 -0.886431813
vn 0.390540659 0.248431072 -0.886431038
vn 0.390535653 -0.248424232 -0.886435151
vn -0.390540391 -0.248428836 -0.886431813
vn -0.390535712 0.248426065 -0.886434674
vn 0.390540659 0.248431072 -0.886431038
vn 0.390535653 -0.248424232 -0.886435151
vn 0.886887372 0.278437316 -0.368650764
vn 0.886882782 -0.278444111 -0.368656844
vn 0.390535653 -0.248424232 -0.886435151
vn 0.390540659 0.248431072 -0.886431038
vn 0.886887372 0.278437316 -0.368650764
vn 0.886882782 -0.278444111 -0.368656844
vn 0.88688302 0.27844581 0.368654937
vn 0.886889279 -0.278433412 0.368649065
vn 0.886882782 -0.278444111 -0.368656844
vn 0.886887372 0.278437316 -0.368650764
vn 0.88688302 0.27844581 0.368654937
vn 0.886889279 -0.278433412 0.368649065
vn 0.390538424 0.248426184 0.886433363
vn 0.39054215 -0.248428777 0.886431098
vn 0.886889279 -0.278433412 0.368649065
vn 0.88688302 0.27844581 0.368654937
vn 0.390538424 0.248426184 0.886433363
vn 0.39054215 -0.248428777 0.886431098
vn -0.390542448 0.248431653 0.886430085
vn -0.390538603 -0.24842225 0.886434376
vn 0.39054215 -0.248428777 0.886431098
vn 0.390538424 0.248426184 0.886433363
vn -0.390542448 0.248431653 0.886430085
vn -0.390538603 -0.24842225 0.886434376
vn -0.886888146 0.278436959 0.368649185
vn -0.886883318 -0.278443515 0.36865598
vn -0.390538603 -0.24842225 0.886434376
vn -0.390542448 0.248431653 0.886430085
vn -0.886888146 0.278436959 0.368649185
vn -0.886883318 -0.278443515 0.36865598
vn -0.886881948 0.278446496 -0.368656874
vn -0.886888802 -0.278433114 -0.368650556
vn -0.886883318 -0.278443515 0.36865598
vn -0.886888146 0.278436959 0.368649185
vn -0.886881948 0.278446496 -0.368656874
vn -0.886888802 -0.278433114 -0.368650556
vn -0.390535712 0.248426065 -0.886434674
vn -0.390540391 -0.248428836 -0.886431813
vn -0.886888802 -0.278433114 -0.368650556
vn -0.886881948 0.278446496 -0.368656874
vn -0.390535712 0.248426065 -0.886434674
vn -0.390535712 0.248426065 -0.886434674
vn 0.18548283 0.806985378 -0.56068778
vn 0.390540659 0.248431072 -0.886431038
vn -0.390535712 0.248426065 -0.886434674
vn -0.18548286 0.80698055 -0.560694575
vn 0.18548283 0.806985378 -0.56068778
vn 0.390540659 0.248431072 -0.886431038
vn 0.505516768 0.837674081 -0.206772372
vn 0.886887372 0.278437316 -0.368650764
vn 0.390540659 0.248431072 -0.886431038
vn 0.18548283 0.806985378 -0.56068778
vn 0.505516768 0.837674081 -0.206772372
vn 0.886887372 0.278437316 -0.368650764
vn 0.505516589 0.837675035 0.206768855
vn 0.88688302 0.27844581 0.368654937
vn 0.886887372 0.278437316 -0.368650764
vn 0.505516768 0.837674081 -0.206772372
vn 0.505516589 0.837675035 0.206768855
vn 0.88688302 0.27844581 0.368654937
vn 0.185485482 0.80697906 0.560696006
vn 0.390538424 0.248426184 0.886433363
vn 0.88688302 0.27844581 0.368654937
vn 0.505516589 0.837675035 0.206768855
vn 0.185485482 0.80697906 0.560696006
vn 0.390538424 0.248426184 0.886433363
vn -0.18548508 0.806985497 0.560686827
vn -0.390542448 0.248431653 0.886430085
vn 0.390538424 0.248426184 0.886433363
vn 0.185485482 0.80697906 0.560696006
vn -0.18548508 0.806985497 0.560686827
vn -0.390542448 0.248431653 0.886430085
vn -0.50551784 0.837673783 0.206771061
vn -0.886888146 0.278436959 0.368649185
vn -0.390542448 0.248431653 0.886430085
vn -0.18548508 0.806985497 0.560686827
vn -0.50551784 0.837673783 0.206771061
vn -0.886888146 0.278436959 0.368649185
vn -0.505514979 0.837676287 -0.206768364
vn -0.886881948 0.278446496 -0.368656874
vn -0.886888146 0.278436959 0.368649185
vn -0.50551784 0.837673783 0.206771061
vn -0.505514979 0.837676287 -0.206768364
vn -0.886881948 0.278446496 -0.368656874
vn -0.18548286 0.80698055 -0.560694575
vn -0.390535712 0.248426065 -0.886434674
vn -0.886881948 0.278446496 -0.368656874
vn -0.505514979 0.837676287 -0.206768364
vn -0.18548286 0.80698055 -0.560694575
vn 3.16649403e-13 -1 0
vn -0.185484096 -0.806983769 -0.560689688
vn 0.185485125 -0.806978524 -0.560696781
vn -1.53801136e-12 1 0
vn 0.18548283 0.806985378 -0.56068778
vn -0.18548286 0.80698055 -0.560694575
vn 3.16649403e-13 -1 0
vn 0.185485125 -0.806978524 -0.560696781
vn 0.505518019 -0.837673903 -0.206770197
vn -1.53801136e-12 1 0
vn 0.505516768 0.837674081 -0.206772372
vn 0.18548283 0.806985378 -0.56068778
vn 3.16649403e-13 -1 0
vn 0.505518019 -0.837673903 -0.206770197
vn 0.505521357 -0.837671518 0.206771791
vn -1.53801136e-12 1 0
vn 0.505516589 0.837675035 0.206768855
vn 0.505516768 0.837674081 -0.206772372
vn 3.16649403e-13 -1 0
vn 0.505521357 -0.837671518 0.206771791
vn 0.185485467 -0.80698359 0.56068933
vn -1.53801136e-12 1 0
vn 0.185485482 0.80697906 0.560696006
vn 0.505516589 0.837675035 0.206768855
vn 3.16649403e-13 -1 0
vn 0.185485467 -0.80698359 0.56068933
vn -0.185487479 -0.806977928 0.56069684
vn -1.53801136e-12 1 0
vn -0.18548508 0.806985497 0.560686827
vn 0.185485482 0.80697906 0.560696006
vn 3.16649403e-13 -1 0
vn -0.185487479 -0.806977928 0.56069684
vn -0.5055179 -0.837674499 0.206768423
vn -1.53801136e-12 1 0
vn -0.50551784 0.837673783 0.206771061
vn -0.18548508 0.806985497 0.560686827
vn 3.16649403e-13 -1 0
vn -0.5055179 -0.837674499 0.206768423
vn -0.505520701 -0.837671399 -0.206773996
vn -1.53801136e-12 1 0
vn -0.505514979 0.837676287 -0.206768364
vn -0.50551784 0.837673783 0.206771061
vn 3.16649403e-13 -1 0
vn -0.505520701 -0.837671399 -0.206773996
vn -0.185484096 -0.806983769 -0.560689688
vn -1.53801136e-12 1 0
vn -0.18548286 0.80698055 -0.560694575
vn -0.505514979 0.837676287 -0.206768364
vn -0.185483962 -0.806982875 -0.56069088
vn 0.390535444 -0.248423576 -0.886435449
vn 0.185485095 -0.806978405 -0.560697019
vn -0.185483962 -0.806982875 -0.56069088
vn -0.39054063 -0.248428091 -0.886431932
vn 0.390535444 -0.248423576 -0.886435449
vn 0.185485095 -0.806978405 -0.560697019
vn 0.886882663 -0.278444529 -0.368656754
vn 0.505517423 -0.837674499 -0.206769332
vn 0.185485095 -0.806978405 -0.560697019
vn 0.390535444 -0.248423576 -0.886435449
vn 0.886882663 -0.278444529 -0.368656754
vn 0.505517423 -0.837674499 -0.206769332
vn 0.886889338 -0.278433323 0.368649095
vn 0.505521119 -0.837671638 0.206771657
vn 0.505517423 -0.837674499 -0.206769332
vn 0.886882663 -0.278444529 -0.368656754
vn 0.886889338 -0.278433323 0.368649095
vn 0.505521119 -0.837671638 0.206771657
vn 0.390542328 -0.248430103 0.886430621
vn 0.185485318 -0.806984901 0.560687602
vn 0.505521119 -0.837671638 0.206771657
vn 0.886889338 -0.278433323 0.368649095
vn 0.390542328 -0.248430103 0.886430621
vn 0.185485318 -0.806984901 0.560687602
vn -0.390539855 -0.248422086 0.886433959
vn -0.185487717 -0.806977153 0.560697854
vn 0.185485318 -0.806984901 0.560687602
vn 0.390542328 -0.248430103 0.886430621
vn -0.390539855 -0.248422086 0.886433959
vn -0.185487717 -0.806977153 0.560697854
vn -0.886883736 -0.278443515 0.368654877
vn -0.5055179 -0.837674499 0.206768423
vn -0.185487717 -0.806977153 0.560697854
vn -0.390539855 -0.248422086 0.886433959
vn -0.886883736 -0.278443515 0.368654877
vn -0.5055179 -0.837674499 0.206768423
vn -0.886888981 -0.278433293 -0.368650049
vn -0.505520582 -0.837671578 -0.206773534
vn -0.5055179 -0.837674499 0.206768423
vn -0.886883736 -0.278443515 0.368654877
vn -0.886888981 -0.278433293 -0.368650049
vn -0.505520582 -0.837671578 -0.206773534
vn -0.39054063 -0.248428091 -0.886431932
vn -0.185483962 -0.806982875 -0.56069088
vn -0.505520582 -0.837671578 -0.206773534
vn -0.886888981 -0.278433293 -0.368650049
vn -0.39054063 -0.248428091 -0.886431932
vn -0.39054063 -0.248428091 -0.886431932
vn 0.390540719 0.248430103 -0.886431277
vn 0.390535444 -0.248423576 -0.886435449
vn -0.39054063 -0.248428091 -0.886431932
vn -0.390536875 0.24842611 -0.886434078
vn 0.390540719 0.248430103 -0.886431277
vn 0.390535444 -0.248423576 -0.886435449
vn 0.886887491 0.278437287 -0.368650615
vn 0.886882663 -0.278444529 -0.368656754
vn 0.390535444 -0.248423576 -0.886435449
vn 0.390540719 0.248430103 -0.886431277
vn 0.886887491 0.278437287 -0.368650615
vn 0.886882663 -0.278444529 -0.368656754
vn 0.88688302 0.278446078 0.368654788
vn 0.886889338 -0.278433323 0.368649095
vn 0.886882663 -0.278444529 -0.368656754
vn 0.886887491 0.278437287 -0.368650615
vn 0.88688302 0.278446078 0.368654788
vn 0.886889338 -0.278433323 0.368649095
vn 0.390538424 0.248425841 0.886433482
vn 0.390542328 -0.248430103 0.886430621
vn 0.886889338 -0.278433323 0.368649095
vn 0.88688302 0.278446078 0.368654788
vn 0.390538424 0.248425841 0.886433482
vn 0.390542328 -0.248430103 0.886430621
vn -0.390542626 0.248432249 0.886429846
vn -0.390539855 -0.248422086 0.886433959
vn 0.390542328 -0.248430103 0.886430621
vn 0.390538424 0.248425841 0.886433482
vn -0.390542626 0.248432249 0.886429846
vn -0.390539855 -0.248422086 0.886433959
vn -0.886888266 0.278437465 0.368648678
vn -0.886883736 -0.278443515 0.368654877
vn -0.390539855 -0.248422086 0.886433959
vn -0.390542626 0.248432249 0.886429846
vn -0.886888266 0.278437465 0.368648678
vn -0.886883736 -0.278443515 0.368654877
vn -0.886882484 0.278446496 -0.368655831
vn -0.886888981 -0.278433293 -0.368650049
vn -0.886883736 -0.278443515 0.368654877
vn -0.886888266 0.278437465 0.368648678
vn -0.886882484 0.278446496 -0.368655831
vn -0.886888981 -0.278433293 -0.368650049
vn -0.390536875 0.24842611 -0.886434078
vn -0.39054063 -0.248428091 -0.886431932
vn -0.886888981 -0.278433293 -0.368650049
vn -0.886882484 0.278446496 -0.368655831
vn -0.390536875 0.24842611 -0.886434078
vn -0.390536875 0.24842611 -0.886434078
vn 0.185482875 0.806984663 -0.560688674
vn 0.390540719 0.248430103 -0.886431277
vn -0.390536875 0.24842611 -0.886434078
vn -0.185482845 0.806980669 -0.560694516
vn 0.185482875 0.806984663 -0.560688674
vn 0.390540719 0.248430103 -0.886431277
vn 0.505516529 0.837674439 -0.20677197
vn 0.886887491 0.278437287 -0.368650615
vn 0.390540719 0.248430103 -0.886431277
vn 0.185482875 0.806984663 -0.560688674
vn 0.505516529 0.837674439 -0.20677197
vn 0.886887491 0.278437287 -0.368650615
vn 0.505515993 0.83767575 0.206767932
vn 0.88688302 0.278446078 0.368654788
vn 0.886887491 0.278437287 -0.368650615
vn 0.505516529 0.837674439 -0.20677197
vn 0.505515993 0.83767575 0.206767932
vn 0.88688302 0.278446078 0.368654788
vn 0.185485512 0.806979179 0.560695827
vn 0.390538424 0.248425841 0.886433482
vn 0.88688302 0.278446078 0.368654788
vn 0.505515993 0.83767575 0.206767932
vn 0.185485512 0.806979179 0.560695827
vn 0.390538424 0.248425841 0.886433482
vn -0.185484886 0.806985676 0.560686469
vn -0.390542626 0.248432249 0.886429846
vn 0.390538424 0.248425841 0.886433482
vn 0.185485512 0.806979179 0.560695827
vn -0.185484886 0.806985676 0.560686469
vn -0.390542626 0.248432249 0.886429846
vn -0.505517781 0.837673903 0.206770703
vn -0.886888266 0.278437465 0.368648678
vn -0.390542626 0.248432249 0.886429846
vn -0.185484886 0.806985676 0.560686469
vn -0.505517781 0.837673903 0.206770703
vn -0.886888266 0.278437465 0.368648678
vn -0.505514979 0.837676287 -0.206768364
vn -0.886882484 0.278446496 -0.368655831
vn -0.886888266 0.278437465 0.368648678
vn -0.505517781 0.837673903 0.206770703
vn -0.505514979 0.837676287 -0.206768364
vn -0.886882484 0.278446496 -0.368655831
vn -0.185482845 0.806980669 -0.560694516
vn -0.390536875 0.24842611 -0.886434078
vn -0.886882484 0.278446496 -0.368655831
vn -0.505514979 0.837676287 -0.206768364
vn -0.185482845 0.806980669 -0.560694516
vn 1.26659737e-13 -1 0
vn -0.185483962 -0.806982875 -0.56069088
vn 0.185485095 -0.806978405 -0.560697019
vn -1.04946639e-12 1 0
vn 0.185482875 0.806984663 -0.560688674
vn -0.185482845 0.806980669 -0.560694516
vn 1.26659737e-13 -1 0
vn 0.185485095 -0.806978405 -0.560697019
vn 0.505517423 -0.837674499 -0.206769332
vn -1.04946639e-12 1 0
vn 0.505516529 0.837674439 -0.20677197
vn 0.185482875 0.806984663 -0.560688674
vn 1.26659737e-13 -1 0
vn 0.505517423 -0.837674499 -0.206769332
vn 0.505521119 -0.837671638 0.206771657
vn -1.04946639e-12 1 0
vn 0.505515993 0.83767575 0.206767932
vn 0.505516529 0.837674439 -0.20677197
vn 1.26659737e-13 -1 0
vn 0.505521119 -0.837671638 0.206771657
vn 0.185485318 -0.806984901 0.560687602
vn -1.04946639e-12 1 0
vn 0.185485512 0.806979179 0.560695827
vn 0.505515993 0.83767575 0.206767932
vn 1.26659737e-13 -1 0
vn 0.185485318 -0.806984901 0.560687602
vn -0.185487717 -0.806977153 0.560697854
vn -1.04946639e-12 1 0
vn -0.185484886 0.806985676 0.560686469
vn 0.185485512 0.806979179 0.560695827
vn 1.26659737e-13 -1 0
vn -0.185487717 -0.806977153 0.560697854
vn -0.5055179 -0.837674499 0.206768423
vn -1.04946639e-12 1 0
vn -0.505517781 0.837673903 0.206770703
vn -0.185484886 0.806985676 0.560686469
vn 1.26659737e-13 -1 0
vn -0.5055179 -0.837674499 0.206768423
vn -0.505520582 -0.837671578 -0.206773534
vn -1.04946639e-12 1 0
vn -0.505514979 0.837676287 -0.206768364
vn -0.505517781 0.837673903 0.206770703
vn 1.26659737e-13 -1 0
vn -0.505520582 -0.837671578 -0.206773534
vn -0.185483962 -0.806982875 -0.56069088
vn -1.04946639e-12 1 0
vn -0.185482845 0.806980669 -0.560694516
vn -0.505514979 0.837676287 -0.206768364
vn -0.185484082 -0.80698204 -0.560692251
vn 0.390535325 -0.248424709 -0.886435151
vn 0.185484767 -0.806978941 -0.560696363
vn -0.185484082 -0.80698204 -0.560692251
vn -0.390540004 -0.248427227 -0.88643235
vn 0.390535325 -0.248424709 -0.886435151
vn 0.185484767 -0.806978941 -0.560696363
vn 0.886882663 -0.278444439 -0.368656844
vn 0.505518019 -0.837673903 -0.206770197
vn 0.185484767 -0.806978941 -0.560696363
vn 0.390535325 -0.248424709 -0.886435151
vn 0.886882663 -0.278444439 -0.368656844
vn 0.505518019 -0.837673903 -0.206770197
vn 0.886889338 -0.278433263 0.368649274
vn 0.505521297 -0.837671578 0.206771925
vn 0.505518019 -0.837673903 -0.206770197
vn 0.886882663 -0.278444439 -0.368656844
vn 0.886889338 -0.278433263 0.368649274
vn 0.505521297 -0.837671578 0.206771925
vn 0.390542507 -0.248430908 0.886430204
vn 0.185485259 -0.806985855 0.56068635
vn 0.505521297 -0.837671578 0.206771925
vn 0.886889338 -0.278433263 0.368649274
vn 0.390542507 -0.248430908 0.886430204
vn 0.185485259 -0.806985855 0.56068635
vn -0.390539438 -0.248423591 0.88643378
vn -0.185487255 -0.806978166 0.560696602
vn 0.185485259 -0.806985855 0.56068635
vn 0.390542507 -0.248430908 0.886430204
vn -0.390539438 -0.248423591 0.88643378
vn -0.185487255 -0.806978166 0.560696602
vn -0.886883616 -0.278443754 0.368654966
vn -0.50551784 -0.837674499 0.206768543
vn -0.185487255 -0.806978166 0.560696602
vn -0.390539438 -0.248423591 0.88643378
vn -0.886883616 -0.278443754 0.368654966
vn -0.50551784 -0.837674499 0.206768543
vn -0.886888683 -0.278433919 -0.368650258
vn -0.505520225 -0.837671757 -0.206773475
vn -0.50551784 -0.837674499 0.206768543
vn -0.886883616 -0.278443754 0.368654966
vn -0.886888683 -0.278433919 -0.368650258
vn -0.505520225 -0.837671757 -0.206773475
vn -0.390540004 -0.248427227 -0.88643235
vn -0.185484082 -0.80698204 -0.560692251
vn -0.505520225 -0.837671757 -0.206773475
vn -0.886888683 -0.278433919 -0.368650258
vn -0.390540004 -0.248427227 -0.88643235
vn -0.390540004 -0.248427227 -0.88643235
vn 0.390541047 0.248428881 -0.886431515
vn 0.390535325 -0.248424709 -0.886435151
vn -0.390540004 -0.248427227 -0.88643235
vn -0.390536755 0.248425603 -0.886434317
vn 0.390541047 0.248428881 -0.886431515
vn 0.390535325 -0.248424709 -0.886435151
vn 0.88688755 0.278436989 -0.368650794
vn 0.886882663 -0.278444439 -0.368656844
vn 0.390535325 -0.248424709 -0.886435151
vn 0.390541047 0.248428881 -0.886431515
vn 0.88688755 0.278436989 -0.368650794
vn 0.886882663 -0.278444439 -0.368656844
vn 0.88688302 0.27844584 0.368654877
vn 0.886889338 -0.278433263 0.368649274
vn 0.886882663 -0.278444439 -0.368656844
vn 0.88688755 0.278436989 -0.368650794
vn 0.88688302 0.27844584 0.368654877
vn 0.886889338 -0.278433263 0.368649274
vn 0.390538454 0.248427466 0.886433065
vn 0.390542507 -0.248430908 0.886430204
vn 0.886889338 -0.278433263 0.368649274
vn 0.88688302 0.27844584 0.368654877
vn 0.390538454 0.248427466 0.886433065
vn 0.390542507 -0.248430908 0.886430204
vn -0.390542209 0.248433128 0.886429787
vn -0.390539438 -0.248423591 0.88643378
vn 0.390542507 -0.248430908 0.886430204
vn 0.390538454 0.248427466 0.886433065
vn -0.390542209 0.248433128 0.886429787
vn -0.390539438 -0.248423591 0.88643378
vn -0.886888146 0.278437078 0.368649155
vn -0.886883616 -0.278443754 0.368654966
vn -0.390539438 -0.248423591 0.88643378
vn -0.390542209 0.248433128 0.886429787
vn -0.886888146 0.278437078 0.368649155
vn -0.886883616 -0.278443754 0.368654966
vn -0.886882365 0.278446585 -0.36865589
vn -0.886888683 -0.278433919 -0.368650258
vn -0.886883616 -0.278443754 0.368654966
vn -0.886888146 0.278437078 0.368649155
vn -0.886882365 0.278446585 -0.36865589
vn -0.886888683 -0.278433919 -0.368650258
vn -0.390536755 0.248425603 -0.886434317
vn -0.390540004 -0.248427227 -0.88643235
vn -0.886888683 -0.278433919 -0.368650258
vn -0.886882365 0.278446585 -0.36865589
vn -0.390536755 0.248425603 -0.886434317
vn -0.390536755 0.248425603 -0.886434317
vn 0.185483336 0.80698365 -0.560689986
vn 0.390541047 0.248428881 -0.886431515
vn -0.390536755 0.248425603 -0.886434317
vn -0.185482711 0.806980789 -0.560694337
vn 0.185483336 0.80698365 -0.560689986
vn 0.390541047 0.248428881 -0.886431515
vn 0.505517006 0.837674081 -0.206772417
vn 0.88688755 0.278436989 -0.368650794
vn 0.390541047 0.248428881 -0.886431515
vn 0.185483336 0.80698365 -0.560689986
vn 0.505517006 0.837674081 -0.206772417
vn 0.88688755 0.278436989 -0.368650794
vn 0.505516648 0.837675095 0.206768602
vn 0.88688302 0.27844584 0.368654877
vn 0.88688755 0.278436989 -0.368650794
vn 0.505517006 0.837674081 -0.206772417
vn 0.505516648 0.837675095 0.206768602
vn 0.88688302 0.27844584 0.368654877
vn 0.185485184 0.806980312 0.560694218
vn 0.390538454 0.248427466 0.886433065
vn 0.88688302 0.27844584 0.368654877
vn 0.505516648 0.837675095 0.206768602
vn 0.185485184 0.806980312 0.560694218
vn 0.390538454 0.248427466 0.886433065
vn -0.185484305 0.806986988 0.560684919
vn -0.390542209 0.248433128 0.886429787
vn 0.390538454 0.248427466 0.886433065
vn 0.185485184 0.806980312 0.560694218
vn -0.185484305 0.806986988 0.560684919
vn -0.390542209 0.248433128 0.886429787
vn -0.505517602 0.837674022 0.206770718
vn -0.886888146 0.278437078 0.368649155
vn -0.390542209 0.248433128 0.886429787
vn -0.185484305 0.806986988 0.560684919
vn -0.505517602 0.837674022 0.206770718
vn -0.886888146 0.278437078 0.368649155
vn -0.505514383 0.837676704 -0.206767946
vn -0.886882365 0.278446585 -0.36865589
vn -0.886888146 0.278437078 0.368649155
vn -0.505517602 0.837674022 0.206770718
vn -0.505514383 0.837676704 -0.206767946
vn -0.886882365 0.278446585 -0.36865589
vn -0.185482711 0.806980789 -0.560694337
vn -0.390536755 0.248425603 -0.886434317
vn -0.886882365 0.278446585 -0.36865589
vn -0.505514383 0.837676704 -0.206767946
vn -0.185482711 0.806980789 -0.560694337
vn 5.88063181e-13 -1 0
vn -0.185484082 -0.80698204 -0.560692251
vn 0.185484767 -0.806978941 -0.560696363
vn -1.17612636e-12 1 0
vn 0.185483336 0.80698365 -0.560689986
vn -0.185482711 0.806980789 -0.560694337
vn 5.88063181e-13 -1 0
vn 0.185484767 -0.806978941 -0.560696363
vn 0.505518019 -0.837673903 -0.206770197
vn -1.17612636e-12 1 0
vn 0.505517006 0.837674081 -0.206772417
vn 0.185483336 0.80698365 -0.560689986
vn 5.88063181e-13 -1 0
vn 0.505518019 -0.837673903 -0.206770197
vn 0.505521297 -0.837671578 0.206771925
vn -1.17612636e-12 1 0
vn 0.505516648 0.837675095 0.206768602
vn 0.505517006 0.837674081 -0.206772417
vn 5.88063181e-13 -1 0
vn 0.505521297 -0.837671578 0.206771925
vn 0.185485259 -0.806985855 0.56068635
vn -1.17612636e-12 1 0
vn 0.185485184 0.806980312 0.560694218
vn 0.505516648 0.837675095 0.206768602
vn 5.88063181e-13 -1 0
vn 0.185485259 -0.806985855 0.56068635
vn -0.185487255 -0.806978166 0.560696602
vn -1.17612636e-12 1 0
vn -0.185484305 0.806986988 0.560684919
vn 0.185485184 0.806980312 0.560694218
vn 5.88063181e-13 -1 0
vn -0.185487255 -0.806978166 0.560696602
vn -0.50551784 -0.837674499 0.206768543
vn -1.17612636e-12 1 0
vn -0.505517602 0.837674022 0.206770718
vn -0.185484305 0.806986988 0.560684919
vn 5.88063181e-13 -1 0
vn -0.50551784 -0.837674499 0.206768543
vn -0.505520225 -0.837671757 -0.206773475
vn -1.17612636e-12 1 0
vn -0.505514383 0.837676704 -0.206767946
vn -0.505517602 0.837674022 0.206770718
vn 5.88063181e-13 -1 0
vn -0.505520225 -0.837671757 -0.206773475
vn -0.185484082 -0.80698204 -0.560692251
vn -1.17612636e-12 1 0
vn -0.185482711 0.806980789 -0.560694337
vn -0.505514383 0.837676704 -0.206767946
vn -0.185483903 -0.80698365 -0.560689807
vn 0.390535802 -0.248423174 -0.88643539
vn 0.185485378 -0.806977391 -0.56069845
vn -0.185483903 -0.80698365 -0.560689807
vn -0.390540212 -0.248429179 -0.886431813
vn 0.390535802 -0.248423174 -0.88643539
vn 0.185485378 -0.806977391 -0.56069845
vn 0.886882842 -0.278444111 -0.368656546
vn 0.505518019 -0.837673903 -0.206770197
vn 0.185485378 -0.806977391 -0.56069845
vn 0.390535802 -0.248423174 -0.88643539
vn 0.886882842 -0.278444111 -0.368656546
vn 0.505518019 -0.837673903 -0.206770197
vn 0.886889279 -0.278433412 0.368649036
vn 0.505521357 -0.837671518 0.206771791
vn 0.505518019 -0.837673903 -0.206770197
vn 0.886882842 -0.278444111 -0.368656546
vn 0.886889279 -0.278433412 0.368649036
vn 0.505521357 -0.837671518 0.206771791
vn 0.39054215 -0.248428777 0.886431098
vn 0.185485467 -0.80698365 0.56068933
vn 0.505521357 -0.837671518 0.206771791
vn 0.886889279 -0.278433412 0.368649036
vn 0.39054215 -0.248428777 0.886431098
vn 0.185485467 -0.80698365 0.56068933
vn -0.390539676 -0.248422951 0.886433721
vn -0.18548733 -0.806978285 0.560696423
vn 0.185485467 -0.80698365 0.56068933
vn 0.39054215 -0.248428777 0.886431098
vn -0.390539676 -0.248422951 0.886433721
vn -0.18548733 -0.806978285 0.560696423
vn -0.886883736 -0.278443128 0.368655235
vn -0.505518317 -0.837674022 0.206769198
vn -0.18548733 -0.806978285 0.560696423
vn -0.390539676 -0.248422951 0.886433721
vn -0.886883736 -0.278443128 0.368655235
vn -0.505518317 -0.837674022 0.206769198
vn -0.886888683 -0.278433591 -0.368650556
vn -0.505520701 -0.837671399 -0.206773803
vn -0.505518317 -0.837674022 0.206769198
vn -0.886883736 -0.278443128 0.368655235
vn -0.886888683 -0.278433591 -0.368650556
vn -0.505520701 -0.837671399 -0.206773803
vn -0.390540212 -0.248429179 -0.886431813
vn -0.185483903 -0.80698365 -0.560689807
vn -0.505520701 -0.837671399 -0.206773803
vn -0.886888683 -0.278433591 -0.368650556
vn -0.390540212 -0.248429179 -0.886431813
vn -0.390540212 -0.248429179 -0.886431813
vn 0.39054063 0.248431042 -0.886431038
vn 0.390535802 -0.248423174 -0.88643539
vn -0.390540212 -0.248429179 -0.886431813
vn -0.390537053 0.24842447 -0.886434495
vn 0.39054063 0.248431042 -0.886431038
vn 0.390535802 -0.248423174 -0.88643539
vn 0.88688755 0.278437495 -0.368650436
vn 0.886882842 -0.278444111 -0.368656546
vn 0.390535802 -0.248423174 -0.88643539
vn 0.39054063 0.248431042 -0.886431038
vn 0.88688755 0.278437495 -0.368650436
vn 0.886882842 -0.278444111 -0.368656546
vn 0.886883199 0.27844578 0.368654639
vn 0.886889279 -0.278433412 0.368649036
vn 0.886882842 -0.278444111 -0.368656546
vn 0.88688755 0.278437495 -0.368650436
vn 0.886883199 0.27844578 0.368654639
vn 0.886889279 -0.278433412 0.368649036
vn 0.390538663 0.248427212 0.886433005
vn 0.39054215 -0.248428777 0.886431098
vn 0.886889279 -0.278433412 0.368649036
vn 0.886883199 0.27844578 0.368654639
vn 0.390538663 0.248427212 0.886433005
vn 0.39054215 -0.248428777 0.886431098
vn -0.39054215 0.248431131 0.886430323
vn -0.390539676 -0.248422951 0.886433721
vn 0.39054215 -0.248428777 0.886431098
vn 0.390538663 0.248427212 0.886433005
vn -0.39054215 0.248431131 0.886430323
vn -0.390539676 -0.248422951 0.886433721
vn -0.886888146 0.278436571 0.368649423
vn -0.886883736 -0.278443128 0.368655235
vn -0.390539676 -0.248422951 0.886433721
vn -0.39054215 0.248431131 0.886430323
vn -0.886888146 0.278436571 0.368649423
vn -0.886883736 -0.278443128 0.368655235
vn -0.886882365 0.278446227 -0.368656009
vn -0.886888683 -0.278433591 -0.368650556
vn -0.886883736 -0.278443128 0.368655235
vn -0.886888146 0.278436571 0.368649423
vn -0.886882365 0.278446227 -0.368656009
vn -0.886888683 -0.278433591 -0.368650556
vn -0.390537053 0.24842447 -0.886434495
vn -0.390540212 -0.248429179 -0.886431813
vn -0.886888683 -0.278433591 -0.368650556
vn -0.886882365 0.278446227 -0.368656009
vn -0.390537053 0.24842447 -0.886434495
vn -0.390537053 0.24842447 -0.886434495
vn 0.185482636 0.80698508 -0.560688257
vn 0.39054063 0.248431042 -0.886431038
vn -0.390537053 0.24842447 -0.886434495
vn -0.185482949 0.806979418 -0.560696363
vn 0.185482636 0.80698508 -0.560688257
vn 0.39054063 0.248431042 -0.886431038
vn 0.505516768 0.837674081 -0.206772372
vn 0.88688755 0.278437495 -0.368650436
vn 0.39054063 0.248431042 -0.886431038
vn 0.185482636 0.80698508 -0.560688257
vn 0.505516768 0.837674081 -0.206772372
vn 0.88688755 0.278437495 -0.368650436
vn 0.505516529 0.837675095 0.206768841
vn 0.886883199 0.27844578 0.368654639
vn 0.88688755 0.278437495 -0.368650436
vn 0.505516768 0.837674081 -0.206772372
vn 0.505516529 0.837675095 0.206768841
vn 0.886883199 0.27844578 0.368654639
vn 0.185485214 0.806980252 0.560694277
vn 0.390538663 0.248427212 0.886433005
vn 0.886883199 0.27844578 0.368654639
vn 0.505516529 0.837675095 0.206768841
vn 0.185485214 0.806980252 0.560694277
vn 0.390538663 0.248427212 0.886433005
vn -0.185484543 0.806985497 0.560687065
vn -0.39054215 0.248431131 0.886430323
vn 0.390538663 0.248427212 0.886433005
vn 0.185485214 0.806980252 0.560694277
vn -0.185484543 0.806985497 0.560687065
vn -0.39054215 0.248431131 0.886430323
vn -0.50551796 0.837673783 0.206771031
vn -0.886888146 0.278436571 0.368649423
vn -0.39054215 0.248431131 0.886430323
vn -0.185484543 0.806985497 0.560687065
vn -0.50551796 0.837673783 0.206771031
vn -0.886888146 0.278436571 0.368649423
vn -0.505514443 0.837676466 -0.206768394
vn -0.886882365 0.278446227 -0.368656009
vn -0.886888146 0.278436571 0.368649423
vn -0.50551796 0.837673783 0.206771031
vn -0.505514443 0.837676466 -0.206768394
vn -0.886882365 0.278446227 -0.368656009
vn -0.185482949 0.806979418 -0.560696363
vn -0.390537053 0.24842447 -0.886434495
vn -0.886882365 0.278446227 -0.368656009
vn -0.505514443 0.837676466 -0.206768394
vn -0.185482949 0.806979418 -0.560696363
vn -4.79497681e-13 -1 0
vn -0.185483903 -0.80698365 -0.560689807
vn 0.185485378 -0.806977391 -0.56069845
vn 1.86370797e-12 1 0
vn 0.185482636 0.80698508 -0.560688257
vn -0.185482949 0.806979418 -0.560696363
vn -4.79497681e-13 -1 0
vn 0.185485378 -0.806977391 -0.56069845
vn 0.505518019 -0.837673903 -0.206770197
vn 1.86370797e-12 1 0
vn 0.505516768 0.837674081 -0.206772372
vn 0.185482636 0.80698508 -0.560688257
vn -4.79497681e-13 -1 0
vn 0.505518019 -0.837673903 -0.206770197
vn 0.505521357 -0.837671518 0.206771791
vn 1.86370797e-12 1 0
vn 0.505516529 0.837675095 0.206768841
vn 0.505516768 0.837674081 -0.206772372
vn -4.79497681e-13 -1 0
vn 0.505521357 -0.837671518 0.206771791
vn 0.185485467 -0.80698365 0.56068933
vn 1.86370797e-12 1 0
vn 0.185485214 0.806980252 0.560694277
vn 0.505516529 0.837675095 0.206768841
vn -4.79497681e-13 -1 0
vn 0.185485467 -0.80698365 0.56068933
vn -0.18548733 -0.806978285 0.560696423
vn 1.86370797e-12 1 0
vn -0.185484543 0.806985497 0.560687065
vn 0.185485214 0.806980252 0.560694277
vn -4.79497681e-13 -1 0
vn -0.18548733 -0.806978285 0.560696423
vn -0.505518317 -0.837674022 0.206769198
vn 1.86370797e-12 1 0
vn -0.50551796 0.837673783 0.206771031
vn -0.185484543 0.806985497 0.560687065
vn -4.79497681e-13 -1 0
vn -0.505518317 -0.837674022 0.206769198
vn -0.505520701 -0.837671399 -0.206773803
vn 1.86370797e-12 1 0
vn -0.505514443 0.837676466 -0.206768394
vn -0.50551796 0.837673783 0.206771031
vn -4.79497681e-13 -1 0
vn -0.505520701 -0.837671399 -0.206773803
vn -0.185483903 -0.80698365 -0.560689807
vn 1.86370797e-12 1 0
vn -0.185482949 0.806979418 -0.560696363
vn -0.505514443 0.837676466 -0.206768394
vn -0.185484096 -0.806983769 -0.560689688
vn 0.390536368 -0.248424232 -0.886434853
vn 0.185485333 -0.806978524 -0.560696661
vn -0.185484096 -0.806983769 -0.560689688
vn -0.390540659 -0.248429045 -0.886431634
vn 0.390536368 -0.248424232 -0.886434853
vn 0.185485333 -0.806978524 -0.560696661
vn 0.886883199 -0.278444111 -0.368655801
vn 0.505518079 -0.837674081 -0.206769645
vn 0.185485333 -0.806978524 -0.560696661
vn 0.390536368 -0.248424232 -0.886434853
vn 0.886883199 -0.278444111 -0.368655801
vn 0.505518079 -0.837674081 -0.206769645
vn 0.886889338 -0.278433472 0.368648976
vn 0.505521536 -0.837671518 0.206771642
vn 0.505518079 -0.837674081 -0.206769645
vn 0.886883199 -0.278444111 -0.368655801
vn 0.886889338 -0.278433472 0.368648976
vn 0.505521536 -0.837671518 0.206771642
vn 0.390542328 -0.248428658 0.886431038
vn 0.185486004 -0.806983471 0.56068933
vn 0.505521536 -0.837671518 0.206771642
vn 0.886889338 -0.278433472 0.368648976
vn 0.390542328 -0.248428658 0.886431038
vn 0.185486004 -0.806983471 0.56068933
vn -0.39053914 -0.248422623 0.886434138
vn -0.185487717 -0.806978106 0.560696602
vn 0.185486004 -0.806983471 0.56068933
vn 0.390542328 -0.248428658 0.886431038
vn -0.39053914 -0.248422623 0.886434138
vn -0.185487717 -0.806978106 0.560696602
vn -0.886883438 -0.278443635 0.368655652
vn -0.5055179 -0.837674499 0.206768423
vn -0.185487717 -0.806978106 0.560696602
vn -0.39053914 -0.248422623 0.886434138
vn -0.886883438 -0.278443635 0.368655652
vn -0.5055179 -0.837674499 0.206768423
vn -0.886888981 -0.278433353 -0.36864993
vn -0.505520761 -0.837671399 -0.206773534
vn -0.5055179 -0.837674499 0.206768423
vn -0.886883438 -0.278443635 0.368655652
vn -0.886888981 -0.278433353 -0.36864993
vn -0.505520761 -0.837671399 -0.206773534
vn -0.390540659 -0.248429045 -0.886431634
vn -0.185484096 -0.806983769 -0.560689688
vn -0.505520761 -0.837671399 -0.206773534
vn -0.886888981 -0.278433353 -0.36864993
vn -0.390540659 -0.248429045 -0.886431634
vn -0.390540659 -0.248429045 -0.886431634
vn 0.390541047 0.248431131 -0.886430919
vn 0.390536368 -0.248424232 -0.886434853
vn -0.390540659 -0.248429045 -0.886431634
vn -0.390535921 0.248426214 -0.886434495
vn 0.390541047 0.248431131 -0.886430919
vn 0.390536368 -0.248424232 -0.886434853
vn 0.88688761 0.278437257 -0.368650168
vn 0.886883199 -0.278444111 -0.368655801
vn 0.390536368 -0.248424232 -0.886434853
vn 0.390541047 0.248431131 -0.886430919
vn 0.88688761 0.278437257 -0.368650168
vn 0.886883199 -0.278444111 -0.368655801
vn 0.886883557 0.278445959 0.368653625
vn 0.886889338 -0.278433472 0.368648976
vn 0.886883199 -0.278444111 -0.368655801
vn 0.88688761 0.278437257 -0.368650168
vn 0.886883557 0.278445959 0.368653625
vn 0.886889338 -0.278433472 0.368648976
vn 0.390539795 0.248425797 0.886432886
vn 0.390542328 -0.248428658 0.886431038
vn 0.886889338 -0.278433472 0.368648976
vn 0.886883557 0.278445959 0.368653625
vn 0.390539795 0.248425797 0.886432886
vn 0.390542328 -0.248428658 0.886431038
vn -0.390542567 0.248431787 0.886430025
vn -0.39053914 -0.248422623 0.886434138
vn 0.390542328 -0.248428658 0.886431038
vn 0.390539795 0.248425797 0.886432886
vn -0.390542567 0.248431787 0.886430025
vn -0.39053914 -0.248422623 0.886434138
vn -0.886888266 0.278437078 0.368648916
vn -0.886883438 -0.278443635 0.368655652
vn -0.39053914 -0.248422623 0.886434138
vn -0.390542567 0.248431787 0.886430025
vn -0.886888266 0.278437078 0.368648916
vn -0.886883438 -0.278443635 0.368655652
vn -0.886882067 0.278446555 -0.368656725
vn -0.886888981 -0.278433353 -0.36864993
vn -0.886883438 -0.278443635 0.368655652
vn -0.886888266 0.278437078 0.368648916
vn -0.886882067 0.278446555 -0.368656725
vn -0.886888981 -0.278433353 -0.36864993
vn -0.390535921 0.248426214 -0.886434495
vn -0.390540659 -0.248429045 -0.886431634
vn -0.886888981 -0.278433353 -0.36864993
vn -0.886882067 0.278446555 -0.368656725
vn -0.390535921 0.248426214 -0.886434495
vn -0.390535921 0.248426214 -0.886434495
vn 0.185483143 0.806985497 -0.560687542
vn 0.390541047 0.248431131 -0.886430919
vn -0.390535921 0.248426214 -0.886434495
vn -0.185483009 0.80698061 -0.560694575
vn 0.185483143 0.806985497 -0.560687542
vn 0.390541047 0.248431131 -0.886430919
vn 0.505517066 0.837674141 -0.206771776
vn 0.88688761 0.278437257 -0.368650168
vn 0.390541047 0.248431131 -0.886430919
vn 0.185483143 0.806985497 -0.560687542
vn 0.505517066 0.837674141 -0.206771776
vn 0.88688761 0.278437257 -0.368650168
vn 0.505515933 0.83767575 0.206767768
vn 0.886883557 0.278445959 0.368653625
vn 0.88688761 0.278437257 -0.368650168
vn 0.505517066 0.837674141 -0.206771776
vn 0.505515933 0.83767575 0.206767768
vn 0.886883557 0.278445959 0.368653625
vn 0.18548587 0.80697906 0.560695767
vn 0.390539795 0.248425797 0.886432886
vn 0.886883557 0.278445959 0.368653625
vn 0.505515933 0.83767575 0.206767768
vn 0.18548587 0.80697906 0.560695767
vn 0.390539795 0.248425797 0.886432886
vn -0.18548508 0.806985497 0.560686827
vn -0.390542567 0.248431787 0.886430025
vn 0.390539795 0.248425797 0.886432886
vn 0.18548587 0.80697906 0.560695767
vn -0.18548508 0.806985497 0.560686827
vn -0.390542567 0.248431787 0.886430025
vn -0.5055179 0.837673843 0.206770837
vn -0.886888266 0.278437078 0.368648916
vn -0.390542567 0.248431787 0.886430025
vn -0.18548508 0.806985497 0.560686827
vn -0.5055179 0.837673843 0.206770837
vn -0.886888266 0.278437078 0.368648916
vn -0.505514979 0.837676287 -0.206768364
vn -0.886882067 0.278446555 -0.368656725
vn -0.886888266 0.278437078 0.368648916
vn -0.5055179 0.837673843 0.206770837
vn -0.505514979 0.837676287 -0.206768364
vn -0.886882067 0.278446555 -0.368656725
vn -0.185483009 0.80698061 -0.560694575
vn -0.390535921 0.248426214 -0.886434495
vn -0.886882067 0.278446555 -0.368656725
vn -0.505514979 0.837676287 -0.206768364
vn -0.185483009 0.80698061 -0.560694575
vn 0 -1 0
vn -0.185484096 -0.806983769 -0.560689688
vn 0.185485333 -0.806978524 -0.560696661
vn 0 1 0
vn 0.185483143 0.806985497 -0.560687542
vn -0.185483009 0.80698061 -0.560694575
vn 0 -1 0
vn 0.185485333 -0.806978524 -0.560696661
vn 0.505518079 -0.837674081 -0.206769645
vn 0 1 0
vn 0.505517066 0.837674141 -0.206771776
vn 0.185483143 0.806985497 -0.560687542
vn 0 -1 0
vn 0.505518079 -0.837674081 -0.206769645
vn 0.505521536 -0.837671518 0.206771642
vn 0 1 0
vn 0.505515933 0.83767575 0.206767768
vn 0.505517066 0.837674141 -0.206771776
vn 0 -1 0
vn 0.505521536 -0.837671518 0.206771642
vn 0.185486004 -0.806983471 0.56068933
vn 0 1 0
vn 0.18548587 0.80697906 0.560695767
vn 0.505515933 0.83767575 0.206767768
vn 0 -1 0
vn 0.185486004 -0.806983471 0.56068933
vn -0.185487717 -0.806978106 0.560696602
vn 0 1 0
vn -0.18548508 0.806985497 0.560686827
vn 0.18548587 0.80697906 0.560695767
vn 0 -1 0
vn -0.185487717 -0.806978106 0.560696602
vn -0.5055179 -0.837674499 0.206768423
vn 0 1 0
vn -0.5055179 0.837673843 0.206770837
vn -0.18548508 0.806985497 0.560686827
vn 0 -1 0
vn -0.5055179 -0.837674499 0.206768423
vn -0.505520761 -0.837671399 -0.206773534
vn 0 1 0
vn -0.505514979 0.837676287 -0.206768364
vn -0.5055179 0.837673843 0.206770837
vn 0 -1 0
vn -0.505520761 -0.837671399 -0.206773534
vn -0.185484096 -0.806983769 -0.560689688
vn 0 1 0
vn -0.185483009 0.80698061 -0.560694575
vn -0.505514979 0.837676287 -0.206768364
vn 0.44521153 0.472958654 0.760326684
vn -0.31556353 0.947971046 0.0420777537
vn -0.665040076 0.734555542 0.134721786
vn 0.44521153 0.472958654 0.760326684
vn -0.665040076 0.734555542 0.134721786
vn 0.133897886 -0.124795116 0.983106136
vn -0.31556353 0.947971046 0.0420777537
vn 0.230485842 0.47289148 -0.850441039
vn -0.0286431778 -0.0293134954 -0.999159813
vn -0.31556353 0.947971046 0.0420777537
vn -0.0286431778 -0.0293134954 -0.999159813
vn -0.665040076 0.734555542 0.134721786
vn 0.230485842 0.47289148 -0.850441039
vn 0.991221011 -0.00214376394 -0.132197708
vn 0.664574564 -0.743939221 -0.0699648261
vn 0.230485842 0.47289148 -0.850441039
vn 0.664574564 -0.743939221 -0.0699648261
vn -0.0286431778 -0.0293134954 -0.999159813
vn 0.991221011 -0.00214376394 -0.132197708
vn 0.44521153 0.472958654 0.760326684
vn 0.133897886 -0.124795116 0.983106136
vn 0.991221011 -0.00214376394 -0.132197708
vn 0.133897886 -0.124795116 0.983106136
vn 0.664574564 -0.743939221 -0.0699648261
vn 0.133897886 -0.124795116 0.983106136
vn -0.665040076 0.734555542 0.134721786
vn -0.947853804 0.308519244 0.0799314752
vn 0.133897886 -0.124795116 0.983106136
vn -0.947853804 0.308519244 0.0799314752
vn -0.203859329 0.0374956243 0.978281915
vn -0.665040076 0.734555542 0.134721786
vn -0.0286431778 -0.0293134954 -0.999159813
vn -0.355365187 0.103403419 -0.928990483
vn -0.665040076 0.734555542 0.134721786
vn -0.355365187 0.103403419 -0.928990483
vn -0.947853804 0.308519244 0.0799314752
vn -0.0286431778 -0.0293134954 -0.999159813
vn 0.664574564 -0.743939221 -0.0699648261
vn 0.90319705 -0.389739305 -0.17982848
vn -0.0286431778 -0.0293134954 -0.999159813
vn 0.90319705 -0.389739305 -0.17982848
vn -0.355365187 0.103403419 -0.928990483
vn 0.664574564 -0.743939221 -0.0699648261
vn 0.133897886 -0.124795116 0.983106136
vn -0.203859329 0.0374956243 0.978281915
vn 0.664574564 -0.743939221 -0.0699648261
vn -0.203859329 0.0374956243 0.978281915
vn 0.90319705 -0.389739305 -0.17982848
vn -0.203859329 0.0374956243 0.978281915
vn -0.947853804 0.308519244 0.0799314752
vn -0.543817699 -0.834462881 0.0890735611
vn -0.203859329 0.0374956243 0.978281915
vn -0.543817699 -0.834462881 0.0890735611
vn 0.288259536 -0.51445055 0.807618201
vn -0.947853804 0.308519244 0.0799314752
vn -0.355365187 0.103403419 -0.928990483
vn 0.127087682 -0.594314992 -0.794127464
vn -0.947853804 0.308519244 0.0799314752
vn 0.127087682 -0.594314992 -0.794127464
vn -0.543817699 -0.834462881 0.0890735611
vn -0.355365187 0.103403419 -0.928990483
vn 0.90319705 -0.389739305 -0.17982848
vn 0.958891869 -0.273469806 -0.0757668763
vn -0.355365187 0.103403419 -0.928990483
vn 0.958891869 -0.273469806 -0.0757668763
vn 0.127087682 -0.594314992 -0.794127464
vn 0.90319705 -0.389739305 -0.17982848
vn -0.203859329 0.0374956243 0.978281915
vn 0.288259536 -0.51445055 0.807618201
vn 0.90319705 -0.389739305 -0.17982848
vn 0.288259536 -0.51445055 0.807618201
vn 0.958891869 -0.273469806 -0.0757668763
vn 0.579503715 0.811298549 -0.0772669837
vn -0.31556353 0.947971046 0.0420777537
vn 0.44521153 0.472958654 0.760326684
vn 0.351090074 -0.936268508 0.0117132012
vn 0.288259536 -0.51445055 0.807618201
vn -0.543817699 -0.834462881 0.0890735611
vn 0.579503715 0.811298549 -0.0772669837
vn 0.230485842 0.47289148 -0.850441039
vn -0.31556353 0.947971046 0.0420777537
vn 0.351090074 -0.936268508 0.0117132012
vn -0.543817699 -0.834462881 0.0890735611
vn 0.127087682 -0.594314992 -0.794127464
vn 0.579503715 0.811298549 -0.0772669837
vn 0.991221011 -0.00214376394 -0.132197708
vn 0.230485842 0.47289148 -0.850441039
vn 0.351090074 -0.936268508 0.0117132012
vn 0.127087682 -0.594314992 -0.794127464
vn 0.958891869 -0.273469806 -0.0757668763
vn 0.579503715 0.811298549 -0.0772669837
vn 0.44521153 0.472958654 0.760326684
vn 0.991221011 -0.00214376394 -0.132197708
vn 0.351090074 -0.936268508 0.0117132012
vn 0.958891869 -0.273469806 -0.0757668763
vn 0.288259536 -0.51445055 0.807618201
vn -0.230282456 0.473104954 -0.850377381
vn 0.315609097 0.947963893 0.0418974496
vn 0.666086733 0.734360933 0.13054727
vn -0.230282456 0.473104954 -0.850377381
vn 0.666086733 0.734360933 0.13054727
vn 0.0305307973 -0.0257934984 -0.99920094
vn 0.315609097 0.947963893 0.0418974496
vn -0.445391834 0.472770572 0.760338068
vn -0.133613512 -0.129464373 0.982540846
vn 0.315609097 0.947963893 0.0418974496
vn -0.133613512 -0.129464373 0.982540846
vn 0.666086733 0.734360933 0.13054727
vn -0.445391834 0.472770572 0.760338068
vn -0.991259634 -0.00211825198 -0.131908223
vn -0.663553596 -0.745163918 -0.0665376782
vn -0.445391834 0.472770572 0.760338068
vn -0.663553596 -0.745163918 -0.0665376782
vn -0.133613512 -0.129464373 0.982540846
vn -0.991259634 -0.00211825198 -0.131908223
vn -0.230282456 0.473104954 -0.850377381
vn 0.0305307973 -0.0257934984 -0.99920094
vn -0.991259634 -0.00211825198 -0.131908223
vn 0.0305307973 -0.0257934984 -0.99920094
vn -0.663553596 -0.745163918 -0.0665376782
vn 0.0305307973 -0.0257934984 -0.99920094
vn 0.666086733 0.734360933 0.13054727
vn 0.947506845 0.310343385 0.0769264922
vn 0.0305307973 -0.0257934984 -0.99920094
vn 0.947506845 0.310343385 0.0769264922
vn 0.354828328 0.113207966 -0.928052187
vn 0.666086733 0.734360933 0.13054727
vn -0.133613512 -0.129464373 0.982540846
vn 0.202675536 0.0293263011 0.978806734
vn 0.666086733 0.734360933 0.13054727
vn 0.202675536 0.0293263011 0.978806734
vn 0.947506845 0.310343385 0.0769264922
vn -0.133613512 -0.129464373 0.982540846
vn -0.663553596 -0.745163918 -0.0665376782
vn -0.904754579 -0.39076522 -0.169474527
vn -0.133613512 -0.129464373 0.982540846
vn -0.904754579 -0.39076522 -0.169474527
vn 0.202675536 0.0293263011 0.978806734
vn -0.663553596 -0.745163918 -0.0665376782
vn 0.0305307973 -0.0257934984 -0.99920094
vn 0.354828328 0.113207966 -0.928052187
vn -0.663553596 -0.745163918 -0.0665376782
vn 0.354828328 0.113207966 -0.928052187
vn -0.904754579 -0.39076522 -0.169474527
vn 0.354828328 0.113207966 -0.928052187
vn 0.947506845 0.310343385 0.0769264922
vn 0.54336828 -0.834088683 0.0951160118
vn 0.354828328 0.113207966 -0.928052187
vn 0.54336828 -0.834088683 0.0951160118
vn -0.132388934 -0.592851818 -0.794355035
vn 0.947506845 0.310343385 0.0769264922
vn 0.202675536 0.0293263011 0.978806734
vn -0.282768995 -0.515975177 0.808586061
vn 0.947506845 0.310343385 0.0769264922
vn -0.282768995 -0.515975177 0.808586061
vn 0.54336828 -0.834088683 0.0951160118
vn 0.202675536 0.0293263011 0.978806734
vn -0.904754579 -0.39076522 -0.169474527
vn -0.958372235 -0.273859292 -0.0807688683
vn 0.202675536 0.0293263011 0.978806734
vn -0.958372235 -0.273859292 -0.0807688683
vn -0.282768995 -0.515975177 0.808586061
vn -0.904754579 -0.39076522 -0.169474527
vn 0.354828328 0.113207966 -0.928052187
vn -0.132388934 -0.592851818 -0.794355035
vn -0.904754579 -0.39076522 -0.169474527
vn -0.132388934 -0.592851818 -0.794355035
vn -0.958372235 -0.273859292 -0.0807688683
vn -0.579503715 0.811298549 -0.0772669837
vn 0.315609097 0.947963893 0.0418974496
vn -0.230282456 0.473104954 -0.850377381
vn -0.351090074 -0.936268508 0.0117132012
vn -0.132388934 -0.592851818 -0.794355035
vn 0.54336828 -0.834088683 0.0951160118
vn -0.579503715 0.811298549 -0.0772669837
vn -0.445391834 0.472770572 0.760338068
vn 0.315609097 0.947963893 0.0418974496
vn -0.351090074 -0.936268508 0.0117132012
vn 0.54336828 -0.834088683 0.0951160118
vn -0.282768995 -0.515975177 0.808586061
vn -0.579503715 0.811298549 -0.0772669837
vn -0.991259634 -0.00211825198 -0.131908223
vn -0.445391834 0.472770572 0.760338068
vn -0.351090074 -0.936268508 0.0117132012
vn -0.282768995 -0.515975177 0.808586061
vn -0.958372235 -0.273859292 -0.0807688683
vn -0.579503715 0.811298549 -0.0772669837
vn -0.230282456 0.473104954 -0.850377381
vn -0.991259634 -0.00211825198 -0.131908223
vn -0.351090074 -0.936268508 0.0117132012
vn -0.958372235 -0.273859292 -0.0807688683
vn -0.132388934 -0.592851818 -0.794355035
vn -0.572159886 -0.0700465292 -0.817145407
vn -0.677188516 0.685572088 -0.26722014
vn -0.0304631777 0.954490542 -0.296681106
vn -0.572159886 -0.0700465292 -0.817145407
vn -0.0304631777 0.954490542 -0.296681106
vn 0.00789403636 0.0312387925 -0.999480784
vn -0.677188516 0.685572088 -0.26722014
vn -0.669596493 0.396956772 0.627746701
vn -0.0357862078 0.605881333 0.794749737
vn -0.677188516 0.685572088 -0.26722014
vn -0.0357862078 0.605881333 0.794749737
vn -0.0304631777 0.954490542 -0.296681106
vn -0.669596493 0.396956772 0.627746701
vn -0.559809983 -0.537112832 0.630969584
vn -0.000903747336 -0.562258542 0.826960981
vn -0.669596493 0.396956772 0.627746701
vn -0.000903747336 -0.562258542 0.826960981
vn -0.0357862078 0.605881333 0.794749737
vn -0.559809983 -0.537112832 0.630969584
vn -0.499581039 -0.825701714 -0.261983722
vn 0.0273395628 -0.949567139 -0.312369674
vn -0.559809983 -0.537112832 0.630969584
vn 0.0273395628 -0.949567139 -0.312369674
vn -0.000903747336 -0.562258542 0.826960981
vn -0.499581039 -0.825701714 -0.261983722
vn -0.572159886 -0.0700465292 -0.817145407
vn 0.00789403636 0.0312387925 -0.999480784
vn -0.499581039 -0.825701714 -0.261983722
vn 0.00789403636 0.0312387925 -0.999480784
vn 0.0273395628 -0.949567139 -0.312369674
vn 0.00789403636 0.0312387925 -0.999480784
vn -0.0304631777 0.954490542 -0.296681106
vn 0.0588080287 0.950497866 -0.305115402
vn 0.00789403636 0.0312387925 -0.999480784
vn 0.0588080287 0.950497866 -0.305115402
vn -0.00879966281 0.000498779467 -0.999961197
vn -0.0304631777 0.954490542 -0.296681106
vn -0.0357862078 0.605881333 0.794749737
vn 0.0530623943 0.585372508 0.809026301
vn -0.0304631777 0.954490542 -0.296681106
vn 0.0530623943 0.585372508 0.809026301
vn 0.0588080287 0.950497866 -0.305115402
vn -0.0357862078 0.605881333 0.794749737
vn -0.000903747336 -0.562258542 0.826960981
vn -0.0174917113 -0.582906008 0.812351286
vn -0.0357862078 0.605881333 0.794749737
vn -0.0174917113 -0.582906008 0.812351286
vn 0.0530623943 0.585372508 0.809026301
vn -0.000903747336 -0.562258542 0.826960981
vn 0.0273395628 -0.949567139 -0.312369674
vn -0.0561759211 -0.951313019 -0.303064138
vn -0.000903747336 -0.562258542 0.826960981
vn -0.0561759211 -0.951313019 -0.303064138
vn -0.0174917113 -0.582906008 0.812351286
vn 0.0273395628 -0.949567139 -0.312369674
vn 0.00789403636 0.0312387925 -0.999480784
vn -0.00879966281 0.000498779467 -0.999961197
vn 0.0273395628 -0.949567139 -0.312369674
vn -0.00879966281 0.000498779467 -0.999961197
vn -0.0561759211 -0.951313019 -0.303064138
vn -0.00879966281 0.000498779467 -0.999961197
vn 0.0588080287 0.950497866 -0.305115402
vn 0.640403986 0.720518053 -0.265963167
vn -0.00879966281 0.000498779467 -0.999961197
vn 0.640403986 0.720518053 -0.265963167
vn 0.57507509 -0.038552925 -0.81719166
vn 0.0588080287 0.950497866 -0.305115402
vn 0.0530623943 0.585372508 0.809026301
vn 0.647930086 0.430329442 0.628492713
vn 0.0588080287 0.950497866 -0.305115402
vn 0.647930086 0.430329442 0.628492713
vn 0.640403986 0.720518053 -0.265963167
vn 0.0530623943 0.585372508 0.809026301
vn -0.0174917113 -0.582906008 0.812351286
vn 0.587254047 -0.508083344 0.630066693
vn 0.0530623943 0.585372508 0.809026301
vn 0.587254047 -0.508083344 0.630066693
vn 0.647930086 0.430329442 0.628492713
vn -0.0174917113 -0.582906008 0.812351286
vn -0.0561759211 -0.951313019 -0.303064138
vn 0.542228043 -0.797872365 -0.263416827
vn -0.0174917113 -0.582906008 0.812351286
vn 0.542228043 -0.797872365 -0.263416827
vn 0.587254047 -0.508083344 0.630066693
vn -0.0561759211 -0.951313019 -0.303064138
vn -0.00879966281 0.000498779467 -0.999961197
vn 0.57507509 -0.038552925 -0.81719166
vn -0.0561759211 -0.951313019 -0.303064138
vn 0.57507509 -0.038552925 -0.81719166
vn 0.542228043 -0.797872365 -0.263416827
vn -0.99272722 -0.116791368 -0.0291999578
vn -0.677188516 0.685572088 -0.26722014
vn -0.572159886 -0.0700465292 -0.817145407
vn 0.997483611 -0.0645436198 -0.0293368082
vn 0.57507509 -0.038552925 -0.81719166
vn 0.640403986 0.720518053 -0.265963167
vn -0.99272722 -0.116791368 -0.0291999578
vn -0.669596493 0.396956772 0.627746701
vn -0.677188516 0.685572088 -0.26722014
vn 0.997483611 -0.0645436198 -0.0293368082
vn 0.640403986 0.720518053 -0.265963167
vn 0.647930086 0.430329442 0.628492713
vn -0.99272722 -0.116791368 -0.0291999578
vn -0.559809983 -0.537112832 0.630969584
vn -0.669596493 0.396956772 0.627746701
vn 0.997483611 -0.0645436198 -0.0293368082
vn 0.647930086 0.430329442 0.628492713
vn 0.587254047 -0.508083344 0.630066693
vn -0.99272722 -0.116791368 -0.0291999578
vn -0.499581039 -0.825701714 -0.261983722
vn -0.559809983 -0.537112832 0.630969584
vn 0.997483611 -0.0645436198 -0.0293368082
vn 0.587254047 -0.508083344 0.630066693
vn 0.542228043 -0.797872365 -0.263416827
vn -0.99272722 -0.116791368 -0.0291999578
vn -0.572159886 -0.0700465292 -0.817145407
vn -0.499581039 -0.825701714 -0.261983722
vn 0.997483611 -0.0645436198 -0.0293368082
vn 0.542228043 -0.797872365 -0.263416827
vn 0.57507509 -0.038552925 -0.81719166
f 1/1/1 10/2/2 2/3/3
f 1/4/4 9/5/5 10/6/6
f 2/7/7 11/8/8 3/9/9
f 2/10/10 10/11/11 11/12/12
f 3/13/13 12/14/14 4/15/15
f 3/16/16 11/17/17 12/18/18
f 4/19/19 13/20/20 5/21/21
f 4/22/22 12/23/23 13/24/24
f 5/25/25 14/26/26 6/27/27
f 5/28/28 13/29/29 14/30/30
f 6/31/31 15/32/32 7/33/33
f 6/34/34 14/35/35 15/36/36
f 7/37/37 16/38/38 8/39/39
f 7/40/40 15/41/41 16/42/42
f 8/43/43 9/44/44 1/45/45
f 8/46/46 16/47/47 9/48/48
f 9/49/49 18/50/50 10/51/51
f 9/52/52 17/53/53 18/54/54
f 10/55/55 19/56/56 11/57/57
f 10/58/58 18/59/59 19/60/60
f 11/61/61 20/62/62 12/63/63
f 11/64/64 19/65/65 20/66/66
f 12/67/67 21/68/68 13/69/69
f 12/70/70 20/71/71 21/72/72
f 13/73/73 22/74/74 14/75/75
f 13/76/76 21/77/77 22/78/78
f 14/79/79 23/80/80 15/81/81
f 14/82/82 22/83/83 23/84/84
f 15/85/85 24/86/86 16/87/87
f 15/88/88 23/89/89 24/90/90
f 16/91/91 17/92/92 9/93/93
f 16/94/94 24/95/95 17/96/96
f 17/97/97 26/98/98 18/99/99
f 17/100/100 25/101/101 26/102/102
f 18/103/103 27/104/104 19/105/105
f 18/106/106 26/107/107 27/108/108
f 19/109/109 28/110/110 20/111/111
f 19/112/112 27/113/113 28/114/114
f 20/115/115 29/116/116 21/117/117
f 20/118/118 28/119/119 29/120/120
f 21/121/121 30/122/122 22/123/123
f 21/124/124 29/125/125 30/126/126
f 22/127/127 31/128/128 23/129/129
f 22/130/130 30/131/131 31/132/132
f 23/133/133 32/134/134 24/135/135
f 23/136/136 31/137/137 32/138/138
f 24/139/139 25/140/140 17/141/141
f 24/142/142 32/143/143 25/144/144
f 33/145/145 1/146/146 2/147/147
f 34/148/148 26/149/149 25/150/150
f 33/151/151 2/152/152 3/153/153
f 34/154/154 27/155/155 26/156/156
f 33/157/157 3/158/158 4/159/159
f 34/160/160 28/161/161 27/162/162
f 33/163/163 4/164/164 5/165/165
f 34/166/166 29/167/167 28/168/168
f 33/169/169 5/170/170 6/171/171
f 34/172/172 30/173/173 29/174/174
f 33/175/175 6/176/176 7/177/177
f 34/178/178 31/179/179 30/180/180
f 33/181/181 7/182/182 8/183/183
f 34/184/184 32/185/185 31/186/186
f 33/187/187 8/188/188 1/189/189
f 34/190/190 25/191/191 32/192/192
f 35/193/193 44/194/194 36/195/195
f 35/196/196 43/197/197 44/198/198
f 36/199/199 45/200/200 37/201/201
f 36/202/202 44/203/203 45/204/204
f 37/205/205 46/206/206 38/207/207
f 37/208/208 45/209/209 46/210/210
f 38/211/211 47/212/212 39/213/213
f 38/214/214 46/215/215 47/216/216
f 39/217/217 48/218/218 40/219/219
f 39/220/220 47/221/221 48/222/222
f 40/223/223 49/224/224 41/225/225
f 40/226/226 48/227/227 49/228/228
f 41/229/229 50/230/230 42/231/231
f 41/232/232 49/233/233 50/234/234
f 42/235/235 43/236/236 35/237/237
f 42/238/238 50/239/239 43/240/240
f 43/241/241 52/242/242 44/243/243
f 43/244/244 51/245/245 52/246/246
f 44/247/247 53/248/248 45/249/249
f 44/250/250 52/251/251 53/252/252
f 45/253/253 54/254/254 46/255/255
f 45/256/256 53/257/257 54/258/258
f 46/259/259 55/260/260 47/261/261
f 46/262/262 54/263/263 55/264/264
f 47/265/265 56/266/266 48/267/267
f 47/268/268 55/269/269 56/270/270
f 48/271/271 57/272/272 49/273/273
f 48/274/274 56/275/275 57/276/276
f 49/277/277 58/278/278 50/279/279
f 49/280/280 57/281/281 58/282/282
f 50/283/283 51/284/284 43/285/285
f 50/286/286 58/287/287 51/288/288
f 51/289/289 60/290/290 52/291/291
f 51/292/292 59/293/293 60/294/294
f 52/295/295 61/296/296 53/297/297
f 52/298/298 60/299/299 61/300/300
f 53/301/301 62/302/302 54/303/303
f 53/304/304 61/305/305 62/306/306
f 54/307/307 63/308/308 55/309/309
f 54/310/310 62/311/311 63/312/312
f 55/313/313 64/314/314 56/315/315
f 55/316/316 63/317/317 64/318/318
f 56/319/319 65/320/320 57/321/321
f 56/322/322 64/323/323 65/324/324
f 57/325/325 66/326/326 58/327/327
f 57/328/328 65/329/329 66/330/330
f 58/331/331 59/332/332 51/333/333
f 58/334/334 66/335/335 59/336/336
f 67/337/337 35/338/338 36/339/339
f 68/340/340 60/341/341 59/342/342
f 67/343/343 36/344/344 37/345/345
f 68/346/346 61/347/347 60/348/348
f 67/349/349 37/350/350 38/351/351
f 68/352/352 62/353/353 61/354/354
f 67/355/355 38/356/356 39/357/357
f 68/358/358 63/359/359 62/360/360
f 67/361/361 39/362/362 40/363/363
f 68/364/364 64/365/365 63/366/366
f 67/367/367 40/368/368 41/369/369
f 68/370/370 65/371/371 64/372/372
f 67/373/373 41/374/374 42/375/375
f 68/376/376 66/377/377 65/378/378
f 67/379/379 42/380/380 35/381/381
f 68/382/382 59/383/383 66/384/384
f 69/385/385 78/386/386 70/387/387
f 69/388/388 77/389/389 78/390/390
f 70/391/391 79/392/392 71/393/393
f 70/394/394 78/395/395 79/396/396
f 71/397/397 80/398/398 72/399/399
f 71/400/400 79/401/401 80/402/402
f 72/403/403 81/404/404 73/405/405
f 72/406/406 80/407/407 81/408/408
f 73/409/409 82/410/410 74/411/411
f 73/412/412 81/413/413 82/414/414
f 74/415/415 83/416/416 75/417/417
f 74/418/418 82/419/419 83/420/420
f 75/421/421 84/422/422 76/423/423
f 75/424/424 83/425/425 84/426/426
f 76/427/427 77/428/428 69/429/429
f 76/430/430 84/431/431 77/432/432
f 77/433/433 86/434/434 78/435/435
f 77/436/436 85/437/437 86/438/438
f 78/439/439 87/440/440 79/441/441
f 78/442/442 86/443/443 87/444/444
f 79/445/445 88/446/446 80/447/447
f 79/448/448 87/449/449 88/450/450
f 80/451/451 89/452/452 81/453/453
f 80/454/454 88/455/455 89/456/456
f 81/457/457 90/458/458 82/459/459
f 81/460/460 89/461/461 90/462/462
f 82/463/463 91/464/464 83/465/465
f 82/466/466 90/467/467 91/468/468
f 83/469/469 92/470/470 84/471/471
f 83/472/472 91/473/473 92/474/474
f 84/475/475 85/476/476 77/477/477
f 84/478/478 92/479/479 85/480/480
f 85/481/481 94/482/482 86/483/483
f 85/484/484 93/485/485 94/486/486
f 86/487/487 95/488/488 87/489/489
f 86/490/490 94/491/491 95/492/492
f 87/493/493 96/494/494 88/495/495
f 87/496/496 95/497/497 96/498/498
f 88/499/499 97/500/500 89/501/501
f 88/502/502 96/503/503 97/504/504
f 89/505/505 98/506/506 90/507/507
f 89/508/508 97/509/509 98/510/510
f 90/511/511 99/512/512 91/513/513
f 90/514/514 98/515/515 99/516/516
f 91/517/517 100/518/518 92/519/519
f 91/520/520 99/521/521 100/522/522
f 92/523/523 93/524/524 85/525/525
f 92/526/526 100/527/527 93/528/528
f 101/529/529 69/530/530 70/531/531
f 102/532/532 94/533/533 93/534/534
f 101/535/535 70/536/536 71/537/537
f 102/538/538 95/539/539 94/540/540
f 101/541/541 71/542/542 72/543/543
f 102/544/544 96/545/545 95/546/546
f 101/547/547 72/548/548 73/549/549
f 102/550/550 97/551/551 96/552/552
f 101/553/553 73/554/554 74/555/555
f 102/556/556 98/557/557 97/558/558
f 101/559/559 74/560/560 75/561/561
f 102/562/562 99/563/563 98/564/564
f 101/565/565 75/566/566 76/567/567
f 102/568/568 100/569/569 99/570/570
f 101/571/571 76/572/572 69/573/573
f 102/574/574 93/575/575 100/576/576
f 103/577/577 112/578/578 104/579/579
f 103/580/580 111/581/581 112/582/582
f 104/583/583 113/584/584 105/585/585
f 104/586/586 112/587/587 113/588/588
f 105/589/589 114/590/590 106/591/591
f 105/592/592 113/593/593 114/594/594
f 106/595/595 115/596/596 107/597/597
f 106/598/598 114/599/599 115/600/600
f 107/601/601 116/602/602 108/603/603
f 107/604/604 115/605/605 116/606/606
f 108/607/607 117/608/608 109/609/609
f 108/610/610 116/611/611 117/612/612
f 109/613/613 118/614/614 110/615/615
f 109/616/616 117/617/617 118/618/618
f 110/619/619 111/620/620 103/621/621
f 110/622/622 118/623/623 111/624/624
f 111/625/625 120/626/626 112/627/627
f 111/628/628 119/629/629 120/630/630
f 112/631/631 121/632/632 113/633/633
f 112/634/634 120/635/635 121/636/636
f 113/637/637 122/638/638 114/639/639
f 113/640/640 121/641/641 122/642/642
f 114/643/643 123/644/644 115/645/645
f 114/646/646 122/647/647 123/648/648
f 115/649/649 124/650/650 116/651/651
f 115/652/652 123/653/653 124/654/654
f 116/655/655 125/656/656 117/657/657
f 116/658/658 124/659/659 125/660/660
f 117/661/661 126/662/662 118/663/663
f 117/664/664 125/665/665 126/666/666
f 118/667/667 119/668/668 111/669/669
f 118/670/670 126/671/671 119/672/672
f 119/673/673 128/674/674 120/675/675
f 119/676/676 127/677/677 128/678/678
f 120/679/679 129/680/680 121/681/681
f 120/682/682 128/683/683 129/684/684
f 121/685/685 130/686/686 122/687/687
f 121/688/688 129/689/689 130/690/690
f 122/691/691 131/692/692 123/693/693
f 122/694/694 130/695/695 131/696/696
f 123/697/697 132/698/698 124/699/699
f 123/700/700 131/701/701 132/702/702
f 124/703/703 133/704/704 125/705/705
f 124/706/706 132/707/707 133/708/708
f 125/709/709 134/710/710 126/711/711
f 125/712/712 133/713/713 134/714/714
f 126/715/715 127/716/716 119/717/717
f 126/718/718 134/719/719 127/720/720
f 135/721/721 103/722/722 104/723/723
f 136/724/724 128/725/725 127/726/726
f 135/727/727 104/728/728 105/729/729
f 136/730/730 129/731/731 128/732/732
f 135/733/733 105/734/734 106/735/735
f 136/736/736 130/737/737 129/738/738
f 135/739/739 106/740/740 107/741/741
f 136/742/742 131/743/743 130/744/744
f 135/745/745 107/746/746 108/747/747
f 136/748/748 132/749/749 131/750/750
f 135/751/751 108/752/752 109/753/753
f 136/754/754 133/755/755 132/756/756
f 135/757/757 109/758/758 110/759/759
f 136/760/760 134/761/761 133/762/762
f 135/763/763 110/764/764 103/765/765
f 136/766/766 127/767/767 134/768/768
f 137/769/769 146/770/770 138/771/771
f 137/772/772 145/773/773 146/774/774
f 138/775/775 147/776/776 139/777/777
f 138/778/778 146/779/779 147/780/780
f 139/781/781 148/782/782 140/783/783
f 139/784/784 147/785/785 148/786/786
f 140/787/787 149/788/788 141/789/789
f 140/790/790 148/791/791 149/792/792
f 141/793/793 150/794/794 142/795/795
f 141/796/796 149/797/797 150/798/798
f 142/799/799 151/800/800 143/801/801
f 142/802/802 150/803/803 151/804/804
f 143/805/805 152/806/806 144/807/807
f 143/808/808 151/809/809 152/810/810
f 144/811/811 145/812/812 137/813/813
f 144/814/814 152/815/815 145/816/816
f 145/817/817 154/818/818 146/819/819
f 145/820/820 153/821/821 154/822/822
f 146/823/823 155/824/824 147/825/825
f 146/826/826 154/827/827 155/828/828
f 147/829/829 156/830/830 148/831/831
f 147/832/832 155/833/833 156/834/834
f 148/835/835 157/836/836 149/837/837
f 148/838/838 156/839/839 157/840/840
f 149/841/841 158/842/842 150/843/843
f 149/844/844 157/845/845 158/846/846
f 150/847/847 159/848/848 151/849/849
f 150/850/850 158/851/851 159/852/852
f 151/853/853 160/854/854 152/855/855
f 151/856/856 159/857/857 160/858/858
f 152/859/859 153/860/860 145/861/861
f 152/862/862 160/863/863 153/864/864
f 153/865/865 162/866/866 154/867/867
f 153/868/868 161/869/869 162/870/870
f 154/871/871 163/872/872 155/873/873
f 154/874/874 162/875/875 163/876/876
f 155/877/877 164/878/878 156/879/879
f 155/880/880 163/881/881 164/882/882
f 156/883/883 165/884/884 157/885/885
f 156/886/886 164/887/887 165/888/888
f 157/889/889 166/890/890 158/891/891
f 157/892/892 165/893/893 166/894/894
f 158/895/895 167/896/896 159/897/897
f 158/898/898 166/899/899 167/900/900
f 159/901/901 168/902/902 160/903/903
f 159/904/904 167/905/905 168/906/906
f 160/907/907 161/908/908 153/909/909
f 160/910/910 168/911/911 161/912/912
f 169/913/913 137/914/914 138/915/915
f 170/916/916 162/917/917 161/918/918
f 169/919/919 138/920/920 139/921/921
f 170/922/922 163/923/923 162/924/924
f 169/925/925 139/926/926 140/927/927
f 170/928/928 164/929/929 163/930/930
f 169/931/931 140/932/932 141/933/933
f 170/934/934 165/935/935 164/936/936
f 169/937/937 141/938/938 142/939/939
f 170/940/940 166/941/941 165/942/942
f 169/943/943 142/944/944 143/945/945
f 170/946/946 167/947/947 166/948/948
f 169/949/949 143/950/950 144/951/951
f 170/952/952 168/953/953 167/954/954
f 169/955/955 144/956/956 137/957/957
f 170/958/958 161/959/959 168/960/960
f 171/961/961 180/962/962 172/963/963
f 171/964/964 179/965/965 180/966/966
f 172/967/967 181/968/968 173/969/969
f 172/970/970 180/971/971 181/972/972
f 173/973/973 182/974/974 174/975/975
f 173/976/976 181/977/977 182/978/978
f 174/979/979 183/980/980 175/981/981
f 174/982/982 182/983/983 183/984/984
f 175/985/985 184/986/986 176/987/987
f 175/988/988 183/989/989 184/990/990
f 176/991/991 185/992/992 177/993/993
f 176/994/994 184/995/995 185/996/996
f 177/997/997 186/998/998 178/999/999
f 177/1000/1000 185/1001/1001 186/1002/1002
f 178/1003/1003 179/1004/1004 171/1005/1005
f 178/1006/1006 186/1007/1007 179/1008/1008
f 179/1009/1009 188/1010/1010 180/1011/1011
f 179/1012/1012 187/1013/1013 188/1014/1014
f 180/1015/1015 189/1016/1016 181/1017/1017
f 180/1018/1018 188/1019/1019 189/1020/1020
f 181/1021/1021 190/1022/1022 182/1023/1023
f 181/1024/1024 189/1025/1025 190/1026/1026
f 182/1027/1027 191/1028/1028 183/1029/1029
f 182/1030/1030 190/1031/1031 191/1032/1032
f 183/1033/1033 192/1034/1034 184/1035/1035
f 183/1036/1036 191/1037/1037 192/1038/1038
f 184/1039/1039 193/1040/1040 185/1041/1041
f 184/1042/1042 192/1043/1043 193/1044/1044
f 185/1045/1045 194/1046/1046 186/1047/1047
f 185/1048/1048 193/1049/1049 194/1050/1050
f 186/1051/1051 187/1052/1052 179/1053/1053
f 186/1054/1054 194/1055/1055 187/1056/1056
f 187/1057/1057 196/1058/1058 188/1059/1059
f 187/1060/1060 195/1061/1061 196/1062/1062
f 188/1063/1063 197/1064/1064 189/1065/1065
f 188/1066/1066 196/1067/1067 197/1068/1068
f 189/1069/1069 198/1070/1070 190/1071/1071
f 189/1072/1072 197/1073/1073 198/1074/1074
f 190/1075/1075 199/1076/1076 191/1077/1077
f 190/1078/1078 198/1079/1079 199/1080/1080
f 191/1081/1081 200/1082/1082 192/1083/1083
f 191/1084/1084 199/1085/1085 200/1086/1086
f 192/1087/1087 201/1088/1088 193/1089/1089
f 192/1090/1090 200/1091/1091 201/1092/1092
f 193/1093/1093 202/1094/1094 194/1095/1095
f 193/1096/1096 201/1097/1097 202/1098/1098
f 194/1099/1099 195/1100/1100 187/1101/1101
f 194/1102/1102 202/1103/1103 195/1104/1104
f 203/1105/1105 171/1106/1106 172/1107/1107
f 204/1108/1108 196/1109/1109 195/1110/1110
f 203/1111/1111 172/1112/1112 173/1113/1113
f 204/1114/1114 197/1115/1115 196/1116/1116
f 203/1117/1117 173/1118/1118 174/1119/1119
f 204/1120/1120 198/1121/1121 197/1122/1122
f 203/1123/1123 174/1124/1124 175/1125/1125
f 204/1126/1126 199/1127/1127 198/1128/1128
f 203/1129/1129 175/1130/1130 176/1131/1131
f 204/1132/1132 200/1133/1133 199/1134/1134
f 203/1135/1135 176/1136/1136 177/1137/1137
f 204/1138/1138 201/1139/1139 200/1140/1140
f 203/1141/1141 177/1142/1142 178/1143/1143
f 204/1144/1144 202/1145/1145 201/1146/1146
f 203/1147/1147 178/1148/1148 171/1149/1149
f 204/1150/1150 195/1151/1151 202/1152/1152
f 205/1153/1153 214/1154/1154 206/1155/1155
f 205/1156/1156 213/1157/1157 214/1158/1158
f 206/1159/1159 215/1160/1160 207/1161/1161
f 206/1162/1162 214/1163/1163 215/1164/1164
f 207/1165/1165 216/1166/1166 208/1167/1167
f 207/1168/1168 215/1169/1169 216/1170/1170
f 208/1171/1171 217/1172/1172 209/1173/1173
f 208/1174/1174 216/1175/1175 217/1176/1176
f 209/1177/1177 218/1178/1178 210/1179/1179
f 209/1180/1180 217/1181/1181 218/1182/1182
f 210/1183/1183 219/1184/1184 211/1185/1185
f 210/1186/1186 218/1187/1187 219/1188/1188
f 211/1189/1189 220/1190/1190 212/1191/1191
f 211/1192/1192 219/1193/1193 220/1194/1194
f 212/1195/1195 213/1196/1196 205/1197/1197
f 212/1198/1198 220/1199/1199 213/1200/1200
f 213/1201/1201 222/1202/1202 214/1203/1203
f 213/1204/1204 221/1205/1205 222/1206/1206
f 214/1207/1207 223/1208/1208 215/1209/1209
f 214/1210/1210 222/1211/1211 223/1212/1212
f 215/1213/1213 224/1214/1214 216/1215/1215
f 215/1216/1216 223/1217/1217 224/1218/1218
f 216/1219/1219 225/1220/1220 217/1221/1221
f 216/1222/1222 224/1223/1223 225/1224/1224
f 217/1225/1225 226/1226/1226 218/1227/1227
f 217/1228/1228 225/1229/1229 226/1230/1230
f 218/1231/1231 227/1232/1232 219/1233/1233
f 218/1234/1234 226/1235/1235 227/1236/1236
f 219/1237/1237 228/1238/1238 220/1239/1239
f 219/1240/1240 227/1241/1241 228/1242/1242
f 220/1243/1243 221/1244/1244 213/1245/1245
f 220/1246/1246 228/1247/1247 221/1248/1248
f 221/1249/1249 230/1250/1250 222/1251/1251
f 221/1252/1252 229/1253/1253 230/1254/1254
f 222/1255/1255 231/1256/1256 223/1257/1257
f 222/1258/1258 230/1259/1259 231/1260/1260
f 223/1261/1261 232/1262/1262 224/1263/1263
f 223/1264/1264 231/1265/1265 232/1266/1266
f 224/1267/1267 233/1268/1268 225/1269/1269
f 224/1270/1270 232/1271/1271 233/1272/1272
f 225/1273/1273 234/1274/1274 226/1275/1275
f 225/1276/1276 233/1277/1277 234/1278/1278
f 226/1279/1279 235/1280/1280 227/1281/1281
f 226/1282/1282 234/1283/1283 235/1284/1284
f 227/1285/1285 236/1286/1286 228/1287/1287
f 227/1288/1288 235/1289/1289 236/1290/1290
f 228/1291/1291 229/1292/1292 221/1293/1293
f 228/1294/1294 236/1295/1295 229/1296/1296
f 237/1297/1297 205/1298/1298 206/1299/1299
f 238/1300/1300 230/1301/1301 229/1302/1302
f 237/1303/1303 206/1304/1304 207/1305/1305
f 238/1306/1306 231/1307/1307 230/1308/1308
f 237/1309/1309 207/1310/1310 208/1311/1311
f 238/1312/1312 232/1313/1313 231/1314/1314
f 237/1315/1315 208/1316/1316 209/1317/1317
f 238/1318/1318 233/1319/1319 232/1320/1320
f 237/1321/1321 209/1322/1322 210/1323/1323
f 238/1324/1324 234/1325/1325 233/1326/1326
f 237/1327/1327 210/1328/1328 211/1329/1329
f 238/1330/1330 235/1331/1331 234/1332/1332
f 237/1333/1333 211/1334/1334 212/1335/1335
f 238/1336/1336 236/1337/1337 235/1338/1338
f 237/1339/1339 212/1340/1340 205/1341/1341
f 238/1342/1342 229/1343/1343 236/1344/1344
f 239/1345/1345 248/1346/1346 240/1347/1347
f 239/1348/1348 247/1349/1349 248/1350/1350
f 240/1351/1351 249/1352/1352 241/1353/1353
f 240/1354/1354 248/1355/1355 249/1356/1356
f 241/1357/1357 250/1358/1358 242/1359/1359
f 241/1360/1360 249/1361/1361 250/1362/1362
f 242/1363/1363 251/1364/1364 243/1365/1365
f 242/1366/1366 250/1367/1367 251/1368/1368
f 243/1369/1369 252/1370/1370 244/1371/1371
f 243/1372/1372 251/1373/1373 252/1374/1374
f 244/1375/1375 253/1376/1376 245/1377/1377
f 244/1378/1378 252/1379/1379 253/1380/1380
f 245/1381/1381 254/1382/1382 246/1383/1383
f 245/1384/1384 253/1385/1385 254/1386/1386
f 246/1387/1387 247/1388/1388 239/1389/1389
f 246/1390/1390 254/1391/1391 247/1392/1392
f 247/1393/1393 256/1394/1394 248/1395/1395
f 247/1396/1396 255/1397/1397 256/1398/1398
f 248/1399/1399 257/1400/1400 249/1401/1401
f 248/1402/1402 256/1403/1403 257/1404/1404
f 249/1405/1405 258/1406/1406 250/1407/1407
f 249/1408/1408 257/1409/1409 258/1410/1410
f 250/1411/1411 259/1412/1412 251/1413/1413
f 250/1414/1414 258/1415/1415 259/1416/1416
f 251/1417/1417 260/1418/1418 252/1419/1419
f 251/1420/1420 259/1421/1421 260/1422/1422
f 252/1423/1423 261/1424/1424 253/1425/1425
f 252/1426/1426 260/1427/1427 261/1428/1428
f 253/1429/1429 262/1430/1430 254/1431/1431
f 253/1432/1432 261/1433/1433 262/1434/1434
f 254/1435/1435 255/1436/1436 247/1437/1437
f 254/1438/1438 262/1439/1439 255/1440/1440
f 255/1441/1441 264/1442/1442 256/1443/1443
f 255/1444/1444 263/1445/1445 264/1446/1446
f 256/1447/1447 265/1448/1448 257/1449/1449
f 256/1450/1450 264/1451/1451 265/1452/1452
f 257/1453/1453 266/1454/1454 258/1455/1455
f 257/1456/1456 265/1457/1457 266/1458/1458
f 258/1459/1459 267/1460/1460 259/1461/1461
f 258/1462/1462 266/1463/1463 267/1464/1464
f 259/1465/1465 268/1466/1466 260/1467/1467
f 259/1468/1468 267/1469/1469 268/1470/1470
f 260/1471/1471 269/1472/1472 261/1473/1473
f 260/1474/1474 268/1475/1475 269/1476/1476
f 261/1477/1477 270/1478/1478 262/1479/1479
f 261/1480/1480 269/1481/1481 270/1482/1482
f 262/1483/1483 263/1484/1484 255/1485/1485
f 262/1486/1486 270/1487/1487 263/1488/1488
f 271/1489/1489 239/1490/1490 240/1491/1491
f 272/1492/1492 264/1493/1493 263/1494/1494
f 271/1495/1495 240/1496/1496 241/1497/1497
f 272/1498/1498 265/1499/1499 264/1500/1500
f 271/1501/1501 241/1502/1502 242/1503/1503
f 272/1504/1504 266/1505/1505 265/1506/1506
f 271/1507/1507 242/1508/1508 243/1509/1509
f 272/1510/1510 267/1511/1511 266/1512/1512
f 271/1513/1513 243/1514/1514 244/1515/1515
f 272/1516/1516 268/1517/1517 267/1518/1518
f 271/1519/1519 244/1520/1520 245/1521/1521
f 272/1522/1522 269/1523/1523 268/1524/1524
f 271/1525/1525 245/1526/1526 246/1527/1527
f 272/1528/1528 270/1529/1529 269/1530/1530
f 271/1531/1531 246/1532/1532 239/1533/1533
f 272/1534/1534 263/1535/1535 270/1536/1536
f 273/1537/1537 282/1538/1538 274/1539/1539
f 273/1540/1540 281/1541/1541 282/1542/1542
f 274/1543/1543 283/1544/1544 275/1545/1545
f 274/1546/1546 282/1547/1547 283/1548/1548
f 275/1549/1549 284/1550/1550 276/1551/1551
f 275/1552/1552 283/1553/1553 284/1554/1554
f 276/1555/1555 285/1556/1556 277/1557/1557
f 276/1558/1558 284/1559/1559 285/1560/1560
f 277/1561/1561 286/1562/1562 278/1563/1563
f 277/1564/1564 285/1565/1565 286/1566/1566
f 278/1567/1567 287/1568/1568 279/1569/1569
f 278/1570/1570 286/1571/1571 287/1572/1572
f 279/1573/1573 288/1574/1574 280/1575/1575
f 279/1576/1576 287/1577/1577 288/1578/1578
f 280/1579/1579 281/1580/1580 273/1581/1581
f 280/1582/1582 288/1583/1583 281/1584/1584
f 281/1585/1585 290/1586/1586 282/1587/1587
f 281/1588/1588 289/1589/1589 290/1590/1590
f 282/1591/1591 291/1592/1592 283/1593/1593
f 282/1594/1594 290/1595/1595 291/1596/1596
f 283/1597/1597 292/1598/1598 284/1599/1599
f 283/1600/1600 291/1601/1601 292/1602/1602
f 284/1603/1603 293/1604/1604 285/1605/1605
f 284/1606/1606 292/1607/1607 293/1608/1608
f 285/1609/1609 294/1610/1610 286/1611/1611
f 285/1612/1612 293/1613/1613 294/1614/1614
f 286/1615/1615 295/1616/1616 287/1617/1617
f 286/1618/1618 294/1619/1619 295/1620/1620
f 287/1621/1621 296/1622/1622 288/1623/1623
f 287/1624/1624 295/1625/1625 296/1626/1626
f 288/1627/1627 289/1628/1628 281/1629/1629
f 288/1630/1630 296/1631/1631 289/1632/1632
f 289/1633/1633 298/1634/1634 290/1635/1635
f 289/1636/1636 297/1637/1637 298/1638/1638
f 290/1639/1639 299/1640/1640 291/1641/1641
f 290/1642/1642 298/1643/1643 299/1644/1644
f 291/1645/1645 300/1646/1646 292/1647/1647
f 291/1648/1648 299/1649/1649 300/1650/1650
f 292/1651/1651 301/1652/1652 293/1653/1653
f 292/1654/1654 300/1655/1655 301/1656/1656
f 293/1657/1657 302/1658/1658 294/1659/1659
f 293/1660/1660 301/1661/1661 302/1662/1662
f 294/1663/1663 303/1664/1664 295/1665/1665
f 294/1666/1666 302/1667/1667 303/1668/1668
f 295/1669/1669 304/1670/1670 296/1671/1671
f 295/1672/1672 303/1673/1673 304/1674/1674
f 296/1675/1675 297/1676/1676 289/1677/1677
f 296/1678/1678 304/1679/1679 297/1680/1680
f 305/1681/1681 273/1682/1682 274/1683/1683
f 306/1684/1684 298/1685/1685 297/1686/1686
f 305/1687/1687 274/1688/1688 275/1689/1689
f 306/1690/1690 299/1691/1691 298/1692/1692
f 305/1693/1693 275/1694/1694 276/1695/1695
f 306/1696/1696 300/1697/1697 299/1698/1698
f 305/1699/1699 276/1700/1700 277/1701/1701
f 306/1702/1702 301/1703/1703 300/1704/1704
f 305/1705/1705 277/1706/1706 278/1707/1707
f 306/1708/1708 302/1709/1709 301/1710/1710
f 305/1711/1711 278/1712/1712 279/1713/1713
f 306/1714/1714 303/1715/1715 302/1716/1716
f 305/1717/1717 279/1718/1718 280/1719/1719
f 306/1720/1720 304/1721/1721 303/1722/1722
f 305/1723/1723 280/1724/1724 273/1725/1725
f 306/1726/1726 297/1727/1727 304/1728/1728
f 307/1729/1729 316/1730/1730 308/1731/1731
f 307/1732/1732 315/1733/1733 316/1734/1734
f 308/1735/1735 317/1736/1736 309/1737/1737
f 308/1738/1738 316/1739/1739 317/1740/1740
f 309/1741/1741 318/1742/1742 310/1743/1743
f 309/1744/1744 317/1745/1745 318/1746/1746
f 310/1747/1747 319/1748/1748 311/1749/1749
f 310/1750/1750 318/1751/1751 319/1752/1752
f 311/1753/1753 320/1754/1754 312/1755/1755
f 311/1756/1756 319/1757/1757 320/1758/1758
f 312/1759/1759 321/1760/1760 313/1761/1761
f 312/1762/1762 320/1763/1763 321/1764/1764
f 313/1765/1765 322/1766/1766 314/1767/1767
f 313/1768/1768 321/1769/1769 322/1770/1770
f 314/1771/1771 315/1772/1772 307/1773/1773
f 314/1774/1774 322/1775/1775 315/1776/1776
f 315/1777/1777 324/1778/1778 316/1779/1779
f 315/1780/1780 323/1781/1781 324/1782/1782
f 316/1783/1783 325/1784/1784 317/1785/1785
f 316/1786/1786 324/1787/1787 325/1788/1788
f 317/1789/1789 326/1790/1790 318/1791/1791
f 317/1792/1792 325/1793/1793 326/1794/1794
f 318/1795/1795 327/1796/1796 319/1797/1797
f 318/1798/1798 326/1799/1799 327/1800/1800
f 319/1801/1801 328/1802/1802 320/1803/1803
f 319/1804/1804 327/1805/1805 328/1806/1806
f 320/1807/1807 329/1808/1808 321/1809/1809
f 320/1810/1810 328/1811/1811 329/1812/1812
f 321/1813/1813 330/1814/1814 322/1815/1815
f 321/1816/1816 329/1817/1817 330/1818/1818
f 322/1819/1819 323/1820/1820 315/1821/1821
f 322/1822/1822 330/1823/1823 323/1824/1824
f 323/1825/1825 332/1826/1826 324/1827/1827
f 323/1828/1828 331/1829/1829 332/1830/1830
f 324/1831/1831 333/1832/1832 325/1833/1833
f 324/1834/1834 332/1835/1835 333/1836/1836
f 325/1837/1837 334/1838/1838 326/1839/1839
f 325/1840/1840 333/1841/1841 334/1842/1842
f 326/1843/1843 335/1844/1844 327/1845/1845
f 326/1846/1846 334/1847/1847 335/1848/1848
f 327/1849/1849 336/1850/1850 328/1851/1851
f 327/1852/1852 335/1853/1853 336/1854/1854
f 328/1855/1855 337/1856/1856 329/1857/1857
f 328/1858/1858 336/1859/1859 337/1860/1860
f 329/1861/1861 338/1862/1862 330/1863/1863
f 329/1864/1864 337/1865/1865 338/1866/1866
f 330/1867/1867 331/1868/1868 323/1869/1869
f 330/1870/1870 338/1871/1871 331/1872/1872
f 339/1873/1873 307/1874/1874 308/1875/1875
f 340/1876/1876 332/1877/1877 331/1878/1878
f 339/1879/1879 308/1880/1880 309/1881/1881
f 340/1882/1882 333/1883/1883 332/1884/1884
f 339/1885/1885 309/1886/1886 310/1887/1887
f 340/1888/1888 334/1889/1889 333/1890/1890
f 339/1891/1891 310/1892/1892 311/1893/1893
f 340/1894/1894 335/1895/1895 334/1896/1896
f 339/1897/1897 311/1898/1898 312/1899/1899
f 340/1900/1900 336/1901/1901 335/1902/1902
f 339/1903/1903 312/1904/1904 313/1905/1905
f 340/1906/1906 337/1907/1907 336/1908/1908
f 339/1909/1909 313/1910/1910 314/1911/1911
f 340/1912/1912 338/1913/1913 337/1914/1914
f 339/1915/1915 314/1916/1916 307/1917/1917
f 340/1918/1918 331/1919/1919 338/1920/1920
f 341/1921/1921 350/1922/1922 342/1923/1923
f 341/1924/1924 349/1925/1925 350/1926/1926
f 342/1927/1927 351/1928/1928 343/1929/1929
f 342/1930/1930 350/1931/1931 351/1932/1932
f 343/1933/1933 352/1934/1934 344/1935/1935
f 343/1936/1936 351/1937/1937 352/1938/1938
f 344/1939/1939 353/1940/1940 345/1941/1941
f 344/1942/1942 352/1943/1943 353/1944/1944
f 345/1945/1945 354/1946/1946 346/1947/1947
f 345/1948/1948 353/1949/1949 354/1950/1950
f 346/1951/1951 355/1952/1952 347/1953/1953
f 346/1954/1954 354/1955/1955 355/1956/1956
f 347/1957/1957 356/1958/1958 348/1959/1959
f 347/1960/1960 355/1961/1961 356/1962/1962
f 348/1963/1963 349/1964/1964 341/1965/1965
f 348/1966/1966 356/1967/1967 349/1968/1968
f 349/1969/1969 358/1970/1970 350/1971/1971
f 349/1972/1972 357/1973/1973 358/1974/1974
f 350/1975/1975 359/1976/1976 351/1977/1977
f 350/1978/1978 358/1979/1979 359/1980/1980
f 351/1981/1981 360/1982/1982 352/1983/1983
f 351/1984/1984 359/1985/1985 360/1986/1986
f 352/1987/1987 361/1988/1988 353/1989/1989
f 352/1990/1990 360/1991/1991 361/1992/1992
f 353/1993/1993 362/1994/1994 354/1995/1995
f 353/1996/1996 361/1997/1997 362/1998/1998
f 354/1999/1999 363/2000/2000 355/2001/2001
f 354/2002/2002 362/2003/2003 363/2004/2004
f 355/2005/2005 364/2006/2006 356/2007/2007
f 355/2008/2008 363/2009/2009 364/2010/2010
f 356/2011/2011 357/2012/2012 349/2013/2013
f 356/2014/2014 364/2015/2015 357/2016/2016
f 357/2017/2017 366/2018/2018 358/2019/2019
f 357/2020/2020 365/2021/2021 366/2022/2022
f 358/2023/2023 367/2024/2024 359/2025/2025
f 358/2026/2026 366/2027/2027 367/2028/2028
f 359/2029/2029 368/2030/2030 360/2031/2031
f 359/2032/2032 367/2033/2033 368/2034/2034
f 360/2035/2035 369/2036/2036 361/2037/2037
f 360/2038/2038 368/2039/2039 369/2040/2040
f 361/2041/2041 370/2042/2042 362/2043/2043
f 361/2044/2044 369/2045/2045 370/2046/2046
f 362/2047/2047 371/2048/2048 363/2049/2049
f 362/2050/2050 370/2051/2051 371/2052/2052
f 363/2053/2053 372/2054/2054 364/2055/2055
f 363/2056/2056 371/2057/2057 372/2058/2058
f 364/2059/2059 365/2060/2060 357/2061/2061
f 364/2062/2062 372/2063/2063 365/2064/2064
f 373/2065/2065 341/2066/2066 342/2067/2067
f 374/2068/2068 366/2069/2069 365/2070/2070
f 373/2071/2071 342/2072/2072 343/2073/2073
f 374/2074/2074 367/2075/2075 366/2076/2076
f 373/2077/2077 343/2078/2078 344/2079/2079
f 374/2080/2080 368/2081/2081 367/2082/2082
f 373/2083/2083 344/2084/2084 345/2085/2085
f 374/2086/2086 369/2087/2087 368/2088/2088
f 373/2089/2089 345/2090/2090 346/2091/2091
f 374/2092/2092 370/2093/2093 369/2094/2094
f 373/2095/2095 346/2096/2096 347/2097/2097
f 374/2098/2098 371/2099/2099 370/2100/2100
f 373/2101/2101 347/2102/2102 348/2103/2103
f 374/2104/2104 372/2105/2105 371/2106/2106
f 373/2107/2107 348/2108/2108 341/2109/2109
f 374/2110/2110 365/2111/2111 372/2112/2112
f 375/2113/2113 384/2114/2114 376/2115/2115
f 375/2116/2116 383/2117/2117 384/2118/2118
f 376/2119/2119 385/2120/2120 377/2121/2121
f 376/2122/2122 384/2123/2123 385/2124/2124
f 377/2125/2125 386/2126/2126 378/2127/2127
f 377/2128/2128 385/2129/2129 386/2130/2130
f 378/2131/2131 387/2132/2132 379/2133/2133
f 378/2134/2134 386/2135/2135 387/2136/2136
f 379/2137/2137 388/2138/2138 380/2139/2139
f 379/2140/2140 387/2141/2141 388/2142/2142
f 380/2143/2143 389/2144/2144 381/2145/2145
f 380/2146/2146 388/2147/2147 389/2148/2148
f 381/2149/2149 390/2150/2150 382/2151/2151
f 381/2152/2152 389/2153/2153 390/2154/2154
f 382/2155/2155 383/2156/2156 375/2157/2157
f 382/2158/2158 390/2159/2159 383/2160/2160
f 383/2161/2161 392/2162/2162 384/2163/2163
f 383/2164/2164 391/2165/2165 392/2166/2166
f 384/2167/2167 393/2168/2168 385/2169/2169
f 384/2170/2170 392/2171/2171 393/2172/2172
f 385/2173/2173 394/2174/2174 386/2175/2175
f 385/2176/2176 393/2177/2177 394/2178/2178
f 386/2179/2179 395/2180/2180 387/2181/2181
f 386/2182/2182 394/2183/2183 395/2184/2184
f 387/2185/2185 396/2186/2186 388/2187/2187
f 387/2188/2188 395/2189/2189 396/2190/2190
f 388/2191/2191 397/2192/2192 389/2193/2193
f 388/2194/2194 396/2195/2195 397/2196/2196
f 389/2197/2197 398/2198/2198 390/2199/2199
f 389/2200/2200 397/2201/2201 398/2202/2202
f 390/2203/2203 391/2204/2204 383/2205/2205
f 390/2206/2206 398/2207/2207 391/2208/2208
f 391/2209/2209 400/2210/2210 392/2211/2211
f 391/2212/2212 399/2213/2213 400/2214/2214
f 392/2215/2215 401/2216/2216 393/2217/2217
f 392/2218/2218 400/2219/2219 401/2220/2220
f 393/2221/2221 402/2222/2222 394/2223/2223
f 393/2224/2224 401/2225/2225 402/2226/2226
f 394/2227/2227 403/2228/2228 395/2229/2229
f 394/2230/2230 402/2231/2231 403/2232/2232
f 395/2233/2233 404/2234/2234 396/2235/2235
f 395/2236/2236 403/2237/2237 404/2238/2238
f 396/2239/2239 405/2240/2240 397/2241/2241
f 396/2242/2242 404/2243/2243 405/2244/2244
f 397/2245/2245 406/2246/2246 398/2247/2247
f 397/2248/2248 405/2249/2249 406/2250/2250
f 398/2251/2251 399/2252/2252 391/2253/2253
f 398/2254/2254 406/2255/2255 399/2256/2256
f 407/2257/2257 375/2258/2258 376/2259/2259
f 408/2260/2260 400/2261/2261 399/2262/2262
f 407/2263/2263 376/2264/2264 377/2265/2265
f 408/2266/2266 401/2267/2267 400/2268/2268
f 407/2269/2269 377/2270/2270 378/2271/2271
f 408/2272/2272 402/2273/2273 401/2274/2274
f 407/2275/2275 378/2276/2276 379/2277/2277
f 408/2278/2278 403/2279/2279 402/2280/2280
f 407/2281/2281 379/2282/2282 380/2283/2283
f 408/2284/2284 404/2285/2285 403/2286/2286
f 407/2287/2287 380/2288/2288 381/2289/2289
f 408/2290/2290 405/2291/2291 404/2292/2292
f 407/2293/2293 381/2294/2294 382/2295/2295
f 408/2296/2296 406/2297/2297 405/2298/2298
f 407/2299/2299 382/2300/2300 375/2301/2301
f 408/2302/2302 399/2303/2303 406/2304/2304
f 409/2305/2305 418/2306/2306 410/2307/2307
f 409/2308/2308 417/2309/2309 418/2310/2310
f 410/2311/2311 419/2312/2312 411/2313/2313
f 410/2314/2314 418/2315/2315 419/2316/2316
f 411/2317/2317 420/2318/2318 412/2319/2319
f 411/2320/2320 419/2321/2321 420/2322/2322
f 412/2323/2323 421/2324/2324 413/2325/2325
f 412/2326/2326 420/2327/2327 421/2328/2328
f 413/2329/2329 422/2330/2330 414/2331/2331
f 413/2332/2332 421/2333/2333 422/2334/2334
f 414/2335/2335 423/2336/2336 415/2337/2337
f 414/2338/2338 422/2339/2339 423/2340/2340
f 415/2341/2341 424/2342/2342 416/2343/2343
f 415/2344/2344 423/2345/2345 424/2346/2346
f 416/2347/2347 417/2348/2348 409/2349/2349
f 416/2350/2350 424/2351/2351 417/2352/2352
f 417/2353/2353 426/2354/2354 418/2355/2355
f 417/2356/2356 425/2357/2357 426/2358/2358
f 418/2359/2359 427/2360/2360 419/2361/2361
f 418/2362/2362 426/2363/2363 427/2364/2364
f 419/2365/2365 428/2366/2366 420/2367/2367
f 419/2368/2368 427/2369/2369 428/2370/2370
f 420/2371/2371 429/2372/2372 421/2373/2373
f 420/2374/2374 428/2375/2375 429/2376/2376
f 421/2377/2377 430/2378/2378 422/2379/2379
f 421/2380/2380 429/2381/2381 430/2382/2382
f 422/2383/2383 431/2384/2384 423/2385/2385
f 422/2386/2386 430/2387/2387 431/2388/2388
f 423/2389/2389 432/2390/2390 424/2391/2391
f 423/2392/2392 431/2393/2393 432/2394/2394
f 424/2395/2395 425/2396/2396 417/2397/2397
f 424/2398/2398 432/2399/2399 425/2400/2400
f 425/2401/2401 434/2402/2402 426/2403/2403
f 425/2404/2404 433/2405/2405 434/2406/2406
f 426/2407/2407 435/2408/2408 427/2409/2409
f 426/2410/2410 434/2411/2411 435/2412/2412
f 427/2413/2413 436/2414/2414 428/2415/2415
f 427/2416/2416 435/2417/2417 436/2418/2418
f 428/2419/2419 437/2420/2420 429/2421/2421
f 428/2422/2422 436/2423/2423 437/2424/2424
f 429/2425/2425 438/2426/2426 430/2427/2427
f 429/2428/2428 437/2429/2429 438/2430/2430
f 430/2431/2431 439/2432/2432 431/2433/2433
f 430/2434/2434 438/2435/2435 439/2436/2436
f 431/2437/2437 440/2438/2438 432/2439/2439
f 431/2440/2440 439/2441/2441 440/2442/2442
f 432/2443/2443 433/2444/2444 425/2445/2445
f 432/2446/2446 440/2447/2447 433/2448/2448
f 441/2449/2449 409/2450/2450 410/2451/2451
f 442/2452/2452 434/2453/2453 433/2454/2454
f 441/2455/2455 410/2456/2456 411/2457/2457
f 442/2458/2458 435/2459/2459 434/2460/2460
f 441/2461/2461 411/2462/2462 412/2463/2463
f 442/2464/2464 436/2465/2465 435/2466/2466
f 441/2467/2467 412/2468/2468 413/2469/2469
f 442/2470/2470 437/2471/2471 436/2472/2472
f 441/2473/2473 413/2474/2474 414/2475/2475
f 442/2476/2476 438/2477/2477 437/2478/2478
f 441/2479/2479 414/2480/2480 415/2481/2481
f 442/2482/2482 439/2483/2483 438/2484/2484
f 441/2485/2485 415/2486/2486 416/2487/2487
f 442/2488/2488 440/2489/2489 439/2490/2490
f 441/2491/2491 416/2492/2492 409/2493/2493
f 442/2494/2494 433/2495/2495 440/2496/2496
f 443/2497/2497 452/2498/2498 444/2499/2499
f 443/2500/2500 451/2501/2501 452/2502/2502
f 444/2503/2503 453/2504/2504 445/2505/2505
f 444/2506/2506 452/2507/2507 453/2508/2508
f 445/2509/2509 454/2510/2510 446/2511/2511
f 445/2512/2512 453/2513/2513 454/2514/2514
f 446/2515/2515 455/2516/2516 447/2517/2517
f 446/2518/2518 454/2519/2519 455/2520/2520
f 447/2521/2521 456/2522/2522 448/2523/2523
f 447/2524/2524 455/2525/2525 456/2526/2526
f 448/2527/2527 457/2528/2528 449/2529/2529
f 448/2530/2530 456/2531/2531 457/2532/2532
f 449/2533/2533 458/2534/2534 450/2535/2535
f 449/2536/2536 457/2537/2537 458/2538/2538
f 450/2539/2539 451/2540/2540 443/2541/2541
f 450/2542/2542 458/2543/2543 451/2544/2544
f 451/2545/2545 460/2546/2546 452/2547/2547
f 451/2548/2548 459/2549/2549 460/2550/2550
f 452/2551/2551 461/2552/2552 453/2553/2553
f 452/2554/2554 460/2555/2555 461/2556/2556
f 453/2557/2557 462/2558/2558 454/2559/2559
f 453/2560/2560 461/2561/2561 462/2562/2562
f 454/2563/2563 463/2564/2564 455/2565/2565
f 454/2566/2566 462/2567/2567 463/2568/2568
f 455/2569/2569 464/2570/2570 456/2571/2571
f 455/2572/2572 463/2573/2573 464/2574/2574
f 456/2575/2575 465/2576/2576 457/2577/2577
f 456/2578/2578 464/2579/2579 465/2580/2580
f 457/2581/2581 466/2582/2582 458/2583/2583
f 457/2584/2584 465/2585/2585 466/2586/2586
f 458/2587/2587 459/2588/2588 451/2589/2589
f 458/2590/2590 466/2591/2591 459/2592/2592
f 459/2593/2593 468/2594/2594 460/2595/2595
f 459/2596/2596 467/2597/2597 468/2598/2598
f 460/2599/2599 469/2600/2600 461/2601/2601
f 460/2602/2602 468/2603/2603 469/2604/2604
f 461/2605/2605 470/2606/2606 462/2607/2607
f 461/2608/2608 469/2609/2609 470/2610/2610
f 462/2611/2611 471/2612/2612 463/2613/2613
f 462/2614/2614 470/2615/2615 471/2616/2616
f 463/2617/2617 472/2618/2618 464/2619/2619
f 463/2620/2620 471/2621/2621 472/2622/2622
f 464/2623/2623 473/2624/2624 465/2625/2625
f 464/2626/2626 472/2627/2627 473/2628/2628
f 465/2629/2629 474/2630/2630 466/2631/2631
f 465/2632/2632 473/2633/2633 474/2634/2634
f 466/2635/2635 467/2636/2636 459/2637/2637
f 466/2638/2638 474/2639/2639 467/2640/2640
f 475/2641/2641 443/2642/2642 444/2643/2643
f 476/2644/2644 468/2645/2645 467/2646/2646
f 475/2647/2647 444/2648/2648 445/2649/2649
f 476/2650/2650 469/2651/2651 468/2652/2652
f 475/2653/2653 445/2654/2654 446/2655/2655
f 476/2656/2656 470/2657/2657 469/2658/2658
f 475/2659/2659 446/2660/2660 447/2661/2661
f 476/2662/2662 471/2663/2663 470/2664/2664
f 475/2665/2665 447/2666/2666 448/2667/2667
f 476/2668/2668 472/2669/2669 471/2670/2670
f 475/2671/2671 448/2672/2672 449/2673/2673
f 476/2674/2674 473/2675/2675 472/2676/2676
f 475/2677/2677 449/2678/2678 450/2679/2679
f 476/2680/2680 474/2681/2681 473/2682/2682
f 475/2683/2683 450/2684/2684 443/2685/2685
f 476/2686/2686 467/2687/2687 474/2688/2688
f 477/2689/2689 486/2690/2690 478/2691/2691
f 477/2692/2692 485/2693/2693 486/2694/2694
f 478/2695/2695 487/2696/2696 479/2697/2697
f 478/2698/2698 486/2699/2699 487/2700/2700
f 479/2701/2701 488/2702/2702 480/2703/2703
f 479/2704/2704 487/2705/2705 488/2706/2706
f 480/2707/2707 489/2708/2708 481/2709/2709
f 480/2710/2710 488/2711/2711 489/2712/2712
f 481/2713/2713 490/2714/2714 482/2715/2715
f 481/2716/2716 489/2717/2717 490/2718/2718
f 482/2719/2719 491/2720/2720 483/2721/2721
f 482/2722/2722 490/2723/2723 491/2724/2724
f 483/2725/2725 492/2726/2726 484/2727/2727
f 483/2728/2728 491/2729/2729 492/2730/2730
f 484/2731/2731 485/2732/2732 477/2733/2733
f 484/2734/2734 492/2735/2735 485/2736/2736
f 485/2737/2737 494/2738/2738 486/2739/2739
f 485/2740/2740 493/2741/2741 494/2742/2742
f 486/2743/2743 495/2744/2744 487/2745/2745
f 486/2746/2746 494/2747/2747 495/2748/2748
f 487/2749/2749 496/2750/2750 488/2751/2751
f 487/2752/2752 495/2753/2753 496/2754/2754
f 488/2755/2755 497/2756/2756 489/2757/2757
f 488/2758/2758 496/2759/2759 497/2760/2760
f 489/2761/2761 498/2762/2762 490/2763/2763
f 489/2764/2764 497/2765/2765 498/2766/2766
f 490/2767/2767 499/2768/2768 491/2769/2769
f 490/2770/2770 498/2771/2771 499/2772/2772
f 491/2773/2773 500/2774/2774 492/2775/2775
f 491/2776/2776 499/2777/2777 500/2778/2778
f 492/2779/2779 493/2780/2780 485/2781/2781
f 492/2782/2782 500/2783/2783 493/2784/2784
f 493/2785/2785 502/2786/2786 494/2787/2787
f 493/2788/2788 501/2789/2789 502/2790/2790
f 494/2791/2791 503/2792/2792 495/2793/2793
f 494/2794/2794 502/2795/2795 503/2796/2796
f 495/2797/2797 504/2798/2798 496/2799/2799
f 495/2800/2800 503/2801/2801 504/2802/2802
f 496/2803/2803 505/2804/2804 497/2805/2805
f 496/2806/2806 504/2807/2807 505/2808/2808
f 497/2809/2809 506/2810/2810 498/2811/2811
f 497/2812/2812 505/2813/2813 506/2814/2814
f 498/2815/2815 507/2816/2816 499/2817/2817
f 498/2818/2818 506/2819/2819 507/2820/2820
f 499/2821/2821 508/2822/2822 500/2823/2823
f 499/2824/2824 507/2825/2825 508/2826/2826
f 500/2827/2827 501/2828/2828 493/2829/2829
f 500/2830/2830 508/2831/2831 501/2832/2832
f 509/2833/2833 477/2834/2834 478/2835/2835
f 510/2836/2836 502/2837/2837 501/2838/2838
f 509/2839/2839 478/2840/2840 479/2841/2841
f 510/2842/2842 503/2843/2843 502/2844/2844
f 509/2845/2845 479/2846/2846 480/2847/2847
f 510/2848/2848 504/2849/2849 503/2850/2850
f 509/2851/2851 480/2852/2852 481/2853/2853
f 510/2854/2854 505/2855/2855 504/2856/2856
f 509/2857/2857 481/2858/2858 482/2859/2859
f 510/2860/2860 506/2861/2861 505/2862/2862
f 509/2863/2863 482/2864/2864 483/2865/2865
f 510/2866/2866 507/2867/2867 506/2868/2868
f 509/2869/2869 483/2870/2870 484/2871/2871
f 510/2872/2872 508/2873/2873 507/2874/2874
f 509/2875/2875 484/2876/2876 477/2877/2877
f 510/2878/2878 501/2879/2879 508/2880/2880
f 511/2881/2881 520/2882/2882 512/2883/2883
f 511/2884/2884 519/2885/2885 520/2886/2886
f 512/2887/2887 521/2888/2888 513/2889/2889
f 512/2890/2890 520/2891/2891 521/2892/2892
f 513/2893/2893 522/2894/2894 514/2895/2895
f 513/2896/2896 521/2897/2897 522/2898/2898
f 514/2899/2899 523/2900/2900 515/2901/2901
f 514/2902/2902 522/2903/2903 523/2904/2904
f 515/2905/2905 524/2906/2906 516/2907/2907
f 515/2908/2908 523/2909/2909 524/2910/2910
f 516/2911/2911 525/2912/2912 517/2913/2913
f 516/2914/2914 524/2915/2915 525/2916/2916
f 517/2917/2917 526/2918/2918 518/2919/2919
f 517/2920/2920 525/2921/2921 526/2922/2922
f 518/2923/2923 519/2924/2924 511/2925/2925
f 518/2926/2926 526/2927/2927 519/2928/2928
f 519/2929/2929 528/2930/2930 520/2931/2931
f 519/2932/2932 527/2933/2933 528/2934/2934
f 520/2935/2935 529/2936/2936 521/2937/2937
f 520/2938/2938 528/2939/2939 529/2940/2940
f 521/2941/2941 530/2942/2942 522/2943/2943
f 521/2944/2944 529/2945/2945 530/2946/2946
f 522/2947/2947 531/2948/2948 523/2949/2949
f 522/2950/2950 530/2951/2951 531/2952/2952
f 523/2953/2953 532/2954/2954 524/2955/2955
f 523/2956/2956 531/2957/2957 532/2958/2958
f 524/2959/2959 533/2960/2960 525/2961/2961
f 524/2962/2962 532/2963/2963 533/2964/2964
f 525/2965/2965 534/2966/2966 526/2967/2967
f 525/2968/2968 533/2969/2969 534/2970/2970
f 526/2971/2971 527/2972/2972 519/2973/2973
f 526/2974/2974 534/2975/2975 527/2976/2976
f 527/2977/2977 536/2978/2978 528/2979/2979
f 527/2980/2980 535/2981/2981 536/2982/2982
f 528/2983/2983 537/2984/2984 529/2985/2985
f 528/2986/2986 536/2987/2987 537/2988/2988
f 529/2989/2989 538/2990/2990 530/2991/2991
f 529/2992/2992 537/2993/2993 538/2994/2994
f 530/2995/2995 539/2996/2996 531/2997/2997
f 530/2998/2998 538/2999/2999 539/3000/3000
f 531/3001/3001 540/3002/3002 532/3003/3003
f 531/3004/3004 539/3005/3005 540/3006/3006
f 532/3007/3007 541/3008/3008 533/3009/3009
f 532/3010/3010 540/3011/3011 541/3012/3012
f 533/3013/3013 542/3014/3014 534/3015/3015
f 533/3016/3016 541/3017/3017 542/3018/3018
f 534/3019/3019 535/3020/3020 527/3021/3021
f 534/3022/3022 542/3023/3023 535/3024/3024
f 543/3025/3025 511/3026/3026 512/3027/3027
f 544/3028/3028 536/3029/3029 535/3030/3030
f 543/3031/3031 512/3032/3032 513/3033/3033
f 544/3034/3034 537/3035/3035 536/3036/3036
f 543/3037/3037 513/3038/3038 514/3039/3039
f 544/3040/3040 538/3041/3041 537/3042/3042
f 543/3043/3043 514/3044/3044 515/3045/3045
f 544/3046/3046 539/3047/3047 538/3048/3048
f 543/3049/3049 515/3050/3050 516/3051/3051
f 544/3052/3052 540/3053/3053 539/3054/3054
f 543/3055/3055 516/3056/3056 517/3057/3057
f 544/3058/3058 541/3059/3059 540/3060/3060
f 543/3061/3061 517/3062/3062 518/3063/3063
f 544/3064/3064 542/3065/3065 541/3066/3066
f 543/3067/3067 518/3068/3068 511/3069/3069
f 544/3070/3070 535/3071/3071 542/3072/3072
f 545/3073/3073 554/3074/3074 546/3075/3075
f 545/3076/3076 553/3077/3077 554/3078/3078
f 546/3079/3079 555/3080/3080 547/3081/3081
f 546/3082/3082 554/3083/3083 555/3084/3084
f 547/3085/3085 556/3086/3086 548/3087/3087
f 547/3088/3088 555/3089/3089 556/3090/3090
f 548/3091/3091 557/3092/3092 549/3093/3093
f 548/3094/3094 556/3095/3095 557/3096/3096
f 549/3097/3097 558/3098/3098 550/3099/3099
f 549/3100/3100 557/3101/3101 558/3102/3102
f 550/3103/3103 559/3104/3104 551/3105/3105
f 550/3106/3106 558/3107/3107 559/3108/3108
f 551/3109/3109 560/3110/3110 552/3111/3111
f 551/3112/3112 559/3113/3113 560/3114/3114
f 552/3115/3115 553/3116/3116 545/3117/3117
f 552/3118/3118 560/3119/3119 553/3120/3120
f 553/3121/3121 562/3122/3122 554/3123/3123
f 553/3124/3124 561/3125/3125 562/3126/3126
f 554/3127/3127 563/3128/3128 555/3129/3129
f 554/3130/3130 562/3131/3131 563/3132/3132
f 555/3133/3133 564/3134/3134 556/3135/3135
f 555/3136/3136 563/3137/3137 564/3138/3138
f 556/3139/3139 565/3140/3140 557/3141/3141
f 556/3142/3142 564/3143/3143 565/3144/3144
f 557/3145/3145 566/3146/3146 558/3147/3147
f 557/3148/3148 565/3149/3149 566/3150/3150
f 558/3151/3151 567/3152/3152 559/3153/3153
f 558/3154/3154 566/3155/3155 567/3156/3156
f 559/3157/3157 568/3158/3158 560/3159/3159
f 559/3160/3160 567/3161/3161 568/3162/3162
f 560/3163/3163 561/3164/3164 553/3165/3165
f 560/3166/3166 568/3167/3167 561/3168/3168
f 561/3169/3169 570/3170/3170 562/3171/3171
f 561/3172/3172 569/3173/3173 570/3174/3174
f 562/3175/3175 571/3176/3176 563/3177/3177
f 562/3178/3178 570/3179/3179 571/3180/3180
f 563/3181/3181 572/3182/3182 564/3183/3183
f 563/3184/3184 571/3185/3185 572/3186/3186
f 564/3187/3187 573/3188/3188 565/3189/3189
f 564/3190/3190 572/3191/3191 573/3192/3192
f 565/3193/3193 574/3194/3194 566/3195/3195
f 565/3196/3196 573/3197/3197 574/3198/3198
f 566/3199/3199 575/3200/3200 567/3201/3201
f 566/3202/3202 574/3203/3203 575/3204/3204
f 567/3205/3205 576/3206/3206 568/3207/3207
f 567/3208/3208 575/3209/3209 576/3210/3210
f 568/3211/3211 569/3212/3212 561/3213/3213
f 568/3214/3214 576/3215/3215 569/3216/3216
f 577/3217/3217 545/3218/3218 546/3219/3219
f 578/3220/3220 570/3221/3221 569/3222/3222
f 577/3223/3223 546/3224/3224 547/3225/3225
f 578/3226/3226 571/3227/3227 570/3228/3228
f 577/3229/3229 547/3230/3230 548/3231/3231
f 578/3232/3232 572/3233/3233 571/3234/3234
f 577/3235/3235 548/3236/3236 549/3237/3237
f 578/3238/3238 573/3239/3239 572/3240/3240
f 577/3241/3241 549/3242/3242 550/3243/3243
f 578/3244/3244 574/3245/3245 573/3246/3246
f 577/3247/3247 550/3248/3248 551/3249/3249
f 578/3250/3250 575/3251/3251 574/3252/3252
f 577/3253/3253 551/3254/3254 552/3255/3255
f 578/3256/3256 576/3257/3257 575/3258/3258
f 577/3259/3259 552/3260/3260 545/3261/3261
f 578/3262/3262 569/3263/3263 576/3264/3264
f 579/3265/3265 588/3266/3266 580/3267/3267
f 579/3268/3268 587/3269/3269 588/3270/3270
f 580/3271/3271 589/3272/3272 581/3273/3273
f 580/3274/3274 588/3275/3275 589/3276/3276
f 581/3277/3277 590/3278/3278 582/3279/3279
f 581/3280/3280 589/3281/3281 590/3282/3282
f 582/3283/3283 591/3284/3284 583/3285/3285
f 582/3286/3286 590/3287/3287 591/3288/3288
f 583/3289/3289 592/3290/3290 584/3291/3291
f 583/3292/3292 591/3293/3293 592/3294/3294
f 584/3295/3295 593/3296/3296 585/3297/3297
f 584/3298/3298 592/3299/3299 593/3300/3300
f 585/3301/3301 594/3302/3302 586/3303/3303
f 585/3304/3304 593/3305/3305 594/3306/3306
f 586/3307/3307 587/3308/3308 579/3309/3309
f 586/3310/3310 594/3311/3311 587/3312/3312
f 587/3313/3313 596/3314/3314 588/3315/3315
f 587/3316/3316 595/3317/3317 596/3318/3318
f 588/3319/3319 597/3320/3320 589/3321/3321
f 588/3322/3322 596/3323/3323 597/3324/3324
f 589/3325/3325 598/3326/3326 590/3327/3327
f 589/3328/3328 597/3329/3329 598/3330/3330
f 590/3331/3331 599/3332/3332 591/3333/3333
f 590/3334/3334 598/3335/3335 599/3336/3336
f 591/3337/3337 600/3338/3338 592/3339/3339
f 591/3340/3340 599/3341/3341 600/3342/3342
f 592/3343/3343 601/3344/3344 593/3345/3345
f 592/3346/3346 600/3347/3347 601/3348/3348
f 593/3349/3349 602/3350/3350 594/3351/3351
f 593/3352/3352 601/3353/3353 602/3354/3354
f 594/3355/3355 595/3356/3356 587/3357/3357
f 594/3358/3358 602/3359/3359 595/3360/3360
f 595/3361/3361 604/3362/3362 596/3363/3363
f 595/3364/3364 603/3365/3365 604/3366/3366
f 596/3367/3367 605/3368/3368 597/3369/3369
f 596/3370/3370 604/3371/3371 605/3372/3372
f 597/3373/3373 606/3374/3374 598/3375/3375
f 597/3376/3376 605/3377/3377 606/3378/3378
f 598/3379/3379 607/3380/3380 599/3381/3381
f 598/3382/3382 606/3383/3383 607/3384/3384
f 599/3385/3385 608/3386/3386 600/3387/3387
f 599/3388/3388 607/3389/3389 608/3390/3390
f 600/3391/3391 609/3392/3392 601/3393/3393
f 600/3394/3394 608/3395/3395 609/3396/3396
f 601/3397/3397 610/3398/3398 602/3399/3399
f 601/3400/3400 609/3401/3401 610/3402/3402
f 602/3403/3403 603/3404/3404 595/3405/3405
f 602/3406/3406 610/3407/3407 603/3408/3408
f 611/3409/3409 579/3410/3410 580/3411/3411
f 612/3412/3412 604/3413/3413 603/3414/3414
f 611/3415/3415 580/3416/3416 581/3417/3417
f 612/3418/3418 605/3419/3419 604/3420/3420
f 611/3421/3421 581/3422/3422 582/3423/3423
f 612/3424/3424 606/3425/3425 605/3426/3426
f 611/3427/3427 582/3428/3428 583/3429/3429
f 612/3430/3430 607/3431/3431 606/3432/3432
f 611/3433/3433 583/3434/3434 584/3435/3435
f 612/3436/3436 608/3437/3437 607/3438/3438
f 611/3439/3439 584/3440/3440 585/3441/3441
f 612/3442/3442 609/3443/3443 608/3444/3444
f 611/3445/3445 585/3446/3446 586/3447/3447
f 612/3448/3448 610/3449/3449 609/3450/3450
f 611/3451/3451 586/3452/3452 579/3453/3453
f 612/3454/3454 603/3455/3455 610/3456/3456
f 613/3457/3457 622/3458/3458 614/3459/3459
f 613/3460/3460 621/3461/3461 622/3462/3462
f 614/3463/3463 623/3464/3464 615/3465/3465
f 614/3466/3466 622/3467/3467 623/3468/3468
f 615/3469/3469 624/3470/3470 616/3471/3471
f 615/3472/3472 623/3473/3473 624/3474/3474
f 616/3475/3475 625/3476/3476 617/3477/3477
f 616/3478/3478 624/3479/3479 625/3480/3480
f 617/3481/3481 626/3482/3482 618/3483/3483
f 617/3484/3484 625/3485/3485 626/3486/3486
f 618/3487/3487 627/3488/3488 619/3489/3489
f 618/3490/3490 626/3491/3491 627/3492/3492
f 619/3493/3493 628/3494/3494 620/3495/3495
f 619/3496/3496 627/3497/3497 628/3498/3498
f 620/3499/3499 621/3500/3500 613/3501/3501
f 620/3502/3502 628/3503/3503 621/3504/3504
f 621/3505/3505 630/3506/3506 622/3507/3507
f 621/3508/3508 629/3509/3509 630/3510/3510
f 622/3511/3511 631/3512/3512 623/3513/3513
f 622/3514/3514 630/3515/3515 631/3516/3516
f 623/3517/3517 632/3518/3518 624/3519/3519
f 623/3520/3520 631/3521/3521 632/3522/3522
f 624/3523/3523 633/3524/3524 625/3525/3525
f 624/3526/3526 632/3527/3527 633/3528/3528
f 625/3529/3529 634/3530/3530 626/3531/3531
f 625/3532/3532 633/3533/3533 634/3534/3534
f 626/3535/3535 635/3536/3536 627/3537/3537
f 626/3538/3538 634/3539/3539 635/3540/3540
f 627/3541/3541 636/3542/3542 628/3543/3543
f 627/3544/3544 635/3545/3545 636/3546/3546
f 628/3547/3547 629/3548/3548 621/3549/3549
f 628/3550/3550 636/3551/3551 629/3552/3552
f 629/3553/3553 638/3554/3554 630/3555/3555
f 629/3556/3556 637/3557/3557 638/3558/3558
f 630/3559/3559 639/3560/3560 631/3561/3561
f 630/3562/3562 638/3563/3563 639/3564/3564
f 631/3565/3565 640/3566/3566 632/3567/3567
f 631/3568/3568 639/3569/3569 640/3570/3570
f 632/3571/3571 641/3572/3572 633/3573/3573
f 632/3574/3574 640/3575/3575 641/3576/3576
f 633/3577/3577 642/3578/3578 634/3579/3579
f 633/3580/3580 641/3581/3581 642/3582/3582
f 634/3583/3583 643/3584/3584 635/3585/3585
f 634/3586/3586 642/3587/3587 643/3588/3588
f 635/3589/3589 644/3590/3590 636/3591/3591
f 635/3592/3592 643/3593/3593 644/3594/3594
f 636/3595/3595 637/3596/3596 629/3597/3597
f 636/3598/3598 644/3599/3599 637/3600/3600
f 645/3601/3601 613/3602/3602 614/3603/3603
f 646/3604/3604 638/3605/3605 637/3606/3606
f 645/3607/3607 614/3608/3608 615/3609/3609
f 646/3610/3610 639/3611/3611 638/3612/3612
f 645/3613/3613 615/3614/3614 616/3615/3615
f 646/3616/3616 640/3617/3617 639/3618/3618
f 645/3619/3619 616/3620/3620 617/3621/3621
f 646/3622/3622 641/3623/3623 640/3624/3624
f 645/3625/3625 617/3626/3626 618/3627/3627
f 646/3628/3628 642/3629/3629 641/3630/3630
f 645/3631/3631 618/3632/3632 619/3633/3633
f 646/3634/3634 643/3635/3635 642/3636/3636
f 645/3637/3637 619/3638/3638 620/3639/3639
f 646/3640/3640 644/3641/3641 643/3642/3642
f 645/3643/3643 620/3644/3644 613/3645/3645
f 646/3646/3646 637/3647/3647 644/3648/3648
f 647/3649/3649 656/3650/3650 648/3651/3651
f 647/3652/3652 655/3653/3653 656/3654/3654
f 648/3655/3655 657/3656/3656 649/3657/3657
f 648/3658/3658 656/3659/3659 657/3660/3660
f 649/3661/3661 658/3662/3662 650/3663/3663
f 649/3664/3664 657/3665/3665 658/3666/3666
f 650/3667/3667 659/3668/3668 651/3669/3669
f 650/3670/3670 658/3671/3671 659/3672/3672
f 651/3673/3673 660/3674/3674 652/3675/3675
f 651/3676/3676 659/3677/3677 660/3678/3678
f 652/3679/3679 661/3680/3680 653/3681/3681
f 652/3682/3682 660/3683/3683 661/3684/3684
f 653/3685/3685 662/3686/3686 654/3687/3687
f 653/3688/3688 661/3689/3689 662/3690/3690
f 654/3691/3691 655/3692/3692 647/3693/3693
f 654/3694/3694 662/3695/3695 655/3696/3696
f 655/3697/3697 664/3698/3698 656/3699/3699
f 655/3700/3700 663/3701/3701 664/3702/3702
f 656/3703/3703 665/3704/3704 657/3705/3705
f 656/3706/3706 664/3707/3707 665/3708/3708
f 657/3709/3709 666/3710/3710 658/3711/3711
f 657/3712/3712 665/3713/3713 666/3714/3714
f 658/3715/3715 667/3716/3716 659/3717/3717
f 658/3718/3718 666/3719/3719 667/3720/3720
f 659/3721/3721 668/3722/3722 660/3723/3723
f 659/3724/3724 667/3725/3725 668/3726/3726
f 660/3727/3727 669/3728/3728 661/3729/3729
f 660/3730/3730 668/3731/3731 669/3732/3732
f 661/3733/3733 670/3734/3734 662/3735/3735
f 661/3736/3736 669/3737/3737 670/3738/3738
f 662/3739/3739 663/3740/3740 655/3741/3741
f 662/3742/3742 670/3743/3743 663/3744/3744
f 663/3745/3745 672/3746/3746 664/3747/3747
f 663/3748/3748 671/3749/3749 672/3750/3750
f 664/3751/3751 673/3752/3752 665/3753/3753
f 664/3754/3754 672/3755/3755 673/3756/3756
f 665/3757/3757 674/3758/3758 666/3759/3759
f 665/3760/3760 673/3761/3761 674/3762/3762
f 666/3763/3763 675/3764/3764 667/3765/3765
f 666/3766/3766 674/3767/3767 675/3768/3768
f 667/3769/3769 676/3770/3770 668/3771/3771
f 667/3772/3772 675/3773/3773 676/3774/3774
f 668/3775/3775 677/3776/3776 669/3777/3777
f 668/3778/3778 676/3779/3779 677/3780/3780
f 669/3781/3781 678/3782/3782 670/3783/3783
f 669/3784/3784 677/3785/3785 678/3786/3786
f 670/3787/3787 671/3788/3788 663/3789/3789
f 670/3790/3790 678/3791/3791 671/3792/3792
f 679/3793/3793 647/3794/3794 648/3795/3795
f 680/3796/3796 672/3797/3797 671/3798/3798
f 679/3799/3799 648/3800/3800 649/3801/3801
f 680/3802/3802 673/3803/3803 672/3804/3804
f 679/3805/3805 649/3806/3806 650/3807/3807
f 680/3808/3808 674/3809/3809 673/3810/3810
f 679/3811/3811 650/3812/3812 651/3813/3813
f 680/3814/3814 675/3815/3815 674/3816/3816
f 679/3817/3817 651/3818/3818 652/3819/3819
f 680/3820/3820 676/3821/3821 675/3822/3822
f 679/3823/3823 652/3824/3824 653/3825/3825
f 680/3826/3826 677/3827/3827 676/3828/3828
f 679/3829/3829 653/3830/3830 654/3831/3831
f 680/3832/3832 678/3833/3833 677/3834/3834
f 679/3835/3835 654/3836/3836 647/3837/3837
f 680/3838/3838 671/3839/3839 678/3840/3840
f 681/3841/3841 690/3842/3842 682/3843/3843
f 681/3844/3844 689/3845/3845 690/3846/3846
f 682/3847/3847 691/3848/3848 683/3849/3849
f 682/3850/3850 690/3851/3851 691/3852/3852
f 683/3853/3853 692/3854/3854 684/3855/3855
f 683/3856/3856 691/3857/3857 692/3858/3858
f 684/3859/3859 693/3860/3860 685/3861/3861
f 684/3862/3862 692/3863/3863 693/3864/3864
f 685/3865/3865 694/3866/3866 686/3867/3867
f 685/3868/3868 693/3869/3869 694/3870/3870
f 686/3871/3871 695/3872/3872 687/3873/3873
f 686/3874/3874 694/3875/3875 695/3876/3876
f 687/3877/3877 696/3878/3878 688/3879/3879
f 687/3880/3880 695/3881/3881 696/3882/3882
f 688/3883/3883 689/3884/3884 681/3885/3885
f 688/3886/3886 696/3887/3887 689/3888/3888
f 689/3889/3889 698/3890/3890 690/3891/3891
f 689/3892/3892 697/3893/3893 698/3894/3894
f 690/3895/3895 699/3896/3896 691/3897/3897
f 690/3898/3898 698/3899/3899 699/3900/3900
f 691/3901/3901 700/3902/3902 692/3903/3903
f 691/3904/3904 699/3905/3905 700/3906/3906
f 692/3907/3907 701/3908/3908 693/3909/3909
f 692/3910/3910 700/3911/3911 701/3912/3912
f 693/3913/3913 702/3914/3914 694/3915/3915
f 693/3916/3916 701/3917/3917 702/3918/3918
f 694/3919/3919 703/3920/3920 695/3921/3921
f 694/3922/3922 702/3923/3923 703/3924/3924
f 695/3925/3925 704/3926/3926 696/3927/3927
f 695/3928/3928 703/3929/3929 704/3930/3930
f 696/3931/3931 697/3932/3932 689/3933/3933
f 696/3934/3934 704/3935/3935 697/3936/3936
f 697/3937/3937 706/3938/3938 698/3939/3939
f 697/3940/3940 705/3941/3941 706/3942/3942
f 698/3943/3943 707/3944/3944 699/3945/3945
f 698/3946/3946 706/3947/3947 707/3948/3948
f 699/3949/3949 708/3950/3950 700/3951/3951
f 699/3952/3952 707/3953/3953 708/3954/3954
f 700/3955/3955 709/3956/3956 701/3957/3957
f 700/3958/3958 708/3959/3959 709/3960/3960
f 701/3961/3961 710/3962/3962 702/3963/3963
f 701/3964/3964 709/3965/3965 710/3966/3966
f 702/3967/3967 711/3968/3968 703/3969/3969
f 702/3970/3970 710/3971/3971 711/3972/3972
f 703/3973/3973 712/3974/3974 704/3975/3975
f 703/3976/3976 711/3977/3977 712/3978/3978
f 704/3979/3979 705/3980/3980 697/3981/3981
f 704/3982/3982 712/3983/3983 705/3984/3984
f 713/3985/3985 681/3986/3986 682/3987/3987
f 714/3988/3988 706/3989/3989 705/3990/3990
f 713/3991/3991 682/3992/3992 683/3993/3993
f 714/3994/3994 707/3995/3995 706/3996/3996
f 713/3997/3997 683/3998/3998 684/3999/3999
f 714/4000/4000 708/4001/4001 707/4002/4002
f 713/4003/4003 684/4004/4004 685/4005/4005
f 714/4006/4006 709/4007/4007 708/4008/4008
f 713/4009/4009 685/4010/4010 686/4011/4011
f 714/4012/4012 710/4013/4013 709/4014/4014
f 713/4015/4015 686/4016/4016 687/4017/4017
f 714/4018/4018 711/4019/4019 710/4020/4020
f 713/4021/4021 687/4022/4022 688/4023/4023
f 714/4024/4024 712/4025/4025 711/4026/4026
f 713/4027/4027 688/4028/4028 681/4029/4029
f 714/4030/4030 705/4031/4031 712/4032/4032
f 715/4033/4033 724/4034/4034 716/4035/4035
f 715/4036/4036 723/4037/4037 724/4038/4038
f 716/4039/4039 725/4040/4040 717/4041/4041
f 716/4042/4042 724/4043/4043 725/4044/4044
f 717/4045/4045 726/4046/4046 718/4047/4047
f 717/4048/4048 725/4049/4049 726/4050/4050
f 718/4051/4051 727/4052/4052 719/4053/4053
f 718/4054/4054 726/4055/4055 727/4056/4056
f 719/4057/4057 728/4058/4058 720/4059/4059
f 719/4060/4060 727/4061/4061 728/4062/4062
f 720/4063/4063 729/4064/4064 721/4065/4065
f 720/4066/4066 728/4067/4067 729/4068/4068
f 721/4069/4069 730/4070/4070 722/4071/4071
f 721/4072/4072 729/4073/4073 730/4074/4074
f 722/4075/4075 723/4076/4076 715/4077/4077
f 722/4078/4078 730/4079/4079 723/4080/4080
f 723/4081/4081 732/4082/4082 724/4083/4083
f 723/4084/4084 731/4085/4085 732/4086/4086
f 724/4087/4087 733/4088/4088 725/4089/4089
f 724/4090/4090 732/4091/4091 733/4092/4092
f 725/4093/4093 734/4094/4094 726/4095/4095
f 725/4096/4096 733/4097/4097 734/4098/4098
f 726/4099/4099 735/4100/4100 727/4101/4101
f 726/4102/4102 734/4103/4103 735/4104/4104
f 727/4105/4105 736/4106/4106 728/4107/4107
f 727/4108/4108 735/4109/4109 736/4110/4110
f 728/4111/4111 737/4112/4112 729/4113/4113
f 728/4114/4114 736/4115/4115 737/4116/4116
f 729/4117/4117 738/4118/4118 730/4119/4119
f 729/4120/4120 737/4121/4121 738/4122/4122
f 730/4123/4123 731/4124/4124 723/4125/4125
f 730/4126/4126 738/4127/4127 731/4128/4128
f 731/4129/4129 740/4130/4130 732/4131/4131
f 731/4132/4132 739/4133/4133 740/4134/4134
f 732/4135/4135 741/4136/4136 733/4137/4137
f 732/4138/4138 740/4139/4139 741/4140/4140
f 733/4141/4141 742/4142/4142 734/4143/4143
f 733/4144/4144 741/4145/4145 742/4146/4146
f 734/4147/4147 743/4148/4148 735/4149/4149
f 734/4150/4150 742/4151/4151 743/4152/4152
f 735/4153/4153 744/4154/4154 736/4155/4155
f 735/4156/4156 743/4157/4157 744/4158/4158
f 736/4159/4159 745/4160/4160 737/4161/4161
f 736/4162/4162 744/4163/4163 745/4164/4164
f 737/4165/4165 746/4166/4166 738/4167/4167
f 737/4168/4168 745/4169/4169 746/4170/4170
f 738/4171/4171 739/4172/4172 731/4173/4173
f 738/4174/4174 746/4175/4175 739/4176/4176
f 747/4177/4177 715/4178/4178 716/4179/4179
f 748/4180/4180 740/4181/4181 739/4182/4182
f 747/4183/4183 716/4184/4184 717/4185/4185
f 748/4186/4186 741/4187/4187 740/4188/4188
f 747/4189/4189 717/4190/4190 718/4191/4191
f 748/4192/4192 742/4193/4193 741/4194/4194
f 747/4195/4195 718/4196/4196 719/4197/4197
f 748/4198/4198 743/4199/4199 742/4200/4200
f 747/4201/4201 719/4202/4202 720/4203/4203
f 748/4204/4204 744/4205/4205 743/4206/4206
f 747/4207/4207 720/4208/4208 721/4209/4209
f 748/4210/4210 745/4211/4211 744/4212/4212
f 747/4213/4213 721/4214/4214 722/4215/4215
f 748/4216/4216 746/4217/4217 745/4218/4218
f 747/4219/4219 722/4220/4220 715/4221/4221
f 748/4222/4222 739/4223/4223 746/4224/4224
f 749/4225/4225 758/4226/4226 750/4227/4227
f 749/4228/4228 757/4229/4229 758/4230/4230
f 750/4231/4231 759/4232/4232 751/4233/4233
f 750/4234/4234 758/4235/4235 759/4236/4236
f 751/4237/4237 760/4238/4238 752/4239/4239
f 751/4240/4240 759/4241/4241 760/4242/4242
f 752/4243/4243 761/4244/4244 753/4245/4245
f 752/4246/4246 760/4247/4247 761/4248/4248
f 753/4249/4249 762/4250/4250 754/4251/4251
f 753/4252/4252 761/4253/4253 762/4254/4254
f 754/4255/4255 763/4256/4256 755/4257/4257
f 754/4258/4258 762/4259/4259 763/4260/4260
f 755/4261/4261 764/4262/4262 756/4263/4263
f 755/4264/4264 763/4265/4265 764/4266/4266
f 756/4267/4267 757/4268/4268 749/4269/4269
f 756/4270/4270 764/4271/4271 757/4272/4272
f 757/4273/4273 766/4274/4274 758/4275/4275
f 757/4276/4276 765/4277/4277 766/4278/4278
f 758/4279/4279 767/4280/4280 759/4281/4281
f 758/4282/4282 766/4283/4283 767/4284/4284
f 759/4285/4285 768/4286/4286 760/4287/4287
f 759/4288/4288 767/4289/4289 768/4290/4290
f 760/4291/4291 769/4292/4292 761/4293/4293
f 760/4294/4294 768/4295/4295 769/4296/4296
f 761/4297/4297 770/4298/4298 762/4299/4299
f 761/4300/4300 769/4301/4301 770/4302/4302
f 762/4303/4303 771/4304/4304 763/4305/4305
f 762/4306/4306 770/4307/4307 771/4308/4308
f 763/4309/4309 772/4310/4310 764/4311/4311
f 763/4312/4312 771/4313/4313 772/4314/4314
f 764/4315/4315 765/4316/4316 757/4317/4317
f 764/4318/4318 772/4319/4319 765/4320/4320
f 765/4321/4321 774/4322/4322 766/4323/4323
f 765/4324/4324 773/4325/4325 774/4326/4326
f 766/4327/4327 775/4328/4328 767/4329/4329
f 766/4330/4330 774/4331/4331 775/4332/4332
f 767/4333/4333 776/4334/4334 768/4335/4335
f 767/4336/4336 775/4337/4337 776/4338/4338
f 768/4339/4339 777/4340/4340 769/4341/4341
f 768/4342/4342 776/4343/4343 777/4344/4344
f 769/4345/4345 778/4346/4346 770/4347/4347
f 769/4348/4348 777/4349/4349 778/4350/4350
f 770/4351/4351 779/4352/4352 771/4353/4353
f 770/4354/4354 778/4355/4355 779/4356/4356
f 771/4357/4357 780/4358/4358 772/4359/4359
f 771/4360/4360 779/4361/4361 780/4362/4362
f 772/4363/4363 773/4364/4364 765/4365/4365
f 772/4366/4366 780/4367/4367 773/4368/4368
f 781/4369/4369 749/4370/4370 750/4371/4371
f 782/4372/4372 774/4373/4373 773/4374/4374
f 781/4375/4375 750/4376/4376 751/4377/4377
f 782/4378/4378 775/4379/4379 774/4380/4380
f 781/4381/4381 751/4382/4382 752/4383/4383
f 782/4384/4384 776/4385/4385 775/4386/4386
f 781/4387/4387 752/4388/4388 753/4389/4389
f 782/4390/4390 777/4391/4391 776/4392/4392
f 781/4393/4393 753/4394/4394 754/4395/4395
f 782/4396/4396 778/4397/4397 777/4398/4398
f 781/4399/4399 754/4400/4400 755/4401/4401
f 782/4402/4402 779/4403/4403 778/4404/4404
f 781/4405/4405 755/4406/4406 756/4407/4407
f 782/4408/4408 780/4409/4409 779/4410/4410
f 781/4411/4411 756/4412/4412 749/4413/4413
f 782/4414/4414 773/4415/4415 780/4416/4416
f 783/4417/4417 785/4418/4418 784/4419/4419
f 844/4420/4420 834/4421/4421 835/4422/4422
f 783/4423/4423 786/4424/4424 785/4425/4425
f 844/4426/4426 835/4427/4427 836/4428/4428
f 783/4429/4429 787/4430/4430 786/4431/4431
f 844/4432/4432 836/4433/4433 837/4434/4434
f 783/4435/4435 788/4436/4436 787/4437/4437
f 844/4438/4438 837/4439/4439 838/4440/4440
f 783/4441/4441 789/4442/4442 788/4443/4443
f 844/4444/4444 838/4445/4445 839/4446/4446
f 783/4447/4447 790/4448/4448 789/4449/4449
f 844/4450/4450 839/4451/4451 840/4452/4452
f 783/4453/4453 791/4454/4454 790/4455/4455
f 844/4456/4456 840/4457/4457 841/4458/4458
f 783/4459/4459 792/4460/4460 791/4461/4461
f 844/4462/4462 841/4463/4463 842/4464/4464
f 783/4465/4465 793/4466/4466 792/4467/4467
f 844/4468/4468 842/4469/4469 843/4470/4470
f 783/4471/4471 784/4472/4472 793/4473/4473
f 844/4474/4474 843/4475/4475 834/4476/4476
f 784/4477/4477 785/4478/4478 795/4479/4479
f 784/4480/4480 795/4481/4481 794/4482/4482
f 785/4483/4483 786/4484/4484 796/4485/4485
f 785/4486/4486 796/4487/4487 795/4488/4488
f 786/4489/4489 787/4490/4490 797/4491/4491
f 786/4492/4492 797/4493/4493 796/4494/4494
f 787/4495/4495 788/4496/4496 798/4497/4497
f 787/4498/4498 798/4499/4499 797/4500/4500
f 788/4501/4501 789/4502/4502 799/4503/4503
f 788/4504/4504 799/4505/4505 798/4506/4506
f 789/4507/4507 790/4508/4508 800/4509/4509
f 789/4510/4510 800/4511/4511 799/4512/4512
f 790/4513/4513 791/4514/4514 801/4515/4515
f 790/4516/4516 801/4517/4517 800/4518/4518
f 791/4519/4519 792/4520/4520 802/4521/4521
f 791/4522/4522 802/4523/4523 801/4524/4524
f 792/4525/4525 793/4526/4526 803/4527/4527
f 792/4528/4528 803/4529/4529 802/4530/4530
f 793/4531/4531 784/4532/4532 794/4533/4533
f 793/4534/4534 794/4535/4535 803/4536/4536
f 794/4537/4537 795/4538/4538 805/4539/4539
f 794/4540/4540 805/4541/4541 804/4542/4542
f 795/4543/4543 796/4544/4544 806/4545/4545
f 795/4546/4546 806/4547/4547 805/4548/4548
f 796/4549/4549 797/4550/4550 807/4551/4551
f 796/4552/4552 807/4553/4553 806/4554/4554
f 797/4555/4555 798/4556/4556 808/4557/4557
f 797/4558/4558 808/4559/4559 807/4560/4560
f 798/4561/4561 799/4562/4562 809/4563/4563
f 798/4564/4564 809/4565/4565 808/4566/4566
f 799/4567/4567 800/4568/4568 810/4569/4569
f 799/4570/4570 810/4571/4571 809/4572/4572
f 800/4573/4573 801/4574/4574 811/4575/4575
f 800/4576/4576 811/4577/4577 810/4578/4578
f 801/4579/4579 802/4580/4580 812/4581/4581
f 801/4582/4582 812/4583/4583 811/4584/4584
f 802/4585/4585 803/4586/4586 813/4587/4587
f 802/4588/4588 813/4589/4589 812/4590/4590
f 803/4591/4591 794/4592/4592 804/4593/4593
f 803/4594/4594 804/4595/4595 813/4596/4596
f 804/4597/4597 805/4598/4598 815/4599/4599
f 804/4600/4600 815/4601/4601 814/4602/4602
f 805/4603/4603 806/4604/4604 816/4605/4605
f 805/4606/4606 816/4607/4607 815/4608/4608
f 806/4609/4609 807/4610/4610 817/4611/4611
f 806/4612/4612 817/4613/4613 816/4614/4614
f 807/4615/4615 808/4616/4616 818/4617/4617
f 807/4618/4618 818/4619/4619 817/4620/4620
f 808/4621/4621 809/4622/4622 819/4623/4623
f 808/4624/4624 819/4625/4625 818/4626/4626
f 809/4627/4627 810/4628/4628 820/4629/4629
f 809/4630/4630 820/4631/4631 819/4632/4632
f 810/4633/4633 811/4634/4634 821/4635/4635
f 810/4636/4636 821/4637/4637 820/4638/4638
f 811/4639/4639 812/4640/4640 822/4641/4641
f 811/4642/4642 822/4643/4643 821/4644/4644
f 812/4645/4645 813/4646/4646 823/4647/4647
f 812/4648/4648 823/4649/4649 822/4650/4650
f 813/4651/4651 804/4652/4652 814/4653/4653
f 813/4654/4654 814/4655/4655 823/4656/4656
f 814/4657/4657 815/4658/4658 825/4659/4659
f 814/4660/4660 825/4661/4661 824/4662/4662
f 815/4663/4663 816/4664/4664 826/4665/4665
f 815/4666/4666 826/4667/4667 825/4668/4668
f 816/4669/4669 817/4670/4670 827/4671/4671
f 816/4672/4672 827/4673/4673 826/4674/4674
f 817/4675/4675 818/4676/4676 828/4677/4677
f 817/4678/4678 828/4679/4679 827/4680/4680
f 818/4681/4681 819/4682/4682 829/4683/4683
f 818/4684/4684 829/4685/4685 828/4686/4686
f 819/4687/4687 820/4688/4688 830/4689/4689
f 819/4690/4690 830/4691/4691 829/4692/4692
f 820/4693/4693 821/4694/4694 831/4695/4695
f 820/4696/4696 831/4697/4697 830/4698/4698
f 821/4699/4699 822/4700/4700 832/4701/4701
f 821/4702/4702 832/4703/4703 831/4704/4704
f 822/4705/4705 823/4706/4706 833/4707/4707
f 822/4708/4708 833/4709/4709 832/4710/4710
f 823/4711/4711 814/4712/4712 824/4713/4713
f 823/4714/4714 824/4715/4715 833/4716/4716
f 824/4717/4717 825/4718/4718 835/4719/4719
f 824/4720/4720 835/4721/4721 834/4722/4722
f 825/4723/4723 826/4724/4724 836/4725/4725
f 825/4726/4726 836/4727/4727 835/4728/4728
f 826/4729/4729 827/4730/4730 837/4731/4731
f 826/4732/4732 837/4733/4733 836/4734/4734
f 827/4735/4735 828/4736/4736 838/4737/4737
f 827/4738/4738 838/4739/4739 837/4740/4740
f 828/4741/4741 829/4742/4742 839/4743/4743
f 828/4744/4744 839/4745/4745 838/4746/4746
f 829/4747/4747 830/4748/4748 840/4749/4749
f 829/4750/4750 840/4751/4751 839/4752/4752
f 830/4753/4753 831/4754/4754 841/4755/4755
f 830/4756/4756 841/4757/4757 840/4758/4758
f 831/4759/4759 832/4760/4760 842/4761/4761
f 831/4762/4762 842/4763/4763 841/4764/4764
f 832/4765/4765 833/4766/4766 843/4767/4767
f 832/4768/4768 843/4769/4769 842/4770/4770
f 833/4771/4771 824/4772/4772 834/4773/4773
f 833/4774/4774 834/4775/4775 843/4776/4776
f 845/4777/4777 847/4778/4778 846/4779/4779
f 886/4780/4780 878/4781/4781 879/4782/4782
f 845/4783/4783 848/4784/4784 847/4785/4785
f 886/4786/4786 879/4787/4787 880/4788/4788
f 845/4789/4789 849/4790/4790 848/4791/4791
f 886/4792/4792 880/4793/4793 881/4794/4794
f 845/4795/4795 850/4796/4796 849/4797/4797
f 886/4798/4798 881/4799/4799 882/4800/4800
f 845/4801/4801 851/4802/4802 850/4803/4803
f 886/4804/4804 882/4805/4805 883/4806/4806
f 845/4807/4807 852/4808/4808 851/4809/4809
f 886/4810/4810 883/4811/4811 884/4812/4812
f 845/4813/4813 853/4814/4814 852/4815/4815
f 886/4816/4816 884/4817/4817 885/4818/4818
f 845/4819/4819 846/4820/4820 853/4821/4821
f 886/4822/4822 885/4823/4823 878/4824/4824
f 846/4825/4825 847/4826/4826 855/4827/4827
f 846/4828/4828 855/4829/4829 854/4830/4830
f 847/4831/4831 848/4832/4832 856/4833/4833
f 847/4834/4834 856/4835/4835 855/4836/4836
f 848/4837/4837 849/4838/4838 857/4839/4839
f 848/4840/4840 857/4841/4841 856/4842/4842
f 849/4843/4843 850/4844/4844 858/4845/4845
f 849/4846/4846 858/4847/4847 857/4848/4848
f 850/4849/4849 851/4850/4850 859/4851/4851
f 850/4852/4852 859/4853/4853 858/4854/4854
f 851/4855/4855 852/4856/4856 860/4857/4857
f 851/4858/4858 860/4859/4859 859/4860/4860
f 852/4861/4861 853/4862/4862 861/4863/4863
f 852/4864/4864 861/4865/4865 860/4866/4866
f 853/4867/4867 846/4868/4868 854/4869/4869
f 853/4870/4870 854/4871/4871 861/4872/4872
f 854/4873/4873 855/4874/4874 863/4875/4875
f 854/4876/4876 863/4877/4877 862/4878/4878
f 855/4879/4879 856/4880/4880 864/4881/4881
f 855/4882/4882 864/4883/4883 863/4884/4884
f 856/4885/4885 857/4886/4886 865/4887/4887
f 856/4888/4888 865/4889/4889 864/4890/4890
f 857/4891/4891 858/4892/4892 866/4893/4893
f 857/4894/4894 866/4895/4895 865/4896/4896
f 858/4897/4897 859/4898/4898 867/4899/4899
f 858/4900/4900 867/4901/4901 866/4902/4902
f 859/4903/4903 860/4904/4904 868/4905/4905
f 859/4906/4906 868/4907/4907 867/4908/4908
f 860/4909/4909 861/4910/4910 869/4911/4911
f 860/4912/4912 869/4913/4913 868/4914/4914
f 861/4915/4915 854/4916/4916 862/4917/4917
f 861/4918/4918 862/4919/4919 869/4920/4920
f 862/4921/4921 863/4922/4922 871/4923/4923
f 862/4924/4924 871/4925/4925 870/4926/4926
f 863/4927/4927 864/4928/4928 872/4929/4929
f 863/4930/4930 872/4931/4931 871/4932/4932
f 864/4933/4933 865/4934/4934 873/4935/4935
f 864/4936/4936 873/4937/4937 872/4938/4938
f 865/4939/4939 866/4940/4940 874/4941/4941
f 865/4942/4942 874/4943/4943 873/4944/4944
f 866/4945/4945 867/4946/4946 875/4947/4947
f 866/4948/4948 875/4949/4949 874/4950/4950
f 867/4951/4951 868/4952/4952 876/4953/4953
f 867/4954/4954 876/4955/4955 875/4956/4956
f 868/4957/4957 869/4958/4958 877/4959/4959
f 868/4960/4960 877/4961/4961 876/4962/4962
f 869/4963/4963 862/4964/4964 870/4965/4965
f 869/4966/4966 870/4967/4967 877/4968/4968
f 870/4969/4969 871/4970/4970 879/4971/4971
f 870/4972/4972 879/4973/4973 878/4974/4974
f 871/4975/4975 872/4976/4976 880/4977/4977
f 871/4978/4978 880/4979/4979 879/4980/4980
f 872/4981/4981 873/4982/4982 881/4983/4983
f 872/4984/4984 881/4985/4985 880/4986/4986
f 873/4987/4987 874/4988/4988 882/4989/4989
f 873/4990/4990 882/4991/4991 881/4992/4992
f 874/4993/4993 875/4994/4994 883/4995/4995
f 874/4996/4996 883/4997/4997 882/4998/4998
f 875/4999/4999 876/5000/5000 884/5001/5001
f 875/5002/5002 884/5003/5003 883/5004/5004
f 876/5005/5005 877/5006/5006 885/5007/5007
f 876/5008/5008 885/5009/5009 884/5010/5010
f 877/5011/5011 870/5012/5012 878/5013/5013
f 877/5014/5014 878/5015/5015 885/5016/5016
f 887/5017/5017 888/5018/5018 893/5019/5019
f 887/5020/5020 893/5021/5021 892/5022/5022
f 888/5023/5023 889/5024/5024 894/5025/5025
f 888/5026/5026 894/5027/5027 893/5028/5028
f 889/5029/5029 890/5030/5030 895/5031/5031
f 889/5032/5032 895/5033/5033 894/5034/5034
f 890/5035/5035 891/5036/5036 896/5037/5037
f 890/5038/5038 896/5039/5039 895/5040/5040
f 891/5041/5041 887/5042/5042 892/5043/5043
f 891/5044/5044 892/5045/5045 896/5046/5046
f 892/5047/5047 893/5048/5048 898/5049/5049
f 892/5050/5050 898/5051/5051 897/5052/5052
f 893/5053/5053 894/5054/5054 899/5055/5055
f 893/5056/5056 899/5057/5057 898/5058/5058
f 894/5059/5059 895/5060/5060 900/5061/5061
f 894/5062/5062 900/5063/5063 899/5064/5064
f 895/5065/5065 896/5066/5066 901/5067/5067
f 895/5068/5068 901/5069/5069 900/5070/5070
f 896/5071/5071 892/5072/5072 897/5073/5073
f 896/5074/5074 897/5075/5075 901/5076/5076
f 897/5077/5077 898/5078/5078 903/5079/5079
f 897/5080/5080 903/5081/5081 902/5082/5082
f 898/5083/5083 899/5084/5084 904/5085/5085
f 898/5086/5086 904/5087/5087 903/5088/5088
f 899/5089/5089 900/5090/5090 905/5091/5091
f 899/5092/5092 905/5093/5093 904/5094/5094
f 900/5095/5095 901/5096/5096 906/5097/5097
f 900/5098/5098 906/5099/5099 905/5100/5100
f 901/5101/5101 897/5102/5102 902/5103/5103
f 901/5104/5104 902/5105/5105 906/5106/5106
f 907/5107/5107 888/5108/5108 887/5109/5109
f 908/5110/5110 902/5111/5111 903/5112/5112
f 907/5113/5113 889/5114/5114 888/5115/5115
f 908/5116/5116 903/5117/5117 904/5118/5118
f 907/5119/5119 890/5120/5120 889/5121/5121
f 908/5122/5122 904/5123/5123 905/5124/5124
f 907/5125/5125 891/5126/5126 890/5127/5127
f 908/5128/5128 905/5129/5129 906/5130/5130
f 907/5131/5131 887/5132/5132 891/5133/5133
f 908/5134/5134 906/5135/5135 902/5136/5136
f 909/5137/5137 910/5138/5138 915/5139/5139
f 909/5140/5140 915/5141/5141 914/5142/5142
f 910/5143/5143 911/5144/5144 916/5145/5145
f 910/5146/5146 916/5147/5147 915/5148/5148
f 911/5149/5149 912/5150/5150 917/5151/5151
f 911/5152/5152 917/5153/5153 916/5154/5154
f 912/5155/5155 913/5156/5156 918/5157/5157
f 912/5158/5158 918/5159/5159 917/5160/5160
f 913/5161/5161 909/5162/5162 914/5163/5163
f 913/5164/5164 914/5165/5165 918/5166/5166
f 914/5167/5167 915/5168/5168 920/5169/5169
f 914/5170/5170 920/5171/5171 919/5172/5172
f 915/5173/5173 916/5174/5174 921/5175/5175
f 915/5176/5176 921/5177/5177 920/5178/5178
f 916/5179/5179 917/5180/5180 922/5181/5181
f 916/5182/5182 922/5183/5183 921/5184/5184
f 917/5185/5185 918/5186/5186 923/5187/5187
f 917/5188/5188 923/5189/5189 922/5190/5190
f 918/5191/5191 914/5192/5192 919/5193/5193
f 918/5194/5194 919/5195/5195 923/5196/5196
f 919/5197/5197 920/5198/5198 925/5199/5199
f 919/5200/5200 925/5201/5201 924/5202/5202
f 920/5203/5203 921/5204/5204 926/5205/5205
f 920/5206/5206 926/5207/5207 925/5208/5208
f 921/5209/5209 922/5210/5210 927/5211/5211
f 921/5212/5212 927/5213/5213 926/5214/5214
f 922/5215/5215 923/5216/5216 928/5217/5217
f 922/5218/5218 928/5219/5219 927/5220/5220
f 923/5221/5221 919/5222/5222 924/5223/5223
f 923/5224/5224 924/5225/5225 928/5226/5226
f 929/5227/5227 910/5228/5228 909/5229/5229
f 930/5230/5230 924/5231/5231 925/5232/5232
f 929/5233/5233 911/5234/5234 910/5235/5235
f 930/5236/5236 925/5237/5237 926/5238/5238
f 929/5239/5239 912/5240/5240 911/5241/5241
f 930/5242/5242 926/5243/5243 927/5244/5244
f 929/5245/5245 913/5246/5246 912/5247/5247
f 930/5248/5248 927/5249/5249 928/5250/5250
f 929/5251/5251 909/5252/5252 913/5253/5253
f 930/5254/5254 928/5255/5255 924/5256/5256
f 931/5257/5257 933/5258/5258 932/5259/5259
f 992/5260/5260 982/5261/5261 983/5262/5262
f 931/5263/5263 934/5264/5264 933/5265/5265
f 992/5266/5266 983/5267/5267 984/5268/5268
f 931/5269/5269 935/5270/5270 934/5271/5271
f 992/5272/5272 984/5273/5273 985/5274/5274
f 931/5275/5275 936/5276/5276 935/5277/5277
f 992/5278/5278 985/5279/5279 986/5280/5280
f 931/5281/5281 937/5282/5282 936/5283/5283
f 992/5284/5284 986/5285/5285 987/5286/5286
f 931/5287/5287 938/5288/5288 937/5289/5289
f 992/5290/5290 987/5291/5291 988/5292/5292
f 931/5293/5293 939/5294/5294 938/5295/5295
f 992/5296/5296 988/5297/5297 989/5298/5298
f 931/5299/5299 940/5300/5300 939/5301/5301
f 992/5302/5302 989/5303/5303 990/5304/5304
f 931/5305/5305 941/5306/5306 940/5307/5307
f 992/5308/5308 990/5309/5309 991/5310/5310
f 931/5311/5311 932/5312/5312 941/5313/5313
f 992/5314/5314 991/5315/5315 982/5316/5316
f 932/5317/5317 933/5318/5318 943/5319/5319
f 932/5320/5320 943/5321/5321 942/5322/5322
f 933/5323/5323 934/5324/5324 944/5325/5325
f 933/5326/5326 944/5327/5327 943/5328/5328
f 934/5329/5329 935/5330/5330 945/5331/5331
f 934/5332/5332 945/5333/5333 944/5334/5334
f 935/5335/5335 936/5336/5336 946/5337/5337
f 935/5338/5338 946/5339/5339 945/5340/5340
f 936/5341/5341 937/5342/5342 947/5343/5343
f 936/5344/5344 947/5345/5345 946/5346/5346
f 937/5347/5347 938/5348/5348 948/5349/5349
f 937/5350/5350 948/5351/5351 947/5352/5352
f 938/5353/5353 939/5354/5354 949/5355/5355
f 938/5356/5356 949/5357/5357 948/5358/5358
f 939/5359/5359 940/5360/5360 950/5361/5361
f 939/5362/5362 950/5363/5363 949/5364/5364
f 940/5365/5365 941/5366/5366 951/5367/5367
f 940/5368/5368 951/5369/5369 950/5370/5370
f 941/5371/5371 932/5372/5372 942/5373/5373
f 941/5374/5374 942/5375/5375 951/5376/5376
f 942/5377/5377 943/5378/5378 953/5379/5379
f 942/5380/5380 953/5381/5381 952/5382/5382
f 943/5383/5383 944/5384/5384 954/5385/5385
f 943/5386/5386 954/5387/5387 953/5388/5388
f 944/5389/5389 945/5390/5390 955/5391/5391
f 944/5392/5392 955/5393/5393 954/5394/5394
f 945/5395/5395 946/5396/5396 956/5397/5397
f 945/5398/5398 956/5399/5399 955/5400/5400
f 946/5401/5401 947/5402/5402 957/5403/5403
f 946/5404/5404 957/5405/5405 956/5406/5406
f 947/5407/5407 948/5408/5408 958/5409/5409
f 947/5410/5410 958/5411/5411 957/5412/5412
f 948/5413/5413 949/5414/5414 959/5415/5415
f 948/5416/5416 959/5417/5417 958/5418/5418
f 949/5419/5419 950/5420/5420 960/5421/5421
f 949/5422/5422 960/5423/5423 959/5424/5424
f 950/5425/5425 951/5426/5426 961/5427/5427
f 950/5428/5428 961/5429/5429 960/5430/5430
f 951/5431/5431 942/5432/5432 952/5433/5433
f 951/5434/5434 952/5435/5435 961/5436/5436
f 952/5437/5437 953/5438/5438 963/5439/5439
f 952/5440/5440 963/5441/5441 962/5442/5442
f 953/5443/5443 954/5444/5444 964/5445/5445
f 953/5446/5446 964/5447/5447 963/5448/5448
f 954/5449/5449 955/5450/5450 965/5451/5451
f 954/5452/5452 965/5453/5453 964/5454/5454
f 955/5455/5455 956/5456/5456 966/5457/5457
f 955/5458/5458 966/5459/5459 965/5460/5460
f 956/5461/5461 957/5462/5462 967/5463/5463
f 956/5464/5464 967/5465/5465 966/5466/5466
f 957/5467/5467 958/5468/5468 968/5469/5469
f 957/5470/5470 968/5471/5471 967/5472/5472
f 958/5473/5473 959/5474/5474 969/5475/5475
f 958/5476/5476 969/5477/5477 968/5478/5478
f 959/5479/5479 960/5480/5480 970/5481/5481
f 959/5482/5482 970/5483/5483 969/5484/5484
f 960/5485/5485 961/5486/5486 971/5487/5487
f 960/5488/5488 971/5489/5489 970/5490/5490
f 961/5491/5491 952/5492/5492 962/5493/5493
f 961/5494/5494 962/5495/5495 971/5496/5496
f 962/5497/5497 963/5498/5498 973/5499/5499
f 962/5500/5500 973/5501/5501 972/5502/5502
f 963/5503/5503 964/5504/5504 974/5505/5505
f 963/5506/5506 974/5507/5507 973/5508/5508
f 964/5509/5509 965/5510/5510 975/5511/5511
f 964/5512/5512 975/5513/5513 974/5514/5514
f 965/5515/5515 966/5516/5516 976/5517/5517
f 965/5518/5518 976/5519/5519 975/5520/5520
f 966/5521/5521 967/5522/5522 977/5523/5523
f 966/5524/5524 977/5525/5525 976/5526/5526
f 967/5527/5527 968/5528/5528 978/5529/5529
f 967/5530/5530 978/5531/5531 977/5532/5532
f 968/5533/5533 969/5534/5534 979/5535/5535
f 968/5536/5536 979/5537/5537 978/5538/5538
f 969/5539/5539 970/5540/5540 980/5541/5541
f 969/5542/5542 980/5543/5543 979/5544/5544
f 970/5545/5545 971/5546/5546 981/5547/5547
f 970/5548/5548 981/5549/5549 980/5550/5550
f 971/5551/5551 962/5552/5552 972/5553/5553
f 971/5554/5554 972/5555/5555 981/5556/5556
f 972/5557/5557 973/5558/5558 983/5559/5559
f 972/5560/5560 983/5561/5561 982/5562/5562
f 973/5563/5563 974/5564/5564 984/5565/5565
f 973/5566/5566 984/5567/5567 983/5568/5568
f 974/5569/5569 975/5570/5570 985/5571/5571
f 974/5572/5572 985/5573/5573 984/5574/5574
f 975/5575/5575 976/5576/5576 986/5577/5577
f 975/5578/5578 986/5579/5579 985/5580/5580
f 976/5581/5581 977/5582/5582 987/5583/5583
f 976/5584/5584 987/5585/5585 986/5586/5586
f 977/5587/5587 978/5588/5588 988/5589/5589
f 977/5590/5590 988/5591/5591 987/5592/5592
f 978/5593/5593 979/5594/5594 989/5595/5595
f 978/5596/5596 989/5597/5597 988/5598/5598
f 979/5599/5599 980/5600/5600 990/5601/5601
f 979/5602/5602 990/5603/5603 989/5604/5604
f 980/5605/5605 981/5606/5606 991/5607/5607
f 980/5608/5608 991/5609/5609 990/5610/5610
f 981/5611/5611 972/5612/5612 982/5613/5613
f 981/5614/5614 982/5615/5615 991/5616/5616
f 993/5617/5617 995/5618/5618 994/5619/5619
f 1034/5620/5620 1026/5621/5621 1027/5622/5622
f 993/5623/5623 996/5624/5624 995/5625/5625
f 1034/5626/5626 1027/5627/5627 1028/5628/5628
f 993/5629/5629 997/5630/5630 996/5631/5631
f 1034/5632/5632 1028/5633/5633 1029/5634/5634
f 993/5635/5635 998/5636/5636 997/5637/5637
f 1034/5638/5638 1029/5639/5639 1030/5640/5640
f 993/5641/5641 999/5642/5642 998/5643/5643
f 1034/5644/5644 1030/5645/5645 1031/5646/5646
f 993/5647/5647 1000/5648/5648 999/5649/5649
f 1034/5650/5650 1031/5651/5651 1032/5652/5652
f 993/5653/5653 1001/5654/5654 1000/5655/5655
f 1034/5656/5656 1032/5657/5657 1033/5658/5658
f 993/5659/5659 994/5660/5660 1001/5661/5661
f 1034/5662/5662 1033/5663/5663 1026/5664/5664
f 994/5665/5665 995/5666/5666 1003/5667/5667
f 994/5668/5668 1003/5669/5669 1002/5670/5670
f 995/5671/5671 996/5672/5672 1004/5673/5673
f 995/5674/5674 1004/5675/5675 1003/5676/5676
f 996/5677/5677 997/5678/5678 1005/5679/5679
f 996/5680/5680 1005/5681/5681 1004/5682/5682
f 997/5683/5683 998/5684/5684 1006/5685/5685
f 997/5686/5686 1006/5687/5687 1005/5688/5688
f 998/5689/5689 999/5690/5690 1007/5691/5691
f 998/5692/5692 1007/5693/5693 1006/5694/5694
f 999/5695/5695 1000/5696/5696 1008/5697/5697
f 999/5698/5698 1008/5699/5699 1007/5700/5700
f 1000/5701/5701 1001/5702/5702 1009/5703/5703
f 1000/5704/5704 1009/5705/5705 1008/5706/5706
f 1001/5707/5707 994/5708/5708 1002/5709/5709
f 1001/5710/5710 1002/5711/5711 1009/5712/5712
f 1002/5713/5713 1003/5714/5714 1011/5715/5715
f 1002/5716/5716 1011/5717/5717 1010/5718/5718
f 1003/5719/5719 1004/5720/5720 1012/5721/5721
f 1003/5722/5722 1012/5723/5723 1011/5724/5724
f 1004/5725/5725 1005/5726/5726 1013/5727/5727
f 1004/5728/5728 1013/5729/5729 1012/5730/5730
f 1005/5731/5731 1006/5732/5732 1014/5733/5733
f 1005/5734/5734 1014/5735/5735 1013/5736/5736
f 1006/5737/5737 1007/5738/5738 1015/5739/5739
f 1006/5740/5740 1015/5741/5741 1014/5742/5742
f 1007/5743/5743 1008/5744/5744 1016/5745/5745
f 1007/5746/5746 1016/5747/5747 1015/5748/5748
f 1008/5749/5749 1009/5750/5750 1017/5751/5751
f 1008/5752/5752 1017/5753/5753 1016/5754/5754
f 1009/5755/5755 1002/5756/5756 1010/5757/5757
f 1009/5758/5758 1010/5759/5759 1017/5760/5760
f 1010/5761/5761 1011/5762/5762 1019/5763/5763
f 1010/5764/5764 1019/5765/5765 1018/5766/5766
f 1011/5767/5767 1012/5768/5768 1020/5769/5769
f 1011/5770/5770 1020/5771/5771 1019/5772/5772
f 1012/5773/5773 1013/5774/5774 1021/5775/5775
f 1012/5776/5776 1021/5777/5777 1020/5778/5778
f 1013/5779/5779 1014/5780/5780 1022/5781/5781
f 1013/5782/5782 1022/5783/5783 1021/5784/5784
f 1014/5785/5785 1015/5786/5786 1023/5787/5787
f 1014/5788/5788 1023/5789/5789 1022/5790/5790
f 1015/5791/5791 1016/5792/5792 1024/5793/5793
f 1015/5794/5794 1024/5795/5795 1023/5796/5796
f 1016/5797/5797 1017/5798/5798 1025/5799/5799
f 1016/5800/5800 1025/5801/5801 1024/5802/5802
f 1017/5803/5803 1010/5804/5804 1018/5805/5805
f 1017/5806/5806 1018/5807/5807 1025/5808/5808
f 1018/5809/5809 1019/5810/5810 1027/5811/5811
f 1018/5812/5812 1027/5813/5813 1026/5814/5814
f 1019/5815/5815 1020/5816/5816 1028/5817/5817
f 1019/5818/5818 1028/5819/5819 1027/5820/5820
f 1020/5821/5821 1021/5822/5822 1029/5823/5823
f 1020/5824/5824 1029/5825/5825 1028/5826/5826
f 1021/5827/5827 1022/5828/5828 1030/5829/5829
f 1021/5830/5830 1030/5831/5831 1029/5832/5832
f 1022/5833/5833 1023/5834/5834 1031/5835/5835
f 1022/5836/5836 1031/5837/5837 1030/5838/5838
f 1023/5839/5839 1024/5840/5840 1032/5841/5841
f 1023/5842/5842 1032/5843/5843 1031/5844/5844
f 1024/5845/5845 1025/5846/5846 1033/5847/5847
f 1024/5848/5848 1033/5849/5849 1032/5850/5850
f 1025/5851/5851 1018/5852/5852 1026/5853/5853
f 1025/5854/5854 1026/5855/5855 1033/5856/5856
f 1035/5857/5857 1036/5858/5858 1041/5859/5859
f 1035/5860/5860 1041/5861/5861 1040/5862/5862
f 1036/5863/5863 1037/5864/5864 1042/5865/5865
f 1036/5866/5866 1042/5867/5867 1041/5868/5868
f 1037/5869/5869 1038/5870/5870 1043/5871/5871
f 1037/5872/5872 1043/5873/5873 1042/5874/5874
f 1038/5875/5875 1039/5876/5876 1044/5877/5877
f 1038/5878/5878 1044/5879/5879 1043/5880/5880
f 1039/5881/5881 1035/5882/5882 1040/5883/5883
f 1039/5884/5884 1040/5885/5885 1044/5886/5886
f 1040/5887/5887 1041/5888/5888 1046/5889/5889
f 1040/5890/5890 1046/5891/5891 1045/5892/5892
f 1041/5893/5893 1042/5894/5894 1047/5895/5895
f 1041/5896/5896 1047/5897/5897 1046/5898/5898
f 1042/5899/5899 1043/5900/5900 1048/5901/5901
f 1042/5902/5902 1048/5903/5903 1047/5904/5904
f 1043/5905/5905 1044/5906/5906 1049/5907/5907
f 1043/5908/5908 1049/5909/5909 1048/5910/5910
f 1044/5911/5911 1040/5912/5912 1045/5913/5913
f 1044/5914/5914 1045/5915/5915 1049/5916/5916
f 1045/5917/5917 1046/5918/5918 1051/5919/5919
f 1045/5920/5920 1051/5921/5921 1050/5922/5922
f 1046/5923/5923 1047/5924/5924 1052/5925/5925
f 1046/5926/5926 1052/5927/5927 1051/5928/5928
f 1047/5929/5929 1048/5930/5930 1053/5931/5931
f 1047/5932/5932 1053/5933/5933 1052/5934/5934
f 1048/5935/5935 1049/5936/5936 1054/5937/5937
f 1048/5938/5938 1054/5939/5939 1053/5940/5940
f 1049/5941/5941 1045/5942/5942 1050/5943/5943
f 1049/5944/5944 1050/5945/5945 1054/5946/5946
f 1055/5947/5947 1036/5948/5948 1035/5949/5949
f 1056/5950/5950 1050/5951/5951 1051/5952/5952
f 1055/5953/5953 1037/5954/5954 1036/5955/5955
f 1056/5956/5956 1051/5957/5957 1052/5958/5958
f 1055/5959/5959 1038/5960/5960 1037/5961/5961
f 1056/5962/5962 1052/5963/5963 1053/5964/5964
f 1055/5965/5965 1039/5966/5966 1038/5967/5967
f 1056/5968/5968 1053/5969/5969 1054/5970/5970
f 1055/5971/5971 1035/5972/5972 1039/5973/5973
f 1056/5974/5974 1054/5975/5975 1050/5976/5976
f 1057/5977/5977 1058/5978/5978 1063/5979/5979
f 1057/5980/5980 1063/5981/5981 1062/5982/5982
f 1058/5983/5983 1059/5984/5984 1064/5985/5985
f 1058/5986/5986 1064/5987/5987 1063/5988/5988
f 1059/5989/5989 1060/5990/5990 1065/5991/5991
f 1059/5992/5992 1065/5993/5993 1064/5994/5994
f 1060/5995/5995 1061/5996/5996 1066/5997/5997
f 1060/5998/5998 1066/5999/5999 1065/6000/6000
f 1061/6001/6001 1057/6002/6002 1062/6003/6003
f 1061/6004/6004 1062/6005/6005 1066/6006/6006
f 1062/6007/6007 1063/6008/6008 1068/6009/6009
f 1062/6010/6010 1068/6011/6011 1067/6012/6012
f 1063/6013/6013 1064/6014/6014 1069/6015/6015
f 1063/6016/6016 1069/6017/6017 1068/6018/6018
f 1064/6019/6019 1065/6020/6020 1070/6021/6021
f 1064/6022/6022 1070/6023/6023 1069/6024/6024
f 1065/6025/6025 1066/6026/6026 1071/6027/6027
f 1065/6028/6028 1071/6029/6029 1070/6030/6030
f 1066/6031/6031 1062/6032/6032 1067/6033/6033
f 1066/6034/6034 1067/6035/6035 1071/6036/6036
f 1067/6037/6037 1068/6038/6038 1073/6039/6039
f 1067/6040/6040 1073/6041/6041 1072/6042/6042
f 1068/6043/6043 1069/6044/6044 1074/6045/6045
f 1068/6046/6046 1074/6047/6047 1073/6048/6048
f 1069/6049/6049 1070/6050/6050 1075/6051/6051
f 1069/6052/6052 1075/6053/6053 1074/6054/6054
f 1070/6055/6055 1071/6056/6056 1076/6057/6057
f 1070/6058/6058 1076/6059/6059 1075/6060/6060
f 1071/6061/6061 1067/6062/6062 1072/6063/6063
f 1071/6064/6064 1072/6065/6065 1076/6066/6066
f 1077/6067/6067 1058/6068/6068 1057/6069/6069
f 1078/6070/6070 1072/6071/6071 1073/6072/6072
f 1077/6073/6073 1059/6074/6074 1058/6075/6075
f 1078/6076/6076 1073/6077/6077 1074/6078/6078
f 1077/6079/6079 1060/6080/6080 1059/6081/6081
f 1078/6082/6082 1074/6083/6083 1075/6084/6084
f 1077/6085/6085 1061/6086/6086 1060/6087/6087
f 1078/6088/6088 1075/6089/6089 1076/6090/6090
f 1077/6091/6091 1057/6092/6092 1061/6093/6093
f 1078/6094/6094 1076/6095/6095 1072/6096/6096
f 1079/6097/6097 1088/6098/6098 1080/6099/6099
f 1079/6100/6100 1087/6101/6101 1088/6102/6102
f 1080/6103/6103 1089/6104/6104 1081/6105/6105
f 1080/6106/6106 1088/6107/6107 1089/6108/6108
f 1081/6109/6109 1090/6110/6110 1082/6111/6111
f 1081/6112/6112 1089/6113/6113 1090/6114/6114
f 1082/6115/6115 1091/6116/6116 1083/6117/6117
f 1082/6118/6118 1090/6119/6119 1091/6120/6120
f 1083/6121/6121 1092/6122/6122 1084/6123/6123
f 1083/6124/6124 1091/6125/6125 1092/6126/6126
f 1084/6127/6127 1093/6128/6128 1085/6129/6129
f 1084/6130/6130 1092/6131/6131 1093/6132/6132
f 1085/6133/6133 1094/6134/6134 1086/6135/6135
f 1085/6136/6136 1093/6137/6137 1094/6138/6138
f 1086/6139/6139 1087/6140/6140 1079/6141/6141
f 1086/6142/6142 1094/6143/6143 1087/6144/6144
f 1087/6145/6145 1096/6146/6146 1088/6147/6147
f 1087/6148/6148 1095/6149/6149 1096/6150/6150
f 1088/6151/6151 1097/6152/6152 1089/6153/6153
f 1088/6154/6154 1096/6155/6155 1097/6156/6156
f 1089/6157/6157 1098/6158/6158 1090/6159/6159
f 1089/6160/6160 1097/6161/6161 1098/6162/6162
f 1090/6163/6163 1099/6164/6164 1091/6165/6165
f 1090/6166/6166 1098/6167/6167 1099/6168/6168
f 1091/6169/6169 1100/6170/6170 1092/6171/6171
f 1091/6172/6172 1099/6173/6173 1100/6174/6174
f 1092/6175/6175 1101/6176/6176 1093/6177/6177
f 1092/6178/6178 1100/6179/6179 1101/6180/6180
f 1093/6181/6181 1102/6182/6182 1094/6183/6183
f 1093/6184/6184 1101/6185/6185 1102/6186/6186
f 1094/6187/6187 1095/6188/6188 1087/6189/6189
f 1094/6190/6190 1102/6191/6191 1095/6192/6192
f 1095/6193/6193 1104/6194/6194 1096/6195/6195
f 1095/6196/6196 1103/6197/6197 1104/6198/6198
f 1096/6199/6199 1105/6200/6200 1097/6201/6201
f 1096/6202/6202 1104/6203/6203 1105/6204/6204
f 1097/6205/6205 1106/6206/6206 1098/6207/6207
f 1097/6208/6208 1105/6209/6209 1106/6210/6210
f 1098/6211/6211 1107/6212/6212 1099/6213/6213
f 1098/6214/6214 1106/6215/6215 1107/6216/6216
f 1099/6217/6217 1108/6218/6218 1100/6219/6219
f 1099/6220/6220 1107/6221/6221 1108/6222/6222
f 1100/6223/6223 1109/6224/6224 1101/6225/6225
f 1100/6226/6226 1108/6227/6227 1109/6228/6228
f 1101/6229/6229 1110/6230/6230 1102/6231/6231
f 1101/6232/6232 1109/6233/6233 1110/6234/6234
f 1102/6235/6235 1103/6236/6236 1095/6237/6237
f 1102/6238/6238 1110/6239/6239 1103/6240/6240
f 1111/6241/6241 1079/6242/6242 1080/6243/6243
f 1112/6244/6244 1104/6245/6245 1103/6246/6246
f 1111/6247/6247 1080/6248/6248 1081/6249/6249
f 1112/6250/6250 1105/6251/6251 1104/6252/6252
f 1111/6253/6253 1081/6254/6254 1082/6255/6255
f 1112/6256/6256 1106/6257/6257 1105/6258/6258
f 1111/6259/6259 1082/6260/6260 1083/6261/6261
f 1112/6262/6262 1107/6263/6263 1106/6264/6264
f 1111/6265/6265 1083/6266/6266 1084/6267/6267
f 1112/6268/6268 1108/6269/6269 1107/6270/6270
f 1111/6271/6271 1084/6272/6272 1085/6273/6273
f 1112/6274/6274 1109/6275/6275 1108/6276/6276
f 1111/6277/6277 1085/6278/6278 1086/6279/6279
f 1112/6280/6280 1110/6281/6281 1109/6282/6282
f 1111/6283/6283 1086/6284/6284 1079/6285/6285
f 1112/6286/6286 1103/6287/6287 1110/6288/6288
f 1113/6289/6289 1115/6290/6290 1114/6291/6291
f 1132/6292/6292 1126/6293/6293 1127/6294/6294
f 1113/6295/6295 1116/6296/6296 1115/6297/6297
f 1132/6298/6298 1127/6299/6299 1128/6300/6300
f 1113/6301/6301 1117/6302/6302 1116/6303/6303
f 1132/6304/6304 1128/6305/6305 1129/6306/6306
f 1113/6307/6307 1118/6308/6308 1117/6309/6309
f 1132/6310/6310 1129/6311/6311 1130/6312/6312
f 1113/6313/6313 1119/6314/6314 1118/6315/6315
f 1132/6316/6316 1130/6317/6317 1131/6318/6318
f 1113/6319/6319 1114/6320/6320 1119/6321/6321
f 1132/6322/6322 1131/6323/6323 1126/6324/6324
f 1114/6325/6325 1115/6326/6326 1121/6327/6327
f 1114/6328/6328 1121/6329/6329 1120/6330/6330
f 1115/6331/6331 1116/6332/6332 1122/6333/6333
f 1115/6334/6334 1122/6335/6335 1121/6336/6336
f 1116/6337/6337 1117/6338/6338 1123/6339/6339
f 1116/6340/6340 1123/6341/6341 1122/6342/6342
f 1117/6343/6343 1118/6344/6344 1124/6345/6345
f 1117/6346/6346 1124/6347/6347 1123/6348/6348
f 1118/6349/6349 1119/6350/6350 1125/6351/6351
f 1118/6352/6352 1125/6353/6353 1124/6354/6354
f 1119/6355/6355 1114/6356/6356 1120/6357/6357
f 1119/6358/6358 1120/6359/6359 1125/6360/6360
f 1120/6361/6361 1121/6362/6362 1127/6363/6363
f 1120/6364/6364 1127/6365/6365 1126/6366/6366
f 1121/6367/6367 1122/6368/6368 1128/6369/6369
f 1121/6370/6370 1128/6371/6371 1127/6372/6372
f 1122/6373/6373 1123/6374/6374 1129/6375/6375
f 1122/6376/6376 1129/6377/6377 1128/6378/6378
f 1123/6379/6379 1124/6380/6380 1130/6381/6381
f 1123/6382/6382 1130/6383/6383 1129/6384/6384
f 1124/6385/6385 1125/6386/6386 1131/6387/6387
f 1124/6388/6388 1131/6389/6389 1130/6390/6390
f 1125/6391/6391 1120/6392/6392 1126/6393/6393
f 1125/6394/6394 1126/6395/6395 1131/6396/6396
f 1133/6397/6397 1135/6398/6398 1134/6399/6399
f 1152/6400/6400 1146/6401/6401 1147/6402/6402
f 1133/6403/6403 1136/6404/6404 1135/6405/6405
f 1152/6406/6406 1147/6407/6407 1148/6408/6408
f 1133/6409/6409 1137/6410/6410 1136/6411/6411
f 1152/6412/6412 1148/6413/6413 1149/6414/6414
f 1133/6415/6415 1138/6416/6416 1137/6417/6417
f 1152/6418/6418 1149/6419/6419 1150/6420/6420
f 1133/6421/6421 1139/6422/6422 1138/6423/6423
f 1152/6424/6424 1150/6425/6425 1151/6426/6426
f 1133/6427/6427 1134/6428/6428 1139/6429/6429
f 1152/6430/6430 1151/6431/6431 1146/6432/6432
f 1134/6433/6433 1135/6434/6434 1141/6435/6435
f 1134/6436/6436 1141/6437/6437 1140/6438/6438
f 1135/6439/6439 1136/6440/6440 1142/6441/6441
f 1135/6442/6442 1142/6443/6443 1141/6444/6444
f 1136/6445/6445 1137/6446/6446 1143/6447/6447
f 1136/6448/6448 1143/6449/6449 1142/6450/6450
f 1137/6451/6451 1138/6452/6452 1144/6453/6453
f 1137/6454/6454 1144/6455/6455 1143/6456/6456
f 1138/6457/6457 1139/6458/6458 1145/6459/6459
f 1138/6460/6460 1145/6461/6461 1144/6462/6462
f 1139/6463/6463 1134/6464/6464 1140/6465/6465
f 1139/6466/6466 1140/6467/6467 1145/6468/6468
f 1140/6469/6469 1141/6470/6470 1147/6471/6471
f 1140/6472/6472 1147/6473/6473 1146/6474/6474
f 1141/6475/6475 1142/6476/6476 1148/6477/6477
f 1141/6478/6478 1148/6479/6479 1147/6480/6480
f 1142/6481/6481 1143/6482/6482 1149/6483/6483
f 1142/6484/6484 1149/6485/6485 1148/6486/6486
f 1143/6487/6487 1144/6488/6488 1150/6489/6489
f 1143/6490/6490 1150/6491/6491 1149/6492/6492
f 1144/6493/6493 1145/6494/6494 1151/6495/6495
f 1144/6496/6496 1151/6497/6497 1150/6498/6498
f 1145/6499/6499 1140/6500/6500 1146/6501/6501
f 1145/6502/6502 1146/6503/6503 1151/6504/6504
f 1153/6505/6505 1162/6506/6506 1154/6507/6507
f 1153/6508/6508 1161/6509/6509 1162/6510/6510
f 1154/6511/6511 1163/6512/6512 1155/6513/6513
f 1154/6514/6514 1162/6515/6515 1163/6516/6516
f 1155/6517/6517 1164/6518/6518 1156/6519/6519
f 1155/6520/6520 1163/6521/6521 1164/6522/6522
f 1156/6523/6523 1165/6524/6524 1157/6525/6525
f 1156/6526/6526 1164/6527/6527 1165/6528/6528
f 1157/6529/6529 1166/6530/6530 1158/6531/6531
f 1157/6532/6532 1165/6533/6533 1166/6534/6534
f 1158/6535/6535 1167/6536/6536 1159/6537/6537
f 1158/6538/6538 1166/6539/6539 1167/6540/6540
f 1159/6541/6541 1168/6542/6542 1160/6543/6543
f 1159/6544/6544 1167/6545/6545 1168/6546/6546
f 1160/6547/6547 1161/6548/6548 1153/6549/6549
f 1160/6550/6550 1168/6551/6551 1161/6552/6552
f 1161/6553/6553 1170/6554/6554 1162/6555/6555
f 1161/6556/6556 1169/6557/6557 1170/6558/6558
f 1162/6559/6559 1171/6560/6560 1163/6561/6561
f 1162/6562/6562 1170/6563/6563 1171/6564/6564
f 1163/6565/6565 1172/6566/6566 1164/6567/6567
f 1163/6568/6568 1171/6569/6569 1172/6570/6570
f 1164/6571/6571 1173/6572/6572 1165/6573/6573
f 1164/6574/6574 1172/6575/6575 1173/6576/6576
f 1165/6577/6577 1174/6578/6578 1166/6579/6579
f 1165/6580/6580 1173/6581/6581 1174/6582/6582
f 1166/6583/6583 1175/6584/6584 1167/6585/6585
f 1166/6586/6586 1174/6587/6587 1175/6588/6588
f 1167/6589/6589 1176/6590/6590 1168/6591/6591
f 1167/6592/6592 1175/6593/6593 1176/6594/6594
f 1168/6595/6595 1169/6596/6596 1161/6597/6597
f 1168/6598/6598 1176/6599/6599 1169/6600/6600
f 1169/6601/6601 1178/6602/6602 1170/6603/6603
f 1169/6604/6604 1177/6605/6605 1178/6606/6606
f 1170/6607/6607 1179/6608/6608 1171/6609/6609
f 1170/6610/6610 1178/6611/6611 1179/6612/6612
f 1171/6613/6613 1180/6614/6614 1172/6615/6615
f 1171/6616/6616 1179/6617/6617 1180/6618/6618
f 1172/6619/6619 1181/6620/6620 1173/6621/6621
f 1172/6622/6622 1180/6623/6623 1181/6624/6624
f 1173/6625/6625 1182/6626/6626 1174/6627/6627
f 1173/6628/6628 1181/6629/6629 1182/6630/6630
f 1174/6631/6631 1183/6632/6632 1175/6633/6633
f 1174/6634/6634 1182/6635/6635 1183/6636/6636
f 1175/6637/6637 1184/6638/6638 1176/6639/6639
f 1175/6640/6640 1183/6641/6641 1184/6642/6642
f 1176/6643/6643 1177/6644/6644 1169/6645/6645
f 1176/6646/6646 1184/6647/6647 1177/6648/6648
f 1185/6649/6649 1153/6650/6650 1154/6651/6651
f 1186/6652/6652 1178/6653/6653 1177/6654/6654
f 1185/6655/6655 1154/6656/6656 1155/6657/6657
f 1186/6658/6658 1179/6659/6659 1178/6660/6660
f 1185/6661/6661 1155/6662/6662 1156/6663/6663
f 1186/6664/6664 1180/6665/6665 1179/6666/6666
f 1185/6667/6667 1156/6668/6668 1157/6669/6669
f 1186/6670/6670 1181/6671/6671 1180/6672/6672
f 1185/6673/6673 1157/6674/6674 1158/6675/6675
f 1186/6676/6676 1182/6677/6677 1181/6678/6678
f 1185/6679/6679 1158/6680/6680 1159/6681/6681
f 1186/6682/6682 1183/6683/6683 1182/6684/6684
f 1185/6685/6685 1159/6686/6686 1160/6687/6687
f 1186/6688/6688 1184/6689/6689 1183/6690/6690
f 1185/6691/6691 1160/6692/6692 1153/6693/6693
f 1186/6694/6694 1177/6695/6695 1184/6696/6696
f 1187/6697/6697 1196/6698/6698 1188/6699/6699
f 1187/6700/6700 1195/6701/6701 1196/6702/6702
f 1188/6703/6703 1197/6704/6704 1189/6705/6705
f 1188/6706/6706 1196/6707/6707 1197/6708/6708
f 1189/6709/6709 1198/6710/6710 1190/6711/6711
f 1189/6712/6712 1197/6713/6713 1198/6714/6714
f 1190/6715/6715 1199/6716/6716 1191/6717/6717
f 1190/6718/6718 1198/6719/6719 1199/6720/6720
f 1191/6721/6721 1200/6722/6722 1192/6723/6723
f 1191/6724/6724 1199/6725/6725 1200/6726/6726
f 1192/6727/6727 1201/6728/6728 1193/6729/6729
f 1192/6730/6730 1200/6731/6731 1201/6732/6732
f 1193/6733/6733 1202/6734/6734 1194/6735/6735
f 1193/6736/6736 1201/6737/6737 1202/6738/6738
f 1194/6739/6739 1195/6740/6740 1187/6741/6741
f 1194/6742/6742 1202/6743/6743 1195/6744/6744
f 1195/6745/6745 1204/6746/6746 1196/6747/6747
f 1195/6748/6748 1203/6749/6749 1204/6750/6750
f 1196/6751/6751 1205/6752/6752 1197/6753/6753
f 1196/6754/6754 1204/6755/6755 1205/6756/6756
f 1197/6757/6757 1206/6758/6758 1198/6759/6759
f 1197/6760/6760 1205/6761/6761 1206/6762/6762
f 1198/6763/6763 1207/6764/6764 1199/6765/6765
f 1198/6766/6766 1206/6767/6767 1207/6768/6768
f 1199/6769/6769 1208/6770/6770 1200/6771/6771
f 1199/6772/6772 1207/6773/6773 1208/6774/6774
f 1200/6775/6775 1209/6776/6776 1201/6777/6777
f 1200/6778/6778 1208/6779/6779 1209/6780/6780
f 1201/6781/6781 1210/6782/6782 1202/6783/6783
f 1201/6784/6784 1209/6785/6785 1210/6786/6786
f 1202/6787/6787 1203/6788/6788 1195/6789/6789
f 1202/6790/6790 1210/6791/6791 1203/6792/6792
f 1203/6793/6793 1212/6794/6794 1204/6795/6795
f 1203/6796/6796 1211/6797/6797 1212/6798/6798
f 1204/6799/6799 1213/6800/6800 1205/6801/6801
f 1204/6802/6802 1212/6803/6803 1213/6804/6804
f 1205/6805/6805 1214/6806/6806 1206/6807/6807
f 1205/6808/6808 1213/6809/6809 1214/6810/6810
f 1206/6811/6811 1215/6812/6812 1207/6813/6813
f 1206/6814/6814 1214/6815/6815 1215/6816/6816
f 1207/6817/6817 1216/6818/6818 1208/6819/6819
f 1207/6820/6820 1215/6821/6821 1216/6822/6822
f 1208/6823/6823 1217/6824/6824 1209/6825/6825
f 1208/6826/6826 1216/6827/6827 1217/6828/6828
f 1209/6829/6829 1218/6830/6830 1210/6831/6831
f 1209/6832/6832 1217/6833/6833 1218/6834/6834
f 1210/6835/6835 1211/6836/6836 1203/6837/6837
f 1210/6838/6838 1218/6839/6839 1211/6840/6840
f 1219/6841/6841 1187/6842/6842 1188/6843/6843
f 1220/6844/6844 1212/6845/6845 1211/6846/6846
f 1219/6847/6847 1188/6848/6848 1189/6849/6849
f 1220/6850/6850 1213/6851/6851 1212/6852/6852
f 1219/6853/6853 1189/6854/6854 1190/6855/6855
f 1220/6856/6856 1214/6857/6857 1213/6858/6858
f 1219/6859/6859 1190/6860/6860 1191/6861/6861
f 1220/6862/6862 1215/6863/6863 1214/6864/6864
f 1219/6865/6865 1191/6866/6866 1192/6867/6867
f 1220/6868/6868 1216/6869/6869 1215/6870/6870
f 1219/6871/6871 1192/6872/6872 1193/6873/6873
f 1220/6874/6874 1217/6875/6875 1216/6876/6876
f 1219/6877/6877 1193/6878/6878 1194/6879/6879
f 1220/6880/6880 1218/6881/6881 1217/6882/6882
f 1219/6883/6883 1194/6884/6884 1187/6885/6885
f 1220/6886/6886 1211/6887/6887 1218/6888/6888
f 1221/6889/6889 1230/6890/6890 1222/6891/6891
f 1221/6892/6892 1229/6893/6893 1230/6894/6894
f 1222/6895/6895 1231/6896/6896 1223/6897/6897
f 1222/6898/6898 1230/6899/6899 1231/6900/6900
f 1223/6901/6901 1232/6902/6902 1224/6903/6903
f 1223/6904/6904 1231/6905/6905 1232/6906/6906
f 1224/6907/6907 1233/6908/6908 1225/6909/6909
f 1224/6910/6910 1232/6911/6911 1233/6912/6912
f 1225/6913/6913 1234/6914/6914 1226/6915/6915
f 1225/6916/6916 1233/6917/6917 1234/6918/6918
f 1226/6919/6919 1235/6920/6920 1227/6921/6921
f 1226/6922/6922 1234/6923/6923 1235/6924/6924
f 1227/6925/6925 1236/6926/6926 1228/6927/6927
f 1227/6928/6928 1235/6929/6929 1236/6930/6930
f 1228/6931/6931 1229/6932/6932 1221/6933/6933
f 1228/6934/6934 1236/6935/6935 1229/6936/6936
f 1229/6937/6937 1238/6938/6938 1230/6939/6939
f 1229/6940/6940 1237/6941/6941 1238/6942/6942
f 1230/6943/6943 1239/6944/6944 1231/6945/6945
f 1230/6946/6946 1238/6947/6947 1239/6948/6948
f 1231/6949/6949 1240/6950/6950 1232/6951/6951
f 1231/6952/6952 1239/6953/6953 1240/6954/6954
f 1232/6955/6955 1241/6956/6956 1233/6957/6957
f 1232/6958/6958 1240/6959/6959 1241/6960/6960
f 1233/6961/6961 1242/6962/6962 1234/6963/6963
f 1233/6964/6964 1241/6965/6965 1242/6966/6966
f 1234/6967/6967 1243/6968/6968 1235/6969/6969
f 1234/6970/6970 1242/6971/6971 1243/6972/6972
f 1235/6973/6973 1244/6974/6974 1236/6975/6975
f 1235/6976/6976 1243/6977/6977 1244/6978/6978
f 1236/6979/6979 1237/6980/6980 1229/6981/6981
f 1236/6982/6982 1244/6983/6983 1237/6984/6984
f 1237/6985/6985 1246/6986/6986 1238/6987/6987
f 1237/6988/6988 1245/6989/6989 1246/6990/6990
f 1238/6991/6991 1247/6992/6992 1239/6993/6993
f 1238/6994/6994 1246/6995/6995 1247/6996/6996
f 1239/6997/6997 1248/6998/6998 1240/6999/6999
f 1239/7000/7000 1247/7001/7001 1248/7002/7002
f 1240/7003/7003 1249/7004/7004 1241/7005/7005
f 1240/7006/7006 1248/7007/7007 1249/7008/7008
f 1241/7009/7009 1250/7010/7010 1242/7011/7011
f 1241/7012/7012 1249/7013/7013 1250/7014/7014
f 1242/7015/7015 1251/7016/7016 1243/7017/7017
f 1242/7018/7018 1250/7019/7019 1251/7020/7020
f 1243/7021/7021 1252/7022/7022 1244/7023/7023
f 1243/7024/7024 1251/7025/7025 1252/7026/7026
f 1244/7027/7027 1245/7028/7028 1237/7029/7029
f 1244/7030/7030 1252/7031/7031 1245/7032/7032
f 1253/7033/7033 1221/7034/7034 1222/7035/7035
f 1254/7036/7036 1246/7037/7037 1245/7038/7038
f 1253/7039/7039 1222/7040/7040 1223/7041/7041
f 1254/7042/7042 1247/7043/7043 1246/7044/7044
f 1253/7045/7045 1223/7046/7046 1224/7047/7047
f 1254/7048/7048 1248/7049/7049 1247/7050/7050
f 1253/7051/7051 1224/7052/7052 1225/7053/7053
f 1254/7054/7054 1249/7055/7055 1248/7056/7056
f 1253/7057/7057 1225/7058/7058 1226/7059/7059
f 1254/7060/7060 1250/7061/7061 1249/7062/7062
f 1253/7063/7063 1226/7064/7064 1227/7065/7065
f 1254/7066/7066 1251/7067/7067 1250/7068/7068
f 1253/7069/7069 1227/7070/7070 1228/7071/7071
f 1254/7072/7072 1252/7073/7073 1251/7074/7074
f 1253/7075/7075 1228/7076/7076 1221/7077/7077
f 1254/7078/7078 1245/7079/7079 1252/7080/7080
f 1255/7081/7081 1264/7082/7082 1256/7083/7083
f 1255/7084/7084 1263/7085/7085 1264/7086/7086
f 1256/7087/7087 1265/7088/7088 1257/7089/7089
f 1256/7090/7090 1264/7091/7091 1265/7092/7092
f 1257/7093/7093 1266/7094/7094 1258/7095/7095
f 1257/7096/7096 1265/7097/7097 1266/7098/7098
f 1258/7099/7099 1267/7100/7100 1259/7101/7101
f 1258/7102/7102 1266/7103/7103 1267/7104/7104
f 1259/7105/7105 1268/7106/7106 1260/7107/7107
f 1259/7108/7108 1267/7109/7109 1268/7110/7110
f 1260/7111/7111 1269/7112/7112 1261/7113/7113
f 1260/7114/7114 1268/7115/7115 1269/7116/7116
f 1261/7117/7117 1270/7118/7118 1262/7119/7119
f 1261/7120/7120 1269/7121/7121 1270/7122/7122
f 1262/7123/7123 1263/7124/7124 1255/7125/7125
f 1262/7126/7126 1270/7127/7127 1263/7128/7128
f 1263/7129/7129 1272/7130/7130 1264/7131/7131
f 1263/7132/7132 1271/7133/7133 1272/7134/7134
f 1264/7135/7135 1273/7136/7136 1265/7137/7137
f 1264/7138/7138 1272/7139/7139 1273/7140/7140
f 1265/7141/7141 1274/7142/7142 1266/7143/7143
f 1265/7144/7144 1273/7145/7145 1274/7146/7146
f 1266/7147/7147 1275/7148/7148 1267/7149/7149
f 1266/7150/7150 1274/7151/7151 1275/7152/7152
f 1267/7153/7153 1276/7154/7154 1268/7155/7155
f 1267/7156/7156 1275/7157/7157 1276/7158/7158
f 1268/7159/7159 1277/7160/7160 1269/7161/7161
f 1268/7162/7162 1276/7163/7163 1277/7164/7164
f 1269/7165/7165 1278/7166/7166 1270/7167/7167
f 1269/7168/7168 1277/7169/7169 1278/7170/7170
f 1270/7171/7171 1271/7172/7172 1263/7173/7173
f 1270/7174/7174 1278/7175/7175 1271/7176/7176
f 1271/7177/7177 1280/7178/7178 1272/7179/7179
f 1271/7180/7180 1279/7181/7181 1280/7182/7182
f 1272/7183/7183 1281/7184/7184 1273/7185/7185
f 1272/7186/7186 1280/7187/7187 1281/7188/7188
f 1273/7189/7189 1282/7190/7190 1274/7191/7191
f 1273/7192/7192 1281/7193/7193 1282/7194/7194
f 1274/7195/7195 1283/7196/7196 1275/7197/7197
f 1274/7198/7198 1282/7199/7199 1283/7200/7200
f 1275/7201/7201 1284/7202/7202 1276/7203/7203
f 1275/7204/7204 1283/7205/7205 1284/7206/7206
f 1276/7207/7207 1285/7208/7208 1277/7209/7209
f 1276/7210/7210 1284/7211/7211 1285/7212/7212
f 1277/7213/7213 1286/7214/7214 1278/7215/7215
f 1277/7216/7216 1285/7217/7217 1286/7218/7218
f 1278/7219/7219 1279/7220/7220 1271/7221/7221
f 1278/7222/7222 1286/7223/7223 1279/7224/7224
f 1287/7225/7225 1255/7226/7226 1256/7227/7227
f 1288/7228/7228 1280/7229/7229 1279/7230/7230
f 1287/7231/7231 1256/7232/7232 1257/7233/7233
f 1288/7234/7234 1281/7235/7235 1280/7236/7236
f 1287/7237/7237 1257/7238/7238 1258/7239/7239
f 1288/7240/7240 1282/7241/7241 1281/7242/7242
f 1287/7243/7243 1258/7244/7244 1259/7245/7245
f 1288/7246/7246 1283/7247/7247 1282/7248/7248
f 1287/7249/7249 1259/7250/7250 1260/7251/7251
f 1288/7252/7252 1284/7253/7253 1283/7254/7254
f 1287/7255/7255 1260/7256/7256 1261/7257/7257
f 1288/7258/7258 1285/7259/7259 1284/7260/7260
f 1287/7261/7261 1261/7262/7262 1262/7263/7263
f 1288/7264/7264 1286/7265/7265 1285/7266/7266
f 1287/7267/7267 1262/7268/7268 1255/7269/7269
f 1288/7270/7270 1279/7271/7271 1286/7272/7272
f 1289/7273/7273 1298/7274/7274 1290/7275/7275
f 1289/7276/7276 1297/7277/7277 1298/7278/7278
f 1290/7279/7279 1299/7280/7280 1291/7281/7281
f 1290/7282/7282 1298/7283/7283 1299/7284/7284
f 1291/7285/7285 1300/7286/7286 1292/7287/7287
f 1291/7288/7288 1299/7289/7289 1300/7290/7290
f 1292/7291/7291 1301/7292/7292 1293/7293/7293
f 1292/7294/7294 1300/7295/7295 1301/7296/7296
f 1293/7297/7297 1302/7298/7298 1294/7299/7299
f 1293/7300/7300 1301/7301/7301 1302/7302/7302
f 1294/7303/7303 1303/7304/7304 1295/7305/7305
f 1294/7306/7306 1302/7307/7307 1303/7308/7308
f 1295/7309/7309 1304/7310/7310 1296/7311/7311
f 1295/7312/7312 1303/7313/7313 1304/7314/7314
f 1296/7315/7315 1297/7316/7316 1289/7317/7317
f 1296/7318/7318 1304/7319/7319 1297/7320/7320
f 1297/7321/7321 1306/7322/7322 1298/7323/7323
f 1297/7324/7324 1305/7325/7325 1306/7326/7326
f 1298/7327/7327 1307/7328/7328 1299/7329/7329
f 1298/7330/7330 1306/7331/7331 1307/7332/7332
f 1299/7333/7333 1308/7334/7334 1300/7335/7335
f 1299/7336/7336 1307/7337/7337 1308/7338/7338
f 1300/7339/7339 1309/7340/7340 1301/7341/7341
f 1300/7342/7342 1308/7343/7343 1309/7344/7344
f 1301/7345/7345 1310/7346/7346 1302/7347/7347
f 1301/7348/7348 1309/7349/7349 1310/7350/7350
f 1302/7351/7351 1311/7352/7352 1303/7353/7353
f 1302/7354/7354 1310/7355/7355 1311/7356/7356
f 1303/7357/7357 1312/7358/7358 1304/7359/7359
f 1303/7360/7360 1311/7361/7361 1312/7362/7362
f 1304/7363/7363 1305/7364/7364 1297/7365/7365
f 1304/7366/7366 1312/7367/7367 1305/7368/7368
f 1305/7369/7369 1314/7370/7370 1306/7371/7371
f 1305/7372/7372 1313/7373/7373 1314/7374/7374
f 1306/7375/7375 1315/7376/7376 1307/7377/7377
f 1306/7378/7378 1314/7379/7379 1315/7380/7380
f 1307/7381/7381 1316/7382/7382 1308/7383/7383
f 1307/7384/7384 1315/7385/7385 1316/7386/7386
f 1308/7387/7387 1317/7388/7388 1309/7389/7389
f 1308/7390/7390 1316/7391/7391 1317/7392/7392
f 1309/7393/7393 1318/7394/7394 1310/7395/7395
f 1309/7396/7396 1317/7397/7397 1318/7398/7398
f 1310/7399/7399 1319/7400/7400 1311/7401/7401
f 1310/7402/7402 1318/7403/7403 1319/7404/7404
f 1311/7405/7405 1320/7406/7406 1312/7407/7407
f 1311/7408/7408 1319/7409/7409 1320/7410/7410
f 1312/7411/7411 1313/7412/7412 1305/7413/7413
f 1312/7414/7414 1320/7415/7415 1313/7416/7416
f 1321/7417/7417 1289/7418/7418 1290/7419/7419
f 1322/7420/7420 1314/7421/7421 1313/7422/7422
f 1321/7423/7423 1290/7424/7424 1291/7425/7425
f 1322/7426/7426 1315/7427/7427 1314/7428/7428
f 1321/7429/7429 1291/7430/7430 1292/7431/7431
f 1322/7432/7432 1316/7433/7433 1315/7434/7434
f 1321/7435/7435 1292/7436/7436 1293/7437/7437
f 1322/7438/7438 1317/7439/7439 1316/7440/7440
f 1321/7441/7441 1293/7442/7442 1294/7443/7443
f 1322/7444/7444 1318/7445/7445 1317/7446/7446
f 1321/7447/7447 1294/7448/7448 1295/7449/7449
f 1322/7450/7450 1319/7451/7451 1318/7452/7452
f 1321/7453/7453 1295/7454/7454 1296/7455/7455
f 1322/7456/7456 1320/7457/7457 1319/7458/7458
f 1321/7459/7459 1296/7460/7460 1289/7461/7461
f 1322/7462/7462 1313/7463/7463 1320/7464/7464
f 1323/7465/7465 1332/7466/7466 1324/7467/7467
f 1323/7468/7468 1331/7469/7469 1332/7470/7470
f 1324/7471/7471 1333/7472/7472 1325/7473/7473
f 1324/7474/7474 1332/7475/7475 1333/7476/7476
f 1325/7477/7477 1334/7478/7478 1326/7479/7479
f 1325/7480/7480 1333/7481/7481 1334/7482/7482
f 1326/7483/7483 1335/7484/7484 1327/7485/7485
f 1326/7486/7486 1334/7487/7487 1335/7488/7488
f 1327/7489/7489 1336/7490/7490 1328/7491/7491
f 1327/7492/7492 1335/7493/7493 1336/7494/7494
f 1328/7495/7495 1337/7496/7496 1329/7497/7497
f 1328/7498/7498 1336/7499/7499 1337/7500/7500
f 1329/7501/7501 1338/7502/7502 1330/7503/7503
f 1329/7504/7504 1337/7505/7505 1338/7506/7506
f 1330/7507/7507 1331/7508/7508 1323/7509/7509
f 1330/7510/7510 1338/7511/7511 1331/7512/7512
f 1331/7513/7513 1340/7514/7514 1332/7515/7515
f 1331/7516/7516 1339/7517/7517 1340/7518/7518
f 1332/7519/7519 1341/7520/7520 1333/7521/7521
f 1332/7522/7522 1340/7523/7523 1341/7524/7524
f 1333/7525/7525 1342/7526/7526 1334/7527/7527
f 1333/7528/7528 1341/7529/7529 1342/7530/7530
f 1334/7531/7531 1343/7532/7532 1335/7533/7533
f 1334/7534/7534 1342/7535/7535 1343/7536/7536
f 1335/7537/7537 1344/7538/7538 1336/7539/7539
f 1335/7540/7540 1343/7541/7541 1344/7542/7542
f 1336/7543/7543 1345/7544/7544 1337/7545/7545
f 1336/7546/7546 1344/7547/7547 1345/7548/7548
f 1337/7549/7549 1346/7550/7550 1338/7551/7551
f 1337/7552/7552 1345/7553/7553 1346/7554/7554
f 1338/7555/7555 1339/7556/7556 1331/7557/7557
f 1338/7558/7558 1346/7559/7559 1339/7560/7560
f 1339/7561/7561 1348/7562/7562 1340/7563/7563
f 1339/7564/7564 1347/7565/7565 1348/7566/7566
f 1340/7567/7567 1349/7568/7568 1341/7569/7569
f 1340/7570/7570 1348/7571/7571 1349/7572/7572
f 1341/7573/7573 1350/7574/7574 1342/7575/7575
f 1341/7576/7576 1349/7577/7577 1350/7578/7578
f 1342/7579/7579 1351/7580/7580 1343/7581/7581
f 1342/7582/7582 1350/7583/7583 1351/7584/7584
f 1343/7585/7585 1352/7586/7586 1344/7587/7587
f 1343/7588/7588 1351/7589/7589 1352/7590/7590
f 1344/7591/7591 1353/7592/7592 1345/7593/7593
f 1344/7594/7594 1352/7595/7595 1353/7596/7596
f 1345/7597/7597 1354/7598/7598 1346/7599/7599
f 1345/7600/7600 1353/7601/7601 1354/7602/7602
f 1346/7603/7603 1347/7604/7604 1339/7605/7605
f 1346/7606/7606 1354/7607/7607 1347/7608/7608
f 1355/7609/7609 1323/7610/7610 1324/7611/7611
f 1356/7612/7612 1348/7613/7613 1347/7614/7614
f 1355/7615/7615 1324/7616/7616 1325/7617/7617
f 1356/7618/7618 1349/7619/7619 1348/7620/7620
f 1355/7621/7621 1325/7622/7622 1326/7623/7623
f 1356/7624/7624 1350/7625/7625 1349/7626/7626
f 1355/7627/7627 1326/7628/7628 1327/7629/7629
f 1356/7630/7630 1351/7631/7631 1350/7632/7632
f 1355/7633/7633 1327/7634/7634 1328/7635/7635
f 1356/7636/7636 1352/7637/7637 1351/7638/7638
f 1355/7639/7639 1328/7640/7640 1329/7641/7641
f 1356/7642/7642 1353/7643/7643 1352/7644/7644
f 1355/7645/7645 1329/7646/7646 1330/7647/7647
f 1356/7648/7648 1354/7649/7649 1353/7650/7650
f 1355/7651/7651 1330/7652/7652 1323/7653/7653
f 1356/7654/7654 1347/7655/7655 1354/7656/7656
f 1357/7657/7657 1366/7658/7658 1358/7659/7659
f 1357/7660/7660 1365/7661/7661 1366/7662/7662
f 1358/7663/7663 1367/7664/7664 1359/7665/7665
f 1358/7666/7666 1366/7667/7667 1367/7668/7668
f 1359/7669/7669 1368/7670/7670 1360/7671/7671
f 1359/7672/7672 1367/7673/7673 1368/7674/7674
f 1360/7675/7675 1369/7676/7676 1361/7677/7677
f 1360/7678/7678 1368/7679/7679 1369/7680/7680
f 1361/7681/7681 1370/7682/7682 1362/7683/7683
f 1361/7684/7684 1369/7685/7685 1370/7686/7686
f 1362/7687/7687 1371/7688/7688 1363/7689/7689
f 1362/7690/7690 1370/7691/7691 1371/7692/7692
f 1363/7693/7693 1372/7694/7694 1364/7695/7695
f 1363/7696/7696 1371/7697/7697 1372/7698/7698
f 1364/7699/7699 1365/7700/7700 1357/7701/7701
f 1364/7702/7702 1372/7703/7703 1365/7704/7704
f 1365/7705/7705 1374/7706/7706 1366/7707/7707
f 1365/7708/7708 1373/7709/7709 1374/7710/7710
f 1366/7711/7711 1375/7712/7712 1367/7713/7713
f 1366/7714/7714 1374/7715/7715 1375/7716/7716
f 1367/7717/7717 1376/7718/7718 1368/7719/7719
f 1367/7720/7720 1375/7721/7721 1376/7722/7722
f 1368/7723/7723 1377/7724/7724 1369/7725/7725
f 1368/7726/7726 1376/7727/7727 1377/7728/7728
f 1369/7729/7729 1378/7730/7730 1370/7731/7731
f 1369/7732/7732 1377/7733/7733 1378/7734/7734
f 1370/7735/7735 1379/7736/7736 1371/7737/7737
f 1370/7738/7738 1378/7739/7739 1379/7740/7740
f 1371/7741/7741 1380/7742/7742 1372/7743/7743
f 1371/7744/7744 1379/7745/7745 1380/7746/7746
f 1372/7747/7747 1373/7748/7748 1365/7749/7749
f 1372/7750/7750 1380/7751/7751 1373/7752/7752
f 1373/7753/7753 1382/7754/7754 1374/7755/7755
f 1373/7756/7756 1381/7757/7757 1382/7758/7758
f 1374/7759/7759 1383/7760/7760 1375/7761/7761
f 1374/7762/7762 1382/7763/7763 1383/7764/7764
f 1375/7765/7765 1384/7766/7766 1376/7767/7767
f 1375/7768/7768 1383/7769/7769 1384/7770/7770
f 1376/7771/7771 1385/7772/7772 1377/7773/7773
f 1376/7774/7774 1384/7775/7775 1385/7776/7776
f 1377/7777/7777 1386/7778/7778 1378/7779/7779
f 1377/7780/7780 1385/7781/7781 1386/7782/7782
f 1378/7783/7783 1387/7784/7784 1379/7785/7785
f 1378/7786/7786 1386/7787/7787 1387/7788/7788
f 1379/7789/7789 1388/7790/7790 1380/7791/7791
f 1379/7792/7792 1387/7793/7793 1388/7794/7794
f 1380/7795/7795 1381/7796/7796 1373/7797/7797
f 1380/7798/7798 1388/7799/7799 1381/7800/7800
f 1389/7801/7801 1357/7802/7802 1358/7803/7803
f 1390/7804/7804 1382/7805/7805 1381/7806/7806
f 1389/7807/7807 1358/7808/7808 1359/7809/7809
f 1390/7810/7810 1383/7811/7811 1382/7812/7812
f 1389/7813/7813 1359/7814/7814 1360/7815/7815
f 1390/7816/7816 1384/7817/7817 1383/7818/7818
f 1389/7819/7819 1360/7820/7820 1361/7821/7821
f 1390/7822/7822 1385/7823/7823 1384/7824/7824
f 1389/7825/7825 1361/7826/7826 1362/7827/7827
f 1390/7828/7828 1386/7829/7829 1385/7830/7830
f 1389/7831/7831 1362/7832/7832 1363/7833/7833
f 1390/7834/7834 1387/7835/7835 1386/7836/7836
f 1389/7837/7837 1363/7838/7838 1364/7839/7839
f 1390/7840/7840 1388/7841/7841 1387/7842/7842
f 1389/7843/7843 1364/7844/7844 1357/7845/7845
f 1390/7846/7846 1381/7847/7847 1388/7848/7848
f 1391/7849/7849 1392/7850/7850 1396/7851/7851
f 1391/7852/7852 1396/7853/7853 1395/7854/7854
f 1392/7855/7855 1393/7856/7856 1397/7857/7857
f 1392/7858/7858 1397/7859/7859 1396/7860/7860
f 1393/7861/7861 1394/7862/7862 1398/7863/7863
f 1393/7864/7864 1398/7865/7865 1397/7866/7866
f 1394/7867/7867 1391/7868/7868 1395/7869/7869
f 1394/7870/7870 1395/7871/7871 1398/7872/7872
f 1395/7873/7873 1396/7874/7874 1400/7875/7875
f 1395/7876/7876 1400/7877/7877 1399/7878/7878
f 1396/7879/7879 1397/7880/7880 1401/7881/7881
f 1396/7882/7882 1401/7883/7883 1400/7884/7884
f 1397/7885/7885 1398/7886/7886 1402/7887/7887
f 1397/7888/7888 1402/7889/7889 1401/7890/7890
f 1398/7891/7891 1395/7892/7892 1399/7893/7893
f 1398/7894/7894 1399/7895/7895 1402/7896/7896
f 1399/7897/7897 1400/7898/7898 1404/7899/7899
f 1399/7900/7900 1404/7901/7901 1403/7902/7902
f 1400/7903/7903 1401/7904/7904 1405/7905/7905
f 1400/7906/7906 1405/7907/7907 1404/7908/7908
f 1401/7909/7909 1402/7910/7910 1406/7911/7911
f 1401/7912/7912 1406/7913/7913 1405/7914/7914
f 1402/7915/7915 1399/7916/7916 1403/7917/7917
f 1402/7918/7918 1403/7919/7919 1406/7920/7920
f 1407/7921/7921 1392/7922/7922 1391/7923/7923
f 1408/7924/7924 1403/7925/7925 1404/7926/7926
f 1407/7927/7927 1393/7928/7928 1392/7929/7929
f 1408/7930/7930 1404/7931/7931 1405/7932/7932
f 1407/7933/7933 1394/7934/7934 1393/7935/7935
f 1408/7936/7936 1405/7937/7937 1406/7938/7938
f 1407/7939/7939 1391/7940/7940 1394/7941/7941
f 1408/7942/7942 1406/7943/7943 1403/7944/7944
f 1409/7945/7945 1410/7946/7946 1414/7947/7947
f 1409/7948/7948 1414/7949/7949 1413/7950/7950
f 1410/7951/7951 1411/7952/7952 1415/7953/7953
f 1410/7954/7954 1415/7955/7955 1414/7956/7956
f 1411/7957/7957 1412/7958/7958 1416/7959/7959
f 1411/7960/7960 1416/7961/7961 1415/7962/7962
f 1412/7963/7963 1409/7964/7964 1413/7965/7965
f 1412/7966/7966 1413/7967/7967 1416/7968/7968
f 1413/7969/7969 1414/7970/7970 1418/7971/7971
f 1413/7972/7972 1418/7973/7973 1417/7974/7974
f 1414/7975/7975 1415/7976/7976 1419/7977/7977
f 1414/7978/7978 1419/7979/7979 1418/7980/7980
f 1415/7981/7981 1416/7982/7982 1420/7983/7983
f 1415/7984/7984 1420/7985/7985 1419/7986/7986
f 1416/7987/7987 1413/7988/7988 1417/7989/7989
f 1416/7990/7990 1417/7991/7991 1420/7992/7992
f 1417/7993/7993 1418/7994/7994 1422/7995/7995
f 1417/7996/7996 1422/7997/7997 1421/7998/7998
f 1418/7999/7999 1419/8000/8000 1423/8001/8001
f 1418/8002/8002 1423/8003/8003 1422/8004/8004
f 1419/8005/8005 1420/8006/8006 1424/8007/8007
f 1419/8008/8008 1424/8009/8009 1423/8010/8010
f 1420/8011/8011 1417/8012/8012 1421/8013/8013
f 1420/8014/8014 1421/8015/8015 1424/8016/8016
f 1425/8017/8017 1410/8018/8018 1409/8019/8019
f 1426/8020/8020 1421/8021/8021 1422/8022/8022
f 1425/8023/8023 1411/8024/8024 1410/8025/8025
f 1426/8026/8026 1422/8027/8027 1423/8028/8028
f 1425/8029/8029 1412/8030/8030 1411/8031/8031
f 1426/8032/8032 1423/8033/8033 1424/8034/8034
f 1425/8035/8035 1409/8036/8036 1412/8037/8037
f 1426/8038/8038 1424/8039/8039 1421/8040/8040
f 1427/8041/8041 1428/8042/8042 1433/8043/8043
f 1427/8044/8044 1433/8045/8045 1432/8046/8046
f 1428/8047/8047 1429/8048/8048 1434/8049/8049
f 1428/8050/8050 1434/8051/8051 1433/8052/8052
f 1429/8053/8053 1430/8054/8054 1435/8055/8055
f 1429/8056/8056 1435/8057/8057 1434/8058/8058
f 1430/8059/8059 1431/8060/8060 1436/8061/8061
f 1430/8062/8062 1436/8063/8063 1435/8064/8064
f 1431/8065/8065 1427/8066/8066 1432/8067/8067
f 1431/8068/8068 1432/8069/8069 1436/8070/8070
f 1432/8071/8071 1433/8072/8072 1438/8073/8073
f 1432/8074/8074 1438/8075/8075 1437/8076/8076
f 1433/8077/8077 1434/8078/8078 1439/8079/8079
f 1433/8080/8080 1439/8081/8081 1438/8082/8082
f 1434/8083/8083 1435/8084/8084 1440/8085/8085
f 1434/8086/8086 1440/8087/8087 1439/8088/8088
f 1435/8089/8089 1436/8090/8090 1441/8091/8091
f 1435/8092/8092 1441/8093/8093 1440/8094/8094
f 1436/8095/8095 1432/8096/8096 1437/8097/8097
f 1436/8098/8098 1437/8099/8099 1441/8100/8100
f 1437/8101/8101 1438/8102/8102 1443/8103/8103
f 1437/8104/8104 1443/8105/8105 1442/8106/8106
f 1438/8107/8107 1439/8108/8108 1444/8109/8109
f 1438/8110/8110 1444/8111/8111 1443/8112/8112
f 1439/8113/8113 1440/8114/8114 1445/8115/8115
f 1439/8116/8116 1445/8117/8117 1444/8118/8118
f 1440/8119/8119 1441/8120/8120 1446/8121/8121
f 1440/8122/8122 1446/8123/8123 1445/8124/8124
f 1441/8125/8125 1437/8126/8126 1442/8127/8127
f 1441/8128/8128 1442/8129/8129 1446/8130/8130
f 1447/8131/8131 1428/8132/8132 1427/8133/8133
f 1448/8134/8134 1442/8135/8135 1443/8136/8136
f 1447/8137/8137 1429/8138/8138 1428/8139/8139
f 1448/8140/8140 1443/8141/8141 1444/8142/8142
f 1447/8143/8143 1430/8144/8144 1429/8145/8145
f 1448/8146/8146 1444/8147/8147 1445/8148/8148
f 1447/8149/8149 1431/8150/8150 1430/8151/8151
f 1448/8152/8152 1445/8153/8153 1446/8154/8154
f 1447/8155/8155 1427/8156/8156 1431/8157/8157
f 1448/8158/8158 1446/8159/8159 1442/8160/8160
