index,kind,pack,name,label,category,placement,confidence,path,guid,renderers,uniqueMeshes,allLodTriangles,highestLodTriangles,colliders,missingScripts,missingMesh,missingMaterial,brokenMaterials,sizeX,sizeY,sizeZ,preview,previewStatus
0,"prefab","BillemotdonggulLavaTubePack","SM_ArtifactFragments01","동굴 출토 유물 파편 · SM_ArtifactFragments01","유물/파편","사찰·유적·서사 공간 후보: 시대·용도·보상 역할 확인","이름·폴더 기반 추정","Assets/BillemotdonggulLavaTubePack/Prefabs/SM_ArtifactFragments01.prefab","abc00000000012600224753765698919",1,1,224985,224985,1,0,0,0,0,0.5338045,0.07876844,1.064026,"Screenshots/AssetCatalog/Thumbnails/abc00000000012600224753765698919.png","rendered"
1,"prefab","BillemotdonggulLavaTubePack","SM_ArtifactFragments02","동굴 출토 유물 파편 · SM_ArtifactFragments02","유물/파편","사찰·유적·서사 공간 후보: 시대·용도·보상 역할 확인","이름·폴더 기반 추정","Assets/BillemotdonggulLavaTubePack/Prefabs/SM_ArtifactFragments02.prefab","abc00000000002935475551494737324",1,1,37798,37798,1,0,0,0,0,0.3218272,0.0327288,0.3142383,"Screenshots/AssetCatalog/Thumbnails/abc00000000002935475551494737324.png","rendered"
2,"prefab","BillemotdonggulLavaTubePack","SM_ArtifactFragments03","동굴 출토 유물 파편 · SM_ArtifactFragments03","유물/파편","사찰·유적·서사 공간 후보: 시대·용도·보상 역할 확인","이름·폴더 기반 추정","Assets/BillemotdonggulLavaTubePack/Prefabs/SM_ArtifactFragments03.prefab","abc00000000014965268313188200693",1,1,34998,34998,1,0,0,0,0,0.5353723,0.08264939,0.828641,"Screenshots/AssetCatalog/Thumbnails/abc00000000014965268313188200693.png","rendered"
3,"prefab","BillemotdonggulLavaTubePack","SM_ArtifactFragments04","동굴 출토 유물 파편 · SM_ArtifactFragments04","유물/파편","사찰·유적·서사 공간 후보: 시대·용도·보상 역할 확인","이름·폴더 기반 추정","Assets/BillemotdonggulLavaTubePack/Prefabs/SM_ArtifactFragments04.prefab","abc00000000007568717301608424290",1,1,9999,9999,1,0,0,0,0,0.05504713,0.3095454,0.03519793,"Screenshots/AssetCatalog/Thumbnails/abc00000000007568717301608424290.png","rendered"
4,"prefab","BillemotdonggulLavaTubePack","SM_ArtifactFragments05","동굴 출토 유물 파편 · SM_ArtifactFragments05","유물/파편","사찰·유적·서사 공간 후보: 시대·용도·보상 역할 확인","이름·폴더 기반 추정","Assets/BillemotdonggulLavaTubePack/Prefabs/SM_ArtifactFragments05.prefab","abc00000000015703375572043970987",1,1,59998,59998,1,0,0,0,0,0.7729751,0.3154161,1.06651,"Screenshots/AssetCatalog/Thumbnails/abc00000000015703375572043970987.png","rendered"
5,"prefab","BillemotdonggulLavaTubePack","SM_ArtifactFragments06","동굴 출토 유물 파편 · SM_ArtifactFragments06","유물/파편","사찰·유적·서사 공간 후보: 시대·용도·보상 역할 확인","이름·폴더 기반 추정","Assets/BillemotdonggulLavaTubePack/Prefabs/SM_ArtifactFragments06.prefab","abc00000000010072051275844271008",1,1,101998,101998,1,0,0,0,0,1.164684,0.4418115,1.548532,"Screenshots/AssetCatalog/Thumbnails/abc00000000010072051275844271008.png","rendered"
6,"prefab","BillemotdonggulLavaTubePack","SM_ArtifactFragments07","동굴 출토 유물 파편 · SM_ArtifactFragments07","유물/파편","사찰·유적·서사 공간 후보: 시대·용도·보상 역할 확인","이름·폴더 기반 추정","Assets/BillemotdonggulLavaTubePack/Prefabs/SM_ArtifactFragments07.prefab","abc00000000017913762554815539625",1,1,21598,21598,1,0,0,0,0,0.3971944,0.2218356,0.9056354,"Screenshots/AssetCatalog/Thumbnails/abc00000000017913762554815539625.png","rendered"
7,"prefab","BillemotdonggulLavaTubePack","SM_ArtifactFragments08","동굴 출토 유물 파편 · SM_ArtifactFragments08","유물/파편","사찰·유적·서사 공간 후보: 시대·용도·보상 역할 확인","이름·폴더 기반 추정","Assets/BillemotdonggulLavaTubePack/Prefabs/SM_ArtifactFragments08.prefab","abc00000000000095700859568398614",1,1,199853,199853,1,0,0,0,0,2.578549,0.5150661,2.114464,"Screenshots/AssetCatalog/Thumbnails/abc00000000000095700859568398614.png","rendered"
8,"prefab","BillemotdonggulLavaTubePack","SM_Ceiling01A","용암동굴 천장·돌출부 · SM_Ceiling01A","암석·지형/동굴 천장","청림 폐광: 접합부·접지·보행 공간 및 충돌 확인","이름·폴더 기반 추정","Assets/BillemotdonggulLavaTubePack/Prefabs/SM_Ceiling01A.prefab","abc00000000012403285895239838968",1,1,14999,14999,1,0,0,0,0,0.4033843,1.696622,1.336318,"Screenshots/AssetCatalog/Thumbnails/abc00000000012403285895239838968.png","rendered"
9,"prefab","BillemotdonggulLavaTubePack","SM_Ceiling01B","용암동굴 천장·돌출부 · SM_Ceiling01B","암석·지형/동굴 천장","청림 폐광: 접합부·접지·보행 공간 및 충돌 확인","이름·폴더 기반 추정","Assets/BillemotdonggulLavaTubePack/Prefabs/SM_Ceiling01B.prefab","abc00000000005092250056735534979",1,1,1124996,1124996,1,0,0,0,0,1.931422,4.278449,4.530844,"Screenshots/AssetCatalog/Thumbnails/abc00000000005092250056735534979.png","rendered"
10,"prefab","BillemotdonggulLavaTubePack","SM_Ceiling01E","용암동굴 천장·돌출부 · SM_Ceiling01E","암석·지형/동굴 천장","청림 폐광: 접합부·접지·보행 공간 및 충돌 확인","이름·폴더 기반 추정","Assets/BillemotdonggulLavaTubePack/Prefabs/SM_Ceiling01E.prefab","abc00000000000767462423446833380",1,1,107499,107499,1,0,0,0,0,0.9644805,1.867096,2.311718,"Screenshots/AssetCatalog/Thumbnails/abc00000000000767462423446833380.png","rendered"
11,"prefab","BillemotdonggulLavaTubePack","SM_Ceiling01F","용암동굴 천장·돌출부 · SM_Ceiling01F","암석·지형/동굴 천장","청림 폐광: 접합부·접지·보행 공간 및 충돌 확인","이름·폴더 기반 추정","Assets/BillemotdonggulLavaTubePack/Prefabs/SM_Ceiling01F.prefab","abc00000000001477008744391278847",1,1,324999,324999,1,0,0,0,0,1.55842,1.305526,4.010593,"Screenshots/AssetCatalog/Thumbnails/abc00000000001477008744391278847.png","rendered"
12,"prefab","BillemotdonggulLavaTubePack","SM_Ceiling02A","용암동굴 천장·돌출부 · SM_Ceiling02A","암석·지형/동굴 천장","청림 폐광: 접합부·접지·보행 공간 및 충돌 확인","이름·폴더 기반 추정","Assets/BillemotdonggulLavaTubePack/Prefabs/SM_Ceiling02A.prefab","abc00000000008051508611945982553",1,1,75000,75000,1,0,0,0,0,0.9172169,0.3305754,1.334678,"Screenshots/AssetCatalog/Thumbnails/abc00000000008051508611945982553.png","rendered"
13,"prefab","BillemotdonggulLavaTubePack","SM_Ceiling02B","용암동굴 천장·돌출부 · SM_Ceiling02B","암석·지형/동굴 천장","청림 폐광: 접합부·접지·보행 공간 및 충돌 확인","이름·폴더 기반 추정","Assets/BillemotdonggulLavaTubePack/Prefabs/SM_Ceiling02B.prefab","abc00000000016890724330936198162",1,1,112498,112498,1,0,0,0,0,1.304661,0.3935766,1.591738,"Screenshots/AssetCatalog/Thumbnails/abc00000000016890724330936198162.png","rendered"
14,"prefab","BillemotdonggulLavaTubePack","SM_Ceiling02C","용암동굴 천장·돌출부 · SM_Ceiling02C","암석·지형/동굴 천장","청림 폐광: 접합부·접지·보행 공간 및 충돌 확인","이름·폴더 기반 추정","Assets/BillemotdonggulLavaTubePack/Prefabs/SM_Ceiling02C.prefab","abc00000000016215208939764902619",1,1,124998,124998,1,0,0,0,0,0.2793533,1.220806,2.011261,"Screenshots/AssetCatalog/Thumbnails/abc00000000016215208939764902619.png","rendered"
15,"prefab","BillemotdonggulLavaTubePack","SM_Ceiling02D","용암동굴 천장·돌출부 · SM_Ceiling02D","암석·지형/동굴 천장","청림 폐광: 접합부·접지·보행 공간 및 충돌 확인","이름·폴더 기반 추정","Assets/BillemotdonggulLavaTubePack/Prefabs/SM_Ceiling02D.prefab","abc00000000014861066786386950428",1,1,137498,137498,1,0,0,0,0,0.3755144,1.754839,1.405177,"Screenshots/AssetCatalog/Thumbnails/abc00000000014861066786386950428.png","rendered"
16,"prefab","BillemotdonggulLavaTubePack","SM_Ceiling03D","용암동굴 천장·돌출부 · SM_Ceiling03D","암석·지형/동굴 천장","청림 폐광: 접합부·접지·보행 공간 및 충돌 확인","이름·폴더 기반 추정","Assets/BillemotdonggulLavaTubePack/Prefabs/SM_Ceiling03D.prefab","abc00000000005199253498483688455",1,1,906023,906023,1,0,0,0,0,4.025002,1.40134,2.032196,"Screenshots/AssetCatalog/Thumbnails/abc00000000005199253498483688455.png","rendered"
17,"prefab","BillemotdonggulLavaTubePack","SM_Ceiling03E","용암동굴 천장·돌출부 · SM_Ceiling03E","암석·지형/동굴 천장","청림 폐광: 접합부·접지·보행 공간 및 충돌 확인","이름·폴더 기반 추정","Assets/BillemotdonggulLavaTubePack/Prefabs/SM_Ceiling03E.prefab","abc00000000003729254925774033422",1,1,449999,449999,1,0,0,0,0,1.109035,3.474962,5.151345,"Screenshots/AssetCatalog/Thumbnails/abc00000000003729254925774033422.png","rendered"
18,"prefab","BillemotdonggulLavaTubePack","SM_Ceiling04A","용암동굴 천장·돌출부 · SM_Ceiling04A","암석·지형/동굴 천장","청림 폐광: 접합부·접지·보행 공간 및 충돌 확인","이름·폴더 기반 추정","Assets/BillemotdonggulLavaTubePack/Prefabs/SM_Ceiling04A.prefab","abc00000000000941451917184445131",1,1,312499,312499,1,0,0,0,0,4.031422,0.9317124,4.715209,"Screenshots/AssetCatalog/Thumbnails/abc00000000000941451917184445131.png","rendered"
19,"prefab","BillemotdonggulLavaTubePack","SM_Ceiling04B","용암동굴 천장·돌출부 · SM_Ceiling04B","암석·지형/동굴 천장","청림 폐광: 접합부·접지·보행 공간 및 충돌 확인","이름·폴더 기반 추정","Assets/BillemotdonggulLavaTubePack/Prefabs/SM_Ceiling04B.prefab","abc00000000002692380554116794432",1,1,374999,374999,1,0,0,0,0,0.8590124,3.902461,3.809459,"Screenshots/AssetCatalog/Thumbnails/abc00000000002692380554116794432.png","rendered"
20,"prefab","BillemotdonggulLavaTubePack","SM_Ceiling04C","용암동굴 천장·돌출부 · SM_Ceiling04C","암석·지형/동굴 천장","청림 폐광: 접합부·접지·보행 공간 및 충돌 확인","이름·폴더 기반 추정","Assets/BillemotdonggulLavaTubePack/Prefabs/SM_Ceiling04C.prefab","abc00000000016768481071180286793",1,1,999999,999999,1,0,0,0,0,1.005781,3.250006,3.225824,"Screenshots/AssetCatalog/Thumbnails/abc00000000016768481071180286793.png","rendered"
21,"prefab","BillemotdonggulLavaTubePack","SM_Ceiling04D","용암동굴 천장·돌출부 · SM_Ceiling04D","암석·지형/동굴 천장","청림 폐광: 접합부·접지·보행 공간 및 충돌 확인","이름·폴더 기반 추정","Assets/BillemotdonggulLavaTubePack/Prefabs/SM_Ceiling04D.prefab","abc00000000003733320769214163598",1,1,249999,249999,1,0,0,0,0,7.83962,3.649108,5.362265,"Screenshots/AssetCatalog/Thumbnails/abc00000000003733320769214163598.png","rendered"
22,"prefab","BillemotdonggulLavaTubePack","SM_Ceiling05A","용암동굴 천장·돌출부 · SM_Ceiling05A","암석·지형/동굴 천장","청림 폐광: 접합부·접지·보행 공간 및 충돌 확인","이름·폴더 기반 추정","Assets/BillemotdonggulLavaTubePack/Prefabs/SM_Ceiling05A.prefab","abc00000000001733631895035917244",1,1,79983,79983,1,0,0,0,0,3.017197,9.957027,11.48924,"Screenshots/AssetCatalog/Thumbnails/abc00000000001733631895035917244.png","rendered"
23,"prefab","BillemotdonggulLavaTubePack","SM_Ceiling05B","용암동굴 천장·돌출부 · SM_Ceiling05B","암석·지형/동굴 천장","청림 폐광: 접합부·접지·보행 공간 및 충돌 확인","이름·폴더 기반 추정","Assets/BillemotdonggulLavaTubePack/Prefabs/SM_Ceiling05B.prefab","abc00000000002693377515733998007",1,1,624999,624999,1,0,0,0,0,3.430341,5.479397,11.9156,"Screenshots/AssetCatalog/Thumbnails/abc00000000002693377515733998007.png","rendered"
24,"prefab","BillemotdonggulLavaTubePack","SM_Ceiling05C","용암동굴 천장·돌출부 · SM_Ceiling05C","암석·지형/동굴 천장","청림 폐광: 접합부·접지·보행 공간 및 충돌 확인","이름·폴더 기반 추정","Assets/BillemotdonggulLavaTubePack/Prefabs/SM_Ceiling05C.prefab","abc00000000011405434533934838782",1,1,874999,874999,1,0,0,0,0,1.363105,4.153937,9.253439,"Screenshots/AssetCatalog/Thumbnails/abc00000000011405434533934838782.png","rendered"
25,"prefab","BillemotdonggulLavaTubePack","SM_Ceiling05D","용암동굴 천장·돌출부 · SM_Ceiling05D","암석·지형/동굴 천장","청림 폐광: 접합부·접지·보행 공간 및 충돌 확인","이름·폴더 기반 추정","Assets/BillemotdonggulLavaTubePack/Prefabs/SM_Ceiling05D.prefab","abc00000000000930814419014864505",1,1,174371,174371,1,0,0,0,0,1.361656,3.554662,10.9452,"Screenshots/AssetCatalog/Thumbnails/abc00000000000930814419014864505.png","rendered"
26,"prefab","BillemotdonggulLavaTubePack","SM_Ceiling06A","용암동굴 천장·돌출부 · SM_Ceiling06A","암석·지형/동굴 천장","청림 폐광: 접합부·접지·보행 공간 및 충돌 확인","이름·폴더 기반 추정","Assets/BillemotdonggulLavaTubePack/Prefabs/SM_Ceiling06A.prefab","abc00000000009987621544552863613",1,1,928659,928659,1,0,0,0,0,2.927372,1.024767,2.8978,"Screenshots/AssetCatalog/Thumbnails/abc00000000009987621544552863613.png","rendered"
27,"prefab","BillemotdonggulLavaTubePack","SM_Ceiling06B","용암동굴 천장·돌출부 · SM_Ceiling06B","암석·지형/동굴 천장","청림 폐광: 접합부·접지·보행 공간 및 충돌 확인","이름·폴더 기반 추정","Assets/BillemotdonggulLavaTubePack/Prefabs/SM_Ceiling06B.prefab","abc00000000015110390398512564118",1,1,1606806,1606806,1,0,0,0,0,3.901786,1.414002,3.552438,"Screenshots/AssetCatalog/Thumbnails/abc00000000015110390398512564118.png","rendered"
28,"prefab","BillemotdonggulLavaTubePack","SM_Ceiling06C","용암동굴 천장·돌출부 · SM_Ceiling06C","암석·지형/동굴 천장","청림 폐광: 접합부·접지·보행 공간 및 충돌 확인","이름·폴더 기반 추정","Assets/BillemotdonggulLavaTubePack/Prefabs/SM_Ceiling06C.prefab","abc00000000001820050559193130863",1,1,125000,125000,1,0,0,0,0,2.379653,1.131402,1.985805,"Screenshots/AssetCatalog/Thumbnails/abc00000000001820050559193130863.png","rendered"
29,"prefab","BillemotdonggulLavaTubePack","SM_Ceiling06D","용암동굴 천장·돌출부 · SM_Ceiling06D","암석·지형/동굴 천장","청림 폐광: 접합부·접지·보행 공간 및 충돌 확인","이름·폴더 기반 추정","Assets/BillemotdonggulLavaTubePack/Prefabs/SM_Ceiling06D.prefab","abc00000000000711002678088209576",1,1,1308583,1308583,1,0,0,0,0,3.123598,1.451033,4.363934,"Screenshots/AssetCatalog/Thumbnails/abc00000000000711002678088209576.png","rendered"
30,"prefab","BillemotdonggulLavaTubePack","SM_Ceiling06E","용암동굴 천장·돌출부 · SM_Ceiling06E","암석·지형/동굴 천장","청림 폐광: 접합부·접지·보행 공간 및 충돌 확인","이름·폴더 기반 추정","Assets/BillemotdonggulLavaTubePack/Prefabs/SM_Ceiling06E.prefab","abc00000000012659450362478427953",1,1,849999,849999,1,0,0,0,0,2.851661,1.223252,2.42498,"Screenshots/AssetCatalog/Thumbnails/abc00000000012659450362478427953.png","rendered"
31,"prefab","BillemotdonggulLavaTubePack","SM_Ceiling06F","용암동굴 천장·돌출부 · SM_Ceiling06F","암석·지형/동굴 천장","청림 폐광: 접합부·접지·보행 공간 및 충돌 확인","이름·폴더 기반 추정","Assets/BillemotdonggulLavaTubePack/Prefabs/SM_Ceiling06F.prefab","abc00000000008844602868947043562",1,1,749994,749994,1,0,0,0,0,0.6084081,2.643758,1.809295,"Screenshots/AssetCatalog/Thumbnails/abc00000000008844602868947043562.png","rendered"
32,"prefab","BillemotdonggulLavaTubePack","SM_Cupola01","용암동굴 천장·돌출부 · SM_Cupola01","암석·지형/동굴 천장","청림 폐광: 접합부·접지·보행 공간 및 충돌 확인","이름·폴더 기반 추정","Assets/BillemotdonggulLavaTubePack/Prefabs/SM_Cupola01.prefab","abc00000000016119531344416173934",1,1,2286612,2286612,1,0,0,0,0,5.19804,2.096355,4.506517,"Screenshots/AssetCatalog/Thumbnails/abc00000000016119531344416173934.png","rendered"
33,"prefab","BillemotdonggulLavaTubePack","SM_Cupola02","용암동굴 천장·돌출부 · SM_Cupola02","암석·지형/동굴 천장","청림 폐광: 접합부·접지·보행 공간 및 충돌 확인","이름·폴더 기반 추정","Assets/BillemotdonggulLavaTubePack/Prefabs/SM_Cupola02.prefab","abc00000000007759453331045406581",1,1,1580638,1580638,1,0,0,0,0,7.458492,2.37262,4.813117,"Screenshots/AssetCatalog/Thumbnails/abc00000000007759453331045406581.png","rendered"
34,"prefab","BillemotdonggulLavaTubePack","SM_Cupola03","용암동굴 천장·돌출부 · SM_Cupola03","암석·지형/동굴 천장","청림 폐광: 접합부·접지·보행 공간 및 충돌 확인","이름·폴더 기반 추정","Assets/BillemotdonggulLavaTubePack/Prefabs/SM_Cupola03.prefab","abc00000000014176404643061494828",1,1,1194043,1194043,1,0,0,0,0,8.043842,4.302807,5.290114,"Screenshots/AssetCatalog/Thumbnails/abc00000000014176404643061494828.png","rendered"
35,"prefab","BillemotdonggulLavaTubePack","SM_Cupola04","용암동굴 천장·돌출부 · SM_Cupola04","암석·지형/동굴 천장","청림 폐광: 접합부·접지·보행 공간 및 충돌 확인","이름·폴더 기반 추정","Assets/BillemotdonggulLavaTubePack/Prefabs/SM_Cupola04.prefab","abc00000000008497560589901176875",1,1,619773,619773,1,0,0,0,0,3.72185,2.022467,5.676322,"Screenshots/AssetCatalog/Thumbnails/abc00000000008497560589901176875.png","rendered"
36,"prefab","BillemotdonggulLavaTubePack","SM_Cupola08","용암동굴 천장·돌출부 · SM_Cupola08","암석·지형/동굴 천장","청림 폐광: 접합부·접지·보행 공간 및 충돌 확인","이름·폴더 기반 추정","Assets/BillemotdonggulLavaTubePack/Prefabs/SM_Cupola08.prefab","abc00000000016493034185525274479",1,1,325000,325000,1,0,0,0,0,0.6701605,2.360633,2.054234,"Screenshots/AssetCatalog/Thumbnails/abc00000000016493034185525274479.png","rendered"
37,"prefab","BillemotdonggulLavaTubePack","SM_Floor01A","용암동굴 바닥·용암 흔적 · SM_Floor01A","암석·지형/동굴 바닥","청림 폐광: 접합부·접지·보행 공간 및 충돌 확인","이름·폴더 기반 추정","Assets/BillemotdonggulLavaTubePack/Prefabs/SM_Floor01A.prefab","abc00000000005019301845063016773",1,1,31248,31248,1,0,0,0,0,2.181111,0.4130659,3.048915,"Screenshots/AssetCatalog/Thumbnails/abc00000000005019301845063016773.png","rendered"
38,"prefab","BillemotdonggulLavaTubePack","SM_Floor01B","용암동굴 바닥·용암 흔적 · SM_Floor01B","암석·지형/동굴 바닥","청림 폐광: 접합부·접지·보행 공간 및 충돌 확인","이름·폴더 기반 추정","Assets/BillemotdonggulLavaTubePack/Prefabs/SM_Floor01B.prefab","abc00000000006791396423725355838",1,1,25000,25000,1,0,0,0,0,2.062689,0.4210407,1.978952,"Screenshots/AssetCatalog/Thumbnails/abc00000000006791396423725355838.png","rendered"
39,"prefab","BillemotdonggulLavaTubePack","SM_Floor01C","용암동굴 바닥·용암 흔적 · SM_Floor01C","암석·지형/동굴 바닥","청림 폐광: 접합부·접지·보행 공간 및 충돌 확인","이름·폴더 기반 추정","Assets/BillemotdonggulLavaTubePack/Prefabs/SM_Floor01C.prefab","abc00000000010787034274003324919",1,1,33999,33999,1,0,0,0,0,3.359614,0.2019349,1.496357,"Screenshots/AssetCatalog/Thumbnails/abc00000000010787034274003324919.png","rendered"
40,"prefab","BillemotdonggulLavaTubePack","SM_Floor01D","용암동굴 바닥·용암 흔적 · SM_Floor01D","암석·지형/동굴 바닥","청림 폐광: 접합부·접지·보행 공간 및 충돌 확인","이름·폴더 기반 추정","Assets/BillemotdonggulLavaTubePack/Prefabs/SM_Floor01D.prefab","abc00000000009573081854603147568",1,1,33999,33999,1,0,0,0,0,1.38465,0.1613742,1.308085,"Screenshots/AssetCatalog/Thumbnails/abc00000000009573081854603147568.png","rendered"
41,"prefab","BillemotdonggulLavaTubePack","SM_Floor02A","용암동굴 바닥·용암 흔적 · SM_Floor02A","암석·지형/동굴 바닥","청림 폐광: 접합부·접지·보행 공간 및 충돌 확인","이름·폴더 기반 추정","Assets/BillemotdonggulLavaTubePack/Prefabs/SM_Floor02A.prefab","abc00000000016352725655509160004",1,1,72261,72261,1,0,0,0,0,11.91783,1.420302,8.961313,"Screenshots/AssetCatalog/Thumbnails/abc00000000016352725655509160004.png","rendered"
42,"prefab","BillemotdonggulLavaTubePack","SM_Floor02B","용암동굴 바닥·용암 흔적 · SM_Floor02B","암석·지형/동굴 바닥","청림 폐광: 접합부·접지·보행 공간 및 충돌 확인","이름·폴더 기반 추정","Assets/BillemotdonggulLavaTubePack/Prefabs/SM_Floor02B.prefab","abc00000000005011876665551071711",1,1,62500,62500,1,0,0,0,0,6.571043,1.082798,8.778412,"Screenshots/AssetCatalog/Thumbnails/abc00000000005011876665551071711.png","rendered"
43,"prefab","BillemotdonggulLavaTubePack","SM_Floor02C","용암동굴 바닥·용암 흔적 · SM_Floor02C","암석·지형/동굴 바닥","청림 폐광: 접합부·접지·보행 공간 및 충돌 확인","이름·폴더 기반 추정","Assets/BillemotdonggulLavaTubePack/Prefabs/SM_Floor02C.prefab","abc00000000011430113405530748422",1,1,224578,224578,1,0,0,0,0,5.497977,0.7243677,7.16941,"Screenshots/AssetCatalog/Thumbnails/abc00000000011430113405530748422.png","rendered"
44,"prefab","BillemotdonggulLavaTubePack","SM_Floor03A","용암동굴 바닥·용암 흔적 · SM_Floor03A","암석·지형/동굴 바닥","청림 폐광: 접합부·접지·보행 공간 및 충돌 확인","이름·폴더 기반 추정","Assets/BillemotdonggulLavaTubePack/Prefabs/SM_Floor03A.prefab","abc00000000000012979268137737011",1,1,80000,80000,1,0,0,0,0,2.505114,1.047848,4.444434,"Screenshots/AssetCatalog/Thumbnails/abc00000000000012979268137737011.png","rendered"
45,"prefab","BillemotdonggulLavaTubePack","SM_Floor04A","용암동굴 바닥·용암 흔적 · SM_Floor04A","암석·지형/동굴 바닥","청림 폐광: 접합부·접지·보행 공간 및 충돌 확인","이름·폴더 기반 추정","Assets/BillemotdonggulLavaTubePack/Prefabs/SM_Floor04A.prefab","abc00000000005856533796524464426",1,1,749833,749833,1,0,0,0,0,5.767425,0.9658083,2.94796,"Screenshots/AssetCatalog/Thumbnails/abc00000000005856533796524464426.png","rendered"
46,"prefab","BillemotdonggulLavaTubePack","SM_Floor04B","용암동굴 바닥·용암 흔적 · SM_Floor04B","암석·지형/동굴 바닥","청림 폐광: 접합부·접지·보행 공간 및 충돌 확인","이름·폴더 기반 추정","Assets/BillemotdonggulLavaTubePack/Prefabs/SM_Floor04B.prefab","abc00000000003437273526940447089",1,1,1125000,1125000,1,0,0,0,0,5.687334,0.8310081,3.487213,"Screenshots/AssetCatalog/Thumbnails/abc00000000003437273526940447089.png","rendered"
47,"prefab","BillemotdonggulLavaTubePack","SM_Floor04C","용암동굴 바닥·용암 흔적 · SM_Floor04C","암석·지형/동굴 바닥","청림 폐광: 접합부·접지·보행 공간 및 충돌 확인","이름·폴더 기반 추정","Assets/BillemotdonggulLavaTubePack/Prefabs/SM_Floor04C.prefab","abc00000000002186628971370559976",1,1,749999,749999,1,0,0,0,0,3.448718,1.200782,5.571525,"Screenshots/AssetCatalog/Thumbnails/abc00000000002186628971370559976.png","rendered"
48,"prefab","BillemotdonggulLavaTubePack","SM_Floor04D","용암동굴 바닥·용암 흔적 · SM_Floor04D","암석·지형/동굴 바닥","청림 폐광: 접합부·접지·보행 공간 및 충돌 확인","이름·폴더 기반 추정","Assets/BillemotdonggulLavaTubePack/Prefabs/SM_Floor04D.prefab","abc00000000011433944386774982319",1,1,499999,499999,1,0,0,0,0,2.422847,0.5446013,6.382557,"Screenshots/AssetCatalog/Thumbnails/abc00000000011433944386774982319.png","rendered"
49,"prefab","BillemotdonggulLavaTubePack","SM_Floor05A","용암동굴 바닥·용암 흔적 · SM_Floor05A","암석·지형/동굴 바닥","청림 폐광: 접합부·접지·보행 공간 및 충돌 확인","이름·폴더 기반 추정","Assets/BillemotdonggulLavaTubePack/Prefabs/SM_Floor05A.prefab","abc00000000014225189799023214849",1,1,62499,62499,1,0,0,0,0,1.279595,0.5904737,1.962487,"Screenshots/AssetCatalog/Thumbnails/abc00000000014225189799023214849.png","rendered"
50,"prefab","BillemotdonggulLavaTubePack","SM_Floor05C","용암동굴 바닥·용암 흔적 · SM_Floor05C","암석·지형/동굴 바닥","청림 폐광: 접합부·접지·보행 공간 및 충돌 확인","이름·폴더 기반 추정","Assets/BillemotdonggulLavaTubePack/Prefabs/SM_Floor05C.prefab","abc00000000014574705012810887363",1,1,24000,24000,1,0,0,0,0,2.23819,0.3023773,1.718736,"Screenshots/AssetCatalog/Thumbnails/abc00000000014574705012810887363.png","rendered"
51,"prefab","BillemotdonggulLavaTubePack","SM_Floor05E","용암동굴 바닥·용암 흔적 · SM_Floor05E","암석·지형/동굴 바닥","청림 폐광: 접합부·접지·보행 공간 및 충돌 확인","이름·폴더 기반 추정","Assets/BillemotdonggulLavaTubePack/Prefabs/SM_Floor05E.prefab","abc00000000011798244210884362829",1,1,39998,39998,1,0,0,0,0,2.511406,0.4104468,2.006796,"Screenshots/AssetCatalog/Thumbnails/abc00000000011798244210884362829.png","rendered"
52,"prefab","BillemotdonggulLavaTubePack","SM_Lava_stalactite01","용암동굴 천장·돌출부 · SM_Lava_stalactite01","암석·지형/동굴 천장","청림 폐광: 접합부·접지·보행 공간 및 충돌 확인","이름·폴더 기반 추정","Assets/BillemotdonggulLavaTubePack/Prefabs/SM_Lava_stalactite01.prefab","abc00000000006811681689486696169",1,1,22499,22499,1,0,0,0,0,0.29009,0.2876146,0.2401205,"Screenshots/AssetCatalog/Thumbnails/abc00000000006811681689486696169.png","rendered"
53,"prefab","BillemotdonggulLavaTubePack","SM_Lava_stalactite02","용암동굴 천장·돌출부 · SM_Lava_stalactite02","암석·지형/동굴 천장","청림 폐광: 접합부·접지·보행 공간 및 충돌 확인","이름·폴더 기반 추정","Assets/BillemotdonggulLavaTubePack/Prefabs/SM_Lava_stalactite02.prefab","abc00000000016533775974487978914",1,1,12499,12499,1,0,0,0,0,0.2473665,0.1752744,0.1525462,"Screenshots/AssetCatalog/Thumbnails/abc00000000016533775974487978914.png","rendered"
54,"prefab","BillemotdonggulLavaTubePack","SM_Lava_tongue01","용암동굴 바닥·용암 흔적 · SM_Lava_tongue01","암석·지형/동굴 바닥","청림 폐광: 접합부·접지·보행 공간 및 충돌 확인","이름·폴더 기반 추정","Assets/BillemotdonggulLavaTubePack/Prefabs/SM_Lava_tongue01.prefab","abc00000000009105927168872438451",1,1,20799,20799,1,0,0,0,0,2.055355,0.6294365,2.542421,"Screenshots/AssetCatalog/Thumbnails/abc00000000009105927168872438451.png","rendered"
55,"prefab","BillemotdonggulLavaTubePack","SM_Lava_tongue02","용암동굴 바닥·용암 흔적 · SM_Lava_tongue02","암석·지형/동굴 바닥","청림 폐광: 접합부·접지·보행 공간 및 충돌 확인","이름·폴더 기반 추정","Assets/BillemotdonggulLavaTubePack/Prefabs/SM_Lava_tongue02.prefab","abc00000000011283642715545391592",1,1,7800,7800,1,0,0,0,0,1.245806,0.4983198,2.593041,"Screenshots/AssetCatalog/Thumbnails/abc00000000011283642715545391592.png","rendered"
56,"prefab","BillemotdonggulLavaTubePack","SM_Rockfall01A","낙석·붕괴 암괴 · SM_Rockfall01A","암석·지형/낙석","청림 폐광: 접합부·접지·보행 공간 및 충돌 확인","이름·폴더 기반 추정","Assets/BillemotdonggulLavaTubePack/Prefabs/SM_Rockfall01A.prefab","abc00000000005530882061756890453",1,1,109999,109999,1,0,0,0,0,1.54784,0.5053023,0.8822892,"Screenshots/AssetCatalog/Thumbnails/abc00000000005530882061756890453.png","rendered"
57,"prefab","BillemotdonggulLavaTubePack","SM_Rockfall01B","낙석·붕괴 암괴 · SM_Rockfall01B","암석·지형/낙석","청림 폐광: 접합부·접지·보행 공간 및 충돌 확인","이름·폴더 기반 추정","Assets/BillemotdonggulLavaTubePack/Prefabs/SM_Rockfall01B.prefab","abc00000000000185708836315938638",1,1,105000,105000,1,0,0,0,0,0.7758012,0.474841,1.519078,"Screenshots/AssetCatalog/Thumbnails/abc00000000000185708836315938638.png","rendered"
58,"prefab","BillemotdonggulLavaTubePack","SM_Rockfall01C","낙석·붕괴 암괴 · SM_Rockfall01C","암석·지형/낙석","청림 폐광: 접합부·접지·보행 공간 및 충돌 확인","이름·폴더 기반 추정","Assets/BillemotdonggulLavaTubePack/Prefabs/SM_Rockfall01C.prefab","abc00000000007505892470269420615",1,1,129999,129999,1,0,0,0,0,0.6004308,0.320124,0.6455621,"Screenshots/AssetCatalog/Thumbnails/abc00000000007505892470269420615.png","rendered"
59,"prefab","BillemotdonggulLavaTubePack","SM_Rockfall01D","낙석·붕괴 암괴 · SM_Rockfall01D","암석·지형/낙석","청림 폐광: 접합부·접지·보행 공간 및 충돌 확인","이름·폴더 기반 추정","Assets/BillemotdonggulLavaTubePack/Prefabs/SM_Rockfall01D.prefab","abc00000000012988777857138329088",1,1,26000,26000,1,0,0,0,0,0.2565241,0.3015461,0.3397566,"Screenshots/AssetCatalog/Thumbnails/abc00000000012988777857138329088.png","rendered"
60,"prefab","BillemotdonggulLavaTubePack","SM_Rockfall01E","낙석·붕괴 암괴 · SM_Rockfall01E","암석·지형/낙석","청림 폐광: 접합부·접지·보행 공간 및 충돌 확인","이름·폴더 기반 추정","Assets/BillemotdonggulLavaTubePack/Prefabs/SM_Rockfall01E.prefab","abc00000000012836946436410487049",1,1,32499,32499,1,0,0,0,0,1.059855,0.7354361,0.7741361,"Screenshots/AssetCatalog/Thumbnails/abc00000000012836946436410487049.png","rendered"
61,"prefab","BillemotdonggulLavaTubePack","SM_Rockfall01F","낙석·붕괴 암괴 · SM_Rockfall01F","암석·지형/낙석","청림 폐광: 접합부·접지·보행 공간 및 충돌 확인","이름·폴더 기반 추정","Assets/BillemotdonggulLavaTubePack/Prefabs/SM_Rockfall01F.prefab","abc00000000014931904558493008194",1,1,20800,20800,1,0,0,0,0,0.9262308,1.369642,1.316566,"Screenshots/AssetCatalog/Thumbnails/abc00000000014931904558493008194.png","rendered"
62,"prefab","BillemotdonggulLavaTubePack","SM_Rockfall01G","낙석·붕괴 암괴 · SM_Rockfall01G","암석·지형/낙석","청림 폐광: 접합부·접지·보행 공간 및 충돌 확인","이름·폴더 기반 추정","Assets/BillemotdonggulLavaTubePack/Prefabs/SM_Rockfall01G.prefab","abc00000000011238130695182801803",1,1,23399,23399,1,0,0,0,0,1.101085,1.004866,1.597792,"Screenshots/AssetCatalog/Thumbnails/abc00000000011238130695182801803.png","rendered"
63,"prefab","BillemotdonggulLavaTubePack","SM_Rockfall01H","낙석·붕괴 암괴 · SM_Rockfall01H","암석·지형/낙석","청림 폐광: 접합부·접지·보행 공간 및 충돌 확인","이름·폴더 기반 추정","Assets/BillemotdonggulLavaTubePack/Prefabs/SM_Rockfall01H.prefab","abc00000000012289668731770230196",1,1,52000,52000,1,0,0,0,0,2.314884,1.208574,1.87777,"Screenshots/AssetCatalog/Thumbnails/abc00000000012289668731770230196.png","rendered"
64,"prefab","BillemotdonggulLavaTubePack","SM_Rockfall01I","낙석·붕괴 암괴 · SM_Rockfall01I","암석·지형/낙석","청림 폐광: 접합부·접지·보행 공간 및 충돌 확인","이름·폴더 기반 추정","Assets/BillemotdonggulLavaTubePack/Prefabs/SM_Rockfall01I.prefab","abc00000000002336119262493282013",1,1,52000,52000,1,0,0,0,0,2.031538,1.424817,2.22045,"Screenshots/AssetCatalog/Thumbnails/abc00000000002336119262493282013.png","rendered"
65,"prefab","BillemotdonggulLavaTubePack","SM_Rockfall02A","낙석·붕괴 암괴 · SM_Rockfall02A","암석·지형/낙석","청림 폐광: 접합부·접지·보행 공간 및 충돌 확인","이름·폴더 기반 추정","Assets/BillemotdonggulLavaTubePack/Prefabs/SM_Rockfall02A.prefab","abc00000000010138118920609904148",1,1,199999,199999,1,0,0,0,0,2.781897,2.100526,2.50805,"Screenshots/AssetCatalog/Thumbnails/abc00000000010138118920609904148.png","rendered"
66,"prefab","BillemotdonggulLavaTubePack","SM_Rockfall02B","낙석·붕괴 암괴 · SM_Rockfall02B","암석·지형/낙석","청림 폐광: 접합부·접지·보행 공간 및 충돌 확인","이름·폴더 기반 추정","Assets/BillemotdonggulLavaTubePack/Prefabs/SM_Rockfall02B.prefab","abc00000000012496835806948007087",1,1,199998,199998,1,0,0,0,0,3.553127,2.16479,4.087094,"Screenshots/AssetCatalog/Thumbnails/abc00000000012496835806948007087.png","rendered"
67,"prefab","BillemotdonggulLavaTubePack","SM_Rockfall02C","낙석·붕괴 암괴 · SM_Rockfall02C","암석·지형/낙석","청림 폐광: 접합부·접지·보행 공간 및 충돌 확인","이름·폴더 기반 추정","Assets/BillemotdonggulLavaTubePack/Prefabs/SM_Rockfall02C.prefab","abc00000000017787947584052801750",1,1,99998,99998,1,0,0,0,0,2.43967,1.322464,4.181101,"Screenshots/AssetCatalog/Thumbnails/abc00000000017787947584052801750.png","rendered"
68,"prefab","BillemotdonggulLavaTubePack","SM_Rockfall02D","낙석·붕괴 암괴 · SM_Rockfall02D","암석·지형/낙석","청림 폐광: 접합부·접지·보행 공간 및 충돌 확인","이름·폴더 기반 추정","Assets/BillemotdonggulLavaTubePack/Prefabs/SM_Rockfall02D.prefab","abc00000000004500164947113471857",1,1,117000,117000,1,0,0,0,0,2.79708,1.491634,4.279764,"Screenshots/AssetCatalog/Thumbnails/abc00000000004500164947113471857.png","rendered"
69,"prefab","BillemotdonggulLavaTubePack","SM_Rockfall03A","낙석·붕괴 암괴 · SM_Rockfall03A","암석·지형/낙석","청림 폐광: 접합부·접지·보행 공간 및 충돌 확인","이름·폴더 기반 추정","Assets/BillemotdonggulLavaTubePack/Prefabs/SM_Rockfall03A.prefab","abc00000000015637596432983912131",1,1,12999,12999,1,0,0,0,0,1.036358,0.3684903,1.477046,"Screenshots/AssetCatalog/Thumbnails/abc00000000015637596432983912131.png","rendered"
70,"prefab","BillemotdonggulLavaTubePack","SM_Rockfall03B","낙석·붕괴 암괴 · SM_Rockfall03B","암석·지형/낙석","청림 폐광: 접합부·접지·보행 공간 및 충돌 확인","이름·폴더 기반 추정","Assets/BillemotdonggulLavaTubePack/Prefabs/SM_Rockfall03B.prefab","abc00000000014955089571789105464",1,1,20798,20798,1,0,0,0,0,1.465268,0.6780072,1.50569,"Screenshots/AssetCatalog/Thumbnails/abc00000000014955089571789105464.png","rendered"
71,"prefab","BillemotdonggulLavaTubePack","SM_Rockfall03C","낙석·붕괴 암괴 · SM_Rockfall03C","암석·지형/낙석","청림 폐광: 접합부·접지·보행 공간 및 충돌 확인","이름·폴더 기반 추정","Assets/BillemotdonggulLavaTubePack/Prefabs/SM_Rockfall03C.prefab","abc00000000015288081219196239617",1,1,51999,51999,1,0,0,0,0,1.477089,0.7507048,2.323425,"Screenshots/AssetCatalog/Thumbnails/abc00000000015288081219196239617.png","rendered"
72,"prefab","BillemotdonggulLavaTubePack","SM_Rockfall04A","낙석·붕괴 암괴 · SM_Rockfall04A","암석·지형/낙석","청림 폐광: 접합부·접지·보행 공간 및 충돌 확인","이름·폴더 기반 추정","Assets/BillemotdonggulLavaTubePack/Prefabs/SM_Rockfall04A.prefab","abc00000000005812143124034926330",1,1,90998,90998,1,0,0,0,0,1.898155,0.4493312,1.404551,"Screenshots/AssetCatalog/Thumbnails/abc00000000005812143124034926330.png","rendered"
73,"prefab","BillemotdonggulLavaTubePack","SM_Rockfall04B","낙석·붕괴 암괴 · SM_Rockfall04B","암석·지형/낙석","청림 폐광: 접합부·접지·보행 공간 및 충돌 확인","이름·폴더 기반 추정","Assets/BillemotdonggulLavaTubePack/Prefabs/SM_Rockfall04B.prefab","abc00000000015284015375756109441",1,1,246998,246998,1,0,0,0,0,2.675696,0.615256,1.78173,"Screenshots/AssetCatalog/Thumbnails/abc00000000015284015375756109441.png","rendered"
74,"prefab","BillemotdonggulLavaTubePack","SM_Rockfall05A","낙석·붕괴 암괴 · SM_Rockfall05A","암석·지형/낙석","청림 폐광: 접합부·접지·보행 공간 및 충돌 확인","이름·폴더 기반 추정","Assets/BillemotdonggulLavaTubePack/Prefabs/SM_Rockfall05A.prefab","abc00000000017855248378136813649",1,1,47499,47499,1,0,0,0,0,2.264791,0.6476611,3.083149,"Screenshots/AssetCatalog/Thumbnails/abc00000000017855248378136813649.png","rendered"
75,"prefab","BillemotdonggulLavaTubePack","SM_Rockfall05B","낙석·붕괴 암괴 · SM_Rockfall05B","암석·지형/낙석","청림 폐광: 접합부·접지·보행 공간 및 충돌 확인","이름·폴더 기반 추정","Assets/BillemotdonggulLavaTubePack/Prefabs/SM_Rockfall05B.prefab","abc00000000014040119409628607242",1,1,12498,12498,1,0,0,0,0,3.281799,0.5167922,0.9015499,"Screenshots/AssetCatalog/Thumbnails/abc00000000014040119409628607242.png","rendered"
76,"prefab","BillemotdonggulLavaTubePack","SM_Rockfall06A","낙석·붕괴 암괴 · SM_Rockfall06A","암석·지형/낙석","청림 폐광: 접합부·접지·보행 공간 및 충돌 확인","이름·폴더 기반 추정","Assets/BillemotdonggulLavaTubePack/Prefabs/SM_Rockfall06A.prefab","abc00000000005561547322204366224",1,1,621923,621923,1,0,0,0,0,2.175325,0.7101541,5.195479,"Screenshots/AssetCatalog/Thumbnails/abc00000000005561547322204366224.png","rendered"
77,"prefab","BillemotdonggulLavaTubePack","SM_Rockfall06B","낙석·붕괴 암괴 · SM_Rockfall06B","암석·지형/낙석","청림 폐광: 접합부·접지·보행 공간 및 충돌 확인","이름·폴더 기반 추정","Assets/BillemotdonggulLavaTubePack/Prefabs/SM_Rockfall06B.prefab","abc00000000000696590643897828891",1,1,749999,749999,1,0,0,0,0,2.866054,0.4178495,2.416891,"Screenshots/AssetCatalog/Thumbnails/abc00000000000696590643897828891.png","rendered"
78,"prefab","BillemotdonggulLavaTubePack","SM_Rockfall06C","낙석·붕괴 암괴 · SM_Rockfall06C","암석·지형/낙석","청림 폐광: 접합부·접지·보행 공간 및 충돌 확인","이름·폴더 기반 추정","Assets/BillemotdonggulLavaTubePack/Prefabs/SM_Rockfall06C.prefab","abc00000000008982007507873482322",1,1,174999,174999,1,0,0,0,0,1.966981,0.4240102,1.873595,"Screenshots/AssetCatalog/Thumbnails/abc00000000008982007507873482322.png","rendered"
79,"prefab","BillemotdonggulLavaTubePack","SM_SootMarks01","그을음 흔적 · SM_SootMarks01","표면 장식/흔적","건물·유적 표면: 실제 문구·문양·데칼 여부 및 면 겹침 확인","이름·폴더 기반 추정","Assets/BillemotdonggulLavaTubePack/Prefabs/SM_SootMarks01.prefab","abc00000000008368408183850471493",1,1,399998,399998,1,0,0,0,0,2.030111,0.2087141,2.762916,"Screenshots/AssetCatalog/Thumbnails/abc00000000008368408183850471493.png","rendered"
80,"prefab","BillemotdonggulLavaTubePack","SM_Wall01A","용암동굴 벽면 · SM_Wall01A","암석·지형/동굴 벽","청림 폐광: 접합부·접지·보행 공간 및 충돌 확인","이름·폴더 기반 추정","Assets/BillemotdonggulLavaTubePack/Prefabs/SM_Wall01A.prefab","abc00000000006198353672371382413",1,1,137499,137499,1,0,0,0,0,0.1448054,0.5035452,0.6851108,"Screenshots/AssetCatalog/Thumbnails/abc00000000006198353672371382413.png","rendered"
81,"prefab","BillemotdonggulLavaTubePack","SM_Wall02A","용암동굴 벽면 · SM_Wall02A","암석·지형/동굴 벽","청림 폐광: 접합부·접지·보행 공간 및 충돌 확인","이름·폴더 기반 추정","Assets/BillemotdonggulLavaTubePack/Prefabs/SM_Wall02A.prefab","abc00000000010258258633097244748",1,1,100000,100000,1,0,0,0,0,0.4947766,1.117417,1.543151,"Screenshots/AssetCatalog/Thumbnails/abc00000000010258258633097244748.png","rendered"
82,"prefab","BillemotdonggulLavaTubePack","SM_Wall02B","용암동굴 벽면 · SM_Wall02B","암석·지형/동굴 벽","청림 폐광: 접합부·접지·보행 공간 및 충돌 확인","이름·폴더 기반 추정","Assets/BillemotdonggulLavaTubePack/Prefabs/SM_Wall02B.prefab","abc00000000009086165234463012615",1,1,117499,117499,1,0,0,0,0,0.2311548,1.163984,1.621769,"Screenshots/AssetCatalog/Thumbnails/abc00000000009086165234463012615.png","rendered"
83,"prefab","BillemotdonggulLavaTubePack","SM_Wall02C","용암동굴 벽면 · SM_Wall02C","암석·지형/동굴 벽","청림 폐광: 접합부·접지·보행 공간 및 충돌 확인","이름·폴더 기반 추정","Assets/BillemotdonggulLavaTubePack/Prefabs/SM_Wall02C.prefab","abc00000000007616166661753357582",1,1,100000,100000,1,0,0,0,0,0.5889231,0.838689,1.912157,"Screenshots/AssetCatalog/Thumbnails/abc00000000007616166661753357582.png","rendered"
84,"prefab","BillemotdonggulLavaTubePack","SM_Wall02D","용암동굴 벽면 · SM_Wall02D","암석·지형/동굴 벽","청림 폐광: 접합부·접지·보행 공간 및 충돌 확인","이름·폴더 기반 추정","Assets/BillemotdonggulLavaTubePack/Prefabs/SM_Wall02D.prefab","abc00000000002204582890009929161",1,1,92499,92499,1,0,0,0,0,0.2328188,0.9781346,1.559908,"Screenshots/AssetCatalog/Thumbnails/abc00000000002204582890009929161.png","rendered"
85,"prefab","BillemotdonggulLavaTubePack","SM_Wall03A","용암동굴 벽면 · SM_Wall03A","암석·지형/동굴 벽","청림 폐광: 접합부·접지·보행 공간 및 충돌 확인","이름·폴더 기반 추정","Assets/BillemotdonggulLavaTubePack/Prefabs/SM_Wall03A.prefab","abc00000000001655376602034675163",1,1,199999,199999,1,0,0,0,0,1.429225,1.198145,5.245749,"Screenshots/AssetCatalog/Thumbnails/abc00000000001655376602034675163.png","rendered"
86,"prefab","BillemotdonggulLavaTubePack","SM_Wall03B","용암동굴 벽면 · SM_Wall03B","암석·지형/동굴 벽","청림 폐광: 접합부·접지·보행 공간 및 충돌 확인","이름·폴더 기반 추정","Assets/BillemotdonggulLavaTubePack/Prefabs/SM_Wall03B.prefab","abc00000000012755003993410258256",1,1,500000,500000,1,0,0,0,0,1.593734,2.338733,6.625638,"Screenshots/AssetCatalog/Thumbnails/abc00000000012755003993410258256.png","rendered"
87,"prefab","BillemotdonggulLavaTubePack","SM_Wall04A","용암동굴 벽면 · SM_Wall04A","암석·지형/동굴 벽","청림 폐광: 접합부·접지·보행 공간 및 충돌 확인","이름·폴더 기반 추정","Assets/BillemotdonggulLavaTubePack/Prefabs/SM_Wall04A.prefab","abc00000000002326826149765840530",1,1,199999,199999,1,0,0,0,0,1.034192,2.262913,3.910915,"Screenshots/AssetCatalog/Thumbnails/abc00000000002326826149765840530.png","rendered"
88,"prefab","BillemotdonggulLavaTubePack","SM_Wall04B","용암동굴 벽면 · SM_Wall04B","암석·지형/동굴 벽","청림 폐광: 접합부·접지·보행 공간 및 충돌 확인","이름·폴더 기반 추정","Assets/BillemotdonggulLavaTubePack/Prefabs/SM_Wall04B.prefab","abc00000000011934354504485176537",1,1,399999,399999,1,0,0,0,0,0.9685854,2.477394,3.558599,"Screenshots/AssetCatalog/Thumbnails/abc00000000011934354504485176537.png","rendered"
89,"prefab","BillemotdonggulLavaTubePack","SM_Wall05A","용암동굴 벽면 · SM_Wall05A","암석·지형/동굴 벽","청림 폐광: 접합부·접지·보행 공간 및 충돌 확인","이름·폴더 기반 추정","Assets/BillemotdonggulLavaTubePack/Prefabs/SM_Wall05A.prefab","abc00000000018360488069149217321",1,1,199768,199768,1,0,0,0,0,3.435383,3.573212,8.314864,"Screenshots/AssetCatalog/Thumbnails/abc00000000018360488069149217321.png","rendered"
90,"prefab","BillemotdonggulLavaTubePack","SM_Wall05B","용암동굴 벽면 · SM_Wall05B","암석·지형/동굴 벽","청림 폐광: 접합부·접지·보행 공간 및 충돌 확인","이름·폴더 기반 추정","Assets/BillemotdonggulLavaTubePack/Prefabs/SM_Wall05B.prefab","abc00000000008015442815942101986",1,1,62500,62500,1,0,0,0,0,2.967505,3.795889,11.69897,"Screenshots/AssetCatalog/Thumbnails/abc00000000008015442815942101986.png","rendered"
91,"prefab","BillemotdonggulLavaTubePack","SM_Wall06A","용암동굴 벽면 · SM_Wall06A","암석·지형/동굴 벽","청림 폐광: 접합부·접지·보행 공간 및 충돌 확인","이름·폴더 기반 추정","Assets/BillemotdonggulLavaTubePack/Prefabs/SM_Wall06A.prefab","abc00000000017970232535205279240",1,1,100000,100000,1,0,0,0,0,1.295337,1.11097,2.079927,"Screenshots/AssetCatalog/Thumbnails/abc00000000017970232535205279240.png","rendered"
92,"prefab","BillemotdonggulLavaTubePack","SM_Wall06B","용암동굴 벽면 · SM_Wall06B","암석·지형/동굴 벽","청림 폐광: 접합부·접지·보행 공간 및 충돌 확인","이름·폴더 기반 추정","Assets/BillemotdonggulLavaTubePack/Prefabs/SM_Wall06B.prefab","abc00000000008427780220491502547",1,1,550570,550570,1,0,0,0,0,3.070619,1.488871,3.532366,"Screenshots/AssetCatalog/Thumbnails/abc00000000008427780220491502547.png","rendered"
93,"prefab","BillemotdonggulLavaTubePack","SM_Wall06C","용암동굴 벽면 · SM_Wall06C","암석·지형/동굴 벽","청림 폐광: 접합부·접지·보행 공간 및 충돌 확인","이름·폴더 기반 추정","Assets/BillemotdonggulLavaTubePack/Prefabs/SM_Wall06C.prefab","abc00000000009015084721975470026",1,1,756641,756641,1,0,0,0,0,2.526915,2.117048,3.217432,"Screenshots/AssetCatalog/Thumbnails/abc00000000009015084721975470026.png","rendered"
94,"prefab","BillemotdonggulLavaTubePack","SM_Wall06D","용암동굴 벽면 · SM_Wall06D","암석·지형/동굴 벽","청림 폐광: 접합부·접지·보행 공간 및 충돌 확인","이름·폴더 기반 추정","Assets/BillemotdonggulLavaTubePack/Prefabs/SM_Wall06D.prefab","abc00000000002548483399753754205",1,1,349998,349998,1,0,0,0,0,1.496881,1.020322,1.81198,"Screenshots/AssetCatalog/Thumbnails/abc00000000002548483399753754205.png","rendered"
95,"prefab","BillemotdonggulLavaTubePack","SM_Wall06E","용암동굴 벽면 · SM_Wall06E","암석·지형/동굴 벽","청림 폐광: 접합부·접지·보행 공간 및 충돌 확인","이름·폴더 기반 추정","Assets/BillemotdonggulLavaTubePack/Prefabs/SM_Wall06E.prefab","abc00000000012502032869030702388",1,1,200659,200659,1,0,0,0,0,2.704551,1.141944,2.832738,"Screenshots/AssetCatalog/Thumbnails/abc00000000012502032869030702388.png","rendered"
96,"prefab","BillemotdonggulLavaTubePack","SM_Wall06J","용암동굴 벽면 · SM_Wall06J","암석·지형/동굴 벽","청림 폐광: 접합부·접지·보행 공간 및 충돌 확인","이름·폴더 기반 추정","Assets/BillemotdonggulLavaTubePack/Prefabs/SM_Wall06J.prefab","abc00000000011450494832443273995",1,1,39999,39999,1,0,0,0,0,2.717102,2.965239,2.789967,"Screenshots/AssetCatalog/Thumbnails/abc00000000011450494832443273995.png","rendered"
97,"prefab","BillemotdonggulLavaTubePack","SM_Wall06N","용암동굴 벽면 · SM_Wall06N","암석·지형/동굴 벽","청림 폐광: 접합부·접지·보행 공간 및 충돌 확인","이름·폴더 기반 추정","Assets/BillemotdonggulLavaTubePack/Prefabs/SM_Wall06N.prefab","abc00000000007718256607529892807",1,1,75000,75000,1,0,0,0,0,1.638229,1.562902,3.263032,"Screenshots/AssetCatalog/Thumbnails/abc00000000007718256607529892807.png","rendered"
98,"prefab","BillemotdonggulLavaTubePack","SM_Wall06O","용암동굴 벽면 · SM_Wall06O","암석·지형/동굴 벽","청림 폐광: 접합부·접지·보행 공간 및 충돌 확인","이름·폴더 기반 추정","Assets/BillemotdonggulLavaTubePack/Prefabs/SM_Wall06O.prefab","abc00000000000398072973576410830",1,1,852910,852910,1,0,0,0,0,4.800415,2.44852,2.717576,"Screenshots/AssetCatalog/Thumbnails/abc00000000000398072973576410830.png","rendered"
99,"prefab","BillemotdonggulLavaTubePack","SM_Wall06P","용암동굴 벽면 · SM_Wall06P","암석·지형/동굴 벽","청림 폐광: 접합부·접지·보행 공간 및 충돌 확인","이름·폴더 기반 추정","Assets/BillemotdonggulLavaTubePack/Prefabs/SM_Wall06P.prefab","abc00000000017632862490651065313",1,1,476322,476322,1,0,0,0,0,2.338485,2.206185,2.481129,"Screenshots/AssetCatalog/Thumbnails/abc00000000017632862490651065313.png","rendered"
100,"prefab","BillemotdonggulLavaTubePack","SM_Wall6I","용암동굴 벽면 · SM_Wall6I","암석·지형/동굴 벽","청림 폐광: 접합부·접지·보행 공간 및 충돌 확인","이름·폴더 기반 추정","Assets/BillemotdonggulLavaTubePack/Prefabs/SM_Wall6I.prefab","abc00000000002738231134419993434",1,1,1117851,1117851,1,0,0,0,0,4.653359,3.536059,3.247696,"Screenshots/AssetCatalog/Thumbnails/abc00000000002738231134419993434.png","rendered"
101,"prefab","BillemotdonggulLavaTubePack","SM_Wall6Q","용암동굴 벽면 · SM_Wall6Q","암석·지형/동굴 벽","청림 폐광: 접합부·접지·보행 공간 및 충돌 확인","이름·폴더 기반 추정","Assets/BillemotdonggulLavaTubePack/Prefabs/SM_Wall6Q.prefab","abc00000000016540364132698046274",1,1,1608754,1608754,1,0,0,0,0,2.165924,2.372215,3.46162,"Screenshots/AssetCatalog/Thumbnails/abc00000000016540364132698046274.png","rendered"
102,"prefab","BillemotdonggulLavaTubePack","SM_Wall6R","용암동굴 벽면 · SM_Wall6R","암석·지형/동굴 벽","청림 폐광: 접합부·접지·보행 공간 및 충돌 확인","이름·폴더 기반 추정","Assets/BillemotdonggulLavaTubePack/Prefabs/SM_Wall6R.prefab","abc00000000014445406010615525129",1,1,2058063,2058063,1,0,0,0,0,2.998242,2.695886,2.91467,"Screenshots/AssetCatalog/Thumbnails/abc00000000014445406010615525129.png","rendered"
103,"prefab","BillemotdonggulLavaTubePack","SM_Wall6U","용암동굴 벽면 · SM_Wall6U","암석·지형/동굴 벽","청림 폐광: 접합부·접지·보행 공간 및 충돌 확인","이름·폴더 기반 추정","Assets/BillemotdonggulLavaTubePack/Prefabs/SM_Wall6U.prefab","abc00000000001794168410520976718",1,1,1203311,1203311,1,0,0,0,0,3.11377,2.67443,2.674726,"Screenshots/AssetCatalog/Thumbnails/abc00000000001794168410520976718.png","rendered"
104,"prefab","HwaseongForteressGate","SM_B_ArchDoor_001","문·창호·틀 · SM_B_ArchDoor_001","건축 부재/문·창호","주막·역참·마을 조립 후보: 접합 규격·피벗·치수·재질 통일","이름·폴더 기반 추정","Assets/HwaseongForteressGate/Prefabs/SM_B_ArchDoor_001.prefab","abc00000000003012927286415363944",1,1,128,128,0,0,0,0,0,0.8128375,2.080284,0.09780831,"Screenshots/AssetCatalog/Thumbnails/abc00000000003012927286415363944.png","rendered"
105,"prefab","HwaseongForteressGate","SM_B_ArchDoor_002","문·창호·틀 · SM_B_ArchDoor_002","건축 부재/문·창호","주막·역참·마을 조립 후보: 접합 규격·피벗·치수·재질 통일","이름·폴더 기반 추정","Assets/HwaseongForteressGate/Prefabs/SM_B_ArchDoor_002.prefab","abc00000000000835211739742410803",1,1,128,128,0,0,0,0,0,0.8128375,2.080284,0.09780832,"Screenshots/AssetCatalog/Thumbnails/abc00000000000835211739742410803.png","rendered"
106,"prefab","HwaseongForteressGate","SM_B_GateHouse_012","성문 누각·수비 시설 · SM_B_GateHouse_012","건축 완성물/문루·대문","관아·역참·누정 후보: 실제 건물 용도 확인 후 선택; 주막 대체는 별도 판단","이름·폴더 기반 추정","Assets/HwaseongForteressGate/Prefabs/SM_B_GateHouse_012.prefab","abc00000000003499069221724277902",1,1,56,56,0,0,0,0,0,0.6352213,0.459278,3.307537,"Screenshots/AssetCatalog/Thumbnails/abc00000000003499069221724277902.png","rendered"
107,"prefab","HwaseongForteressGate","SM_B_GateHouse_Column","기둥·기둥 부속 · SM_B_GateHouse_Column","건축 부재/기둥","주막·역참·마을 조립 후보: 접합 규격·피벗·치수·재질 통일","이름·폴더 기반 추정","Assets/HwaseongForteressGate/Prefabs/SM_B_GateHouse_Column.prefab","abc00000000003944552333389657420",1,1,60,60,0,0,0,0,0,0.3836753,2.500981,0.3836763,"Screenshots/AssetCatalog/Thumbnails/abc00000000003944552333389657420.png","rendered"
108,"prefab","HwaseongForteressGate","SM_B_GateHouse_Crossbeam","보·도리·서까래 · SM_B_GateHouse_Crossbeam","건축 부재/보·도리·서까래","주막·역참·마을 조립 후보: 접합 규격·피벗·치수·재질 통일","이름·폴더 기반 추정","Assets/HwaseongForteressGate/Prefabs/SM_B_GateHouse_Crossbeam.prefab","abc00000000017288189716875743115",1,1,1686,1686,0,0,0,0,0,7.160091,0.8871272,2.752206,"Screenshots/AssetCatalog/Thumbnails/abc00000000017288189716875743115.png","rendered"
109,"prefab","HwaseongForteressGate","SM_B_GateHouse_HipRafter","보·도리·서까래 · SM_B_GateHouse_HipRafter","건축 부재/보·도리·서까래","주막·역참·마을 조립 후보: 접합 규격·피벗·치수·재질 통일","이름·폴더 기반 추정","Assets/HwaseongForteressGate/Prefabs/SM_B_GateHouse_HipRafter.prefab","abc00000000013007522792822002601",1,1,443,443,0,0,0,0,0,9.989111,1.203364,5.626853,"Screenshots/AssetCatalog/Thumbnails/abc00000000013007522792822002601.png","rendered"
110,"prefab","HwaseongForteressGate","SM_B_GateHouse_Lintel_001","보·도리·서까래 · SM_B_GateHouse_Lintel_001","건축 부재/보·도리·서까래","주막·역참·마을 조립 후보: 접합 규격·피벗·치수·재질 통일","이름·폴더 기반 추정","Assets/HwaseongForteressGate/Prefabs/SM_B_GateHouse_Lintel_001.prefab","abc00000000004643153208148247058",1,1,182,182,0,0,0,0,0,0.2669494,0.692324,3.637028,"Screenshots/AssetCatalog/Thumbnails/abc00000000004643153208148247058.png","rendered"
111,"prefab","HwaseongForteressGate","SM_B_GateHouse_Lintel_002","보·도리·서까래 · SM_B_GateHouse_Lintel_002","건축 부재/보·도리·서까래","주막·역참·마을 조립 후보: 접합 규격·피벗·치수·재질 통일","이름·폴더 기반 추정","Assets/HwaseongForteressGate/Prefabs/SM_B_GateHouse_Lintel_002.prefab","abc00000000014250681562867583065",1,1,220,220,0,0,0,0,0,7.87184,0.6923242,0.2669514,"Screenshots/AssetCatalog/Thumbnails/abc00000000014250681562867583065.png","rendered"
112,"prefab","HwaseongForteressGate","SM_B_GateHouse_Rafter","보·도리·서까래 · SM_B_GateHouse_Rafter","건축 부재/보·도리·서까래","주막·역참·마을 조립 후보: 접합 규격·피벗·치수·재질 통일","이름·폴더 기반 추정","Assets/HwaseongForteressGate/Prefabs/SM_B_GateHouse_Rafter.prefab","abc00000000016296332220704215362",1,1,5616,5616,0,0,0,0,0,9.986847,1.518364,5.645189,"Screenshots/AssetCatalog/Thumbnails/abc00000000016296332220704215362.png","rendered"
113,"prefab","HwaseongForteressGate","SM_B_GateHouse_Roof_001","지붕·지붕판 · SM_B_GateHouse_Roof_001","건축 부재/지붕","주막·역참·마을 조립 후보: 접합 규격·피벗·치수·재질 통일","이름·폴더 기반 추정","Assets/HwaseongForteressGate/Prefabs/SM_B_GateHouse_Roof_001.prefab","abc00000000018108608715980580784",1,1,88006,88006,0,0,0,0,0,10.38175,2.497692,6.013132,"Screenshots/AssetCatalog/Thumbnails/abc00000000018108608715980580784.png","rendered"
114,"prefab","HwaseongForteressGate","SM_B_GateHouse_Roof_002","지붕·지붕판 · SM_B_GateHouse_Roof_002","건축 부재/지붕","주막·역참·마을 조립 후보: 접합 규격·피벗·치수·재질 통일","이름·폴더 기반 추정","Assets/HwaseongForteressGate/Prefabs/SM_B_GateHouse_Roof_002.prefab","abc00000000013260886727788447163",1,1,644,644,0,0,0,0,0,10.17484,1.480093,5.822442,"Screenshots/AssetCatalog/Thumbnails/abc00000000013260886727788447163.png","rendered"
115,"prefab","HwaseongForteressGate","SM_B_MetalDoor_001","문·창호·틀 · SM_B_MetalDoor_001","건축 부재/문·창호","주막·역참·마을 조립 후보: 접합 규격·피벗·치수·재질 통일","이름·폴더 기반 추정","Assets/HwaseongForteressGate/Prefabs/SM_B_MetalDoor_001.prefab","abc00000000017531390695208271241",1,1,1012,1012,0,0,0,0,0,2.627761,6.567392,0.5515664,"Screenshots/AssetCatalog/Thumbnails/abc00000000017531390695208271241.png","rendered"
116,"prefab","HwaseongForteressGate","SM_B_MetalDoor_002","문·창호·틀 · SM_B_MetalDoor_002","건축 부재/문·창호","주막·역참·마을 조립 후보: 접합 규격·피벗·치수·재질 통일","이름·폴더 기반 추정","Assets/HwaseongForteressGate/Prefabs/SM_B_MetalDoor_002.prefab","abc00000000001179604743581240770",1,1,1012,1012,0,0,0,0,0,2.627761,6.567392,0.5515665,"Screenshots/AssetCatalog/Thumbnails/abc00000000001179604743581240770.png","rendered"
117,"prefab","HwaseongForteressGate","SM_B_SmallArch","성벽·여장·아치 · SM_B_SmallArch","건축 부재/성벽·여장","성곽·관문 후보: 군사 시설의 시대·지역·규모 확인","이름·폴더 기반 추정","Assets/HwaseongForteressGate/Prefabs/SM_B_SmallArch.prefab","abc00000000007950736216630669949",1,1,4282,4282,0,0,0,0,0,4.51129,3.873127,1.694372,"Screenshots/AssetCatalog/Thumbnails/abc00000000007950736216630669949.png","rendered"
118,"prefab","HwaseongForteressGate","SM_BarbicanArch_001","성벽·여장·아치 · SM_BarbicanArch_001","건축 부재/성벽·여장","성곽·관문 후보: 군사 시설의 시대·지역·규모 확인","이름·폴더 기반 추정","Assets/HwaseongForteressGate/Prefabs/SM_BarbicanArch_001.prefab","abc00000000000080297214085037719",1,1,2084,2084,0,0,0,0,0,9.882719,6.895897,1.361244,"Screenshots/AssetCatalog/Thumbnails/abc00000000000080297214085037719.png","rendered"
119,"prefab","HwaseongForteressGate","SM_BarbicanArch_002","성벽·여장·아치 · SM_BarbicanArch_002","건축 부재/성벽·여장","성곽·관문 후보: 군사 시설의 시대·지역·규모 확인","이름·폴더 기반 추정","Assets/HwaseongForteressGate/Prefabs/SM_BarbicanArch_002.prefab","abc00000000005127573766783694108",1,1,2258,2258,0,0,0,0,0,10.42638,7.066524,1.103594,"Screenshots/AssetCatalog/Thumbnails/abc00000000005127573766783694108.png","rendered"
120,"prefab","HwaseongForteressGate","SM_BarbicanDoorBase","성문 받침·멈춤쇠 · SM_BarbicanDoorBase","건축 부재/문 부속","주막·역참·마을 조립 후보: 접합 규격·피벗·치수·재질 통일","이름·폴더 기반 추정","Assets/HwaseongForteressGate/Prefabs/SM_BarbicanDoorBase.prefab","abc00000000012106263749301799320",1,1,12,12,0,0,0,0,0,0.5493161,0.2295797,0.6232812,"Screenshots/AssetCatalog/Thumbnails/abc00000000012106263749301799320.png","rendered"
121,"prefab","HwaseongForteressGate","SM_BarbicanFloor_001","옹성 바닥 · SM_BarbicanFloor_001","건축 부재/바닥·포장","주막·역참·마을 조립 후보: 접합 규격·피벗·치수·재질 통일","이름·폴더 기반 추정","Assets/HwaseongForteressGate/Prefabs/SM_BarbicanFloor_001.prefab","abc00000000013647767620523928571",1,1,32,32,0,0,0,0,0,2.755055,9.490155E-07,5.167159,"Screenshots/AssetCatalog/Thumbnails/abc00000000013647767620523928571.png","rendered"
122,"prefab","HwaseongForteressGate","SM_BarbicanFloor_002","옹성 바닥 · SM_BarbicanFloor_002","건축 부재/바닥·포장","주막·역참·마을 조립 후보: 접합 규격·피벗·치수·재질 통일","이름·폴더 기반 추정","Assets/HwaseongForteressGate/Prefabs/SM_BarbicanFloor_002.prefab","abc00000000004651480372796302576",1,1,22,22,0,0,0,0,0,2.958627,3.392524E-07,4.011621,"Screenshots/AssetCatalog/Thumbnails/abc00000000004651480372796302576.png","rendered"
123,"prefab","HwaseongForteressGate","SM_BarbicanFloor_003","옹성 바닥 · SM_BarbicanFloor_003","건축 부재/바닥·포장","주막·역참·마을 조립 후보: 접합 규격·피벗·치수·재질 통일","이름·폴더 기반 추정","Assets/HwaseongForteressGate/Prefabs/SM_BarbicanFloor_003.prefab","abc00000000011712771168281704313",1,1,20,20,0,0,0,0,0,3.658446,6.479592E-07,4.077419,"Screenshots/AssetCatalog/Thumbnails/abc00000000011712771168281704313.png","rendered"
124,"prefab","HwaseongForteressGate","SM_BarbicanFloor_004","옹성 바닥 · SM_BarbicanFloor_004","건축 부재/바닥·포장","주막·역참·마을 조립 후보: 접합 규격·피벗·치수·재질 통일","이름·폴더 기반 추정","Assets/HwaseongForteressGate/Prefabs/SM_BarbicanFloor_004.prefab","abc00000000003740647209492126974",1,1,18,18,0,0,0,0,0,4.076682,6.490646E-07,4.066321,"Screenshots/AssetCatalog/Thumbnails/abc00000000003740647209492126974.png","rendered"
125,"prefab","HwaseongForteressGate","SM_BarbicanFloor_005","옹성 바닥 · SM_BarbicanFloor_005","건축 부재/바닥·포장","주막·역참·마을 조립 후보: 접합 규격·피벗·치수·재질 통일","이름·폴더 기반 추정","Assets/HwaseongForteressGate/Prefabs/SM_BarbicanFloor_005.prefab","abc00000000013475334265000837815",1,1,20,20,0,0,0,0,0,4.553774,9.320781E-07,4.53157,"Screenshots/AssetCatalog/Thumbnails/abc00000000013475334265000837815.png","rendered"
126,"prefab","HwaseongForteressGate","SM_BarbicanFloor_006","옹성 바닥 · SM_BarbicanFloor_006","건축 부재/바닥·포장","주막·역참·마을 조립 후보: 접합 규격·피벗·치수·재질 통일","이름·폴더 기반 추정","Assets/HwaseongForteressGate/Prefabs/SM_BarbicanFloor_006.prefab","abc00000000012515588644302757052",1,1,18,18,0,0,0,0,0,4.414609,9.298462E-07,4.227981,"Screenshots/AssetCatalog/Thumbnails/abc00000000012515588644302757052.png","rendered"
127,"prefab","HwaseongForteressGate","SM_BarbicanFloor_007","옹성 바닥 · SM_BarbicanFloor_007","건축 부재/바닥·포장","주막·역참·마을 조립 후보: 접합 규격·피벗·치수·재질 통일","이름·폴더 기반 추정","Assets/HwaseongForteressGate/Prefabs/SM_BarbicanFloor_007.prefab","abc00000000000342583593042884101",1,1,20,20,0,0,0,0,0,4.669374,3.619925E-07,4.23516,"Screenshots/AssetCatalog/Thumbnails/abc00000000000342583593042884101.png","rendered"
128,"prefab","HwaseongForteressGate","SM_BarbicanFloor_008","옹성 바닥 · SM_BarbicanFloor_008","건축 부재/바닥·포장","주막·역참·마을 조립 후보: 접합 규격·피벗·치수·재질 통일","이름·폴더 기반 추정","Assets/HwaseongForteressGate/Prefabs/SM_BarbicanFloor_008.prefab","abc00000000007433732455543708282",1,1,18,18,0,0,0,0,0,4.325992,9.187276E-07,3.80896,"Screenshots/AssetCatalog/Thumbnails/abc00000000007433732455543708282.png","rendered"
129,"prefab","HwaseongForteressGate","SM_BarbicanParapet_001","성벽·여장·아치 · SM_BarbicanParapet_001","건축 부재/성벽·여장","성곽·관문 후보: 군사 시설의 시대·지역·규모 확인","이름·폴더 기반 추정","Assets/HwaseongForteressGate/Prefabs/SM_BarbicanParapet_001.prefab","abc00000000008604492894865760984",1,1,848,848,0,0,0,0,0,1.040032,2.28786,5.739402,"Screenshots/AssetCatalog/Thumbnails/abc00000000008604492894865760984.png","rendered"
130,"prefab","HwaseongForteressGate","SM_BarbicanParapet_002","성벽·여장·아치 · SM_BarbicanParapet_002","건축 부재/성벽·여장","성곽·관문 후보: 군사 시설의 시대·지역·규모 확인","이름·폴더 기반 추정","Assets/HwaseongForteressGate/Prefabs/SM_BarbicanParapet_002.prefab","abc00000000015154700982395620323",1,1,626,626,0,0,0,0,0,1.393828,2.287859,3.282168,"Screenshots/AssetCatalog/Thumbnails/abc00000000015154700982395620323.png","rendered"
131,"prefab","HwaseongForteressGate","SM_BarbicanParapet_003","성벽·여장·아치 · SM_BarbicanParapet_003","건축 부재/성벽·여장","성곽·관문 후보: 군사 시설의 시대·지역·규모 확인","이름·폴더 기반 추정","Assets/HwaseongForteressGate/Prefabs/SM_BarbicanParapet_003.prefab","abc00000000004586888688809739674",1,1,432,432,0,0,0,0,0,2.051881,2.287857,3.119462,"Screenshots/AssetCatalog/Thumbnails/abc00000000004586888688809739674.png","rendered"
132,"prefab","HwaseongForteressGate","SM_BarbicanParapet_004","성벽·여장·아치 · SM_BarbicanParapet_004","건축 부재/성벽·여장","성곽·관문 후보: 군사 시설의 시대·지역·규모 확인","이름·폴더 기반 추정","Assets/HwaseongForteressGate/Prefabs/SM_BarbicanParapet_004.prefab","abc00000000005135026719421908973",1,1,614,614,0,0,0,0,0,2.518917,2.287857,3.047935,"Screenshots/AssetCatalog/Thumbnails/abc00000000005135026719421908973.png","rendered"
133,"prefab","HwaseongForteressGate","SM_BarbicanParapet_005","성벽·여장·아치 · SM_BarbicanParapet_005","건축 부재/성벽·여장","성곽·관문 후보: 군사 시설의 시대·지역·규모 확인","이름·폴더 기반 추정","Assets/HwaseongForteressGate/Prefabs/SM_BarbicanParapet_005.prefab","abc00000000002813450596777876420",1,1,432,432,0,0,0,0,0,2.796309,2.287856,2.916797,"Screenshots/AssetCatalog/Thumbnails/abc00000000002813450596777876420.png","rendered"
134,"prefab","HwaseongForteressGate","SM_BarbicanParapet_006","성벽·여장·아치 · SM_BarbicanParapet_006","건축 부재/성벽·여장","성곽·관문 후보: 군사 시설의 시대·지역·규모 확인","이름·폴더 기반 추정","Assets/HwaseongForteressGate/Prefabs/SM_BarbicanParapet_006.prefab","abc00000000009919345680529339743",1,1,626,626,0,0,0,0,0,2.96998,2.287857,2.70548,"Screenshots/AssetCatalog/Thumbnails/abc00000000009919345680529339743.png","rendered"
135,"prefab","HwaseongForteressGate","SM_BarbicanParapet_007","성벽·여장·아치 · SM_BarbicanParapet_007","건축 부재/성벽·여장","성곽·관문 후보: 군사 시설의 시대·지역·규모 확인","이름·폴더 기반 추정","Assets/HwaseongForteressGate/Prefabs/SM_BarbicanParapet_007.prefab","abc00000000016337582420509016454",1,1,432,432,0,0,0,0,0,3.101995,2.287856,2.37727,"Screenshots/AssetCatalog/Thumbnails/abc00000000016337582420509016454.png","rendered"
136,"prefab","HwaseongForteressGate","SM_BarbicanParapet_008","성벽·여장·아치 · SM_BarbicanParapet_008","건축 부재/성벽·여장","성곽·관문 후보: 군사 시설의 시대·지역·규모 확인","이름·폴더 기반 추정","Assets/HwaseongForteressGate/Prefabs/SM_BarbicanParapet_008.prefab","abc00000000004134259067676810777",1,1,522,522,0,0,0,0,0,2.277494,2.287857,1.648776,"Screenshots/AssetCatalog/Thumbnails/abc00000000004134259067676810777.png","rendered"
137,"prefab","HwaseongForteressGate","SM_BarbicanParapet_009","성벽·여장·아치 · SM_BarbicanParapet_009","건축 부재/성벽·여장","성곽·관문 후보: 군사 시설의 시대·지역·규모 확인","이름·폴더 기반 추정","Assets/HwaseongForteressGate/Prefabs/SM_BarbicanParapet_009.prefab","abc00000000009414256603889869840",1,1,1338,1338,0,0,0,0,0,1.037944,2.755389,5.166261,"Screenshots/AssetCatalog/Thumbnails/abc00000000009414256603889869840.png","rendered"
138,"prefab","HwaseongForteressGate","SM_BarbicanParapet_010","성벽·여장·아치 · SM_BarbicanParapet_010","건축 부재/성벽·여장","성곽·관문 후보: 군사 시설의 시대·지역·규모 확인","이름·폴더 기반 추정","Assets/HwaseongForteressGate/Prefabs/SM_BarbicanParapet_010.prefab","abc00000000016769225547835299806",1,1,1752,1752,0,0,0,0,0,1.109402,2.755386,3.794703,"Screenshots/AssetCatalog/Thumbnails/abc00000000016769225547835299806.png","rendered"
139,"prefab","HwaseongForteressGate","SM_BarbicanParapet_011","성벽·여장·아치 · SM_BarbicanParapet_011","건축 부재/성벽·여장","성곽·관문 후보: 군사 시설의 시대·지역·규모 확인","이름·폴더 기반 추정","Assets/HwaseongForteressGate/Prefabs/SM_BarbicanParapet_011.prefab","abc00000000008301770284444349335",1,1,1836,1836,0,0,0,0,0,1.865148,2.755384,4.064736,"Screenshots/AssetCatalog/Thumbnails/abc00000000008301770284444349335.png","rendered"
140,"prefab","HwaseongForteressGate","SM_BarbicanParapet_012","성벽·여장·아치 · SM_BarbicanParapet_012","건축 부재/성벽·여장","성곽·관문 후보: 군사 시설의 시대·지역·규모 확인","이름·폴더 기반 추정","Assets/HwaseongForteressGate/Prefabs/SM_BarbicanParapet_012.prefab","abc00000000013349046837143005724",1,1,1836,1836,0,0,0,0,0,2.367941,2.755384,3.547561,"Screenshots/AssetCatalog/Thumbnails/abc00000000013349046837143005724.png","rendered"
141,"prefab","HwaseongForteressGate","SM_BarbicanParapet_013","성벽·여장·아치 · SM_BarbicanParapet_013","건축 부재/성벽·여장","성곽·관문 후보: 군사 시설의 시대·지역·규모 확인","이름·폴더 기반 추정","Assets/HwaseongForteressGate/Prefabs/SM_BarbicanParapet_013.prefab","abc00000000007794072250870109285",1,1,1824,1824,0,0,0,0,0,2.765275,2.755384,3.368378,"Screenshots/AssetCatalog/Thumbnails/abc00000000007794072250870109285.png","rendered"
142,"prefab","HwaseongForteressGate","SM_BarbicanParapet_014","성벽·여장·아치 · SM_BarbicanParapet_014","건축 부재/성벽·여장","성곽·관문 후보: 군사 시설의 시대·지역·규모 확인","이름·폴더 기반 추정","Assets/HwaseongForteressGate/Prefabs/SM_BarbicanParapet_014.prefab","abc00000000015378704381692253458",1,1,1836,1836,0,0,0,0,0,3.071913,2.755383,2.956981,"Screenshots/AssetCatalog/Thumbnails/abc00000000015378704381692253458.png","rendered"
143,"prefab","HwaseongForteressGate","SM_BarbicanParapet_015","성벽·여장·아치 · SM_BarbicanParapet_015","건축 부재/성벽·여장","성곽·관문 후보: 군사 시설의 시대·지역·규모 확인","이름·폴더 기반 추정","Assets/HwaseongForteressGate/Prefabs/SM_BarbicanParapet_015.prefab","abc00000000014703188990520957915",1,1,1824,1824,0,0,0,0,0,3.405054,2.755383,2.71262,"Screenshots/AssetCatalog/Thumbnails/abc00000000014703188990520957915.png","rendered"
144,"prefab","HwaseongForteressGate","SM_BarbicanParapet_016","성벽·여장·아치 · SM_BarbicanParapet_016","건축 부재/성벽·여장","성곽·관문 후보: 군사 시설의 시대·지역·규모 확인","이름·폴더 기반 추정","Assets/HwaseongForteressGate/Prefabs/SM_BarbicanParapet_016.prefab","abc00000000007356072308186989392",1,1,1836,1836,0,0,0,0,0,3.518368,2.755384,2.227825,"Screenshots/AssetCatalog/Thumbnails/abc00000000007356072308186989392.png","rendered"
145,"prefab","HwaseongForteressGate","SM_BarbicanParapet_017","성벽·여장·아치 · SM_BarbicanParapet_017","건축 부재/성벽·여장","성곽·관문 후보: 군사 시설의 시대·지역·규모 확인","이름·폴더 기반 추정","Assets/HwaseongForteressGate/Prefabs/SM_BarbicanParapet_017.prefab","abc00000000006539488662702037849",1,1,1192,1192,0,0,0,0,0,9.049793,2.50426,1.148521,"Screenshots/AssetCatalog/Thumbnails/abc00000000006539488662702037849.png","rendered"
146,"prefab","HwaseongForteressGate","SM_BarbicanParapet_018","성벽·여장·아치 · SM_BarbicanParapet_018","건축 부재/성벽·여장","성곽·관문 후보: 군사 시설의 시대·지역·규모 확인","이름·폴더 기반 추정","Assets/HwaseongForteressGate/Prefabs/SM_BarbicanParapet_018.prefab","abc00000000007905687939652227782",1,1,5278,5278,0,0,0,0,0,13.71209,3.271221,1.939456,"Screenshots/AssetCatalog/Thumbnails/abc00000000007905687939652227782.png","rendered"
147,"prefab","HwaseongForteressGate","SM_BarbicanRoofboard_001","옹성 지붕판 · SM_BarbicanRoofboard_001","건축 부재/지붕","주막·역참·마을 조립 후보: 접합 규격·피벗·치수·재질 통일","이름·폴더 기반 추정","Assets/HwaseongForteressGate/Prefabs/SM_BarbicanRoofboard_001.prefab","abc00000000016023229308730305731",1,1,34,34,0,0,0,0,0,6.82817,0.2128986,4.232333,"Screenshots/AssetCatalog/Thumbnails/abc00000000016023229308730305731.png","rendered"
148,"prefab","HwaseongForteressGate","SM_BarbicanRoofboard_002","옹성 지붕판 · SM_BarbicanRoofboard_002","건축 부재/지붕","주막·역참·마을 조립 후보: 접합 규격·피벗·치수·재질 통일","이름·폴더 기반 추정","Assets/HwaseongForteressGate/Prefabs/SM_BarbicanRoofboard_002.prefab","abc00000000015340722447535499064",1,1,34,34,0,0,0,0,0,6.82817,0.2128986,4.232333,"Screenshots/AssetCatalog/Thumbnails/abc00000000015340722447535499064.png","rendered"
149,"prefab","HwaseongForteressGate","SM_BarbicanStair","옹성 계단 · SM_BarbicanStair","건축 부재/계단·디딤돌","주막·역참·마을 조립 후보: 접합 규격·피벗·치수·재질 통일","이름·폴더 기반 추정","Assets/HwaseongForteressGate/Prefabs/SM_BarbicanStair.prefab","abc00000000001628154358759158902",1,1,72,72,0,0,0,0,0,3.723088,1.759661,3.762112,"Screenshots/AssetCatalog/Thumbnails/abc00000000001628154358759158902.png","rendered"
150,"prefab","HwaseongForteressGate","SM_BarbicanWall_001","성벽·여장·아치 · SM_BarbicanWall_001","건축 부재/성벽·여장","성곽·관문 후보: 군사 시설의 시대·지역·규모 확인","이름·폴더 기반 추정","Assets/HwaseongForteressGate/Prefabs/SM_BarbicanWall_001.prefab","abc00000000002086168359102214131",1,1,312,312,0,0,0,0,0,0.07133672,5.201868,5.292398,"Screenshots/AssetCatalog/Thumbnails/abc00000000002086168359102214131.png","rendered"
151,"prefab","HwaseongForteressGate","SM_BarbicanWall_002","성벽·여장·아치 · SM_BarbicanWall_002","건축 부재/성벽·여장","성곽·관문 후보: 군사 시설의 시대·지역·규모 확인","이름·폴더 기반 추정","Assets/HwaseongForteressGate/Prefabs/SM_BarbicanWall_002.prefab","abc00000000011628620673815990824",1,1,312,312,0,0,0,0,0,0.853772,5.202493,4.824757,"Screenshots/AssetCatalog/Thumbnails/abc00000000011628620673815990824.png","rendered"
152,"prefab","HwaseongForteressGate","SM_BarbicanWall_003","성벽·여장·아치 · SM_BarbicanWall_003","건축 부재/성벽·여장","성곽·관문 후보: 군사 시설의 시대·지역·규모 확인","이름·폴더 기반 추정","Assets/HwaseongForteressGate/Prefabs/SM_BarbicanWall_003.prefab","abc00000000005130324284496657585",1,1,312,312,0,0,0,0,0,2.557208,5.201903,4.293621,"Screenshots/AssetCatalog/Thumbnails/abc00000000005130324284496657585.png","rendered"
153,"prefab","HwaseongForteressGate","SM_BarbicanWall_004","성벽·여장·아치 · SM_BarbicanWall_004","건축 부재/성벽·여장","성곽·관문 후보: 군사 시설의 시대·지역·규모 확인","이름·폴더 기반 추정","Assets/HwaseongForteressGate/Prefabs/SM_BarbicanWall_004.prefab","abc00000000007581264320530793750",1,1,312,312,0,0,0,0,0,3.577482,5.201796,3.346521,"Screenshots/AssetCatalog/Thumbnails/abc00000000007581264320530793750.png","rendered"
154,"prefab","HwaseongForteressGate","SM_BarbicanWall_005","성벽·여장·아치 · SM_BarbicanWall_005","건축 부재/성벽·여장","성곽·관문 후보: 군사 시설의 시대·지역·규모 확인","이름·폴더 기반 추정","Assets/HwaseongForteressGate/Prefabs/SM_BarbicanWall_005.prefab","abc00000000012737668554920912111",1,1,312,312,0,0,0,0,0,3.975504,5.201485,2.06203,"Screenshots/AssetCatalog/Thumbnails/abc00000000012737668554920912111.png","rendered"
155,"prefab","HwaseongForteressGate","SM_BarbicanWall_006","성벽·여장·아치 · SM_BarbicanWall_006","건축 부재/성벽·여장","성곽·관문 후보: 군사 시설의 시대·지역·규모 확인","이름·폴더 기반 추정","Assets/HwaseongForteressGate/Prefabs/SM_BarbicanWall_006.prefab","abc00000000005776498305769839188",1,1,2248,2248,0,0,0,0,0,0.5026245,5.389363,6.030653,"Screenshots/AssetCatalog/Thumbnails/abc00000000005776498305769839188.png","rendered"
156,"prefab","HwaseongForteressGate","SM_BarbicanWall_007","성벽·여장·아치 · SM_BarbicanWall_007","건축 부재/성벽·여장","성곽·관문 후보: 군사 시설의 시대·지역·규모 확인","이름·폴더 기반 추정","Assets/HwaseongForteressGate/Prefabs/SM_BarbicanWall_007.prefab","abc00000000002458495466571093245",1,1,1848,1848,0,0,0,0,0,0.8989941,5.389363,4.909548,"Screenshots/AssetCatalog/Thumbnails/abc00000000002458495466571093245.png","rendered"
157,"prefab","HwaseongForteressGate","SM_BarbicanWall_008","성벽·여장·아치 · SM_BarbicanWall_008","건축 부재/성벽·여장","성곽·관문 후보: 군사 시설의 시대·지역·규모 확인","이름·폴더 기반 추정","Assets/HwaseongForteressGate/Prefabs/SM_BarbicanWall_008.prefab","abc00000000015054280762570819426",1,1,1848,1848,0,0,0,0,0,2.178566,5.389363,4.765742,"Screenshots/AssetCatalog/Thumbnails/abc00000000015054280762570819426.png","rendered"
158,"prefab","HwaseongForteressGate","SM_BarbicanWall_009","성벽·여장·아치 · SM_BarbicanWall_009","건축 부재/성벽·여장","성곽·관문 후보: 군사 시설의 시대·지역·규모 확인","이름·폴더 기반 추정","Assets/HwaseongForteressGate/Prefabs/SM_BarbicanWall_009.prefab","abc00000000004742194959296814507",1,1,1848,1848,0,0,0,0,0,3.171545,5.389363,3.926169,"Screenshots/AssetCatalog/Thumbnails/abc00000000004742194959296814507.png","rendered"
159,"prefab","HwaseongForteressGate","SM_BarbicanWall_010","성벽·여장·아치 · SM_BarbicanWall_010","건축 부재/성벽·여장","성곽·관문 후보: 군사 시설의 시대·지역·규모 확인","이름·폴더 기반 추정","Assets/HwaseongForteressGate/Prefabs/SM_BarbicanWall_010.prefab","abc00000000009319610037418184589",1,1,1848,1848,0,0,0,0,0,3.828463,5.389364,2.900074,"Screenshots/AssetCatalog/Thumbnails/abc00000000009319610037418184589.png","rendered"
160,"prefab","HwaseongForteressGate","SM_BarbicanWall_011","성벽·여장·아치 · SM_BarbicanWall_011","건축 부재/성벽·여장","성곽·관문 후보: 군사 시설의 시대·지역·규모 확인","이름·폴더 기반 추정","Assets/HwaseongForteressGate/Prefabs/SM_BarbicanWall_011.prefab","abc00000000007771564681032829540",1,1,1848,1848,0,0,0,0,0,4.117073,5.389363,1.892866,"Screenshots/AssetCatalog/Thumbnails/abc00000000007771564681032829540.png","rendered"
161,"prefab","HwaseongForteressGate","SM_BarbicanWall_012","성벽·여장·아치 · SM_BarbicanWall_012","건축 부재/성벽·여장","성곽·관문 후보: 군사 시설의 시대·지역·규모 확인","이름·폴더 기반 추정","Assets/HwaseongForteressGate/Prefabs/SM_BarbicanWall_012.prefab","abc00000000008481111001977275007",1,1,400,400,0,0,0,0,0,1.415736,5.389363,0.4912378,"Screenshots/AssetCatalog/Thumbnails/abc00000000008481111001977275007.png","rendered"
162,"prefab","HwaseongForteressGate","SM_BarbicanWall_013","성벽·여장·아치 · SM_BarbicanWall_013","건축 부재/성벽·여장","성곽·관문 후보: 군사 시설의 시대·지역·규모 확인","이름·폴더 기반 추정","Assets/HwaseongForteressGate/Prefabs/SM_BarbicanWall_013.prefab","abc00000000002320304894582452774",1,1,4,4,0,0,0,0,0,1.28646E-07,6.920404,3.652117,"Screenshots/AssetCatalog/Thumbnails/abc00000000002320304894582452774.png","rendered"
163,"prefab","HwaseongForteressGate","SM_BarbicanWall_014","성벽·여장·아치 · SM_BarbicanWall_014","건축 부재/성벽·여장","성곽·관문 후보: 군사 시설의 시대·지역·규모 확인","이름·폴더 기반 추정","Assets/HwaseongForteressGate/Prefabs/SM_BarbicanWall_014.prefab","abc00000000001538518956310129985",1,1,24,24,0,0,0,0,0,4.632848,5.01966,0.001933762,"Screenshots/AssetCatalog/Thumbnails/abc00000000001538518956310129985.png","rendered"
164,"prefab","HwaseongForteressGate","SM_Bastion_001","성곽 조립체 · SM_Bastion_001","건축 조립체/성곽","성곽·관문 후보: 군사 시설의 시대·지역·규모 확인","이름·폴더 기반 추정","Assets/HwaseongForteressGate/Prefabs/SM_Bastion_001.prefab","abc00000000007996074682436696675",1,1,151,151,0,0,0,0,0,9.31811,5.594914,1.464698,"Screenshots/AssetCatalog/Thumbnails/abc00000000007996074682436696675.png","rendered"
165,"prefab","HwaseongForteressGate","SM_Bastion_Parapet","성벽·여장·아치 · SM_Bastion_Parapet","건축 부재/성벽·여장","성곽·관문 후보: 군사 시설의 시대·지역·규모 확인","이름·폴더 기반 추정","Assets/HwaseongForteressGate/Prefabs/SM_Bastion_Parapet.prefab","abc00000000007876200121274784335",1,1,1157,1157,0,0,0,1,0,7.738143,1.671686,2.253561,"Screenshots/AssetCatalog/Thumbnails/abc00000000007876200121274784335.png","rendered"
166,"prefab","HwaseongForteressGate","SM_BeamSupport_001","보·도리·서까래 · SM_BeamSupport_001","건축 부재/보·도리·서까래","주막·역참·마을 조립 후보: 접합 규격·피벗·치수·재질 통일","이름·폴더 기반 추정","Assets/HwaseongForteressGate/Prefabs/SM_BeamSupport_001.prefab","abc00000000018115244485071298469",1,1,6916,6916,0,0,0,0,0,13.73627,0.4521713,0.6047493,"Screenshots/AssetCatalog/Thumbnails/abc00000000018115244485071298469.png","rendered"
167,"prefab","HwaseongForteressGate","SM_BeamSupport_002","보·도리·서까래 · SM_BeamSupport_002","건축 부재/보·도리·서까래","주막·역참·마을 조립 후보: 접합 규격·피벗·치수·재질 통일","이름·폴더 기반 추정","Assets/HwaseongForteressGate/Prefabs/SM_BeamSupport_002.prefab","abc00000000013635715135527010078",1,1,948,948,0,0,0,0,0,0.1105889,1.182942,1.155339,"Screenshots/AssetCatalog/Thumbnails/abc00000000013635715135527010078.png","rendered"
168,"prefab","HwaseongForteressGate","SM_BeamSupport_003","보·도리·서까래 · SM_BeamSupport_003","건축 부재/보·도리·서까래","주막·역참·마을 조립 후보: 접합 규격·피벗·치수·재질 통일","이름·폴더 기반 추정","Assets/HwaseongForteressGate/Prefabs/SM_BeamSupport_003.prefab","abc00000000006549627155113073111",1,1,856,856,0,0,0,0,0,1.078858,0.795463,1.078858,"Screenshots/AssetCatalog/Thumbnails/abc00000000006549627155113073111.png","rendered"
169,"prefab","HwaseongForteressGate","SM_BeamSupport_004","보·도리·서까래 · SM_BeamSupport_004","건축 부재/보·도리·서까래","주막·역참·마을 조립 후보: 접합 규격·피벗·치수·재질 통일","이름·폴더 기반 추정","Assets/HwaseongForteressGate/Prefabs/SM_BeamSupport_004.prefab","abc00000000004222280420901877648",1,1,642,642,0,0,0,0,0,0.5947196,0.795463,1.078858,"Screenshots/AssetCatalog/Thumbnails/abc00000000004222280420901877648.png","rendered"
170,"prefab","HwaseongForteressGate","SM_BeamSupport_005","보·도리·서까래 · SM_BeamSupport_005","건축 부재/보·도리·서까래","주막·역참·마을 조립 후보: 접합 규격·피벗·치수·재질 통일","이름·폴더 기반 추정","Assets/HwaseongForteressGate/Prefabs/SM_BeamSupport_005.prefab","abc00000000017389026958398370201",1,1,518,518,0,0,0,0,0,0.1107847,1.018171,0.6321188,"Screenshots/AssetCatalog/Thumbnails/abc00000000017389026958398370201.png","rendered"
171,"prefab","HwaseongForteressGate","SM_BeamSupport_006","보·도리·서까래 · SM_BeamSupport_006","건축 부재/보·도리·서까래","주막·역참·마을 조립 후보: 접합 규격·피벗·치수·재질 통일","이름·폴더 기반 추정","Assets/HwaseongForteressGate/Prefabs/SM_BeamSupport_006.prefab","abc00000000007642740606570993746",1,1,182,182,0,0,0,0,0,0.1105788,0.4221977,0.4236408,"Screenshots/AssetCatalog/Thumbnails/abc00000000007642740606570993746.png","rendered"
172,"prefab","HwaseongForteressGate","SM_BeamSupport_007","보·도리·서까래 · SM_BeamSupport_007","건축 부재/보·도리·서까래","주막·역참·마을 조립 후보: 접합 규격·피벗·치수·재질 통일","이름·폴더 기반 추정","Assets/HwaseongForteressGate/Prefabs/SM_BeamSupport_007.prefab","abc00000000017804067816304891931",1,1,248,248,0,0,0,0,0,0.1105849,0.3547019,0.4741093,"Screenshots/AssetCatalog/Thumbnails/abc00000000017804067816304891931.png","rendered"
173,"prefab","HwaseongForteressGate","SM_BeamSupport_008","보·도리·서까래 · SM_BeamSupport_008","건축 부재/보·도리·서까래","주막·역참·마을 조립 후보: 접합 규격·피벗·치수·재질 통일","이름·폴더 기반 추정","Assets/HwaseongForteressGate/Prefabs/SM_BeamSupport_008.prefab","abc00000000016068218487499435844",1,1,200,200,0,0,0,0,0,0.1149972,3.88406,0.6516169,"Screenshots/AssetCatalog/Thumbnails/abc00000000016068218487499435844.png","rendered"
174,"prefab","HwaseongForteressGate","SM_BeamSupport_009","보·도리·서까래 · SM_BeamSupport_009","건축 부재/보·도리·서까래","주막·역참·마을 조립 후보: 접합 규격·피벗·치수·재질 통일","이름·폴더 기반 추정","Assets/HwaseongForteressGate/Prefabs/SM_BeamSupport_009.prefab","abc00000000018389794610143468397",1,1,12,12,0,0,0,0,0,0.1149971,0.9502771,0.2623333,"Screenshots/AssetCatalog/Thumbnails/abc00000000018389794610143468397.png","rendered"
175,"prefab","HwaseongForteressGate","SM_BeamSupport_010","보·도리·서까래 · SM_BeamSupport_010","건축 부재/보·도리·서까래","주막·역참·마을 조립 후보: 접합 규격·피벗·치수·재질 통일","이름·폴더 기반 추정","Assets/HwaseongForteressGate/Prefabs/SM_BeamSupport_010.prefab","abc00000000007354527612359638695",1,1,12,12,0,0,0,0,0,0.1150031,2.80707,0.2623373,"Screenshots/AssetCatalog/Thumbnails/abc00000000007354527612359638695.png","rendered"
176,"prefab","HwaseongForteressGate","SM_BracketSupport_001","공포·화반·단청 부재 · SM_BracketSupport_001","건축 부재/공포·단청","주막·역참·마을 조립 후보: 접합 규격·피벗·치수·재질 통일","이름·폴더 기반 추정","Assets/HwaseongForteressGate/Prefabs/SM_BracketSupport_001.prefab","abc00000000016887006359406695452",1,1,500,500,0,0,0,0,0,1.119638,0.7972352,1.802346,"Screenshots/AssetCatalog/Thumbnails/abc00000000016887006359406695452.png","rendered"
177,"prefab","HwaseongForteressGate","SM_BracketSupport_002","공포·화반·단청 부재 · SM_BracketSupport_002","건축 부재/공포·단청","주막·역참·마을 조립 후보: 접합 규격·피벗·치수·재질 통일","이름·폴더 기반 추정","Assets/HwaseongForteressGate/Prefabs/SM_BracketSupport_002.prefab","abc00000000011839729806708039063",1,1,618,618,0,0,0,0,0,1.38482,0.5650862,1.386471,"Screenshots/AssetCatalog/Thumbnails/abc00000000011839729806708039063.png","rendered"
178,"prefab","HwaseongForteressGate","SM_BracketSupport_003","공포·화반·단청 부재 · SM_BracketSupport_003","건축 부재/공포·단청","주막·역참·마을 조립 후보: 접합 규격·피벗·치수·재질 통일","이름·폴더 기반 추정","Assets/HwaseongForteressGate/Prefabs/SM_BracketSupport_003.prefab","abc00000000001860440996389437918",1,1,610,610,0,0,0,0,0,1.119638,0.794373,1.935853,"Screenshots/AssetCatalog/Thumbnails/abc00000000001860440996389437918.png","rendered"
179,"prefab","HwaseongForteressGate","SM_BracketSupport_004","공포·화반·단청 부재 · SM_BracketSupport_004","건축 부재/공포·단청","주막·역참·마을 조립 후보: 접합 규격·피벗·치수·재질 통일","이름·폴더 기반 추정","Assets/HwaseongForteressGate/Prefabs/SM_BracketSupport_004.prefab","abc00000000010077448184965727577",1,1,746,746,0,0,0,0,0,1.467395,0.7972281,1.466872,"Screenshots/AssetCatalog/Thumbnails/abc00000000010077448184965727577.png","rendered"
180,"prefab","HwaseongForteressGate","SM_CW","성곽 조립체 · SM_CW","건축 조립체/성곽","성곽·관문 후보: 군사 시설의 시대·지역·규모 확인","이름·폴더 기반 추정","Assets/HwaseongForteressGate/Prefabs/SM_CW.prefab","abc00000000006772995487325090855",1,1,120,120,0,0,0,0,0,7.815228,5.597277,2.177516,"Screenshots/AssetCatalog/Thumbnails/abc00000000006772995487325090855.png","rendered"
181,"prefab","HwaseongForteressGate","SM_CW_Floor","바닥·마루 · SM_CW_Floor","건축 부재/바닥·포장","주막·역참·마을 조립 후보: 접합 규격·피벗·치수·재질 통일","이름·폴더 기반 추정","Assets/HwaseongForteressGate/Prefabs/SM_CW_Floor.prefab","abc00000000013957161864161919296",1,1,12,12,0,0,0,0,0,5,0.5000001,5,"Screenshots/AssetCatalog/Thumbnails/abc00000000013957161864161919296.png","rendered"
182,"prefab","HwaseongForteressGate","SM_CW_Parapet","성벽·여장·아치 · SM_CW_Parapet","건축 부재/성벽·여장","성곽·관문 후보: 군사 시설의 시대·지역·규모 확인","이름·폴더 기반 추정","Assets/HwaseongForteressGate/Prefabs/SM_CW_Parapet.prefab","abc00000000000997523551688618795",1,1,966,966,0,0,0,0,0,7.835961,1.667453,1.430089,"Screenshots/AssetCatalog/Thumbnails/abc00000000000997523551688618795.png","rendered"
183,"prefab","HwaseongForteressGate","SM_CW_Stair_001","계단·디딤돌 · SM_CW_Stair_001","건축 부재/계단·디딤돌","주막·역참·마을 조립 후보: 접합 규격·피벗·치수·재질 통일","이름·폴더 기반 추정","Assets/HwaseongForteressGate/Prefabs/SM_CW_Stair_001.prefab","abc00000000007831663145105680133",1,1,817,817,0,0,0,0,0,5.009709,5.976996,8.18335,"Screenshots/AssetCatalog/Thumbnails/abc00000000007831663145105680133.png","rendered"
184,"prefab","HwaseongForteressGate","SM_CW_Stair_002","계단·디딤돌 · SM_CW_Stair_002","건축 부재/계단·디딤돌","주막·역참·마을 조립 후보: 접합 규격·피벗·치수·재질 통일","이름·폴더 기반 추정","Assets/HwaseongForteressGate/Prefabs/SM_CW_Stair_002.prefab","abc00000000011229726761554923006",1,1,1680,1680,0,0,0,0,0,12.14937,5.964709,8.18335,"Screenshots/AssetCatalog/Thumbnails/abc00000000011229726761554923006.png","rendered"
185,"prefab","HwaseongForteressGate","SM_CW_Stone","성곽 석재 부재 · SM_CW_Stone","건축 부재/성벽·여장","성곽·관문 후보: 군사 시설의 시대·지역·규모 확인","이름·폴더 기반 추정","Assets/HwaseongForteressGate/Prefabs/SM_CW_Stone.prefab","abc00000000012716866720562878697",1,1,842,842,0,0,0,0,0,7.827058,0.8070586,0.9810113,"Screenshots/AssetCatalog/Thumbnails/abc00000000012716866720562878697.png","rendered"
186,"prefab","HwaseongForteressGate","SM_Cannon","화포·화포 부품 · SM_Cannon","도구·무기/화포","성곽·관문 후보: 군사 시설의 시대·지역·규모 확인","이름·폴더 기반 추정","Assets/HwaseongForteressGate/Prefabs/SM_Cannon.prefab","abc00000000011630753976887870194",1,1,19878,19878,0,0,0,0,0,1.599142,1.564873,4.126914,"Screenshots/AssetCatalog/Thumbnails/abc00000000011630753976887870194.png","rendered"
187,"prefab","HwaseongForteressGate","SM_CannonParts_001","화포·화포 부품 · SM_CannonParts_001","도구·무기/화포","성곽·관문 후보: 군사 시설의 시대·지역·규모 확인","이름·폴더 기반 추정","Assets/HwaseongForteressGate/Prefabs/SM_CannonParts_001.prefab","abc00000000002955768012838984504",1,1,13336,13336,0,0,0,0,0,1.009315,0.5021735,3.194701,"Screenshots/AssetCatalog/Thumbnails/abc00000000002955768012838984504.png","rendered"
188,"prefab","HwaseongForteressGate","SM_CannonParts_002","화포·화포 부품 · SM_CannonParts_002","도구·무기/화포","성곽·관문 후보: 군사 시설의 시대·지역·규모 확인","이름·폴더 기반 추정","Assets/HwaseongForteressGate/Prefabs/SM_CannonParts_002.prefab","abc00000000003638274874033791171",1,1,2850,2850,0,0,0,0,0,0.7872731,0.4888052,3.088799,"Screenshots/AssetCatalog/Thumbnails/abc00000000003638274874033791171.png","rendered"
189,"prefab","HwaseongForteressGate","SM_CannonParts_003","화포·화포 부품 · SM_CannonParts_003","도구·무기/화포","성곽·관문 후보: 군사 시설의 시대·지역·규모 확인","이름·폴더 기반 추정","Assets/HwaseongForteressGate/Prefabs/SM_CannonParts_003.prefab","abc00000000012263631482234487162",1,1,1846,1846,0,0,0,0,0,0.2940325,0.9747057,0.974706,"Screenshots/AssetCatalog/Thumbnails/abc00000000012263631482234487162.png","rendered"
190,"prefab","HwaseongForteressGate","SM_Ceiling","천장 · SM_Ceiling","건축 부재/천장","주막·역참·마을 조립 후보: 접합 규격·피벗·치수·재질 통일","이름·폴더 기반 추정","Assets/HwaseongForteressGate/Prefabs/SM_Ceiling.prefab","abc00000000012216104902707993554",1,1,678,678,0,0,0,0,0,0.8562192,0.08634575,2.054628,"Screenshots/AssetCatalog/Thumbnails/abc00000000012216104902707993554.png","rendered"
191,"prefab","HwaseongForteressGate","SM_ColumnTopSupport","기둥·기둥 부속 · SM_ColumnTopSupport","건축 부재/기둥","주막·역참·마을 조립 후보: 접합 규격·피벗·치수·재질 통일","이름·폴더 기반 추정","Assets/HwaseongForteressGate/Prefabs/SM_ColumnTopSupport.prefab","abc00000000008699492675397478373",1,1,20,20,0,0,0,0,0,0.4133711,0.2209941,0.4133714,"Screenshots/AssetCatalog/Thumbnails/abc00000000008699492675397478373.png","rendered"
192,"prefab","HwaseongForteressGate","SM_Column_001","기둥·기둥 부속 · SM_Column_001","건축 부재/기둥","주막·역참·마을 조립 후보: 접합 규격·피벗·치수·재질 통일","이름·폴더 기반 추정","Assets/HwaseongForteressGate/Prefabs/SM_Column_001.prefab","abc00000000001964323147017132043",1,1,708,708,0,0,0,0,0,0.5424901,2.777188,0.5424861,"Screenshots/AssetCatalog/Thumbnails/abc00000000001964323147017132043.png","rendered"
193,"prefab","HwaseongForteressGate","SM_Column_002","기둥·기둥 부속 · SM_Column_002","건축 부재/기둥","주막·역참·마을 조립 후보: 접합 규격·피벗·치수·재질 통일","이름·폴더 기반 추정","Assets/HwaseongForteressGate/Prefabs/SM_Column_002.prefab","abc00000000003714970308972659328",1,1,824,824,0,0,0,0,0,0.5426415,2.777188,0.5426395,"Screenshots/AssetCatalog/Thumbnails/abc00000000003714970308972659328.png","rendered"
194,"prefab","HwaseongForteressGate","SM_Column_003","기둥·기둥 부속 · SM_Column_003","건축 부재/기둥","주막·역참·마을 조립 후보: 접합 규격·피벗·치수·재질 통일","이름·폴더 기반 추정","Assets/HwaseongForteressGate/Prefabs/SM_Column_003.prefab","abc00000000003563138888244817289",1,1,708,708,0,0,0,0,0,0.4831688,3.586767,0.4831693,"Screenshots/AssetCatalog/Thumbnails/abc00000000003563138888244817289.png","rendered"
195,"prefab","HwaseongForteressGate","SM_Column_004","기둥·기둥 부속 · SM_Column_004","건축 부재/기둥","주막·역참·마을 조립 후보: 접합 규격·피벗·치수·재질 통일","이름·폴더 기반 추정","Assets/HwaseongForteressGate/Prefabs/SM_Column_004.prefab","abc00000000009358645361859820494",1,1,824,824,0,0,0,0,0,0.4836685,3.588949,0.483669,"Screenshots/AssetCatalog/Thumbnails/abc00000000009358645361859820494.png","rendered"
196,"prefab","HwaseongForteressGate","SM_Column_005","기둥·기둥 부속 · SM_Column_005","건축 부재/기둥","주막·역참·마을 조립 후보: 접합 규격·피벗·치수·재질 통일","이름·폴더 기반 추정","Assets/HwaseongForteressGate/Prefabs/SM_Column_005.prefab","abc00000000016678828995813302471",1,1,120,120,0,0,0,0,0,0.5400833,9.562833,0.5400847,"Screenshots/AssetCatalog/Thumbnails/abc00000000016678828995813302471.png","rendered"
197,"prefab","HwaseongForteressGate","SM_Column_006","기둥·기둥 부속 · SM_Column_006","건축 부재/기둥","주막·역참·마을 조립 후보: 접합 규격·피벗·치수·재질 통일","이름·폴더 기반 추정","Assets/HwaseongForteressGate/Prefabs/SM_Column_006.prefab","abc00000000001024855260213651468",1,1,12,12,0,0,0,0,0,0.3012382,1.136049,0.3641017,"Screenshots/AssetCatalog/Thumbnails/abc00000000001024855260213651468.png","rendered"
198,"prefab","HwaseongForteressGate","SM_Column_007","기둥·기둥 부속 · SM_Column_007","건축 부재/기둥","주막·역참·마을 조립 후보: 접합 규격·피벗·치수·재질 통일","이름·폴더 기반 추정","Assets/HwaseongForteressGate/Prefabs/SM_Column_007.prefab","abc00000000014703818587300772309",1,1,12,12,0,0,0,0,0,0.3012402,0.6886505,0.3107459,"Screenshots/AssetCatalog/Thumbnails/abc00000000014703818587300772309.png","rendered"
199,"prefab","HwaseongForteressGate","SM_Column_008","기둥·기둥 부속 · SM_Column_008","건축 부재/기둥","주막·역참·마을 조립 후보: 접합 규격·피벗·치수·재질 통일","이름·폴더 기반 추정","Assets/HwaseongForteressGate/Prefabs/SM_Column_008.prefab","abc00000000017975657110258879690",1,1,12,12,0,0,0,0,0,0.3012382,0.4205446,0.3641017,"Screenshots/AssetCatalog/Thumbnails/abc00000000017975657110258879690.png","rendered"
200,"prefab","HwaseongForteressGate","SM_ComplexBracket_001","공포·화반·단청 부재 · SM_ComplexBracket_001","건축 부재/공포·단청","주막·역참·마을 조립 후보: 접합 규격·피벗·치수·재질 통일","이름·폴더 기반 추정","Assets/HwaseongForteressGate/Prefabs/SM_ComplexBracket_001.prefab","abc00000000000294719928705893985",1,1,2618,2618,0,0,0,0,0,1.087828,1.724861,2.876426,"Screenshots/AssetCatalog/Thumbnails/abc00000000000294719928705893985.png","rendered"
201,"prefab","HwaseongForteressGate","SM_ComplexBracket_002","공포·화반·단청 부재 · SM_ComplexBracket_002","건축 부재/공포·단청","주막·역참·마을 조립 후보: 접합 규격·피벗·치수·재질 통일","이름·폴더 기반 추정","Assets/HwaseongForteressGate/Prefabs/SM_ComplexBracket_002.prefab","abc00000000002450737209239807834",1,1,2286,2286,0,0,0,0,0,1.087836,1.305157,2.900985,"Screenshots/AssetCatalog/Thumbnails/abc00000000002450737209239807834.png","rendered"
202,"prefab","HwaseongForteressGate","SM_ComplexBracket_003","공포·화반·단청 부재 · SM_ComplexBracket_003","건축 부재/공포·단청","주막·역참·마을 조립 후보: 접합 규격·피벗·치수·재질 통일","이름·폴더 기반 추정","Assets/HwaseongForteressGate/Prefabs/SM_ComplexBracket_003.prefab","abc00000000017488099916795497379",1,1,8270,8270,0,0,0,0,0,2.962321,2.125623,2.970921,"Screenshots/AssetCatalog/Thumbnails/abc00000000017488099916795497379.png","rendered"
203,"prefab","HwaseongForteressGate","SM_ComplexBracket_004","공포·화반·단청 부재 · SM_ComplexBracket_004","건축 부재/공포·단청","주막·역참·마을 조립 후보: 접합 규격·피벗·치수·재질 통일","이름·폴더 기반 추정","Assets/HwaseongForteressGate/Prefabs/SM_ComplexBracket_004.prefab","abc00000000006911969830276990340",1,1,2834,2834,0,0,0,0,0,1.087828,1.715338,3.004065,"Screenshots/AssetCatalog/Thumbnails/abc00000000006911969830276990340.png","rendered"
204,"prefab","HwaseongForteressGate","SM_ComplexBracket_005","공포·화반·단청 부재 · SM_ComplexBracket_005","건축 부재/공포·단청","주막·역참·마을 조립 후보: 접합 규격·피벗·치수·재질 통일","이름·폴더 기반 추정","Assets/HwaseongForteressGate/Prefabs/SM_ComplexBracket_005.prefab","abc00000000008459733711685523373",1,1,3006,3006,0,0,0,0,0,1.087828,1.41735,3.112719,"Screenshots/AssetCatalog/Thumbnails/abc00000000008459733711685523373.png","rendered"
205,"prefab","HwaseongForteressGate","SM_ComplexBracket_006","공포·화반·단청 부재 · SM_ComplexBracket_006","건축 부재/공포·단청","주막·역참·마을 조립 후보: 접합 규격·피벗·치수·재질 통일","이름·폴더 기반 추정","Assets/HwaseongForteressGate/Prefabs/SM_ComplexBracket_006.prefab","abc00000000001460428568849791558",1,1,11252,11252,0,0,0,0,0,2.835172,2.242664,2.893387,"Screenshots/AssetCatalog/Thumbnails/abc00000000001460428568849791558.png","rendered"
206,"prefab","HwaseongForteressGate","SM_Crossbeam_001","보·도리·서까래 · SM_Crossbeam_001","건축 부재/보·도리·서까래","주막·역참·마을 조립 후보: 접합 규격·피벗·치수·재질 통일","이름·폴더 기반 추정","Assets/HwaseongForteressGate/Prefabs/SM_Crossbeam_001.prefab","abc00000000016463818569985864738",1,1,406,406,0,0,0,0,0,0.5013255,0.4784075,4.643317,"Screenshots/AssetCatalog/Thumbnails/abc00000000016463818569985864738.png","rendered"
207,"prefab","HwaseongForteressGate","SM_Crossbeam_002","보·도리·서까래 · SM_Crossbeam_002","건축 부재/보·도리·서까래","주막·역참·마을 조립 후보: 접합 규격·피벗·치수·재질 통일","이름·폴더 기반 추정","Assets/HwaseongForteressGate/Prefabs/SM_Crossbeam_002.prefab","abc00000000006741724284984581993",1,1,406,406,0,0,0,0,0,0.5013255,0.4784085,4.667949,"Screenshots/AssetCatalog/Thumbnails/abc00000000006741724284984581993.png","rendered"
208,"prefab","HwaseongForteressGate","SM_Crossbeam_003","보·도리·서까래 · SM_Crossbeam_003","건축 부재/보·도리·서까래","주막·역참·마을 조립 후보: 접합 규격·피벗·치수·재질 통일","이름·폴더 기반 추정","Assets/HwaseongForteressGate/Prefabs/SM_Crossbeam_003.prefab","abc00000000006503947641325321312",1,1,748,748,0,0,0,0,0,0.4389002,0.4230212,7.879073,"Screenshots/AssetCatalog/Thumbnails/abc00000000006503947641325321312.png","rendered"
209,"prefab","HwaseongForteressGate","SM_Crossbeam_004","보·도리·서까래 · SM_Crossbeam_004","건축 부재/보·도리·서까래","주막·역참·마을 조립 후보: 접합 규격·피벗·치수·재질 통일","이름·폴더 기반 추정","Assets/HwaseongForteressGate/Prefabs/SM_Crossbeam_004.prefab","abc00000000001811827710829494055",1,1,374,374,0,0,0,0,0,0.4388839,0.4230192,3.860644,"Screenshots/AssetCatalog/Thumbnails/abc00000000001811827710829494055.png","rendered"
210,"prefab","HwaseongForteressGate","SM_Crossbeam_005","보·도리·서까래 · SM_Crossbeam_005","건축 부재/보·도리·서까래","주막·역참·마을 조립 후보: 접합 규격·피벗·치수·재질 통일","이름·폴더 기반 추정","Assets/HwaseongForteressGate/Prefabs/SM_Crossbeam_005.prefab","abc00000000001700106682717569454",1,1,524,524,0,0,0,0,0,0.3524151,0.3733702,1.93214,"Screenshots/AssetCatalog/Thumbnails/abc00000000001700106682717569454.png","rendered"
211,"prefab","HwaseongForteressGate","SM_Crossbeam_006","보·도리·서까래 · SM_Crossbeam_006","건축 부재/보·도리·서까래","주막·역참·마을 조립 후보: 접합 규격·피벗·치수·재질 통일","이름·폴더 기반 추정","Assets/HwaseongForteressGate/Prefabs/SM_Crossbeam_006.prefab","abc00000000011403131516161600949",1,1,688,688,0,0,0,0,0,0.3524151,0.3733743,3.113347,"Screenshots/AssetCatalog/Thumbnails/abc00000000011403131516161600949.png","rendered"
212,"prefab","HwaseongForteressGate","SM_DoorBase","성문 받침·멈춤쇠 · SM_DoorBase","건축 부재/문 부속","주막·역참·마을 조립 후보: 접합 규격·피벗·치수·재질 통일","이름·폴더 기반 추정","Assets/HwaseongForteressGate/Prefabs/SM_DoorBase.prefab","abc00000000000520674402528920538",1,1,12,12,0,0,0,0,0,0.4921408,0.2623181,1.1285,"Screenshots/AssetCatalog/Thumbnails/abc00000000000520674402528920538.png","rendered"
213,"prefab","HwaseongForteressGate","SM_DoorStoper","성문 받침·멈춤쇠 · SM_DoorStoper","건축 부재/문 부속","주막·역참·마을 조립 후보: 접합 규격·피벗·치수·재질 통일","이름·폴더 기반 추정","Assets/HwaseongForteressGate/Prefabs/SM_DoorStoper.prefab","abc00000000007291909318387782216",1,1,286,286,0,0,0,0,0,0.5633662,0.4041643,0.3321567,"Screenshots/AssetCatalog/Thumbnails/abc00000000007291909318387782216.png","rendered"
214,"prefab","HwaseongForteressGate","SM_FineTree","수목 · SM_FineTree","식생/수목","산길·마을·정원: 수종·계절·잎 알파·양면·LOD 확인","이름·폴더 기반 추정","Assets/HwaseongForteressGate/Prefabs/SM_FineTree.prefab","abc00000000000698005766678748309",1,1,13133,13133,0,0,0,0,0,4.049346,5.272472,4.804894,"Screenshots/AssetCatalog/Thumbnails/abc00000000000698005766678748309.png","rendered"
215,"prefab","HwaseongForteressGate","SM_Flag","깃발·깃대·부속 · SM_Flag","생활 소품/깃발","주막·역참·마을 후보: 실제 크기·생활 용도·시대 및 수묵 재질 확인","이름·폴더 기반 추정","Assets/HwaseongForteressGate/Prefabs/SM_Flag.prefab","abc00000000016296770397044791599",1,1,6214,6214,0,0,0,0,0,1.10637,4.769757,0.08935449,"Screenshots/AssetCatalog/Thumbnails/abc00000000016296770397044791599.png","rendered"
216,"prefab","HwaseongForteressGate","SM_Flag_Weight","깃발·깃대·부속 · SM_Flag_Weight","생활 소품/깃발","주막·역참·마을 후보: 실제 크기·생활 용도·시대 및 수묵 재질 확인","이름·폴더 기반 추정","Assets/HwaseongForteressGate/Prefabs/SM_Flag_Weight.prefab","abc00000000004548224117208438330",1,1,6214,6214,0,0,0,0,0,0.2888197,4.769757,0.1948913,"Screenshots/AssetCatalog/Thumbnails/abc00000000004548224117208438330.png","rendered"
217,"prefab","HwaseongForteressGate","SM_Flag_Wind_1","깃발·깃대·부속 · SM_Flag_Wind_1","생활 소품/깃발","주막·역참·마을 후보: 실제 크기·생활 용도·시대 및 수묵 재질 확인","이름·폴더 기반 추정","Assets/HwaseongForteressGate/Prefabs/SM_Flag_Wind_1.prefab","abc00000000002363187633092717016",1,1,6214,6214,0,0,0,0,0,0.4578934,4.769757,0.8031963,"Screenshots/AssetCatalog/Thumbnails/abc00000000002363187633092717016.png","rendered"
218,"prefab","HwaseongForteressGate","SM_Flag_Wind_2","깃발·깃대·부속 · SM_Flag_Wind_2","생활 소품/깃발","주막·역참·마을 후보: 실제 크기·생활 용도·시대 및 수묵 재질 확인","이름·폴더 기반 추정","Assets/HwaseongForteressGate/Prefabs/SM_Flag_Wind_2.prefab","abc00000000008913395720622576355",1,1,6214,6214,0,0,0,0,0,0.4578934,4.769757,0.8031963,"Screenshots/AssetCatalog/Thumbnails/abc00000000008913395720622576355.png","rendered"
219,"prefab","HwaseongForteressGate","SM_Flag_Wind_3","깃발·깃대·부속 · SM_Flag_Wind_3","생활 소품/깃발","주막·역참·마을 후보: 실제 크기·생활 용도·시대 및 수묵 재질 확인","이름·폴더 기반 추정","Assets/HwaseongForteressGate/Prefabs/SM_Flag_Wind_3.prefab","abc00000000016792327500746247322",1,1,6214,6214,0,0,0,0,0,0.4578934,4.769757,0.8031963,"Screenshots/AssetCatalog/Thumbnails/abc00000000016792327500746247322.png","rendered"
220,"prefab","HwaseongForteressGate","SM_Flag_Wind_4","깃발·깃대·부속 · SM_Flag_Wind_4","생활 소품/깃발","주막·역참·마을 후보: 실제 크기·생활 용도·시대 및 수묵 재질 확인","이름·폴더 기반 추정","Assets/HwaseongForteressGate/Prefabs/SM_Flag_Wind_4.prefab","abc00000000017340465531358416621",1,1,6214,6214,0,0,0,0,0,0.4578934,4.769757,0.8031963,"Screenshots/AssetCatalog/Thumbnails/abc00000000017340465531358416621.png","rendered"
221,"prefab","HwaseongForteressGate","SM_Flag_Wind_5","깃발·깃대·부속 · SM_Flag_Wind_5","생활 소품/깃발","주막·역참·마을 후보: 실제 크기·생활 용도·시대 및 수묵 재질 확인","이름·폴더 기반 추정","Assets/HwaseongForteressGate/Prefabs/SM_Flag_Wind_5.prefab","abc00000000015018889408714384068",1,1,6214,6214,0,0,0,0,0,0.4578934,4.769757,0.8031963,"Screenshots/AssetCatalog/Thumbnails/abc00000000015018889408714384068.png","rendered"
222,"prefab","HwaseongForteressGate","SM_Flag_Wind_6","깃발·깃대·부속 · SM_Flag_Wind_6","생활 소품/깃발","주막·역참·마을 후보: 실제 크기·생활 용도·시대 및 수묵 재질 확인","이름·폴더 기반 추정","Assets/HwaseongForteressGate/Prefabs/SM_Flag_Wind_6.prefab","abc00000000003678040418756295775",1,1,6214,6214,0,0,0,0,0,0.4578934,4.769757,0.8031963,"Screenshots/AssetCatalog/Thumbnails/abc00000000003678040418756295775.png","rendered"
223,"prefab","HwaseongForteressGate","SM_FlatLintel_001","보·도리·서까래 · SM_FlatLintel_001","건축 부재/보·도리·서까래","주막·역참·마을 조립 후보: 접합 규격·피벗·치수·재질 통일","이름·폴더 기반 추정","Assets/HwaseongForteressGate/Prefabs/SM_FlatLintel_001.prefab","abc00000000017041339315056916372",1,1,92,92,0,0,0,0,0,7.211579,0.2681019,0.3944305,"Screenshots/AssetCatalog/Thumbnails/abc00000000017041339315056916372.png","rendered"
224,"prefab","HwaseongForteressGate","SM_FlatLintel_002","보·도리·서까래 · SM_FlatLintel_002","건축 부재/보·도리·서까래","주막·역참·마을 조립 후보: 접합 규격·피벗·치수·재질 통일","이름·폴더 기반 추정","Assets/HwaseongForteressGate/Prefabs/SM_FlatLintel_002.prefab","abc00000000000953312127685467695",1,1,212,212,0,0,0,0,0,8.375065,0.268104,0.3944829,"Screenshots/AssetCatalog/Thumbnails/abc00000000000953312127685467695.png","rendered"
225,"prefab","HwaseongForteressGate","SM_FlatLintel_003","보·도리·서까래 · SM_FlatLintel_003","건축 부재/보·도리·서까래","주막·역참·마을 조립 후보: 접합 규격·피벗·치수·재질 통일","이름·폴더 기반 추정","Assets/HwaseongForteressGate/Prefabs/SM_FlatLintel_003.prefab","abc00000000006244423904790262358",1,1,192,192,0,0,0,0,0,0.3944385,0.2681059,9.159178,"Screenshots/AssetCatalog/Thumbnails/abc00000000006244423904790262358.png","rendered"
226,"prefab","HwaseongForteressGate","SM_FlatLintel_004","보·도리·서까래 · SM_FlatLintel_004","건축 부재/보·도리·서까래","주막·역참·마을 조립 후보: 접합 규격·피벗·치수·재질 통일","이름·폴더 기반 추정","Assets/HwaseongForteressGate/Prefabs/SM_FlatLintel_004.prefab","abc00000000011403385341560484081",1,1,120,120,0,0,0,0,0,3.488312,0.268104,0.3945394,"Screenshots/AssetCatalog/Thumbnails/abc00000000011403385341560484081.png","rendered"
227,"prefab","HwaseongForteressGate","SM_FlatLintel_005","보·도리·서까래 · SM_FlatLintel_005","건축 부재/보·도리·서까래","주막·역참·마을 조립 후보: 접합 규격·피벗·치수·재질 통일","이름·폴더 기반 추정","Assets/HwaseongForteressGate/Prefabs/SM_FlatLintel_005.prefab","abc00000000010152740785990596968",1,1,240,240,0,0,0,0,0,0.3988992,0.2681059,6.900755,"Screenshots/AssetCatalog/Thumbnails/abc00000000010152740785990596968.png","rendered"
228,"prefab","HwaseongForteressGate","SM_FlatLintel_006","보·도리·서까래 · SM_FlatLintel_006","건축 부재/보·도리·서까래","주막·역참·마을 조립 후보: 접합 규격·피벗·치수·재질 통일","이름·폴더 기반 추정","Assets/HwaseongForteressGate/Prefabs/SM_FlatLintel_006.prefab","abc00000000007975025239317643827",1,1,92,92,0,0,0,0,0,3.714948,0.2653966,0.3904504,"Screenshots/AssetCatalog/Thumbnails/abc00000000007975025239317643827.png","rendered"
229,"prefab","HwaseongForteressGate","SM_Floor_001","바닥·마루 · SM_Floor_001","건축 부재/바닥·포장","주막·역참·마을 조립 후보: 접합 규격·피벗·치수·재질 통일","이름·폴더 기반 추정","Assets/HwaseongForteressGate/Prefabs/SM_Floor_001.prefab","abc00000000011738774987557343497",1,1,948,948,0,0,0,0,0,7.439753,0.3072612,7.81337,"Screenshots/AssetCatalog/Thumbnails/abc00000000011738774987557343497.png","rendered"
230,"prefab","HwaseongForteressGate","SM_Floor_002","바닥·마루 · SM_Floor_002","건축 부재/바닥·포장","주막·역참·마을 조립 후보: 접합 규격·피벗·치수·재질 통일","이름·폴더 기반 추정","Assets/HwaseongForteressGate/Prefabs/SM_Floor_002.prefab","abc00000000013833733109639864642",1,1,240,240,0,0,0,0,0,2.467067,0.154991,5.178475,"Screenshots/AssetCatalog/Thumbnails/abc00000000013833733109639864642.png","rendered"
231,"prefab","HwaseongForteressGate","SM_Floor_003","바닥·마루 · SM_Floor_003","건축 부재/바닥·포장","주막·역참·마을 조립 후보: 접합 규격·피벗·치수·재질 통일","이름·폴더 기반 추정","Assets/HwaseongForteressGate/Prefabs/SM_Floor_003.prefab","abc00000000010139959246329658251",1,1,132,132,0,0,0,0,0,3.453789,0.154991,2.435709,"Screenshots/AssetCatalog/Thumbnails/abc00000000010139959246329658251.png","rendered"
232,"prefab","HwaseongForteressGate","SM_Floor_004","바닥·마루 · SM_Floor_004","건축 부재/바닥·포장","주막·역참·마을 조립 후보: 접합 규격·피벗·치수·재질 통일","이름·폴더 기반 추정","Assets/HwaseongForteressGate/Prefabs/SM_Floor_004.prefab","abc00000000009200491359526177676",1,1,336,336,0,0,0,0,0,6.900069,0.154992,5.178467,"Screenshots/AssetCatalog/Thumbnails/abc00000000009200491359526177676.png","rendered"
233,"prefab","HwaseongForteressGate","SM_Floor_005","바닥·마루 · SM_Floor_005","건축 부재/바닥·포장","주막·역참·마을 조립 후보: 접합 규격·피벗·치수·재질 통일","이름·폴더 기반 추정","Assets/HwaseongForteressGate/Prefabs/SM_Floor_005.prefab","abc00000000004432710612903746901",1,1,264,264,0,0,0,0,0,3.453781,0.154991,5.178677,"Screenshots/AssetCatalog/Thumbnails/abc00000000004432710612903746901.png","rendered"
234,"prefab","HwaseongForteressGate","SM_Floor_006","바닥·마루 · SM_Floor_006","건축 부재/바닥·포장","주막·역참·마을 조립 후보: 접합 규격·피벗·치수·재질 통일","이름·폴더 기반 추정","Assets/HwaseongForteressGate/Prefabs/SM_Floor_006.prefab","abc00000000017534281461172346702",1,1,120,120,0,0,0,0,0,2.469037,0.154991,2.435716,"Screenshots/AssetCatalog/Thumbnails/abc00000000017534281461172346702.png","rendered"
235,"prefab","HwaseongForteressGate","SM_Floor_007","바닥·마루 · SM_Floor_007","건축 부재/바닥·포장","주막·역참·마을 조립 후보: 접합 규격·피벗·치수·재질 통일","이름·폴더 기반 추정","Assets/HwaseongForteressGate/Prefabs/SM_Floor_007.prefab","abc00000000006407721021416277063",1,1,96,96,0,0,0,0,0,21.51387,0.3431215,0.3072594,"Screenshots/AssetCatalog/Thumbnails/abc00000000006407721021416277063.png","rendered"
236,"prefab","HwaseongForteressGate","SM_Floor_008","바닥·마루 · SM_Floor_008","건축 부재/바닥·포장","주막·역참·마을 조립 후보: 접합 규격·피벗·치수·재질 통일","이름·폴더 기반 추정","Assets/HwaseongForteressGate/Prefabs/SM_Floor_008.prefab","abc00000000016659696949091663496",1,1,24,24,0,0,0,0,0,0.3072592,0.3431213,5.793203,"Screenshots/AssetCatalog/Thumbnails/abc00000000016659696949091663496.png","rendered"
237,"prefab","HwaseongForteressGate","SM_Floor_009","바닥·마루 · SM_Floor_009","건축 부재/바닥·포장","주막·역참·마을 조립 후보: 접합 규격·피벗·치수·재질 통일","이름·폴더 기반 추정","Assets/HwaseongForteressGate/Prefabs/SM_Floor_009.prefab","abc00000000011274794874583348369",1,1,22,22,0,0,0,0,0,0.3072592,0.3431213,5.793203,"Screenshots/AssetCatalog/Thumbnails/abc00000000011274794874583348369.png","rendered"
238,"prefab","HwaseongForteressGate","SM_Floor_010","바닥·마루 · SM_Floor_010","건축 부재/바닥·포장","주막·역참·마을 조립 후보: 접합 규격·피벗·치수·재질 통일","이름·폴더 기반 추정","Assets/HwaseongForteressGate/Prefabs/SM_Floor_010.prefab","abc00000000014131647530612451867",1,1,92,92,0,0,0,0,0,19.82005,0.1700708,0.05574076,"Screenshots/AssetCatalog/Thumbnails/abc00000000014131647530612451867.png","rendered"
239,"prefab","HwaseongForteressGate","SM_Floor_011","바닥·마루 · SM_Floor_011","건축 부재/바닥·포장","주막·역참·마을 조립 후보: 접합 규격·피벗·치수·재질 통일","이름·폴더 기반 추정","Assets/HwaseongForteressGate/Prefabs/SM_Floor_011.prefab","abc00000000003970320320878553682",1,1,60,60,0,0,0,0,0,19.97923,0.1549912,0.3072594,"Screenshots/AssetCatalog/Thumbnails/abc00000000003970320320878553682.png","rendered"
240,"prefab","HwaseongForteressGate","SM_Floor_012","바닥·마루 · SM_Floor_012","건축 부재/바닥·포장","주막·역참·마을 조립 후보: 접합 규격·피벗·치수·재질 통일","이름·폴더 기반 추정","Assets/HwaseongForteressGate/Prefabs/SM_Floor_012.prefab","abc00000000013716606672705930137",1,1,12,12,0,0,0,0,0,0.3072592,0.154992,5.793203,"Screenshots/AssetCatalog/Thumbnails/abc00000000013716606672705930137.png","rendered"
241,"prefab","HwaseongForteressGate","SM_Floor_013","바닥·마루 · SM_Floor_013","건축 부재/바닥·포장","주막·역참·마을 조립 후보: 접합 규격·피벗·치수·재질 통일","이름·폴더 기반 추정","Assets/HwaseongForteressGate/Prefabs/SM_Floor_013.prefab","abc00000000000549860135209437584",1,1,40,40,0,0,0,0,0,0.05574058,0.1700705,5.050578,"Screenshots/AssetCatalog/Thumbnails/abc00000000000549860135209437584.png","rendered"
242,"prefab","HwaseongForteressGate","SM_Floor_014","바닥·마루 · SM_Floor_014","건축 부재/바닥·포장","주막·역참·마을 조립 후보: 접합 규격·피벗·치수·재질 통일","이름·폴더 기반 추정","Assets/HwaseongForteressGate/Prefabs/SM_Floor_014.prefab","abc00000000002877206869420633047",1,1,36,36,0,0,0,0,0,0.3072592,0.6770669,6.521683,"Screenshots/AssetCatalog/Thumbnails/abc00000000002877206869420633047.png","rendered"
243,"prefab","HwaseongForteressGate","SM_Floor_015","바닥·마루 · SM_Floor_015","건축 부재/바닥·포장","주막·역참·마을 조립 후보: 접합 규격·피벗·치수·재질 통일","이름·폴더 기반 추정","Assets/HwaseongForteressGate/Prefabs/SM_Floor_015.prefab","abc00000000009963294849834570014",1,1,108,108,0,0,0,0,0,20.69748,0.6770661,0.30726,"Screenshots/AssetCatalog/Thumbnails/abc00000000009963294849834570014.png","rendered"
244,"prefab","HwaseongForteressGate","SM_Fortification","성곽 조립체 · SM_Fortification","건축 조립체/성곽","성곽·관문 후보: 군사 시설의 시대·지역·규모 확인","이름·폴더 기반 추정","Assets/HwaseongForteressGate/Prefabs/SM_Fortification.prefab","abc00000000013885600794380954102",1,1,600,600,0,0,0,0,0,10.71191,7.815235,13.00435,"Screenshots/AssetCatalog/Thumbnails/abc00000000013885600794380954102.png","rendered"
245,"prefab","HwaseongForteressGate","SM_FortificationArch","성벽·여장·아치 · SM_FortificationArch","건축 부재/성벽·여장","성곽·관문 후보: 군사 시설의 시대·지역·규모 확인","이름·폴더 기반 추정","Assets/HwaseongForteressGate/Prefabs/SM_FortificationArch.prefab","abc00000000000823680420976672398",1,1,600,600,0,0,0,0,0,7.815234,7.815231,1.601061,"Screenshots/AssetCatalog/Thumbnails/abc00000000000823680420976672398.png","rendered"
246,"prefab","HwaseongForteressGate","SM_FortificationWall","성벽·여장·아치 · SM_FortificationWall","건축 부재/성벽·여장","성곽·관문 후보: 군사 시설의 시대·지역·규모 확인","이름·폴더 기반 추정","Assets/HwaseongForteressGate/Prefabs/SM_FortificationWall.prefab","abc00000000017122202606950202926",1,1,32,32,0,0,0,0,0,0.683946,7.357342,9.848326,"Screenshots/AssetCatalog/Thumbnails/abc00000000017122202606950202926.png","rendered"
247,"prefab","HwaseongForteressGate","SM_GH_Parapet_001","성벽·여장·아치 · SM_GH_Parapet_001","건축 부재/성벽·여장","성곽·관문 후보: 군사 시설의 시대·지역·규모 확인","이름·폴더 기반 추정","Assets/HwaseongForteressGate/Prefabs/SM_GH_Parapet_001.prefab","abc00000000015481983986695348200",1,1,1276,1276,0,0,0,0,0,3.787071,1.598262,1.176113,"Screenshots/AssetCatalog/Thumbnails/abc00000000015481983986695348200.png","rendered"
248,"prefab","HwaseongForteressGate","SM_GH_Parapet_002","성벽·여장·아치 · SM_GH_Parapet_002","건축 부재/성벽·여장","성곽·관문 후보: 군사 시설의 시대·지역·규모 확인","이름·폴더 기반 추정","Assets/HwaseongForteressGate/Prefabs/SM_GH_Parapet_002.prefab","abc00000000013304268440022395059",1,1,812,812,0,0,0,0,0,2.510625,2.828273,1.176113,"Screenshots/AssetCatalog/Thumbnails/abc00000000013304268440022395059.png","rendered"
249,"prefab","HwaseongForteressGate","SM_GH_Parapet_003","성벽·여장·아치 · SM_GH_Parapet_003","건축 부재/성벽·여장","성곽·관문 후보: 군사 시설의 시대·지역·규모 확인","이름·폴더 기반 추정","Assets/HwaseongForteressGate/Prefabs/SM_GH_Parapet_003.prefab","abc00000000000705144738139701034",1,1,292,292,0,0,0,0,0,3.787071,1.609778,0.9749544,"Screenshots/AssetCatalog/Thumbnails/abc00000000000705144738139701034.png","rendered"
250,"prefab","HwaseongForteressGate","SM_GH_Parapet_004","성벽·여장·아치 · SM_GH_Parapet_004","건축 부재/성벽·여장","성곽·관문 후보: 군사 시설의 시대·지역·규모 확인","이름·폴더 기반 추정","Assets/HwaseongForteressGate/Prefabs/SM_GH_Parapet_004.prefab","abc00000000006456583614050841021",1,1,432,432,0,0,0,0,0,2.511004,2.223209,0.9749544,"Screenshots/AssetCatalog/Thumbnails/abc00000000006456583614050841021.png","rendered"
251,"prefab","HwaseongForteressGate","SM_GH_Parapet_005","성벽·여장·아치 · SM_GH_Parapet_005","건축 부재/성벽·여장","성곽·관문 후보: 군사 시설의 시대·지역·규모 확인","이름·폴더 기반 추정","Assets/HwaseongForteressGate/Prefabs/SM_GH_Parapet_005.prefab","abc00000000003923838442052115988",1,1,252,252,0,0,0,0,0,6.019706,2.22321,0.9749545,"Screenshots/AssetCatalog/Thumbnails/abc00000000003923838442052115988.png","rendered"
252,"prefab","HwaseongForteressGate","SM_G_Arch","성벽·여장·아치 · SM_G_Arch","건축 부재/성벽·여장","성곽·관문 후보: 군사 시설의 시대·지역·규모 확인","이름·폴더 기반 추정","Assets/HwaseongForteressGate/Prefabs/SM_G_Arch.prefab","abc00000000006741519434991591791",1,1,1296,1296,0,0,0,0,0,7.815235,7.815233,13.01944,"Screenshots/AssetCatalog/Thumbnails/abc00000000006741519434991591791.png","rendered"
253,"prefab","HwaseongForteressGate","SM_G_MetalDoor_001","문·창호·틀 · SM_G_MetalDoor_001","건축 부재/문·창호","주막·역참·마을 조립 후보: 접합 규격·피벗·치수·재질 통일","이름·폴더 기반 추정","Assets/HwaseongForteressGate/Prefabs/SM_G_MetalDoor_001.prefab","abc00000000015635308134134361860",1,1,1012,1012,0,0,0,0,0,2.627761,6.038269,0.5515673,"Screenshots/AssetCatalog/Thumbnails/abc00000000015635308134134361860.png","rendered"
254,"prefab","HwaseongForteressGate","SM_G_MetalDoor_002","문·창호·틀 · SM_G_MetalDoor_002","건축 부재/문·창호","주막·역참·마을 조립 후보: 접합 규격·피벗·치수·재질 통일","이름·폴더 기반 추정","Assets/HwaseongForteressGate/Prefabs/SM_G_MetalDoor_002.prefab","abc00000000004149734309575883167",1,1,1012,1012,0,0,0,0,0,2.627761,6.038268,0.551567,"Screenshots/AssetCatalog/Thumbnails/abc00000000004149734309575883167.png","rendered"
255,"prefab","HwaseongForteressGate","SM_G_RoofBoard_001","지붕·지붕판 · SM_G_RoofBoard_001","건축 부재/지붕","주막·역참·마을 조립 후보: 접합 규격·피벗·치수·재질 통일","이름·폴더 기반 추정","Assets/HwaseongForteressGate/Prefabs/SM_G_RoofBoard_001.prefab","abc00000000000817594883991043795",1,1,12,12,0,0,0,0,0,5.394516,0.1249327,9.391384,"Screenshots/AssetCatalog/Thumbnails/abc00000000000817594883991043795.png","rendered"
256,"prefab","HwaseongForteressGate","SM_G_RoofBoard_001_1","지붕·지붕판 · SM_G_RoofBoard_001_1","건축 부재/지붕","주막·역참·마을 조립 후보: 접합 규격·피벗·치수·재질 통일","이름·폴더 기반 추정","Assets/HwaseongForteressGate/Prefabs/SM_G_RoofBoard_001_1.prefab","abc00000000004818440727420333011",1,1,12,12,0,0,0,0,0,5.394516,0.1249327,9.391384,"Screenshots/AssetCatalog/Thumbnails/abc00000000004818440727420333011.png","rendered"
257,"prefab","HwaseongForteressGate","SM_G_RoofBoard_002","지붕·지붕판 · SM_G_RoofBoard_002","건축 부재/지붕","주막·역참·마을 조립 후보: 접합 규격·피벗·치수·재질 통일","이름·폴더 기반 추정","Assets/HwaseongForteressGate/Prefabs/SM_G_RoofBoard_002.prefab","abc00000000010360047198704820488",1,1,12,12,0,0,0,0,0,5.394516,0.1249327,9.391384,"Screenshots/AssetCatalog/Thumbnails/abc00000000010360047198704820488.png","rendered"
258,"prefab","HwaseongForteressGate","SM_G_Stair_001","계단·디딤돌 · SM_G_Stair_001","건축 부재/계단·디딤돌","주막·역참·마을 조립 후보: 접합 규격·피벗·치수·재질 통일","이름·폴더 기반 추정","Assets/HwaseongForteressGate/Prefabs/SM_G_Stair_001.prefab","abc00000000015935851535943601006",1,1,372,372,0,0,0,0,0,2.740593,1.880835,4.196423,"Screenshots/AssetCatalog/Thumbnails/abc00000000015935851535943601006.png","rendered"
259,"prefab","HwaseongForteressGate","SM_G_Stair_002","계단·디딤돌 · SM_G_Stair_002","건축 부재/계단·디딤돌","주막·역참·마을 조립 후보: 접합 규격·피벗·치수·재질 통일","이름·폴더 기반 추정","Assets/HwaseongForteressGate/Prefabs/SM_G_Stair_002.prefab","abc00000000007575773522572833653",1,1,2470,2470,0,0,0,0,0,9.915764,7.254636,12.34383,"Screenshots/AssetCatalog/Thumbnails/abc00000000007575773522572833653.png","rendered"
260,"prefab","HwaseongForteressGate","SM_G_Stair_003","계단·디딤돌 · SM_G_Stair_003","건축 부재/계단·디딤돌","주막·역참·마을 조립 후보: 접합 규격·피벗·치수·재질 통일","이름·폴더 기반 추정","Assets/HwaseongForteressGate/Prefabs/SM_G_Stair_003.prefab","abc00000000013992724834588921900",1,1,140,140,0,0,0,0,0,9.626502,7.815232,0.8015102,"Screenshots/AssetCatalog/Thumbnails/abc00000000013992724834588921900.png","rendered"
261,"prefab","HwaseongForteressGate","SM_G_Stair_004","계단·디딤돌 · SM_G_Stair_004","건축 부재/계단·디딤돌","주막·역참·마을 조립 후보: 접합 규격·피벗·치수·재질 통일","이름·폴더 기반 추정","Assets/HwaseongForteressGate/Prefabs/SM_G_Stair_004.prefab","abc00000000008313880781428603947",1,1,202,202,0,0,0,0,0,9.627277,7.815232,0.8015091,"Screenshots/AssetCatalog/Thumbnails/abc00000000008313880781428603947.png","rendered"
262,"prefab","HwaseongForteressGate","SM_G_Stair_Newel_001","계단·디딤돌 · SM_G_Stair_Newel_001","건축 부재/계단·디딤돌","주막·역참·마을 조립 후보: 접합 규격·피벗·치수·재질 통일","이름·폴더 기반 추정","Assets/HwaseongForteressGate/Prefabs/SM_G_Stair_Newel_001.prefab","abc00000000004776351277927352626",1,1,132,132,0,0,0,0,0,0.8457538,1.755156,0.8749915,"Screenshots/AssetCatalog/Thumbnails/abc00000000004776351277927352626.png","rendered"
263,"prefab","HwaseongForteressGate","SM_G_Stair_Newel_002","계단·디딤돌 · SM_G_Stair_Newel_002","건축 부재/계단·디딤돌","주막·역참·마을 조립 후보: 접합 규격·피벗·치수·재질 통일","이름·폴더 기반 추정","Assets/HwaseongForteressGate/Prefabs/SM_G_Stair_Newel_002.prefab","abc00000000002165839434513832825",1,1,272,272,0,0,0,0,0,0.7929763,1.811399,0.8830399,"Screenshots/AssetCatalog/Thumbnails/abc00000000002165839434513832825.png","rendered"
264,"prefab","HwaseongForteressGate","SM_Gargoyle","용마루·잡상 · SM_Gargoyle","건축 부재/용마루·지붕 장식","주막·역참·마을 조립 후보: 접합 규격·피벗·치수·재질 통일","이름·폴더 기반 추정","Assets/HwaseongForteressGate/Prefabs/SM_Gargoyle.prefab","abc00000000010674304832122431149",1,1,594,594,0,0,0,0,0,0.5963565,0.6635465,0.6815012,"Screenshots/AssetCatalog/Thumbnails/abc00000000010674304832122431149.png","rendered"
265,"prefab","HwaseongForteressGate","SM_GateGuardPost","성문 누각·수비 시설 · SM_GateGuardPost","건축 완성물/문루·대문","관아·역참·누정 후보: 실제 건물 용도 확인 후 선택; 주막 대체는 별도 판단","이름·폴더 기반 추정","Assets/HwaseongForteressGate/Prefabs/SM_GateGuardPost.prefab","abc00000000013263713612220016193",1,1,436,436,0,0,0,0,0,8.605023,6.787091,15.04821,"Screenshots/AssetCatalog/Thumbnails/abc00000000013263713612220016193.png","rendered"
266,"prefab","HwaseongForteressGate","SM_GateGuardPost_Parapet_001","성벽·여장·아치 · SM_GateGuardPost_Parapet_001","건축 부재/성벽·여장","성곽·관문 후보: 군사 시설의 시대·지역·규모 확인","이름·폴더 기반 추정","Assets/HwaseongForteressGate/Prefabs/SM_GateGuardPost_Parapet_001.prefab","abc00000000002318896938896484497",1,1,3512,3512,0,0,0,0,0,12.66465,1.610245,1.072521,"Screenshots/AssetCatalog/Thumbnails/abc00000000002318896938896484497.png","rendered"
267,"prefab","HwaseongForteressGate","SM_GateGuardPost_Parapet_002","성벽·여장·아치 · SM_GateGuardPost_Parapet_002","건축 부재/성벽·여장","성곽·관문 후보: 군사 시설의 시대·지역·규모 확인","이름·폴더 기반 추정","Assets/HwaseongForteressGate/Prefabs/SM_GateGuardPost_Parapet_002.prefab","abc00000000017195395273884542026",1,1,912,912,0,0,0,0,0,7.146241,1.610237,1.140482,"Screenshots/AssetCatalog/Thumbnails/abc00000000017195395273884542026.png","rendered"
268,"prefab","HwaseongForteressGate","SM_GateGuardPost_Parapet_003","성벽·여장·아치 · SM_GateGuardPost_Parapet_003","건축 부재/성벽·여장","성곽·관문 후보: 군사 시설의 시대·지역·규모 확인","이름·폴더 기반 추정","Assets/HwaseongForteressGate/Prefabs/SM_GateGuardPost_Parapet_003.prefab","abc00000000016608090772400574547",1,1,88,88,0,0,0,0,0,2.863628,1.581209,1.089131,"Screenshots/AssetCatalog/Thumbnails/abc00000000016608090772400574547.png","rendered"
269,"prefab","HwaseongForteressGate","SM_GateGuardPost_Stair","계단·디딤돌 · SM_GateGuardPost_Stair","건축 부재/계단·디딤돌","주막·역참·마을 조립 후보: 접합 규격·피벗·치수·재질 통일","이름·폴더 기반 추정","Assets/HwaseongForteressGate/Prefabs/SM_GateGuardPost_Stair.prefab","abc00000000017560873292794576391",1,1,48,48,0,0,0,0,0,1.614884,1.221063,1.500695,"Screenshots/AssetCatalog/Thumbnails/abc00000000017560873292794576391.png","rendered"
270,"prefab","HwaseongForteressGate","SM_Heartwood_001","보·도리·서까래 · SM_Heartwood_001","건축 부재/보·도리·서까래","주막·역참·마을 조립 후보: 접합 규격·피벗·치수·재질 통일","이름·폴더 기반 추정","Assets/HwaseongForteressGate/Prefabs/SM_Heartwood_001.prefab","abc00000000009261392579188196712",1,1,112,112,0,0,0,0,0,27.23229,2.933537,6.006068,"Screenshots/AssetCatalog/Thumbnails/abc00000000009261392579188196712.png","rendered"
271,"prefab","HwaseongForteressGate","SM_Heartwood_002","보·도리·서까래 · SM_Heartwood_002","건축 부재/보·도리·서까래","주막·역참·마을 조립 후보: 접합 규격·피벗·치수·재질 통일","이름·폴더 기반 추정","Assets/HwaseongForteressGate/Prefabs/SM_Heartwood_002.prefab","abc00000000007083677032515243571",1,1,58,58,0,0,0,0,0,12.4093,2.822536,5.733277,"Screenshots/AssetCatalog/Thumbnails/abc00000000007083677032515243571.png","rendered"
272,"prefab","HwaseongForteressGate","SM_Heartwood_003","보·도리·서까래 · SM_Heartwood_003","건축 부재/보·도리·서까래","주막·역참·마을 조립 후보: 접합 규격·피벗·치수·재질 통일","이름·폴더 기반 추정","Assets/HwaseongForteressGate/Prefabs/SM_Heartwood_003.prefab","abc00000000012931297404342101162",1,1,84,84,0,0,0,0,0,28.95119,1.88428,3.96483,"Screenshots/AssetCatalog/Thumbnails/abc00000000012931297404342101162.png","rendered"
273,"prefab","HwaseongForteressGate","SM_Heartwood_004","보·도리·서까래 · SM_Heartwood_004","건축 부재/보·도리·서까래","주막·역참·마을 조립 후보: 접합 규격·피벗·치수·재질 통일","이름·폴더 기반 추정","Assets/HwaseongForteressGate/Prefabs/SM_Heartwood_004.prefab","abc00000000000235992206543689533",1,1,36,36,0,0,0,0,0,14.03797,1.726457,4.195521,"Screenshots/AssetCatalog/Thumbnails/abc00000000000235992206543689533.png","rendered"
274,"prefab","HwaseongForteressGate","SM_HipRafter_001","보·도리·서까래 · SM_HipRafter_001","건축 부재/보·도리·서까래","주막·역참·마을 조립 후보: 접합 규격·피벗·치수·재질 통일","이름·폴더 기반 추정","Assets/HwaseongForteressGate/Prefabs/SM_HipRafter_001.prefab","abc00000000003912461452151432568",1,1,86,86,0,0,0,0,0,0.2713093,1.824126,6.405687,"Screenshots/AssetCatalog/Thumbnails/abc00000000003912461452151432568.png","rendered"
275,"prefab","HwaseongForteressGate","SM_HipRafter_002","보·도리·서까래 · SM_HipRafter_002","건축 부재/보·도리·서까래","주막·역참·마을 조립 후보: 접합 규격·피벗·치수·재질 통일","이름·폴더 기반 추정","Assets/HwaseongForteressGate/Prefabs/SM_HipRafter_002.prefab","abc00000000015048169687356680195",1,1,122,122,0,0,0,0,0,0.2713088,1.333422,4.936175,"Screenshots/AssetCatalog/Thumbnails/abc00000000015048169687356680195.png","rendered"
276,"prefab","HwaseongForteressGate","SM_HipRafter_003","보·도리·서까래 · SM_HipRafter_003","건축 부재/보·도리·서까래","주막·역참·마을 조립 후보: 접합 규격·피벗·치수·재질 통일","이름·폴더 기반 추정","Assets/HwaseongForteressGate/Prefabs/SM_HipRafter_003.prefab","abc00000000000010806979800990650",1,1,28,28,0,0,0,0,0,0.2713072,0.6259828,3.757066,"Screenshots/AssetCatalog/Thumbnails/abc00000000000010806979800990650.png","rendered"
277,"prefab","HwaseongForteressGate","SM_HipRafter_004","보·도리·서까래 · SM_HipRafter_004","건축 부재/보·도리·서까래","주막·역참·마을 조립 후보: 접합 규격·피벗·치수·재질 통일","이름·폴더 기반 추정","Assets/HwaseongForteressGate/Prefabs/SM_HipRafter_004.prefab","abc00000000012271427410453333645",1,1,28,28,0,0,0,0,0,0.2713065,0.5943725,3.757065,"Screenshots/AssetCatalog/Thumbnails/abc00000000012271427410453333645.png","rendered"
278,"prefab","HwaseongForteressGate","SM_Hwaban_001","공포·화반·단청 부재 · SM_Hwaban_001","건축 부재/공포·단청","주막·역참·마을 조립 후보: 접합 규격·피벗·치수·재질 통일","이름·폴더 기반 추정","Assets/HwaseongForteressGate/Prefabs/SM_Hwaban_001.prefab","abc00000000015044481332981250126",1,1,6780,6780,0,0,0,0,0,20.36978,0.5999566,0.151896,"Screenshots/AssetCatalog/Thumbnails/abc00000000015044481332981250126.png","rendered"
279,"prefab","HwaseongForteressGate","SM_Hwaban_002","공포·화반·단청 부재 · SM_Hwaban_002","건축 부재/공포·단청","주막·역참·마을 조립 후보: 접합 규격·피벗·치수·재질 통일","이름·폴더 기반 추정","Assets/HwaseongForteressGate/Prefabs/SM_Hwaban_002.prefab","abc00000000001942910484712650325",1,1,1936,1936,0,0,0,0,0,0.1507756,0.5999564,6.238428,"Screenshots/AssetCatalog/Thumbnails/abc00000000001942910484712650325.png","rendered"
280,"prefab","HwaseongForteressGate","SM_Hwaban_003","공포·화반·단청 부재 · SM_Hwaban_003","건축 부재/공포·단청","주막·역참·마을 조립 후보: 접합 규격·피벗·치수·재질 통일","이름·폴더 기반 추정","Assets/HwaseongForteressGate/Prefabs/SM_Hwaban_003.prefab","abc00000000006710691231335081100",1,1,8428,8428,0,0,0,0,0,18.56226,0.3848741,0.1586272,"Screenshots/AssetCatalog/Thumbnails/abc00000000006710691231335081100.png","rendered"
281,"prefab","HwaseongForteressGate","SM_Hwaban_004","공포·화반·단청 부재 · SM_Hwaban_004","건축 부재/공포·단청","주막·역참·마을 조립 후보: 접합 규격·피벗·치수·재질 통일","이름·폴더 기반 추정","Assets/HwaseongForteressGate/Prefabs/SM_Hwaban_004.prefab","abc00000000007650159118138561675",1,1,1860,1860,0,0,0,0,0,0.1829188,0.3821734,3.773238,"Screenshots/AssetCatalog/Thumbnails/abc00000000007650159118138561675.png","rendered"
282,"prefab","HwaseongForteressGate","SM_Hwaban_005","공포·화반·단청 부재 · SM_Hwaban_005","건축 부재/공포·단청","주막·역참·마을 조립 후보: 접합 규격·피벗·치수·재질 통일","이름·폴더 기반 추정","Assets/HwaseongForteressGate/Prefabs/SM_Hwaban_005.prefab","abc00000000011343932981448768066",1,1,4736,4736,0,0,0,0,0,15.98894,0.4227025,0.1510643,"Screenshots/AssetCatalog/Thumbnails/abc00000000011343932981448768066.png","rendered"
283,"prefab","HwaseongForteressGate","SM_Hwaban_006","공포·화반·단청 부재 · SM_Hwaban_006","건축 부재/공포·단청","주막·역참·마을 조립 후보: 접합 규격·피벗·치수·재질 통일","이름·폴더 기반 추정","Assets/HwaseongForteressGate/Prefabs/SM_Hwaban_006.prefab","abc00000000009248974859366246921",1,1,860,860,0,0,0,0,0,0.1516789,0.4228129,1.755745,"Screenshots/AssetCatalog/Thumbnails/abc00000000009248974859366246921.png","rendered"
284,"prefab","HwaseongForteressGate","SM_Hwaban_007","공포·화반·단청 부재 · SM_Hwaban_007","건축 부재/공포·단청","주막·역참·마을 조립 후보: 접합 규격·피벗·치수·재질 통일","이름·폴더 기반 추정","Assets/HwaseongForteressGate/Prefabs/SM_Hwaban_007.prefab","abc00000000009400806280094088960",1,1,3840,3840,0,0,0,0,0,14.73848,0.4091226,0.1831409,"Screenshots/AssetCatalog/Thumbnails/abc00000000009400806280094088960.png","rendered"
285,"prefab","HwaseongForteressGate","SM_Landscape_1","지형·산 메시 · SM_Landscape_1","암석·지형/지형·산","청림 산길·원경: 실루엣·노멀·LOD·먹 농도 조정","이름·폴더 기반 추정","Assets/HwaseongForteressGate/Prefabs/SM_Landscape_1.prefab","abc00000000013525933261998849044",1,1,508032,508032,0,0,0,0,0,504,23.75,504,"Screenshots/AssetCatalog/Thumbnails/abc00000000013525933261998849044.png","rendered"
286,"prefab","HwaseongForteressGate","SM_Lintel_001","보·도리·서까래 · SM_Lintel_001","건축 부재/보·도리·서까래","주막·역참·마을 조립 후보: 접합 규격·피벗·치수·재질 통일","이름·폴더 기반 추정","Assets/HwaseongForteressGate/Prefabs/SM_Lintel_001.prefab","abc00000000005186894088134471561",1,1,272,272,0,0,0,0,0,7.032259,0.430558,0.3944305,"Screenshots/AssetCatalog/Thumbnails/abc00000000005186894088134471561.png","rendered"
287,"prefab","HwaseongForteressGate","SM_Lintel_002","보·도리·서까래 · SM_Lintel_002","건축 부재/보·도리·서까래","주막·역참·마을 조립 후보: 접합 규격·피벗·치수·재질 통일","이름·폴더 기반 추정","Assets/HwaseongForteressGate/Prefabs/SM_Lintel_002.prefab","abc00000000007281852210216992706",1,1,208,208,0,0,0,0,0,3.602546,0.430558,0.3944304,"Screenshots/AssetCatalog/Thumbnails/abc00000000007281852210216992706.png","rendered"
288,"prefab","HwaseongForteressGate","SM_Lintel_003","보·도리·서까래 · SM_Lintel_003","건축 부재/보·도리·서까래","주막·역참·마을 조립 후보: 접합 규격·피벗·치수·재질 통일","이름·폴더 기반 추정","Assets/HwaseongForteressGate/Prefabs/SM_Lintel_003.prefab","abc00000000003588078346906786315",1,1,400,400,0,0,0,0,0,7.090599,0.430559,0.3944305,"Screenshots/AssetCatalog/Thumbnails/abc00000000003588078346906786315.png","rendered"
289,"prefab","HwaseongForteressGate","SM_Lintel_004","보·도리·서까래 · SM_Lintel_004","건축 부재/보·도리·서까래","주막·역참·마을 조립 후보: 접합 규격·피벗·치수·재질 통일","이름·폴더 기반 추정","Assets/HwaseongForteressGate/Prefabs/SM_Lintel_004.prefab","abc00000000002648610460103305740",1,1,400,400,0,0,0,0,0,3.631833,0.430558,0.3944304,"Screenshots/AssetCatalog/Thumbnails/abc00000000002648610460103305740.png","rendered"
290,"prefab","HwaseongForteressGate","SM_Lintel_005","보·도리·서까래 · SM_Lintel_005","건축 부재/보·도리·서까래","주막·역참·마을 조립 후보: 접합 규격·피벗·치수·재질 통일","이름·폴더 기반 추정","Assets/HwaseongForteressGate/Prefabs/SM_Lintel_005.prefab","abc00000000016327573787190426581",1,1,400,400,0,0,0,0,0,2.655207,0.430558,0.3944304,"Screenshots/AssetCatalog/Thumbnails/abc00000000016327573787190426581.png","rendered"
291,"prefab","HwaseongForteressGate","SM_Lintel_006","보·도리·서까래 · SM_Lintel_006","건축 부재/보·도리·서까래","주막·역참·마을 조립 후보: 접합 규격·피벗·치수·재질 통일","이름·폴더 기반 추정","Assets/HwaseongForteressGate/Prefabs/SM_Lintel_006.prefab","abc00000000010982400561749474766",1,1,1096,1096,0,0,0,0,0,20.93583,0.4326108,0.4082083,"Screenshots/AssetCatalog/Thumbnails/abc00000000010982400561749474766.png","rendered"
292,"prefab","HwaseongForteressGate","SM_Lintel_007","보·도리·서까래 · SM_Lintel_007","건축 부재/보·도리·서까래","주막·역참·마을 조립 후보: 접합 규격·피벗·치수·재질 통일","이름·폴더 기반 추정","Assets/HwaseongForteressGate/Prefabs/SM_Lintel_007.prefab","abc00000000018302584195702956743",1,1,524,524,0,0,0,0,0,0.4082041,0.4320132,6.184348,"Screenshots/AssetCatalog/Thumbnails/abc00000000018302584195702956743.png","rendered"
293,"prefab","HwaseongForteressGate","SM_Lintel_008","보·도리·서까래 · SM_Lintel_008","건축 부재/보·도리·서까래","주막·역참·마을 조립 후보: 접합 규격·피벗·치수·재질 통일","이름·폴더 기반 추정","Assets/HwaseongForteressGate/Prefabs/SM_Lintel_008.prefab","abc00000000010107816049668791560",1,1,216,216,0,0,0,0,0,7.175849,0.4323766,0.4082061,"Screenshots/AssetCatalog/Thumbnails/abc00000000010107816049668791560.png","rendered"
294,"prefab","HwaseongForteressGate","SM_Lintel_009","보·도리·서까래 · SM_Lintel_009","건축 부재/보·도리·서까래","주막·역참·마을 조립 후보: 접합 규격·피벗·치수·재질 통일","이름·폴더 기반 추정","Assets/HwaseongForteressGate/Prefabs/SM_Lintel_009.prefab","abc00000000004722913975160476433",1,1,128,128,0,0,0,0,0,3.788644,0.4317569,0.4082061,"Screenshots/AssetCatalog/Thumbnails/abc00000000004722913975160476433.png","rendered"
295,"prefab","HwaseongForteressGate","SM_Lintel_010","보·도리·서까래 · SM_Lintel_010","건축 부재/보·도리·서까래","주막·역참·마을 조립 후보: 접합 규격·피벗·치수·재질 통일","이름·폴더 기반 추정","Assets/HwaseongForteressGate/Prefabs/SM_Lintel_010.prefab","abc00000000007579766631189579931",1,1,260,260,0,0,0,0,0,2.711985,0.4324754,0.4082081,"Screenshots/AssetCatalog/Thumbnails/abc00000000007579766631189579931.png","rendered"
296,"prefab","HwaseongForteressGate","SM_Lintel_011","보·도리·서까래 · SM_Lintel_011","건축 부재/보·도리·서까래","주막·역참·마을 조립 후보: 접합 규격·피벗·치수·재질 통일","이름·폴더 기반 추정","Assets/HwaseongForteressGate/Prefabs/SM_Lintel_011.prefab","abc00000000015865183495165233362",1,1,296,296,0,0,0,0,0,0.4082081,0.4325219,5.424149,"Screenshots/AssetCatalog/Thumbnails/abc00000000015865183495165233362.png","rendered"
297,"prefab","HwaseongForteressGate","SM_Lintel_012","보·도리·서까래 · SM_Lintel_012","건축 부재/보·도리·서까래","주막·역참·마을 조립 후보: 접합 규격·피벗·치수·재질 통일","이름·폴더 기반 추정","Assets/HwaseongForteressGate/Prefabs/SM_Lintel_012.prefab","abc00000000007164725773283058201",1,1,216,216,0,0,0,0,0,7.175849,0.4323766,0.4082061,"Screenshots/AssetCatalog/Thumbnails/abc00000000007164725773283058201.png","rendered"
298,"prefab","HwaseongForteressGate","SM_Lintel_013","보·도리·서까래 · SM_Lintel_013","건축 부재/보·도리·서까래","주막·역참·마을 조립 후보: 접합 규격·피벗·치수·재질 통일","이름·폴더 기반 추정","Assets/HwaseongForteressGate/Prefabs/SM_Lintel_013.prefab","abc00000000012444723309496117264",1,1,128,128,0,0,0,0,0,3.788644,0.4317569,0.4082061,"Screenshots/AssetCatalog/Thumbnails/abc00000000012444723309496117264.png","rendered"
299,"prefab","HwaseongForteressGate","SM_Lintel_014","보·도리·서까래 · SM_Lintel_014","건축 부재/보·도리·서까래","주막·역참·마을 조립 후보: 접합 규격·피벗·치수·재질 통일","이름·폴더 기반 추정","Assets/HwaseongForteressGate/Prefabs/SM_Lintel_014.prefab","abc00000000014772070043707312727",1,1,84,84,0,0,0,0,0,1.46989,0.4311796,0.408204,"Screenshots/AssetCatalog/Thumbnails/abc00000000014772070043707312727.png","rendered"
300,"prefab","HwaseongForteressGate","SM_Lintel_015","보·도리·서까래 · SM_Lintel_015","건축 부재/보·도리·서까래","주막·역참·마을 조립 후보: 접합 규격·피벗·치수·재질 통일","이름·폴더 기반 추정","Assets/HwaseongForteressGate/Prefabs/SM_Lintel_015.prefab","abc00000000003411413950411698078",1,1,304,304,0,0,0,0,0,0.4082041,0.4324775,3.274961,"Screenshots/AssetCatalog/Thumbnails/abc00000000003411413950411698078.png","rendered"
301,"prefab","HwaseongForteressGate","SM_Lintel_016","보·도리·서까래 · SM_Lintel_016","건축 부재/보·도리·서까래","주막·역참·마을 조립 후보: 접합 규격·피벗·치수·재질 통일","이름·폴더 기반 추정","Assets/HwaseongForteressGate/Prefabs/SM_Lintel_016.prefab","abc00000000007890943299955986469",1,1,304,304,0,0,0,0,0,14.73373,0.3396669,0.3255744,"Screenshots/AssetCatalog/Thumbnails/abc00000000007890943299955986469.png","rendered"
302,"prefab","HwaseongForteressGate","SM_Lintel_017","보·도리·서까래 · SM_Lintel_017","건축 부재/보·도리·서까래","주막·역참·마을 조립 후보: 접합 규격·피벗·치수·재질 통일","이름·폴더 기반 추정","Assets/HwaseongForteressGate/Prefabs/SM_Lintel_017.prefab","abc00000000001233281575634733020",1,1,374,374,0,0,0,0,0,15.17453,0.4323766,0.4082063,"Screenshots/AssetCatalog/Thumbnails/abc00000000001233281575634733020.png","rendered"
303,"prefab","HwaseongForteressGate","SM_Note_Janganmun","성문 안내판 · SM_Note_Janganmun","표면 장식/안내판","건물·유적 표면: 실제 문구·문양·데칼 여부 및 면 겹침 확인","이름·폴더 기반 추정","Assets/HwaseongForteressGate/Prefabs/SM_Note_Janganmun.prefab","abc00000000008351267208530832757",1,1,108,108,0,0,0,0,0,1.474403,0.6474113,0.05784725,"Screenshots/AssetCatalog/Thumbnails/abc00000000008351267208530832757.png","rendered"
304,"prefab","HwaseongForteressGate","SM_Note_Paldalmun","성문 안내판 · SM_Note_Paldalmun","표면 장식/안내판","건물·유적 표면: 실제 문구·문양·데칼 여부 및 면 겹침 확인","이름·폴더 기반 추정","Assets/HwaseongForteressGate/Prefabs/SM_Note_Paldalmun.prefab","abc00000000013356645846008423710",1,1,12,12,0,0,0,0,0,2.848634,0.6355461,0.03447959,"Screenshots/AssetCatalog/Thumbnails/abc00000000013356645846008423710.png","rendered"
305,"prefab","HwaseongForteressGate","SM_Pedestal_001","받침·수로 · SM_Pedestal_001","건축 부재/기단·수로","주막·역참·마을 조립 후보: 접합 규격·피벗·치수·재질 통일","이름·폴더 기반 추정","Assets/HwaseongForteressGate/Prefabs/SM_Pedestal_001.prefab","abc00000000002637254999009879767",1,1,220,220,0,0,0,0,0,1.233147,0.937576,1.298872,"Screenshots/AssetCatalog/Thumbnails/abc00000000002637254999009879767.png","rendered"
306,"prefab","HwaseongForteressGate","SM_Pedestal_002","받침·수로 · SM_Pedestal_002","건축 부재/기단·수로","주막·역참·마을 조립 후보: 접합 규격·피벗·치수·재질 통일","이름·폴더 기반 추정","Assets/HwaseongForteressGate/Prefabs/SM_Pedestal_002.prefab","abc00000000007545210604646851676",1,1,226,226,0,0,0,0,0,1.233149,0.9375744,1.298875,"Screenshots/AssetCatalog/Thumbnails/abc00000000007545210604646851676.png","rendered"
307,"prefab","HwaseongForteressGate","SM_Pedestal_003","받침·수로 · SM_Pedestal_003","건축 부재/기단·수로","주막·역참·마을 조립 후보: 접합 규격·피벗·치수·재질 통일","이름·폴더 기반 추정","Assets/HwaseongForteressGate/Prefabs/SM_Pedestal_003.prefab","abc00000000014202872328968105125",1,1,232,232,0,0,0,0,0,1.233147,0.9375744,1.298875,"Screenshots/AssetCatalog/Thumbnails/abc00000000014202872328968105125.png","rendered"
308,"prefab","HwaseongForteressGate","SM_Pedestal_004","받침·수로 · SM_Pedestal_004","건축 부재/기단·수로","주막·역참·마을 조립 후보: 접합 규격·피벗·치수·재질 통일","이름·폴더 기반 추정","Assets/HwaseongForteressGate/Prefabs/SM_Pedestal_004.prefab","abc00000000003730368450467800402",1,1,214,214,0,0,0,0,0,1.238602,0.9375755,1.298872,"Screenshots/AssetCatalog/Thumbnails/abc00000000003730368450467800402.png","rendered"
309,"prefab","HwaseongForteressGate","SM_PurlinSupport_001","보·도리·서까래 · SM_PurlinSupport_001","건축 부재/보·도리·서까래","주막·역참·마을 조립 후보: 접합 규격·피벗·치수·재질 통일","이름·폴더 기반 추정","Assets/HwaseongForteressGate/Prefabs/SM_PurlinSupport_001.prefab","abc00000000012018741274348931924",1,1,1966,1966,0,0,0,0,0,24.42677,0.7143068,2.217935,"Screenshots/AssetCatalog/Thumbnails/abc00000000012018741274348931924.png","rendered"
310,"prefab","HwaseongForteressGate","SM_PurlinSupport_002","보·도리·서까래 · SM_PurlinSupport_002","건축 부재/보·도리·서까래","주막·역참·마을 조립 후보: 접합 규격·피벗·치수·재질 통일","이름·폴더 기반 추정","Assets/HwaseongForteressGate/Prefabs/SM_PurlinSupport_002.prefab","abc00000000000533167449790453231",1,1,744,744,0,0,0,0,0,1.751168,0.7143056,9.7626,"Screenshots/AssetCatalog/Thumbnails/abc00000000000533167449790453231.png","rendered"
311,"prefab","HwaseongForteressGate","SM_PurlinSupport_003","보·도리·서까래 · SM_PurlinSupport_003","건축 부재/보·도리·서까래","주막·역참·마을 조립 후보: 접합 규격·피벗·치수·재질 통일","이름·폴더 기반 추정","Assets/HwaseongForteressGate/Prefabs/SM_PurlinSupport_003.prefab","abc00000000013823507289109886486",1,1,1062,1062,0,0,0,0,0,22.87018,0.7408631,1.903415,"Screenshots/AssetCatalog/Thumbnails/abc00000000013823507289109886486.png","rendered"
312,"prefab","HwaseongForteressGate","SM_PurlinSupport_004","보·도리·서까래 · SM_PurlinSupport_004","건축 부재/보·도리·서까래","주막·역참·마을 조립 후보: 접합 규격·피벗·치수·재질 통일","이름·폴더 기반 추정","Assets/HwaseongForteressGate/Prefabs/SM_PurlinSupport_004.prefab","abc00000000011372567253075750321",1,1,548,548,0,0,0,0,0,1.900554,0.7412665,8.134903,"Screenshots/AssetCatalog/Thumbnails/abc00000000011372567253075750321.png","rendered"
313,"prefab","HwaseongForteressGate","SM_PurlinSupport_005","보·도리·서까래 · SM_PurlinSupport_005","건축 부재/보·도리·서까래","주막·역참·마을 조립 후보: 접합 규격·피벗·치수·재질 통일","이름·폴더 기반 추정","Assets/HwaseongForteressGate/Prefabs/SM_PurlinSupport_005.prefab","abc00000000017870863642395083560",1,1,596,596,0,0,0,0,0,19.4112,0.2441516,0.1149691,"Screenshots/AssetCatalog/Thumbnails/abc00000000017870863642395083560.png","rendered"
314,"prefab","HwaseongForteressGate","SM_PurlinSupport_006","보·도리·서까래 · SM_PurlinSupport_006","건축 부재/보·도리·서까래","주막·역참·마을 조립 후보: 접합 규격·피벗·치수·재질 통일","이름·폴더 기반 추정","Assets/HwaseongForteressGate/Prefabs/SM_PurlinSupport_006.prefab","abc00000000008328411327681306867",1,1,164,164,0,0,0,0,0,0.114977,0.2441554,4.451039,"Screenshots/AssetCatalog/Thumbnails/abc00000000008328411327681306867.png","rendered"
315,"prefab","HwaseongForteressGate","SM_PurlinSupport_007","보·도리·서까래 · SM_PurlinSupport_007","건축 부재/보·도리·서까래","주막·역참·마을 조립 후보: 접합 규격·피벗·치수·재질 통일","이름·폴더 기반 추정","Assets/HwaseongForteressGate/Prefabs/SM_PurlinSupport_007.prefab","abc00000000007557719759544365930",1,1,476,476,0,0,0,0,0,16.97308,0.2441516,0.1149691,"Screenshots/AssetCatalog/Thumbnails/abc00000000007557719759544365930.png","rendered"
316,"prefab","HwaseongForteressGate","SM_PurlinSupport_008","보·도리·서까래 · SM_PurlinSupport_008","건축 부재/보·도리·서까래","주막·역참·마을 조립 후보: 접합 규격·피벗·치수·재질 통일","이름·폴더 기반 추정","Assets/HwaseongForteressGate/Prefabs/SM_PurlinSupport_008.prefab","abc00000000010246330669020136949",1,1,108,108,0,0,0,0,0,0.1149689,0.2441514,2.242813,"Screenshots/AssetCatalog/Thumbnails/abc00000000010246330669020136949.png","rendered"
317,"prefab","HwaseongForteressGate","SM_PurlinSupport_009","보·도리·서까래 · SM_PurlinSupport_009","건축 부재/보·도리·서까래","주막·역참·마을 조립 후보: 접합 규격·피벗·치수·재질 통일","이름·폴더 기반 추정","Assets/HwaseongForteressGate/Prefabs/SM_PurlinSupport_009.prefab","abc00000000016663281981036225196",1,1,324,324,0,0,0,0,0,14.95849,0.2441516,0.1149695,"Screenshots/AssetCatalog/Thumbnails/abc00000000016663281981036225196.png","rendered"
318,"prefab","HwaseongForteressGate","SM_Purlin_001","보·도리·서까래 · SM_Purlin_001","건축 부재/보·도리·서까래","주막·역참·마을 조립 후보: 접합 규격·피벗·치수·재질 통일","이름·폴더 기반 추정","Assets/HwaseongForteressGate/Prefabs/SM_Purlin_001.prefab","abc00000000005923875417466938383",1,1,1600,1600,0,0,0,0,0,24.44194,0.3737842,0.373197,"Screenshots/AssetCatalog/Thumbnails/abc00000000005923875417466938383.png","rendered"
319,"prefab","HwaseongForteressGate","SM_Purlin_002","보·도리·서까래 · SM_Purlin_002","건축 부재/보·도리·서까래","주막·역참·마을 조립 후보: 접합 규격·피벗·치수·재질 통일","이름·폴더 기반 추정","Assets/HwaseongForteressGate/Prefabs/SM_Purlin_002.prefab","abc00000000011059110270227613940",1,1,680,680,0,0,0,0,0,0.3731968,0.3732017,9.777762,"Screenshots/AssetCatalog/Thumbnails/abc00000000011059110270227613940.png","rendered"
320,"prefab","HwaseongForteressGate","SM_Purlin_003","보·도리·서까래 · SM_Purlin_003","건축 부재/보·도리·서까래","주막·역참·마을 조립 후보: 접합 규격·피벗·치수·재질 통일","이름·폴더 기반 추정","Assets/HwaseongForteressGate/Prefabs/SM_Purlin_003.prefab","abc00000000012326607578704256285",1,1,1560,1560,0,0,0,0,0,22.9253,0.373201,0.3731969,"Screenshots/AssetCatalog/Thumbnails/abc00000000012326607578704256285.png","rendered"
321,"prefab","HwaseongForteressGate","SM_Purlin_004","보·도리·서까래 · SM_Purlin_004","건축 부재/보·도리·서까래","주막·역참·마을 조립 후보: 접합 규격·피벗·치수·재질 통일","이름·폴더 기반 추정","Assets/HwaseongForteressGate/Prefabs/SM_Purlin_004.prefab","abc00000000000346464827216420490",1,1,640,640,0,0,0,0,0,0.3731968,0.3732027,8.190005,"Screenshots/AssetCatalog/Thumbnails/abc00000000000346464827216420490.png","rendered"
322,"prefab","HwaseongForteressGate","SM_Purlin_005","보·도리·서까래 · SM_Purlin_005","건축 부재/보·도리·서까래","주막·역참·마을 조립 후보: 접합 규격·피벗·치수·재질 통일","이름·폴더 기반 추정","Assets/HwaseongForteressGate/Prefabs/SM_Purlin_005.prefab","abc00000000001134391085467765139",1,1,1560,1560,0,0,0,0,0,19.43593,0.3732009,0.3731969,"Screenshots/AssetCatalog/Thumbnails/abc00000000001134391085467765139.png","rendered"
323,"prefab","HwaseongForteressGate","SM_Purlin_006","보·도리·서까래 · SM_Purlin_006","건축 부재/보·도리·서까래","주막·역참·마을 조립 후보: 접합 규격·피벗·치수·재질 통일","이름·폴더 기반 추정","Assets/HwaseongForteressGate/Prefabs/SM_Purlin_006.prefab","abc00000000009301331165469407688",1,1,440,440,0,0,0,0,0,0.3731967,0.3732027,4.474113,"Screenshots/AssetCatalog/Thumbnails/abc00000000009301331165469407688.png","rendered"
324,"prefab","HwaseongForteressGate","SM_Purlin_007","보·도리·서까래 · SM_Purlin_007","건축 부재/보·도리·서까래","주막·역참·마을 조립 후보: 접합 규격·피벗·치수·재질 통일","이름·폴더 기반 추정","Assets/HwaseongForteressGate/Prefabs/SM_Purlin_007.prefab","abc00000000004161593795724626897",1,1,1240,1240,0,0,0,0,0,17.27585,0.3732009,0.3731969,"Screenshots/AssetCatalog/Thumbnails/abc00000000004161593795724626897.png","rendered"
325,"prefab","HwaseongForteressGate","SM_Purlin_008","보·도리·서까래 · SM_Purlin_008","건축 부재/보·도리·서까래","주막·역참·마을 조립 후보: 접합 규격·피벗·치수·재질 통일","이름·폴더 기반 추정","Assets/HwaseongForteressGate/Prefabs/SM_Purlin_008.prefab","abc00000000017646777678269586318",1,1,280,280,0,0,0,0,0,0.3731967,0.3732027,2.242813,"Screenshots/AssetCatalog/Thumbnails/abc00000000017646777678269586318.png","rendered"
326,"prefab","HwaseongForteressGate","SM_Purlin_009","보·도리·서까래 · SM_Purlin_009","건축 부재/보·도리·서까래","주막·역참·마을 조립 후보: 접합 규격·피벗·치수·재질 통일","이름·폴더 기반 추정","Assets/HwaseongForteressGate/Prefabs/SM_Purlin_009.prefab","abc00000000000670032177269689735",1,1,840,840,0,0,0,0,0,14.95849,0.3732008,0.3731969,"Screenshots/AssetCatalog/Thumbnails/abc00000000000670032177269689735.png","rendered"
327,"prefab","HwaseongForteressGate","SM_Purlin_10","보·도리·서까래 · SM_Purlin_10","건축 부재/보·도리·서까래","주막·역참·마을 조립 후보: 접합 규격·피벗·치수·재질 통일","이름·폴더 기반 추정","Assets/HwaseongForteressGate/Prefabs/SM_Purlin_10.prefab","abc00000000015315241065198975837",1,1,120,120,0,0,0,0,0,15.41276,0.3272375,0.3272361,"Screenshots/AssetCatalog/Thumbnails/abc00000000015315241065198975837.png","rendered"
328,"prefab","HwaseongForteressGate","SM_RafterExtension_001","보·도리·서까래 · SM_RafterExtension_001","건축 부재/보·도리·서까래","주막·역참·마을 조립 후보: 접합 규격·피벗·치수·재질 통일","이름·폴더 기반 추정","Assets/HwaseongForteressGate/Prefabs/SM_RafterExtension_001.prefab","abc00000000002406523581377003424",1,1,2044,2044,0,0,0,0,0,26.22123,1.162141,1.428105,"Screenshots/AssetCatalog/Thumbnails/abc00000000002406523581377003424.png","rendered"
329,"prefab","HwaseongForteressGate","SM_RafterExtension_002","보·도리·서까래 · SM_RafterExtension_002","건축 부재/보·도리·서까래","주막·역참·마을 조립 후보: 접합 규격·피벗·치수·재질 통일","이름·폴더 기반 추정","Assets/HwaseongForteressGate/Prefabs/SM_RafterExtension_002.prefab","abc00000000008037847877576703403",1,1,896,896,0,0,0,0,0,11.16623,0.9876927,1.392124,"Screenshots/AssetCatalog/Thumbnails/abc00000000008037847877576703403.png","rendered"
330,"prefab","HwaseongForteressGate","SM_RafterExtension_003","보·도리·서까래 · SM_RafterExtension_003","건축 부재/보·도리·서까래","주막·역참·마을 조립 후보: 접합 규격·피벗·치수·재질 통일","이름·폴더 기반 추정","Assets/HwaseongForteressGate/Prefabs/SM_RafterExtension_003.prefab","abc00000000018349933680850708322",1,1,2044,2044,0,0,0,0,0,28.14168,1.123985,1.701432,"Screenshots/AssetCatalog/Thumbnails/abc00000000018349933680850708322.png","rendered"
331,"prefab","HwaseongForteressGate","SM_RafterExtension_004","보·도리·서까래 · SM_RafterExtension_004","건축 부재/보·도리·서까래","주막·역참·마을 조립 후보: 접합 규격·피벗·치수·재질 통일","이름·폴더 기반 추정","Assets/HwaseongForteressGate/Prefabs/SM_RafterExtension_004.prefab","abc00000000007299740618720933109",1,1,952,952,0,0,0,0,0,13.28949,0.9483004,1.628847,"Screenshots/AssetCatalog/Thumbnails/abc00000000007299740618720933109.png","rendered"
332,"prefab","HwaseongForteressGate","SM_Rafter_001","보·도리·서까래 · SM_Rafter_001","건축 부재/보·도리·서까래","주막·역참·마을 조립 후보: 접합 규격·피벗·치수·재질 통일","이름·폴더 기반 추정","Assets/HwaseongForteressGate/Prefabs/SM_Rafter_001.prefab","abc00000000008757960854378613773",1,1,8784,8784,0,0,0,0,0,25.0265,3.495197,5.755548,"Screenshots/AssetCatalog/Thumbnails/abc00000000008757960854378613773.png","rendered"
333,"prefab","HwaseongForteressGate","SM_Rafter_002","보·도리·서까래 · SM_Rafter_002","건축 부재/보·도리·서까래","주막·역참·마을 조립 후보: 접합 규격·피벗·치수·재질 통일","이름·폴더 기반 추정","Assets/HwaseongForteressGate/Prefabs/SM_Rafter_002.prefab","abc00000000001758655711542881958",1,1,2736,2736,0,0,0,0,0,10.16547,3.465017,5.466084,"Screenshots/AssetCatalog/Thumbnails/abc00000000001758655711542881958.png","rendered"
334,"prefab","HwaseongForteressGate","SM_Rafter_003","보·도리·서까래 · SM_Rafter_003","건축 부재/보·도리·서까래","주막·역참·마을 조립 후보: 접합 규격·피벗·치수·재질 통일","이름·폴더 기반 추정","Assets/HwaseongForteressGate/Prefabs/SM_Rafter_003.prefab","abc00000000007919461818937704191",1,1,5256,5256,0,0,0,0,0,26.71679,1.795677,3.358281,"Screenshots/AssetCatalog/Thumbnails/abc00000000007919461818937704191.png","rendered"
335,"prefab","HwaseongForteressGate","SM_Rafter_004","보·도리·서까래 · SM_Rafter_004","건축 부재/보·도리·서까래","주막·역참·마을 조립 후보: 접합 규격·피벗·치수·재질 통일","이름·폴더 기반 추정","Assets/HwaseongForteressGate/Prefabs/SM_Rafter_004.prefab","abc00000000000398994896076712696",1,1,2448,2448,0,0,0,0,0,11.92351,1.613394,3.445395,"Screenshots/AssetCatalog/Thumbnails/abc00000000000398994896076712696.png","rendered"
336,"prefab","HwaseongForteressGate","SM_RammedEarth_001","성벽·여장·아치 · SM_RammedEarth_001","건축 부재/성벽·여장","성곽·관문 후보: 군사 시설의 시대·지역·규모 확인","이름·폴더 기반 추정","Assets/HwaseongForteressGate/Prefabs/SM_RammedEarth_001.prefab","abc00000000012708731458987417121",1,1,146,146,0,0,0,0,0,27.02314,3.359992,6.163179,"Screenshots/AssetCatalog/Thumbnails/abc00000000012708731458987417121.png","rendered"
337,"prefab","HwaseongForteressGate","SM_RammedEarth_002","성벽·여장·아치 · SM_RammedEarth_002","건축 부재/성벽·여장","성곽·관문 후보: 군사 시설의 시대·지역·규모 확인","이름·폴더 기반 추정","Assets/HwaseongForteressGate/Prefabs/SM_RammedEarth_002.prefab","abc00000000008113252375737549338",1,1,46,46,0,0,0,0,0,12.19898,3.237491,5.889166,"Screenshots/AssetCatalog/Thumbnails/abc00000000008113252375737549338.png","rendered"
338,"prefab","HwaseongForteressGate","SM_RammedEarth_003","성벽·여장·아치 · SM_RammedEarth_003","건축 부재/성벽·여장","성곽·관문 후보: 군사 시설의 시대·지역·규모 확인","이름·폴더 기반 추정","Assets/HwaseongForteressGate/Prefabs/SM_RammedEarth_003.prefab","abc00000000000234320595613878371",1,1,64,64,0,0,0,0,0,28.8511,1.927508,4.085825,"Screenshots/AssetCatalog/Thumbnails/abc00000000000234320595613878371.png","rendered"
339,"prefab","HwaseongForteressGate","SM_RammedEarth_004","성벽·여장·아치 · SM_RammedEarth_004","건축 부재/성벽·여장","성곽·관문 후보: 군사 시설의 시대·지역·규모 확인","이름·폴더 기반 추정","Assets/HwaseongForteressGate/Prefabs/SM_RammedEarth_004.prefab","abc00000000006339814283705686084",1,1,36,36,0,0,0,0,0,13.94338,1.796381,4.182703,"Screenshots/AssetCatalog/Thumbnails/abc00000000006339814283705686084.png","rendered"
340,"prefab","HwaseongForteressGate","SM_Ridge_001","용마루·잡상 · SM_Ridge_001","건축 부재/용마루·지붕 장식","주막·역참·마을 조립 후보: 접합 규격·피벗·치수·재질 통일","이름·폴더 기반 추정","Assets/HwaseongForteressGate/Prefabs/SM_Ridge_001.prefab","abc00000000007024103790174319102",1,1,5039,5039,0,0,0,0,0,15.57119,1.253102,0.5146195,"Screenshots/AssetCatalog/Thumbnails/abc00000000007024103790174319102.png","rendered"
341,"prefab","HwaseongForteressGate","SM_Ridge_002","용마루·잡상 · SM_Ridge_002","건축 부재/용마루·지붕 장식","주막·역참·마을 조립 후보: 접합 규격·피벗·치수·재질 통일","이름·폴더 기반 추정","Assets/HwaseongForteressGate/Prefabs/SM_Ridge_002.prefab","abc00000000003626040173725076229",1,1,1562,1562,0,0,0,0,0,0.4111885,1.841797,6.108386,"Screenshots/AssetCatalog/Thumbnails/abc00000000003626040173725076229.png","rendered"
342,"prefab","HwaseongForteressGate","SM_Ridge_003","용마루·잡상 · SM_Ridge_003","건축 부재/용마루·지붕 장식","주막·역참·마을 조립 후보: 접합 규격·피벗·치수·재질 통일","이름·폴더 기반 추정","Assets/HwaseongForteressGate/Prefabs/SM_Ridge_003.prefab","abc00000000015799045224984949180",1,1,2620,2620,0,0,0,0,0,0.4285911,3.48154,8.896978,"Screenshots/AssetCatalog/Thumbnails/abc00000000015799045224984949180.png","rendered"
343,"prefab","HwaseongForteressGate","SM_Ridge_004","용마루·잡상 · SM_Ridge_004","건축 부재/용마루·지붕 장식","주막·역참·마을 조립 후보: 접합 규격·피벗·치수·재질 통일","이름·폴더 기반 추정","Assets/HwaseongForteressGate/Prefabs/SM_Ridge_004.prefab","abc00000000016931224201206120699",1,1,228,228,0,0,0,0,0,20.97502,1.347022,0.3335977,"Screenshots/AssetCatalog/Thumbnails/abc00000000016931224201206120699.png","rendered"
344,"prefab","HwaseongForteressGate","SM_Ridge_005","용마루·잡상 · SM_Ridge_005","건축 부재/용마루·지붕 장식","주막·역참·마을 조립 후보: 접합 규격·피벗·치수·재질 통일","이름·폴더 기반 추정","Assets/HwaseongForteressGate/Prefabs/SM_Ridge_005.prefab","abc00000000017606739592377416242",1,1,276,276,0,0,0,0,0,5.774916,1.377911,0.3790864,"Screenshots/AssetCatalog/Thumbnails/abc00000000017606739592377416242.png","rendered"
345,"prefab","HwaseongForteressGate","SM_Ridge_006","용마루·잡상 · SM_Ridge_006","건축 부재/용마루·지붕 장식","주막·역참·마을 조립 후보: 접합 규격·피벗·치수·재질 통일","이름·폴더 기반 추정","Assets/HwaseongForteressGate/Prefabs/SM_Ridge_006.prefab","abc00000000014996227748963896441",1,1,132,132,0,0,0,0,0,3.829226,0.5179392,0.1841036,"Screenshots/AssetCatalog/Thumbnails/abc00000000014996227748963896441.png","rendered"
346,"prefab","HwaseongForteressGate","SM_Ridge_008","용마루·잡상 · SM_Ridge_008","건축 부재/용마루·지붕 장식","주막·역참·마을 조립 후보: 접합 규격·피벗·치수·재질 통일","이름·폴더 기반 추정","Assets/HwaseongForteressGate/Prefabs/SM_Ridge_008.prefab","abc00000000008684909259904676927",1,1,132,132,0,0,0,0,0,7.244303,0.4583072,0.1841047,"Screenshots/AssetCatalog/Thumbnails/abc00000000008684909259904676927.png","rendered"
347,"prefab","HwaseongForteressGate","SM_Ridge_009","용마루·잡상 · SM_Ridge_009","건축 부재/용마루·지붕 장식","주막·역참·마을 조립 후보: 접합 규격·피벗·치수·재질 통일","이름·폴더 기반 추정","Assets/HwaseongForteressGate/Prefabs/SM_Ridge_009.prefab","abc00000000016362427025914086374",1,1,132,132,0,0,0,0,0,7.708097,0.4583072,0.1841047,"Screenshots/AssetCatalog/Thumbnails/abc00000000016362427025914086374.png","rendered"
348,"prefab","HwaseongForteressGate","SM_Ridge_010","용마루·잡상 · SM_Ridge_010","건축 부재/용마루·지붕 장식","주막·역참·마을 조립 후보: 접합 규격·피벗·치수·재질 통일","이름·폴더 기반 추정","Assets/HwaseongForteressGate/Prefabs/SM_Ridge_010.prefab","abc00000000005019253963950597740",1,1,108,108,0,0,0,0,0,15.54576,0.8762441,0.2571249,"Screenshots/AssetCatalog/Thumbnails/abc00000000005019253963950597740.png","rendered"
349,"prefab","HwaseongForteressGate","SM_Ridge_011","용마루·잡상 · SM_Ridge_011","건축 부재/용마루·지붕 장식","주막·역참·마을 조립 후보: 접합 규격·피벗·치수·재질 통일","이름·폴더 기반 추정","Assets/HwaseongForteressGate/Prefabs/SM_Ridge_011.prefab","abc00000000011817787431172804021",1,1,108,108,0,0,0,0,0,2.351535,0.3551601,0.1841056,"Screenshots/AssetCatalog/Thumbnails/abc00000000011817787431172804021.png","rendered"
350,"prefab","HwaseongForteressGate","SM_Ridge_012","용마루·잡상 · SM_Ridge_012","건축 부재/용마루·지붕 장식","주막·역참·마을 조립 후보: 접합 규격·피벗·치수·재질 통일","이름·폴더 기반 추정","Assets/HwaseongForteressGate/Prefabs/SM_Ridge_012.prefab","abc00000000002114762597728772526",1,1,108,108,0,0,0,0,0,16.64998,0.3551583,0.1841053,"Screenshots/AssetCatalog/Thumbnails/abc00000000002114762597728772526.png","rendered"
351,"prefab","HwaseongForteressGate","SM_Ridge_013","용마루·잡상 · SM_Ridge_013","건축 부재/용마루·지붕 장식","주막·역참·마을 조립 후보: 접합 규격·피벗·치수·재질 통일","이름·폴더 기반 추정","Assets/HwaseongForteressGate/Prefabs/SM_Ridge_013.prefab","abc00000000002226483625840697127",1,1,228,228,0,0,0,0,0,18.53477,0.5067069,0.1841058,"Screenshots/AssetCatalog/Thumbnails/abc00000000002226483625840697127.png","rendered"
352,"prefab","HwaseongForteressGate","SM_Ridge_014","용마루·잡상 · SM_Ridge_014","건축 부재/용마루·지붕 장식","주막·역참·마을 조립 후보: 접합 규격·피벗·치수·재질 통일","이름·폴더 기반 추정","Assets/HwaseongForteressGate/Prefabs/SM_Ridge_014.prefab","abc00000000006918603556336524384",1,1,180,180,0,0,0,0,0,3.635124,0.4745816,0.1841056,"Screenshots/AssetCatalog/Thumbnails/abc00000000006918603556336524384.png","rendered"
353,"prefab","HwaseongForteressGate","SM_Ridge_07","용마루·잡상 · SM_Ridge_07","건축 부재/용마루·지붕 장식","주막·역참·마을 조립 후보: 접합 규격·피벗·치수·재질 통일","이름·폴더 기반 추정","Assets/HwaseongForteressGate/Prefabs/SM_Ridge_07.prefab","abc00000000000556732175200940922",1,1,132,132,0,0,0,0,0,2.109337,0.5233303,0.1841036,"Screenshots/AssetCatalog/Thumbnails/abc00000000000556732175200940922.png","rendered"
354,"prefab","HwaseongForteressGate","SM_RoofBoard_001","지붕·지붕판 · SM_RoofBoard_001","건축 부재/지붕","주막·역참·마을 조립 후보: 접합 규격·피벗·치수·재질 통일","이름·폴더 기반 추정","Assets/HwaseongForteressGate/Prefabs/SM_RoofBoard_001.prefab","abc00000000004579408965008477661",1,1,1972,1972,0,0,0,0,0,25.87315,3.121639,5.417641,"Screenshots/AssetCatalog/Thumbnails/abc00000000004579408965008477661.png","rendered"
355,"prefab","HwaseongForteressGate","SM_RoofBoard_002","지붕·지붕판 · SM_RoofBoard_002","건축 부재/지붕","주막·역참·마을 조립 후보: 접합 규격·피벗·치수·재질 통일","이름·폴더 기반 추정","Assets/HwaseongForteressGate/Prefabs/SM_RoofBoard_002.prefab","abc00000000009702177818968178166",1,1,1096,1096,0,0,0,0,0,11.08619,3.020036,5.124061,"Screenshots/AssetCatalog/Thumbnails/abc00000000009702177818968178166.png","rendered"
356,"prefab","HwaseongForteressGate","SM_RoofBoard_003","지붕·지붕판 · SM_RoofBoard_003","건축 부재/지붕","주막·역참·마을 조립 후보: 접합 규격·피벗·치수·재질 통일","이름·폴더 기반 추정","Assets/HwaseongForteressGate/Prefabs/SM_RoofBoard_003.prefab","abc00000000014613698823571584207",1,1,1012,1012,0,0,0,0,0,27.41286,1.794528,3.25819,"Screenshots/AssetCatalog/Thumbnails/abc00000000014613698823571584207.png","rendered"
357,"prefab","HwaseongForteressGate","SM_RoofBoard_004","지붕·지붕판 · SM_RoofBoard_004","건축 부재/지붕","주막·역참·마을 조립 후보: 접합 규격·피벗·치수·재질 통일","이름·폴더 기반 추정","Assets/HwaseongForteressGate/Prefabs/SM_RoofBoard_004.prefab","abc00000000001554414026750451080",1,1,652,652,0,0,0,0,0,12.66183,1.594491,3.188734,"Screenshots/AssetCatalog/Thumbnails/abc00000000001554414026750451080.png","rendered"
358,"prefab","HwaseongForteressGate","SM_RoofBoard_005","지붕·지붕판 · SM_RoofBoard_005","건축 부재/지붕","주막·역참·마을 조립 후보: 접합 규격·피벗·치수·재질 통일","이름·폴더 기반 추정","Assets/HwaseongForteressGate/Prefabs/SM_RoofBoard_005.prefab","abc00000000014616256025951687569",1,1,3372,3372,0,0,0,0,0,27.58023,1.221346,1.81607,"Screenshots/AssetCatalog/Thumbnails/abc00000000014616256025951687569.png","rendered"
359,"prefab","HwaseongForteressGate","SM_RoofBoard_006","지붕·지붕판 · SM_RoofBoard_006","건축 부재/지붕","주막·역참·마을 조립 후보: 접합 규격·피벗·치수·재질 통일","이름·폴더 기반 추정","Assets/HwaseongForteressGate/Prefabs/SM_RoofBoard_006.prefab","abc00000000011046010287230193482",1,1,1620,1620,0,0,0,0,0,12.75194,1.125377,1.769924,"Screenshots/AssetCatalog/Thumbnails/abc00000000011046010287230193482.png","rendered"
360,"prefab","HwaseongForteressGate","SM_RoofBoard_007","지붕·지붕판 · SM_RoofBoard_007","건축 부재/지붕","주막·역참·마을 조립 후보: 접합 규격·피벗·치수·재질 통일","이름·폴더 기반 추정","Assets/HwaseongForteressGate/Prefabs/SM_RoofBoard_007.prefab","abc00000000010458705785746226003",1,1,3348,3348,0,0,0,0,0,29.21349,1.191551,1.924041,"Screenshots/AssetCatalog/Thumbnails/abc00000000010458705785746226003.png","rendered"
361,"prefab","HwaseongForteressGate","SM_RoofBoard_008","지붕·지붕판 · SM_RoofBoard_008","건축 부재/지붕","주막·역참·마을 조립 후보: 접합 규격·피벗·치수·재질 통일","이름·폴더 기반 추정","Assets/HwaseongForteressGate/Prefabs/SM_RoofBoard_008.prefab","abc00000000012541952510894516876",1,1,1644,1644,0,0,0,0,0,14.32808,1.01711,1.905293,"Screenshots/AssetCatalog/Thumbnails/abc00000000012541952510894516876.png","rendered"
362,"prefab","HwaseongForteressGate","SM_RoofStatue_001","용마루·잡상 · SM_RoofStatue_001","건축 부재/용마루·지붕 장식","주막·역참·마을 조립 후보: 접합 규격·피벗·치수·재질 통일","이름·폴더 기반 추정","Assets/HwaseongForteressGate/Prefabs/SM_RoofStatue_001.prefab","abc00000000003463337068922189259",1,1,5694,5694,0,0,0,0,0,0.515403,1.516459,1.051396,"Screenshots/AssetCatalog/Thumbnails/abc00000000003463337068922189259.png","rendered"
363,"prefab","HwaseongForteressGate","SM_RoofStatue_002","용마루·잡상 · SM_RoofStatue_002","건축 부재/용마루·지붕 장식","주막·역참·마을 조립 후보: 접합 규격·피벗·치수·재질 통일","이름·폴더 기반 추정","Assets/HwaseongForteressGate/Prefabs/SM_RoofStatue_002.prefab","abc00000000005214265705854538560",1,1,1740,1740,0,0,0,0,0,0.3862909,0.3978395,0.6098322,"Screenshots/AssetCatalog/Thumbnails/abc00000000005214265705854538560.png","rendered"
364,"prefab","HwaseongForteressGate","SM_RoofStatue_003","용마루·잡상 · SM_RoofStatue_003","건축 부재/용마루·지붕 장식","주막·역참·마을 조립 후보: 접합 규격·피벗·치수·재질 통일","이름·폴더 기반 추정","Assets/HwaseongForteressGate/Prefabs/SM_RoofStatue_003.prefab","abc00000000000843622149208479305",1,1,1276,1276,0,0,0,0,0,0.3215402,0.6728736,0.6668267,"Screenshots/AssetCatalog/Thumbnails/abc00000000000843622149208479305.png","rendered"
365,"prefab","HwaseongForteressGate","SM_RoofStatue_004","용마루·잡상 · SM_RoofStatue_004","건축 부재/용마루·지붕 장식","주막·역참·마을 조립 후보: 접합 규격·피벗·치수·재질 통일","이름·폴더 기반 추정","Assets/HwaseongForteressGate/Prefabs/SM_RoofStatue_004.prefab","abc00000000006255205920951907726",1,1,1706,1706,0,0,0,0,0,0.3012325,0.43845,0.2505348,"Screenshots/AssetCatalog/Thumbnails/abc00000000006255205920951907726.png","rendered"
366,"prefab","HwaseongForteressGate","SM_RoofStatue_005","용마루·잡상 · SM_RoofStatue_005","건축 부재/용마루·지붕 장식","주막·역참·마을 조립 후보: 접합 규격·피벗·치수·재질 통일","이름·폴더 기반 추정","Assets/HwaseongForteressGate/Prefabs/SM_RoofStatue_005.prefab","abc00000000007725204493661562759",1,1,1780,1780,0,0,0,0,0,0.181238,0.452703,0.296904,"Screenshots/AssetCatalog/Thumbnails/abc00000000007725204493661562759.png","rendered"
367,"prefab","HwaseongForteressGate","SM_RoofStatue_006","용마루·잡상 · SM_RoofStatue_006","건축 부재/용마루·지붕 장식","주막·역참·마을 조립 후보: 접합 규격·피벗·치수·재질 통일","이름·폴더 기반 추정","Assets/HwaseongForteressGate/Prefabs/SM_RoofStatue_006.prefab","abc00000000008897297892295794892",1,1,1674,1674,0,0,0,0,0,0.1435708,0.4107876,0.2813621,"Screenshots/AssetCatalog/Thumbnails/abc00000000008897297892295794892.png","rendered"
368,"prefab","HwaseongForteressGate","SM_RoofStatue_007","용마루·잡상 · SM_RoofStatue_007","건축 부재/용마루·지붕 장식","주막·역참·마을 조립 후보: 접합 규격·피벗·치수·재질 통일","이름·폴더 기반 추정","Assets/HwaseongForteressGate/Prefabs/SM_RoofStatue_007.prefab","abc00000000015957949279419117205",1,1,2057,2057,0,0,0,0,0,0.1804217,0.3770882,0.2705472,"Screenshots/AssetCatalog/Thumbnails/abc00000000015957949279419117205.png","rendered"
369,"prefab","HwaseongForteressGate","SM_RoofStatue_008","용마루·잡상 · SM_RoofStatue_008","건축 부재/용마루·지붕 장식","주막·역참·마을 조립 후보: 접합 규격·피벗·치수·재질 통일","이름·폴더 기반 추정","Assets/HwaseongForteressGate/Prefabs/SM_RoofStatue_008.prefab","abc00000000007401637143608293514",1,1,1674,1674,0,0,0,0,0,0.1418371,0.3572411,0.2745888,"Screenshots/AssetCatalog/Thumbnails/abc00000000007401637143608293514.png","rendered"
370,"prefab","HwaseongForteressGate","SM_Roof_001","지붕·지붕판 · SM_Roof_001","건축 부재/지붕","주막·역참·마을 조립 후보: 접합 규격·피벗·치수·재질 통일","이름·폴더 기반 추정","Assets/HwaseongForteressGate/Prefabs/SM_Roof_001.prefab","abc00000000002217919566576628175",1,1,140621,140621,0,0,0,0,0,29.39377,2.304258,4.509466,"Screenshots/AssetCatalog/Thumbnails/abc00000000002217919566576628175.png","rendered"
371,"prefab","HwaseongForteressGate","SM_Roof_002","지붕·지붕판 · SM_Roof_002","건축 부재/지붕","주막·역참·마을 조립 후보: 접합 규격·피벗·치수·재질 통일","이름·폴더 기반 추정","Assets/HwaseongForteressGate/Prefabs/SM_Roof_002.prefab","abc00000000002137179177290469812",1,1,59868,59868,0,0,0,0,0,14.75696,2.267036,4.640467,"Screenshots/AssetCatalog/Thumbnails/abc00000000002137179177290469812.png","rendered"
372,"prefab","HwaseongForteressGate","SM_Roof_003","지붕·지붕판 · SM_Roof_003","건축 부재/지붕","주막·역참·마을 조립 후보: 접합 규격·피벗·치수·재질 통일","이름·폴더 기반 추정","Assets/HwaseongForteressGate/Prefabs/SM_Roof_003.prefab","abc00000000010630373781723073245",1,1,191887,191887,0,0,0,0,0,27.55374,4.003342,6.564775,"Screenshots/AssetCatalog/Thumbnails/abc00000000010630373781723073245.png","rendered"
373,"prefab","HwaseongForteressGate","SM_Roof_004","지붕·지붕판 · SM_Roof_004","건축 부재/지붕","주막·역참·마을 조립 후보: 접합 규격·피벗·치수·재질 통일","이름·폴더 기반 추정","Assets/HwaseongForteressGate/Prefabs/SM_Roof_004.prefab","abc00000000017096975103944789066",1,1,59123,59123,0,0,0,0,0,13.20842,4.078734,6.501856,"Screenshots/AssetCatalog/Thumbnails/abc00000000017096975103944789066.png","rendered"
374,"prefab","HwaseongForteressGate","SM_SideDoor_001","문·창호·틀 · SM_SideDoor_001","건축 부재/문·창호","주막·역참·마을 조립 후보: 접합 규격·피벗·치수·재질 통일","이름·폴더 기반 추정","Assets/HwaseongForteressGate/Prefabs/SM_SideDoor_001.prefab","abc00000000016414972544086447636",1,1,92,92,0,0,0,0,0,0.6805415,1.8831,0.1113862,"Screenshots/AssetCatalog/Thumbnails/abc00000000016414972544086447636.png","rendered"
375,"prefab","HwaseongForteressGate","SM_SideDoor_002","문·창호·틀 · SM_SideDoor_002","건축 부재/문·창호","주막·역참·마을 조립 후보: 접합 규격·피벗·치수·재질 통일","이름·폴더 기반 추정","Assets/HwaseongForteressGate/Prefabs/SM_SideDoor_002.prefab","abc00000000000326945356714998959",1,1,92,92,0,0,0,0,0,0.6805421,1.883099,0.1113862,"Screenshots/AssetCatalog/Thumbnails/abc00000000000326945356714998959.png","rendered"
376,"prefab","HwaseongForteressGate","SM_SideDoor_Frame","문·창호·틀 · SM_SideDoor_Frame","건축 부재/문·창호","주막·역참·마을 조립 후보: 접합 규격·피벗·치수·재질 통일","이름·폴더 기반 추정","Assets/HwaseongForteressGate/Prefabs/SM_SideDoor_Frame.prefab","abc00000000006245064395078276050",1,1,12940,12940,0,0,0,0,0,2.596525,3.59291,1.931804,"Screenshots/AssetCatalog/Thumbnails/abc00000000006245064395078276050.png","rendered"
377,"prefab","HwaseongForteressGate","SM_Signboard_Janganmun","현판·이름판 · SM_Signboard_Janganmun","표면 장식/현판·회화","건물·유적 표면: 실제 문구·문양·데칼 여부 및 면 겹침 확인","이름·폴더 기반 추정","Assets/HwaseongForteressGate/Prefabs/SM_Signboard_Janganmun.prefab","abc00000000015003595183773062234",1,1,1500,1500,0,0,0,0,0,4.224075,1.410439,1.175092,"Screenshots/AssetCatalog/Thumbnails/abc00000000015003595183773062234.png","rendered"
378,"prefab","HwaseongForteressGate","SM_Signboard_Paldalmun","현판·이름판 · SM_Signboard_Paldalmun","표면 장식/현판·회화","건물·유적 표면: 실제 문구·문양·데칼 여부 및 면 겹침 확인","이름·폴더 기반 추정","Assets/HwaseongForteressGate/Prefabs/SM_Signboard_Paldalmun.prefab","abc00000000006827402886478846329",1,1,1500,1500,0,0,0,0,0,4.224075,1.410439,1.175092,"Screenshots/AssetCatalog/Thumbnails/abc00000000006827402886478846329.png","rendered"
379,"prefab","HwaseongForteressGate","SM_WIllowTree","수목 · SM_WIllowTree","식생/수목","산길·마을·정원: 수종·계절·잎 알파·양면·LOD 확인","이름·폴더 기반 추정","Assets/HwaseongForteressGate/Prefabs/SM_WIllowTree.prefab","abc00000000017800133202564762519",1,1,17530,17530,0,0,0,0,0,2.768422,6.279001,2.664916,"Screenshots/AssetCatalog/Thumbnails/abc00000000017800133202564762519.png","rendered"
380,"prefab","HwaseongForteressGate","SM_W_Mountain","지형·산 메시 · SM_W_Mountain","암석·지형/지형·산","청림 산길·원경: 실루엣·노멀·LOD·먹 농도 조정","이름·폴더 기반 추정","Assets/HwaseongForteressGate/Prefabs/SM_W_Mountain.prefab","abc00000000003641696706084958978",1,1,17501,17501,0,0,0,0,0,0.7659628,3.586108,6.719961,"Screenshots/AssetCatalog/Thumbnails/abc00000000003641696706084958978.png","rendered"
381,"prefab","HwaseongForteressGate","SM_Window_001","문·창호·틀 · SM_Window_001","건축 부재/문·창호","주막·역참·마을 조립 후보: 접합 규격·피벗·치수·재질 통일","이름·폴더 기반 추정","Assets/HwaseongForteressGate/Prefabs/SM_Window_001.prefab","abc00000000000444203458698184237",1,1,528,528,0,0,0,0,0,1.004137,1.318847,0.07735169,"Screenshots/AssetCatalog/Thumbnails/abc00000000000444203458698184237.png","rendered"
382,"prefab","HwaseongForteressGate","SM_Window_002","문·창호·틀 · SM_Window_002","건축 부재/문·창호","주막·역참·마을 조립 후보: 접합 규격·피벗·치수·재질 통일","이름·폴더 기반 추정","Assets/HwaseongForteressGate/Prefabs/SM_Window_002.prefab","abc00000000011891642389572004038",1,1,232,232,0,0,0,0,0,1.010761,1.318846,0.07735169,"Screenshots/AssetCatalog/Thumbnails/abc00000000011891642389572004038.png","rendered"
383,"prefab","HwaseongForteressGate","SM_Window_Frame_001","문·창호·틀 · SM_Window_Frame_001","건축 부재/문·창호","주막·역참·마을 조립 후보: 접합 규격·피벗·치수·재질 통일","이름·폴더 기반 추정","Assets/HwaseongForteressGate/Prefabs/SM_Window_Frame_001.prefab","abc00000000003900753670678312795",1,1,1716,1716,0,0,0,0,0,6.753395,1.883215,0.2112654,"Screenshots/AssetCatalog/Thumbnails/abc00000000003900753670678312795.png","rendered"
384,"prefab","HwaseongForteressGate","SM_Window_Frame_002","문·창호·틀 · SM_Window_Frame_002","건축 부재/문·창호","주막·역참·마을 조립 후보: 접합 규격·피벗·치수·재질 통일","이름·폴더 기반 추정","Assets/HwaseongForteressGate/Prefabs/SM_Window_Frame_002.prefab","abc00000000015000381062053895888",1,1,1116,1116,0,0,0,0,0,3.301358,1.883217,0.2112654,"Screenshots/AssetCatalog/Thumbnails/abc00000000015000381062053895888.png","rendered"
385,"prefab","HwaseongForteressGate","SM_Window_Frame_003","문·창호·틀 · SM_Window_Frame_003","건축 부재/문·창호","주막·역참·마을 조립 후보: 접합 규격·피벗·치수·재질 통일","이름·폴더 기반 추정","Assets/HwaseongForteressGate/Prefabs/SM_Window_Frame_003.prefab","abc00000000014183797416568944345",1,1,852,852,0,0,0,0,0,2.316396,1.883215,0.2112654,"Screenshots/AssetCatalog/Thumbnails/abc00000000014183797416568944345.png","rendered"
386,"prefab","HwaseongForteressGate","SM_WoodStair_001","계단·디딤돌 · SM_WoodStair_001","건축 부재/계단·디딤돌","주막·역참·마을 조립 후보: 접합 규격·피벗·치수·재질 통일","이름·폴더 기반 추정","Assets/HwaseongForteressGate/Prefabs/SM_WoodStair_001.prefab","abc00000000015194761284243329713",1,1,25934,25934,0,0,0,0,0,3.878746,6.285931,5.282398,"Screenshots/AssetCatalog/Thumbnails/abc00000000015194761284243329713.png","rendered"
387,"prefab","HwaseongForteressGate","SM_WoodStair_002","계단·디딤돌 · SM_WoodStair_002","건축 부재/계단·디딤돌","주막·역참·마을 조립 후보: 접합 규격·피벗·치수·재질 통일","이름·폴더 기반 추정","Assets/HwaseongForteressGate/Prefabs/SM_WoodStair_002.prefab","abc00000000011379913790711945322",1,1,15486,15486,0,0,0,0,0,3.194963,6.441377,3.999789,"Screenshots/AssetCatalog/Thumbnails/abc00000000011379913790711945322.png","rendered"
388,"prefab","HwaseongHaenggung","Plane","Plane · 육안 확인 필요","미분류/육안 확인","보류: 추가 각도·형상 확인 후 역할 결정","육안 확인","Assets/HwaseongHaenggung/Prefabs/Plane.prefab","abc00000000006219677561374395088",1,1,2,2,1,0,0,0,0,1,1.216796E-08,1,"Screenshots/AssetCatalog/Thumbnails/abc00000000006219677561374395088.png","rendered"
389,"prefab","HwaseongHaenggung","SM_Amseog_1","자연 암석 · SM_Amseog_1","암석·지형/암석","청림 산길·원경: 실루엣·노멀·LOD·먹 농도 조정","이름·폴더 기반 추정","Assets/HwaseongHaenggung/Prefabs/SM_Amseog_1.prefab","abc00000000003356651189513440569",1,1,3956,3956,0,0,0,0,0,2.460338,2.261725,3.083107,"Screenshots/AssetCatalog/Thumbnails/abc00000000003356651189513440569.png","rendered"
390,"prefab","HwaseongHaenggung","SM_Amseog_2","자연 암석 · SM_Amseog_2","암석·지형/암석","청림 산길·원경: 실루엣·노멀·LOD·먹 농도 조정","이름·폴더 기반 추정","Assets/HwaseongHaenggung/Prefabs/SM_Amseog_2.prefab","abc00000000010436431971919947250",1,1,3935,3935,0,0,0,0,0,2.58308,2.143763,2.335506,"Screenshots/AssetCatalog/Thumbnails/abc00000000010436431971919947250.png","rendered"
391,"prefab","HwaseongHaenggung","SM_Bijangcheong","행궁 전각·누정 · SM_Bijangcheong","건축 완성물/관아·누정","관아·역참·누정 후보: 실제 건물 용도 확인 후 선택; 주막 대체는 별도 판단","이름·폴더 기반 추정","Assets/HwaseongHaenggung/Prefabs/SM_Bijangcheong.prefab","abc00000000014864110779992007000",1,1,461456,461456,0,0,0,0,0,10.16762,7.670705,17.55701,"Screenshots/AssetCatalog/Thumbnails/abc00000000014864110779992007000.png","rendered"
392,"prefab","HwaseongHaenggung","SM_Bokgunyeong","행궁 전각·누정 · SM_Bokgunyeong","건축 완성물/관아·누정","관아·역참·누정 후보: 실제 건물 용도 확인 후 선택; 주막 대체는 별도 판단","이름·폴더 기반 추정","Assets/HwaseongHaenggung/Prefabs/SM_Bokgunyeong.prefab","abc00000000002897165147519129401",1,1,680014,680014,0,0,0,0,0,18.93425,7.684083,14.93402,"Screenshots/AssetCatalog/Thumbnails/abc00000000002897165147519129401.png","rendered"
393,"prefab","HwaseongHaenggung","SM_Boknaedang","행궁 전각·누정 · SM_Boknaedang","건축 완성물/관아·누정","관아·역참·누정 후보: 실제 건물 용도 확인 후 선택; 주막 대체는 별도 판단","이름·폴더 기반 추정","Assets/HwaseongHaenggung/Prefabs/SM_Boknaedang.prefab","abc00000000005820167863835624837",1,1,746505,746505,0,0,0,0,0,20.38589,8.985351,18.76762,"Screenshots/AssetCatalog/Thumbnails/abc00000000005820167863835624837.png","rendered"
394,"prefab","HwaseongHaenggung","SM_Bongsudang","행궁 전각·누정 · SM_Bongsudang","건축 완성물/관아·누정","관아·역참·누정 후보: 실제 건물 용도 확인 후 선택; 주막 대체는 별도 판단","이름·폴더 기반 추정","Assets/HwaseongHaenggung/Prefabs/SM_Bongsudang.prefab","abc00000000010194958354435443045",1,1,1857726,1857726,0,0,0,0,0,41.63105,11.86662,30.39208,"Screenshots/AssetCatalog/Thumbnails/abc00000000010194958354435443045.png","rendered"
395,"prefab","HwaseongHaenggung","SM_Bronze_burner","화로 · SM_Bronze_burner","생활 소품/화로","주막·역참·마을 후보: 실제 크기·생활 용도·시대 및 수묵 재질 확인","이름·폴더 기반 추정","Assets/HwaseongHaenggung/Prefabs/SM_Bronze_burner.prefab","abc00000000017420108931454637662",1,1,15920,15920,0,0,0,0,0,0.5575922,0.3861265,0.5575922,"Screenshots/AssetCatalog/Thumbnails/abc00000000017420108931454637662.png","rendered"
396,"prefab","HwaseongHaenggung","SM_Bush","풀·관목 · SM_Bush","식생/풀·관목","산길·마을·정원: 수종·계절·잎 알파·양면·LOD 확인","이름·폴더 기반 추정","Assets/HwaseongHaenggung/Prefabs/SM_Bush.prefab","abc00000000007976607041879561395",1,1,40788,40788,0,0,0,0,0,1.097512,0.8355264,1.105995,"Screenshots/AssetCatalog/Thumbnails/abc00000000007976607041879561395.png","rendered"
397,"prefab","HwaseongHaenggung","SM_Byeolchu","행궁 전각·누정 · SM_Byeolchu","건축 완성물/관아·누정","관아·역참·누정 후보: 실제 건물 용도 확인 후 선택; 주막 대체는 별도 판단","이름·폴더 기반 추정","Assets/HwaseongHaenggung/Prefabs/SM_Byeolchu.prefab","abc00000000017614990441708195004",1,1,263364,263364,0,0,0,0,0,13.80179,7.157988,19.08632,"Screenshots/AssetCatalog/Thumbnails/abc00000000017614990441708195004.png","rendered"
398,"prefab","HwaseongHaenggung","SM_D_Arched_1","문·창호 · SM_D_Arched_1","건축 부재/문·창호","주막·역참·마을 조립 후보: 접합 규격·피벗·치수·재질 통일","이름·폴더 기반 추정","Assets/HwaseongHaenggung/Prefabs/SM_D_Arched_1.prefab","abc00000000004472765689624194721",1,1,835,835,0,0,0,0,0,1.877861,2.932925,3.525463,"Screenshots/AssetCatalog/Thumbnails/abc00000000004472765689624194721.png","rendered"
399,"prefab","HwaseongHaenggung","SM_D_Arched_2","문·창호 · SM_D_Arched_2","건축 부재/문·창호","주막·역참·마을 조립 후보: 접합 규격·피벗·치수·재질 통일","이름·폴더 기반 추정","Assets/HwaseongHaenggung/Prefabs/SM_D_Arched_2.prefab","abc00000000018324030680083878554",1,1,60,60,0,0,0,0,0,0.09557497,2.097349,0.8143082,"Screenshots/AssetCatalog/Thumbnails/abc00000000018324030680083878554.png","rendered"
400,"prefab","HwaseongHaenggung","SM_D_Gate_1","문·창호 · SM_D_Gate_1","건축 부재/문·창호","주막·역참·마을 조립 후보: 접합 규격·피벗·치수·재질 통일","이름·폴더 기반 추정","Assets/HwaseongHaenggung/Prefabs/SM_D_Gate_1.prefab","abc00000000013889026706842895315",1,1,21090,21090,0,0,0,0,0,0.3748511,4.425291,1.971071,"Screenshots/AssetCatalog/Thumbnails/abc00000000013889026706842895315.png","rendered"
401,"prefab","HwaseongHaenggung","SM_D_Gate_1_1","문·창호 · SM_D_Gate_1_1","건축 부재/문·창호","주막·역참·마을 조립 후보: 접합 규격·피벗·치수·재질 통일","이름·폴더 기반 추정","Assets/HwaseongHaenggung/Prefabs/SM_D_Gate_1_1.prefab","abc00000000007223357402840955091",1,1,21090,21090,0,0,0,0,0,0.3748511,4.425291,1.971071,"Screenshots/AssetCatalog/Thumbnails/abc00000000007223357402840955091.png","rendered"
402,"prefab","HwaseongHaenggung","SM_D_Gate_2","문·창호 · SM_D_Gate_2","건축 부재/문·창호","주막·역참·마을 조립 후보: 접합 규격·피벗·치수·재질 통일","이름·폴더 기반 추정","Assets/HwaseongHaenggung/Prefabs/SM_D_Gate_2.prefab","abc00000000004984734947847120392",1,1,28100,28100,0,0,0,0,0,0.2325588,2.449903,1.192293,"Screenshots/AssetCatalog/Thumbnails/abc00000000004984734947847120392.png","rendered"
403,"prefab","HwaseongHaenggung","SM_D_Gate_2_1","문·창호 · SM_D_Gate_2_1","건축 부재/문·창호","주막·역참·마을 조립 후보: 접합 규격·피벗·치수·재질 통일","이름·폴더 기반 추정","Assets/HwaseongHaenggung/Prefabs/SM_D_Gate_2_1.prefab","abc00000000006589002829080905628",1,1,28100,28100,0,0,0,0,0,0.2325588,2.449903,1.192293,"Screenshots/AssetCatalog/Thumbnails/abc00000000006589002829080905628.png","rendered"
404,"prefab","HwaseongHaenggung","SM_D_Gate_2_2","문·창호 · SM_D_Gate_2_2","건축 부재/문·창호","주막·역참·마을 조립 후보: 접합 규격·피벗·치수·재질 통일","이름·폴더 기반 추정","Assets/HwaseongHaenggung/Prefabs/SM_D_Gate_2_2.prefab","abc00000000001541726276382249239",1,1,28100,28100,0,0,0,0,0,0.2325588,2.449903,1.192293,"Screenshots/AssetCatalog/Thumbnails/abc00000000001541726276382249239.png","rendered"
405,"prefab","HwaseongHaenggung","SM_D_Gate_3","문·창호 · SM_D_Gate_3","건축 부재/문·창호","주막·역참·마을 조립 후보: 접합 규격·피벗·치수·재질 통일","이름·폴더 기반 추정","Assets/HwaseongHaenggung/Prefabs/SM_D_Gate_3.prefab","abc00000000018046576947048356881",1,1,13596,13596,0,0,0,0,0,0.2270418,3.111283,1.193263,"Screenshots/AssetCatalog/Thumbnails/abc00000000018046576947048356881.png","rendered"
406,"prefab","HwaseongHaenggung","SM_D_Gate_4","문·창호 · SM_D_Gate_4","건축 부재/문·창호","주막·역참·마을 조립 후보: 접합 규격·피벗·치수·재질 통일","이름·폴더 기반 추정","Assets/HwaseongHaenggung/Prefabs/SM_D_Gate_4.prefab","abc00000000013132498740064847478",1,1,7404,7404,0,0,0,0,0,0.1672623,1.988296,1.148342,"Screenshots/AssetCatalog/Thumbnails/abc00000000013132498740064847478.png","rendered"
407,"prefab","HwaseongHaenggung","SM_D_Gate_5_1","문·창호 · SM_D_Gate_5_1","건축 부재/문·창호","주막·역참·마을 조립 후보: 접합 규격·피벗·치수·재질 통일","이름·폴더 기반 추정","Assets/HwaseongHaenggung/Prefabs/SM_D_Gate_5_1.prefab","abc00000000005927330846865400119",1,1,96,96,0,0,0,0,0,0.1544242,0.102922,1.935654,"Screenshots/AssetCatalog/Thumbnails/abc00000000005927330846865400119.png","rendered"
408,"prefab","HwaseongHaenggung","SM_D_Gate_5_2","문·창호 · SM_D_Gate_5_2","건축 부재/문·창호","주막·역참·마을 조립 후보: 접합 규격·피벗·치수·재질 통일","이름·폴더 기반 추정","Assets/HwaseongHaenggung/Prefabs/SM_D_Gate_5_2.prefab","abc00000000004967585226167319356",1,1,364,364,0,0,0,0,0,0.124581,3.984772,1.500475,"Screenshots/AssetCatalog/Thumbnails/abc00000000004967585226167319356.png","rendered"
409,"prefab","HwaseongHaenggung","SM_D_Gatejail_1","문·창호 · SM_D_Gatejail_1","건축 부재/문·창호","주막·역참·마을 조립 후보: 접합 규격·피벗·치수·재질 통일","이름·폴더 기반 추정","Assets/HwaseongHaenggung/Prefabs/SM_D_Gatejail_1.prefab","abc00000000014475080954394637279",1,1,564,564,0,0,0,0,0,0.09626129,0.8088358,2.51543,"Screenshots/AssetCatalog/Thumbnails/abc00000000014475080954394637279.png","rendered"
410,"prefab","HwaseongHaenggung","SM_D_Gatejail_1_1","문·창호 · SM_D_Gatejail_1_1","건축 부재/문·창호","주막·역참·마을 조립 후보: 접합 규격·피벗·치수·재질 통일","이름·폴더 기반 추정","Assets/HwaseongHaenggung/Prefabs/SM_D_Gatejail_1_1.prefab","abc00000000001547162181325891911",1,1,564,564,0,0,0,0,0,0.09626129,0.8088358,2.51543,"Screenshots/AssetCatalog/Thumbnails/abc00000000001547162181325891911.png","rendered"
411,"prefab","HwaseongHaenggung","SM_D_Gatejail_2","문·창호 · SM_D_Gatejail_2","건축 부재/문·창호","주막·역참·마을 조립 후보: 접합 규격·피벗·치수·재질 통일","이름·폴더 기반 추정","Assets/HwaseongHaenggung/Prefabs/SM_D_Gatejail_2.prefab","abc00000000007369185870643173956",1,1,564,564,0,0,0,0,0,0.09626129,0.8088358,2.51543,"Screenshots/AssetCatalog/Thumbnails/abc00000000007369185870643173956.png","rendered"
412,"prefab","HwaseongHaenggung","SM_D_Wood_1","문·창호 · SM_D_Wood_1","건축 부재/문·창호","주막·역참·마을 조립 후보: 접합 규격·피벗·치수·재질 통일","이름·폴더 기반 추정","Assets/HwaseongHaenggung/Prefabs/SM_D_Wood_1.prefab","abc00000000001734206016558953233",1,1,9666,9666,0,0,0,0,0,0.1276525,1.903731,0.6954443,"Screenshots/AssetCatalog/Thumbnails/abc00000000001734206016558953233.png","rendered"
413,"prefab","HwaseongHaenggung","SM_D_Wood_10","문·창호 · SM_D_Wood_10","건축 부재/문·창호","주막·역참·마을 조립 후보: 접합 규격·피벗·치수·재질 통일","이름·폴더 기반 추정","Assets/HwaseongHaenggung/Prefabs/SM_D_Wood_10.prefab","abc00000000004432803171159955795",1,1,9666,9666,0,0,0,0,0,0.1252582,1.868022,0.8171053,"Screenshots/AssetCatalog/Thumbnails/abc00000000004432803171159955795.png","rendered"
414,"prefab","HwaseongHaenggung","SM_D_Wood_1_1","문·창호 · SM_D_Wood_1_1","건축 부재/문·창호","주막·역참·마을 조립 후보: 접합 규격·피벗·치수·재질 통일","이름·폴더 기반 추정","Assets/HwaseongHaenggung/Prefabs/SM_D_Wood_1_1.prefab","abc00000000000498887575589534925",1,1,9666,9666,0,0,0,0,0,0.1276525,1.903731,0.6954443,"Screenshots/AssetCatalog/Thumbnails/abc00000000000498887575589534925.png","rendered"
415,"prefab","HwaseongHaenggung","SM_D_Wood_2","문·창호 · SM_D_Wood_2","건축 부재/문·창호","주막·역참·마을 조립 후보: 접합 규격·피벗·치수·재질 통일","이름·폴더 기반 추정","Assets/HwaseongHaenggung/Prefabs/SM_D_Wood_2.prefab","abc00000000016610704351547010762",1,1,10546,10546,0,0,0,0,0,0.1252582,2.372579,0.8171057,"Screenshots/AssetCatalog/Thumbnails/abc00000000016610704351547010762.png","rendered"
416,"prefab","HwaseongHaenggung","SM_D_Wood_3","문·창호 · SM_D_Wood_3","건축 부재/문·창호","주막·역참·마을 조립 후보: 접합 규격·피벗·치수·재질 통일","이름·폴더 기반 추정","Assets/HwaseongHaenggung/Prefabs/SM_D_Wood_3.prefab","abc00000000016023399850063043283",1,1,10546,10546,0,0,0,0,0,0.1252584,2.372579,0.6853631,"Screenshots/AssetCatalog/Thumbnails/abc00000000016023399850063043283.png","rendered"
417,"prefab","HwaseongHaenggung","SM_D_Wood_4","문·창호 · SM_D_Wood_4","건축 부재/문·창호","주막·역참·마을 조립 후보: 접합 규격·피벗·치수·재질 통일","이름·폴더 기반 추정","Assets/HwaseongHaenggung/Prefabs/SM_D_Wood_4.prefab","abc00000000001650908424892691508",1,1,3446,3446,0,0,0,0,0,0.1209708,2.375976,0.6989384,"Screenshots/AssetCatalog/Thumbnails/abc00000000001650908424892691508.png","rendered"
418,"prefab","HwaseongHaenggung","SM_D_Wood_5_1","문·창호 · SM_D_Wood_5_1","건축 부재/문·창호","주막·역참·마을 조립 후보: 접합 규격·피벗·치수·재질 통일","이름·폴더 기반 추정","Assets/HwaseongHaenggung/Prefabs/SM_D_Wood_5_1.prefab","abc00000000003713944493256425953",1,1,52,52,0,0,0,0,0,0.1199027,0.4102075,0.1029218,"Screenshots/AssetCatalog/Thumbnails/abc00000000003713944493256425953.png","rendered"
419,"prefab","HwaseongHaenggung","SM_D_Wood_5_1_1","문·창호 · SM_D_Wood_5_1_1","건축 부재/문·창호","주막·역참·마을 조립 후보: 접합 규격·피벗·치수·재질 통일","이름·폴더 기반 추정","Assets/HwaseongHaenggung/Prefabs/SM_D_Wood_5_1_1.prefab","abc00000000014699409194650298461",1,1,52,52,0,0,0,0,0,0.1199027,0.4102075,0.1029218,"Screenshots/AssetCatalog/Thumbnails/abc00000000014699409194650298461.png","rendered"
420,"prefab","HwaseongHaenggung","SM_D_Wood_5_2","문·창호 · SM_D_Wood_5_2","건축 부재/문·창호","주막·역참·마을 조립 후보: 접합 규격·피벗·치수·재질 통일","이름·폴더 기반 추정","Assets/HwaseongHaenggung/Prefabs/SM_D_Wood_5_2.prefab","abc00000000005869961773790339802",1,1,140,140,0,0,0,0,0,0.2854626,2.236593,0.7845001,"Screenshots/AssetCatalog/Thumbnails/abc00000000005869961773790339802.png","rendered"
421,"prefab","HwaseongHaenggung","SM_D_Wood_5_2_1","문·창호 · SM_D_Wood_5_2_1","건축 부재/문·창호","주막·역참·마을 조립 후보: 접합 규격·피벗·치수·재질 통일","이름·폴더 기반 추정","Assets/HwaseongHaenggung/Prefabs/SM_D_Wood_5_2_1.prefab","abc00000000009074429244468802226",1,1,140,140,0,0,0,0,0,0.2854626,2.236593,0.7845001,"Screenshots/AssetCatalog/Thumbnails/abc00000000009074429244468802226.png","rendered"
422,"prefab","HwaseongHaenggung","SM_D_Wood_5_3","문·창호 · SM_D_Wood_5_3","건축 부재/문·창호","주막·역참·마을 조립 후보: 접합 규격·피벗·치수·재질 통일","이름·폴더 기반 추정","Assets/HwaseongHaenggung/Prefabs/SM_D_Wood_5_3.prefab","abc00000000002460580407636477731",1,1,84,84,0,0,0,0,0,0.1535962,1.935653,0.1029218,"Screenshots/AssetCatalog/Thumbnails/abc00000000002460580407636477731.png","rendered"
423,"prefab","HwaseongHaenggung","SM_D_Wood_5_3_1","문·창호 · SM_D_Wood_5_3_1","건축 부재/문·창호","주막·역참·마을 조립 후보: 접합 규격·피벗·치수·재질 통일","이름·폴더 기반 추정","Assets/HwaseongHaenggung/Prefabs/SM_D_Wood_5_3_1.prefab","abc00000000005527604642224696227",1,1,84,84,0,0,0,0,0,0.1535962,1.935653,0.1029218,"Screenshots/AssetCatalog/Thumbnails/abc00000000005527604642224696227.png","rendered"
424,"prefab","HwaseongHaenggung","SM_D_Wood_6","문·창호 · SM_D_Wood_6","건축 부재/문·창호","주막·역참·마을 조립 후보: 접합 규격·피벗·치수·재질 통일","이름·폴더 기반 추정","Assets/HwaseongHaenggung/Prefabs/SM_D_Wood_6.prefab","abc00000000015266871883284995446",1,1,72,72,0,0,0,0,0,0.2395301,2.236593,0.7845001,"Screenshots/AssetCatalog/Thumbnails/abc00000000015266871883284995446.png","rendered"
425,"prefab","HwaseongHaenggung","SM_D_Wood_6_1","문·창호 · SM_D_Wood_6_1","건축 부재/문·창호","주막·역참·마을 조립 후보: 접합 규격·피벗·치수·재질 통일","이름·폴더 기반 추정","Assets/HwaseongHaenggung/Prefabs/SM_D_Wood_6_1.prefab","abc00000000017301807392625528374",1,1,72,72,0,0,0,0,0,0.2395301,2.236593,0.7845001,"Screenshots/AssetCatalog/Thumbnails/abc00000000017301807392625528374.png","rendered"
426,"prefab","HwaseongHaenggung","SM_D_Wood_7","문·창호 · SM_D_Wood_7","건축 부재/문·창호","주막·역참·마을 조립 후보: 접합 규격·피벗·치수·재질 통일","이름·폴더 기반 추정","Assets/HwaseongHaenggung/Prefabs/SM_D_Wood_7.prefab","abc00000000001731648814178849871",1,1,1132,1132,0,0,0,0,0,0.06176049,2.126398,0.6640951,"Screenshots/AssetCatalog/Thumbnails/abc00000000001731648814178849871.png","rendered"
427,"prefab","HwaseongHaenggung","SM_D_Wood_8","문·창호 · SM_D_Wood_8","건축 부재/문·창호","주막·역참·마을 조립 후보: 접합 규격·피벗·치수·재질 통일","이름·폴더 기반 추정","Assets/HwaseongHaenggung/Prefabs/SM_D_Wood_8.prefab","abc00000000002350017550260790400",1,1,8846,8846,0,0,0,0,0,0.1243027,2.766652,0.8171058,"Screenshots/AssetCatalog/Thumbnails/abc00000000002350017550260790400.png","rendered"
428,"prefab","HwaseongHaenggung","SM_D_Wood_9","문·창호 · SM_D_Wood_9","건축 부재/문·창호","주막·역참·마을 조립 후보: 접합 규격·피벗·치수·재질 통일","이름·폴더 기반 추정","Assets/HwaseongHaenggung/Prefabs/SM_D_Wood_9.prefab","abc00000000002198186129532948361",1,1,10546,10546,0,0,0,0,0,0.1252582,2.37258,0.8171055,"Screenshots/AssetCatalog/Thumbnails/abc00000000002198186129532948361.png","rendered"
429,"prefab","HwaseongHaenggung","SM_D_intdoor","문·창호 · SM_D_intdoor","건축 부재/문·창호","주막·역참·마을 조립 후보: 접합 규격·피벗·치수·재질 통일","이름·폴더 기반 추정","Assets/HwaseongHaenggung/Prefabs/SM_D_intdoor.prefab","abc00000000011276959999085037277",1,1,60,60,0,0,0,0,0,0.06602634,2.312451,0.7576624,"Screenshots/AssetCatalog/Thumbnails/abc00000000011276959999085037277.png","rendered"
430,"prefab","HwaseongHaenggung","SM_F_Blacktile","바닥·포장면 · SM_F_Blacktile","건축 부재/바닥·포장","주막·역참·마을 조립 후보: 접합 규격·피벗·치수·재질 통일","이름·폴더 기반 추정","Assets/HwaseongHaenggung/Prefabs/SM_F_Blacktile.prefab","abc00000000017015158733820842893",1,1,2,2,0,0,0,0,0,2.041586,2.484195E-08,2.041586,"Screenshots/AssetCatalog/Thumbnails/abc00000000017015158733820842893.png","rendered"
431,"prefab","HwaseongHaenggung","SM_F_BlueConcrete","바닥·포장면 · SM_F_BlueConcrete","건축 부재/바닥·포장","주막·역참·마을 조립 후보: 접합 규격·피벗·치수·재질 통일","이름·폴더 기반 추정","Assets/HwaseongHaenggung/Prefabs/SM_F_BlueConcrete.prefab","abc00000000000030869408307054101",1,1,2,2,0,0,0,0,0,2.041586,2.484195E-08,2.041586,"Screenshots/AssetCatalog/Thumbnails/abc00000000000030869408307054101.png","rendered"
432,"prefab","HwaseongHaenggung","SM_F_Concrete","바닥·포장면 · SM_F_Concrete","건축 부재/바닥·포장","주막·역참·마을 조립 후보: 접합 규격·피벗·치수·재질 통일","이름·폴더 기반 추정","Assets/HwaseongHaenggung/Prefabs/SM_F_Concrete.prefab","abc00000000014193809313491978689",1,1,2,2,0,0,0,0,0,2.041586,2.484195E-08,2.041586,"Screenshots/AssetCatalog/Thumbnails/abc00000000014193809313491978689.png","rendered"
433,"prefab","HwaseongHaenggung","SM_F_Concrete_1","바닥·포장면 · SM_F_Concrete_1","건축 부재/바닥·포장","주막·역참·마을 조립 후보: 접합 규격·피벗·치수·재질 통일","이름·폴더 기반 추정","Assets/HwaseongHaenggung/Prefabs/SM_F_Concrete_1.prefab","abc00000000001122279961905110653",1,1,2,2,0,0,0,0,0,2.041586,2.484195E-08,2.041586,"Screenshots/AssetCatalog/Thumbnails/abc00000000001122279961905110653.png","rendered"
434,"prefab","HwaseongHaenggung","SM_F_Grass","바닥·포장면 · SM_F_Grass","건축 부재/바닥·포장","주막·역참·마을 조립 후보: 접합 규격·피벗·치수·재질 통일","이름·폴더 기반 추정","Assets/HwaseongHaenggung/Prefabs/SM_F_Grass.prefab","abc00000000011657338045472691638",1,1,2,2,0,0,0,0,0,2.041586,2.484195E-08,2.041586,"Screenshots/AssetCatalog/Thumbnails/abc00000000011657338045472691638.png","rendered"
435,"prefab","HwaseongHaenggung","SM_F_Grass_1","바닥·포장면 · SM_F_Grass_1","건축 부재/바닥·포장","주막·역참·마을 조립 후보: 접합 규격·피벗·치수·재질 통일","이름·폴더 기반 추정","Assets/HwaseongHaenggung/Prefabs/SM_F_Grass_1.prefab","abc00000000014045943233826779638",1,1,2,2,0,0,0,0,0,2.041586,2.484195E-08,2.041586,"Screenshots/AssetCatalog/Thumbnails/abc00000000014045943233826779638.png","rendered"
436,"prefab","HwaseongHaenggung","SM_F_Intceiling","실내 천장 · SM_F_Intceiling","건축 부재/천장","주막·역참·마을 조립 후보: 접합 규격·피벗·치수·재질 통일","이름·폴더 기반 추정","Assets/HwaseongHaenggung/Prefabs/SM_F_Intceiling.prefab","abc00000000001299838251502426708",1,1,2,2,0,0,0,0,0,2.041586,2.484195E-08,2.041586,"Screenshots/AssetCatalog/Thumbnails/abc00000000001299838251502426708.png","rendered"
437,"prefab","HwaseongHaenggung","SM_F_Intwhite","바닥·포장면 · SM_F_Intwhite","건축 부재/바닥·포장","주막·역참·마을 조립 후보: 접합 규격·피벗·치수·재질 통일","이름·폴더 기반 추정","Assets/HwaseongHaenggung/Prefabs/SM_F_Intwhite.prefab","abc00000000005267877736029269742",1,1,2,2,0,0,0,0,0,2.041586,2.484195E-08,2.041586,"Screenshots/AssetCatalog/Thumbnails/abc00000000005267877736029269742.png","rendered"
438,"prefab","HwaseongHaenggung","SM_F_Pathway","바닥·포장면 · SM_F_Pathway","건축 부재/바닥·포장","주막·역참·마을 조립 후보: 접합 규격·피벗·치수·재질 통일","이름·폴더 기반 추정","Assets/HwaseongHaenggung/Prefabs/SM_F_Pathway.prefab","abc00000000015111738290059008666",1,1,12,12,0,0,0,0,0,0.1569751,0.1424441,2.158819,"Screenshots/AssetCatalog/Thumbnails/abc00000000015111738290059008666.png","rendered"
439,"prefab","HwaseongHaenggung","SM_F_Sand_1","바닥·포장면 · SM_F_Sand_1","건축 부재/바닥·포장","주막·역참·마을 조립 후보: 접합 규격·피벗·치수·재질 통일","이름·폴더 기반 추정","Assets/HwaseongHaenggung/Prefabs/SM_F_Sand_1.prefab","abc00000000000154688145466336398",1,1,2,2,0,0,0,0,0,2.041586,2.484195E-08,2.041586,"Screenshots/AssetCatalog/Thumbnails/abc00000000000154688145466336398.png","rendered"
440,"prefab","HwaseongHaenggung","SM_F_Sand_2","바닥·포장면 · SM_F_Sand_2","건축 부재/바닥·포장","주막·역참·마을 조립 후보: 접합 규격·피벗·치수·재질 통일","이름·폴더 기반 추정","Assets/HwaseongHaenggung/Prefabs/SM_F_Sand_2.prefab","abc00000000009857431503933545877",1,1,2,2,0,0,0,0,0,2.041586,2.484195E-08,2.041586,"Screenshots/AssetCatalog/Thumbnails/abc00000000009857431503933545877.png","rendered"
441,"prefab","HwaseongHaenggung","SM_F_Wood_1","바닥·포장면 · SM_F_Wood_1","건축 부재/바닥·포장","주막·역참·마을 조립 후보: 접합 규격·피벗·치수·재질 통일","이름·폴더 기반 추정","Assets/HwaseongHaenggung/Prefabs/SM_F_Wood_1.prefab","abc00000000010412541169006746959",1,1,348,348,0,0,0,0,0,1.685302,0.2225453,3.067559,"Screenshots/AssetCatalog/Thumbnails/abc00000000010412541169006746959.png","rendered"
442,"prefab","HwaseongHaenggung","SM_F_Wood_1_1","바닥·포장면 · SM_F_Wood_1_1","건축 부재/바닥·포장","주막·역참·마을 조립 후보: 접합 규격·피벗·치수·재질 통일","이름·폴더 기반 추정","Assets/HwaseongHaenggung/Prefabs/SM_F_Wood_1_1.prefab","abc00000000004905410382113194295",1,1,348,348,0,0,0,0,0,1.685302,0.2225453,3.067559,"Screenshots/AssetCatalog/Thumbnails/abc00000000004905410382113194295.png","rendered"
443,"prefab","HwaseongHaenggung","SM_F_Wood_2","바닥·포장면 · SM_F_Wood_2","건축 부재/바닥·포장","주막·역참·마을 조립 후보: 접합 규격·피벗·치수·재질 통일","이름·폴더 기반 추정","Assets/HwaseongHaenggung/Prefabs/SM_F_Wood_2.prefab","abc00000000010331800779720588596",1,1,348,348,0,0,0,0,0,1.685302,0.2220093,3.06752,"Screenshots/AssetCatalog/Thumbnails/abc00000000010331800779720588596.png","rendered"
444,"prefab","HwaseongHaenggung","SM_F_Wood_3","바닥·포장면 · SM_F_Wood_3","건축 부재/바닥·포장","주막·역참·마을 조립 후보: 접합 규격·피벗·치수·재질 통일","이름·폴더 기반 추정","Assets/HwaseongHaenggung/Prefabs/SM_F_Wood_3.prefab","abc00000000000378251310443640413",1,1,192,192,0,0,0,0,0,0.9391636,0.2220093,3.06752,"Screenshots/AssetCatalog/Thumbnails/abc00000000000378251310443640413.png","rendered"
445,"prefab","HwaseongHaenggung","SM_F_Wood_4","바닥·포장면 · SM_F_Wood_4","건축 부재/바닥·포장","주막·역참·마을 조립 후보: 접합 규격·피벗·치수·재질 통일","이름·폴더 기반 추정","Assets/HwaseongHaenggung/Prefabs/SM_F_Wood_4.prefab","abc00000000006844852632665356234",1,1,348,348,0,0,0,0,0,1.685302,0.2220093,3.06752,"Screenshots/AssetCatalog/Thumbnails/abc00000000006844852632665356234.png","rendered"
446,"prefab","HwaseongHaenggung","SM_F_diamondblacktile","바닥·포장면 · SM_F_diamondblacktile","건축 부재/바닥·포장","주막·역참·마을 조립 후보: 접합 규격·피벗·치수·재질 통일","이름·폴더 기반 추정","Assets/HwaseongHaenggung/Prefabs/SM_F_diamondblacktile.prefab","abc00000000011383212656715357937",1,1,2,2,0,0,0,0,0,2.041586,2.484195E-08,2.041586,"Screenshots/AssetCatalog/Thumbnails/abc00000000011383212656715357937.png","rendered"
447,"prefab","HwaseongHaenggung","SM_Grass","풀·관목 · SM_Grass","식생/풀·관목","산길·마을·정원: 수종·계절·잎 알파·양면·LOD 확인","이름·폴더 기반 추정","Assets/HwaseongHaenggung/Prefabs/SM_Grass.prefab","abc00000000012231767865022689429",1,1,392,392,0,0,0,0,0,0.3690948,0.284477,0.3984553,"Screenshots/AssetCatalog/Thumbnails/abc00000000012231767865022689429.png","rendered"
448,"prefab","HwaseongHaenggung","SM_Gyeongryugwan","행궁 전각·누정 · SM_Gyeongryugwan","건축 완성물/관아·누정","관아·역참·누정 후보: 실제 건물 용도 확인 후 선택; 주막 대체는 별도 판단","이름·폴더 기반 추정","Assets/HwaseongHaenggung/Prefabs/SM_Gyeongryugwan.prefab","abc00000000003413605768386506203",1,1,479944,479944,0,0,0,0,0,11.07741,9.667618,8.236773,"Screenshots/AssetCatalog/Thumbnails/abc00000000003413605768386506203.png","rendered"
449,"prefab","HwaseongHaenggung","SM_Hedgerows","풀·관목 · SM_Hedgerows","식생/풀·관목","산길·마을·정원: 수종·계절·잎 알파·양면·LOD 확인","이름·폴더 기반 추정","Assets/HwaseongHaenggung/Prefabs/SM_Hedgerows.prefab","abc00000000015378966697802910927",1,1,2360,2360,0,0,0,0,0,2.335155,2.313454,4.669093,"Screenshots/AssetCatalog/Thumbnails/abc00000000015378966697802910927.png","rendered"
450,"prefab","HwaseongHaenggung","SM_Hedgerows_Arch","풀·관목 · SM_Hedgerows_Arch","식생/풀·관목","산길·마을·정원: 수종·계절·잎 알파·양면·LOD 확인","이름·폴더 기반 추정","Assets/HwaseongHaenggung/Prefabs/SM_Hedgerows_Arch.prefab","abc00000000009126998419721609882",1,1,2224,2224,0,0,0,0,0,1.931867,1.976508,4.23195,"Screenshots/AssetCatalog/Thumbnails/abc00000000009126998419721609882.png","rendered"
451,"prefab","HwaseongHaenggung","SM_Hongsalmun","행궁 대문·홍살문 · SM_Hongsalmun","건축 완성물/문루·대문","관아·역참·누정 후보: 실제 건물 용도 확인 후 선택; 주막 대체는 별도 판단","이름·폴더 기반 추정","Assets/HwaseongHaenggung/Prefabs/SM_Hongsalmun.prefab","abc00000000003144690576109497859",1,1,5472,5472,0,0,0,0,0,8.798781,7.446234,0.9381231,"Screenshots/AssetCatalog/Thumbnails/abc00000000003144690576109497859.png","rendered"
452,"prefab","HwaseongHaenggung","SM_Jeonsacheong","행궁 전각·누정 · SM_Jeonsacheong","건축 완성물/관아·누정","관아·역참·누정 후보: 실제 건물 용도 확인 후 선택; 주막 대체는 별도 판단","이름·폴더 기반 추정","Assets/HwaseongHaenggung/Prefabs/SM_Jeonsacheong.prefab","abc00000000001080904642613783493",1,1,522635,522635,0,0,0,0,0,9.808985,6.759454,26.79078,"Screenshots/AssetCatalog/Thumbnails/abc00000000001080904642613783493.png","rendered"
453,"prefab","HwaseongHaenggung","SM_Jibsacheong_1","행궁 전각·누정 · SM_Jibsacheong_1","건축 완성물/관아·누정","관아·역참·누정 후보: 실제 건물 용도 확인 후 선택; 주막 대체는 별도 판단","이름·폴더 기반 추정","Assets/HwaseongHaenggung/Prefabs/SM_Jibsacheong_1.prefab","abc00000000011158153716431148092",1,1,494567,494567,0,0,0,0,0,8.822451,7.662555,19.56799,"Screenshots/AssetCatalog/Thumbnails/abc00000000011158153716431148092.png","rendered"
454,"prefab","HwaseongHaenggung","SM_Jibsacheong_2","행궁 전각·누정 · SM_Jibsacheong_2","건축 완성물/관아·누정","관아·역참·누정 후보: 실제 건물 용도 확인 후 선택; 주막 대체는 별도 판단","이름·폴더 기반 추정","Assets/HwaseongHaenggung/Prefabs/SM_Jibsacheong_2.prefab","abc00000000012117899337129228855",1,1,482426,482426,0,0,0,0,0,8.818058,7.597992,19.58707,"Screenshots/AssetCatalog/Thumbnails/abc00000000012117899337129228855.png","rendered"
455,"prefab","HwaseongHaenggung","SM_Jungyangmun","행궁 대문·홍살문 · SM_Jungyangmun","건축 완성물/문루·대문","관아·역참·누정 후보: 실제 건물 용도 확인 후 선택; 주막 대체는 별도 판단","이름·폴더 기반 추정","Assets/HwaseongHaenggung/Prefabs/SM_Jungyangmun.prefab","abc00000000003894392530327704208",1,1,287220,287220,0,0,0,0,0,16.43863,8.024621,6.179391,"Screenshots/AssetCatalog/Thumbnails/abc00000000003894392530327704208.png","rendered"
456,"prefab","HwaseongHaenggung","SM_Jwaikmun","행궁 대문·홍살문 · SM_Jwaikmun","건축 완성물/문루·대문","관아·역참·누정 후보: 실제 건물 용도 확인 후 선택; 주막 대체는 별도 판단","이름·폴더 기반 추정","Assets/HwaseongHaenggung/Prefabs/SM_Jwaikmun.prefab","abc00000000011838876744939622483",1,1,287232,287232,0,0,0,0,0,16.43863,8.024621,6.179389,"Screenshots/AssetCatalog/Thumbnails/abc00000000011838876744939622483.png","rendered"
457,"prefab","HwaseongHaenggung","SM_Landscape_6","지형·산 메시 · SM_Landscape_6","암석·지형/지형·산","청림 산길·원경: 실루엣·노멀·LOD·먹 농도 조정","이름·폴더 기반 추정","Assets/HwaseongHaenggung/Prefabs/SM_Landscape_6.prefab","abc00000000004459619186259576499",1,1,3834054,3834054,0,0,0,0,0,1984.5,148.8594,2173.5,"Screenshots/AssetCatalog/Thumbnails/abc00000000004459619186259576499.png","rendered"
458,"prefab","HwaseongHaenggung","SM_LatticeSingle","문·창호·틀 · SM_LatticeSingle","건축 부재/문·창호","주막·역참·마을 조립 후보: 접합 규격·피벗·치수·재질 통일","이름·폴더 기반 추정","Assets/HwaseongHaenggung/Prefabs/SM_LatticeSingle.prefab","abc00000000003519005682829250737",1,1,376,376,0,0,0,0,0,0.2192121,0.7343213,1.766639,"Screenshots/AssetCatalog/Thumbnails/abc00000000003519005682829250737.png","rendered"
459,"prefab","HwaseongHaenggung","SM_M_Brickchimney_2","굴뚝 · SM_M_Brickchimney_2","건축 부재/굴뚝","주막·역참·마을 조립 후보: 접합 규격·피벗·치수·재질 통일","이름·폴더 기반 추정","Assets/HwaseongHaenggung/Prefabs/SM_M_Brickchimney_2.prefab","abc00000000016334428227921692478",1,1,36,36,0,0,0,0,0,0.9109738,5.922119,0.7626054,"Screenshots/AssetCatalog/Thumbnails/abc00000000016334428227921692478.png","rendered"
460,"prefab","HwaseongHaenggung","SM_M_Fish","물고기 모양 장식 · SM_M_Fish","생활 소품/장식","주막·역참·마을 후보: 실제 크기·생활 용도·시대 및 수묵 재질 확인","이름·폴더 기반 추정","Assets/HwaseongHaenggung/Prefabs/SM_M_Fish.prefab","abc00000000006038462196166682487",1,1,1412,1412,0,0,0,0,0,1.688883,1.160284,0.1792921,"Screenshots/AssetCatalog/Thumbnails/abc00000000006038462196166682487.png","rendered"
461,"prefab","HwaseongHaenggung","SM_M_GreenLog","통나무·목재 부재 · SM_M_GreenLog","건축 부재/목재","주막·역참·마을 조립 후보: 접합 규격·피벗·치수·재질 통일","이름·폴더 기반 추정","Assets/HwaseongHaenggung/Prefabs/SM_M_GreenLog.prefab","abc00000000009268749166854331020",1,1,12,12,0,0,0,0,0,0.177009,0.1364275,1.73673,"Screenshots/AssetCatalog/Thumbnails/abc00000000009268749166854331020.png","rendered"
462,"prefab","HwaseongHaenggung","SM_M_Handrail_1","난간·울타리 · SM_M_Handrail_1","건축 부재/난간·울타리","주막·역참·마을 조립 후보: 접합 규격·피벗·치수·재질 통일","이름·폴더 기반 추정","Assets/HwaseongHaenggung/Prefabs/SM_M_Handrail_1.prefab","abc00000000014881966956826573262",1,1,196,196,0,0,0,0,0,0.1164972,0.5700464,0.6772265,"Screenshots/AssetCatalog/Thumbnails/abc00000000014881966956826573262.png","rendered"
463,"prefab","HwaseongHaenggung","SM_M_Handrail_10","난간·울타리 · SM_M_Handrail_10","건축 부재/난간·울타리","주막·역참·마을 조립 후보: 접합 규격·피벗·치수·재질 통일","이름·폴더 기반 추정","Assets/HwaseongHaenggung/Prefabs/SM_M_Handrail_10.prefab","abc00000000014224589169100418482",1,1,1152,1152,0,0,0,0,0,0.08786561,0.7424355,2.907196,"Screenshots/AssetCatalog/Thumbnails/abc00000000014224589169100418482.png","rendered"
464,"prefab","HwaseongHaenggung","SM_M_Handrail_11","난간·울타리 · SM_M_Handrail_11","건축 부재/난간·울타리","주막·역참·마을 조립 후보: 접합 규격·피벗·치수·재질 통일","이름·폴더 기반 추정","Assets/HwaseongHaenggung/Prefabs/SM_M_Handrail_11.prefab","abc00000000013549073777929122939",1,1,44,44,0,0,0,0,0,0.1164972,0.5700464,0.6772265,"Screenshots/AssetCatalog/Thumbnails/abc00000000013549073777929122939.png","rendered"
465,"prefab","HwaseongHaenggung","SM_M_Handrail_1_1","난간·울타리 · SM_M_Handrail_1_1","건축 부재/난간·울타리","주막·역참·마을 조립 후보: 접합 규격·피벗·치수·재질 통일","이름·폴더 기반 추정","Assets/HwaseongHaenggung/Prefabs/SM_M_Handrail_1_1.prefab","abc00000000000230618419279987486",1,1,196,196,0,0,0,0,0,0.1164972,0.5700464,0.6772265,"Screenshots/AssetCatalog/Thumbnails/abc00000000000230618419279987486.png","rendered"
466,"prefab","HwaseongHaenggung","SM_M_Handrail_2","난간·울타리 · SM_M_Handrail_2","건축 부재/난간·울타리","주막·역참·마을 조립 후보: 접합 규격·피벗·치수·재질 통일","이름·폴더 기반 추정","Assets/HwaseongHaenggung/Prefabs/SM_M_Handrail_2.prefab","abc00000000001780396108557973461",1,1,240,240,0,0,0,0,0,0.1164972,0.7322803,0.6772265,"Screenshots/AssetCatalog/Thumbnails/abc00000000001780396108557973461.png","rendered"
467,"prefab","HwaseongHaenggung","SM_M_Handrail_3","난간·울타리 · SM_M_Handrail_3","건축 부재/난간·울타리","주막·역참·마을 조립 후보: 접합 규격·피벗·치수·재질 통일","이름·폴더 기반 추정","Assets/HwaseongHaenggung/Prefabs/SM_M_Handrail_3.prefab","abc00000000006548176855180404236",1,1,328,328,0,0,0,0,0,0.3875551,1.818828,0.2998761,"Screenshots/AssetCatalog/Thumbnails/abc00000000006548176855180404236.png","rendered"
468,"prefab","HwaseongHaenggung","SM_M_Handrail_4","난간·울타리 · SM_M_Handrail_4","건축 부재/난간·울타리","주막·역참·마을 조립 후보: 접합 규격·피벗·치수·재질 통일","이름·폴더 기반 추정","Assets/HwaseongHaenggung/Prefabs/SM_M_Handrail_4.prefab","abc00000000007487644741983884811",1,1,52,52,0,0,0,0,0,0.1391345,1.340707,0.1397833,"Screenshots/AssetCatalog/Thumbnails/abc00000000007487644741983884811.png","rendered"
469,"prefab","HwaseongHaenggung","SM_M_Handrail_5","난간·울타리 · SM_M_Handrail_5","건축 부재/난간·울타리","주막·역참·마을 조립 후보: 접합 규격·피벗·치수·재질 통일","이름·폴더 기반 추정","Assets/HwaseongHaenggung/Prefabs/SM_M_Handrail_5.prefab","abc00000000011181418605294091202",1,1,316,316,0,0,0,0,0,0.09109253,0.6964253,0.45677,"Screenshots/AssetCatalog/Thumbnails/abc00000000011181418605294091202.png","rendered"
470,"prefab","HwaseongHaenggung","SM_M_Handrail_6","난간·울타리 · SM_M_Handrail_6","건축 부재/난간·울타리","주막·역참·마을 조립 후보: 접합 규격·피벗·치수·재질 통일","이름·폴더 기반 추정","Assets/HwaseongHaenggung/Prefabs/SM_M_Handrail_6.prefab","abc00000000009086460483211570057",1,1,164,164,0,0,0,0,0,0.0947305,0.6964253,0.3797905,"Screenshots/AssetCatalog/Thumbnails/abc00000000009086460483211570057.png","rendered"
471,"prefab","HwaseongHaenggung","SM_M_Handrail_7","난간·울타리 · SM_M_Handrail_7","건축 부재/난간·울타리","주막·역참·마을 조립 후보: 접합 규격·피벗·치수·재질 통일","이름·폴더 기반 추정","Assets/HwaseongHaenggung/Prefabs/SM_M_Handrail_7.prefab","abc00000000009238291903939412096",1,1,44,44,0,0,0,0,0,0.1014933,0.818647,0.3721753,"Screenshots/AssetCatalog/Thumbnails/abc00000000009238291903939412096.png","rendered"
472,"prefab","HwaseongHaenggung","SM_M_Handrail_8","난간·울타리 · SM_M_Handrail_8","건축 부재/난간·울타리","주막·역참·마을 조립 후보: 접합 규격·피벗·치수·재질 통일","이름·폴더 기반 추정","Assets/HwaseongHaenggung/Prefabs/SM_M_Handrail_8.prefab","abc00000000008619923167857471567",1,1,44,44,0,0,0,0,0,0.2193805,0.3096749,0.4066217,"Screenshots/AssetCatalog/Thumbnails/abc00000000008619923167857471567.png","rendered"
473,"prefab","HwaseongHaenggung","SM_M_Handrail_9","난간·울타리 · SM_M_Handrail_9","건축 부재/난간·울타리","주막·역참·마을 조립 후보: 접합 규격·피벗·치수·재질 통일","이름·폴더 기반 추정","Assets/HwaseongHaenggung/Prefabs/SM_M_Handrail_9.prefab","abc00000000003708402163254065526",1,1,164,164,0,0,0,0,0,0.1302356,0.6541551,2.45072,"Screenshots/AssetCatalog/Thumbnails/abc00000000003708402163254065526.png","rendered"
474,"prefab","HwaseongHaenggung","SM_M_LatticeBig","문·창호·틀 · SM_M_LatticeBig","건축 부재/문·창호","주막·역참·마을 조립 후보: 접합 규격·피벗·치수·재질 통일","이름·폴더 기반 추정","Assets/HwaseongHaenggung/Prefabs/SM_M_LatticeBig.prefab","abc00000000007120080490555682069",1,1,812,812,0,0,0,0,0,0.2192121,1.612759,4.055256,"Screenshots/AssetCatalog/Thumbnails/abc00000000007120080490555682069.png","rendered"
475,"prefab","HwaseongHaenggung","SM_M_LatticeSmall","문·창호·틀 · SM_M_LatticeSmall","건축 부재/문·창호","주막·역참·마을 조립 후보: 접합 규격·피벗·치수·재질 통일","이름·폴더 기반 추정","Assets/HwaseongHaenggung/Prefabs/SM_M_LatticeSmall.prefab","abc00000000004020593676832669842",1,1,752,752,0,0,0,0,0,0.2192121,1.150893,3.956821,"Screenshots/AssetCatalog/Thumbnails/abc00000000004020593676832669842.png","rendered"
476,"prefab","HwaseongHaenggung","SM_M_Redlog","통나무·목재 부재 · SM_M_Redlog","건축 부재/목재","주막·역참·마을 조립 후보: 접합 규격·피벗·치수·재질 통일","이름·폴더 기반 추정","Assets/HwaseongHaenggung/Prefabs/SM_M_Redlog.prefab","abc00000000004011492073155235644",1,1,12,12,0,0,0,0,0,0.177009,0.1364275,1.73673,"Screenshots/AssetCatalog/Thumbnails/abc00000000004011492073155235644.png","rendered"
477,"prefab","HwaseongHaenggung","SM_M_Redlog_1","통나무·목재 부재 · SM_M_Redlog_1","건축 부재/목재","주막·역참·마을 조립 후보: 접합 규격·피벗·치수·재질 통일","이름·폴더 기반 추정","Assets/HwaseongHaenggung/Prefabs/SM_M_Redlog_1.prefab","abc00000000012267766973957695080",1,1,12,12,0,0,0,0,0,0.177009,0.1364275,1.73673,"Screenshots/AssetCatalog/Thumbnails/abc00000000012267766973957695080.png","rendered"
478,"prefab","HwaseongHaenggung","SM_M_Redlog_2","통나무·목재 부재 · SM_M_Redlog_2","건축 부재/목재","주막·역참·마을 조립 후보: 접합 규격·피벗·치수·재질 통일","이름·폴더 기반 추정","Assets/HwaseongHaenggung/Prefabs/SM_M_Redlog_2.prefab","abc00000000010090051427284741939",1,1,12,12,0,0,0,0,0,0.177009,0.1364275,1.73673,"Screenshots/AssetCatalog/Thumbnails/abc00000000010090051427284741939.png","rendered"
479,"prefab","HwaseongHaenggung","SM_M_SteppingStones","계단·디딤돌 · SM_M_SteppingStones","건축 부재/계단·디딤돌","주막·역참·마을 조립 후보: 접합 규격·피벗·치수·재질 통일","이름·폴더 기반 추정","Assets/HwaseongHaenggung/Prefabs/SM_M_SteppingStones.prefab","abc00000000010994572018960371533",1,1,12,12,0,0,0,0,0,0.4193023,0.2971006,1.095978,"Screenshots/AssetCatalog/Thumbnails/abc00000000010994572018960371533.png","rendered"
480,"prefab","HwaseongHaenggung","SM_M_Stonewaterway","받침·수로 · SM_M_Stonewaterway","건축 부재/기단·수로","주막·역참·마을 조립 후보: 접합 규격·피벗·치수·재질 통일","이름·폴더 기반 추정","Assets/HwaseongHaenggung/Prefabs/SM_M_Stonewaterway.prefab","abc00000000017662281362156973302",1,1,130,130,0,0,0,0,0,0.3531863,0.5101256,0.6337041,"Screenshots/AssetCatalog/Thumbnails/abc00000000017662281362156973302.png","rendered"
481,"prefab","HwaseongHaenggung","SM_M_Treefence","난간·울타리 · SM_M_Treefence","건축 부재/난간·울타리","주막·역참·마을 조립 후보: 접합 규격·피벗·치수·재질 통일","이름·폴더 기반 추정","Assets/HwaseongHaenggung/Prefabs/SM_M_Treefence.prefab","abc00000000001168198612167000660",1,1,1500,1500,0,0,0,0,0,0.5867511,1.747446,2.399851,"Screenshots/AssetCatalog/Thumbnails/abc00000000001168198612167000660.png","rendered"
482,"prefab","HwaseongHaenggung","SM_M_WoodLog","통나무·목재 부재 · SM_M_WoodLog","건축 부재/목재","주막·역참·마을 조립 후보: 접합 규격·피벗·치수·재질 통일","이름·폴더 기반 추정","Assets/HwaseongHaenggung/Prefabs/SM_M_WoodLog.prefab","abc00000000004613101367141639172",1,1,12,12,0,0,0,0,0,0.177009,0.1364275,1.73673,"Screenshots/AssetCatalog/Thumbnails/abc00000000004613101367141639172.png","rendered"
483,"prefab","HwaseongHaenggung","SM_M_WoodenBox","나무 상자 · SM_M_WoodenBox","생활 소품/수납","주막·역참·마을 후보: 실제 크기·생활 용도·시대 및 수묵 재질 확인","이름·폴더 기반 추정","Assets/HwaseongHaenggung/Prefabs/SM_M_WoodenBox.prefab","abc00000000000743604333395126166",1,1,484,484,0,0,0,0,0,1.196034,1.28009,1.248703,"Screenshots/AssetCatalog/Thumbnails/abc00000000000743604333395126166.png","rendered"
484,"prefab","HwaseongHaenggung","SM_M_brickchimney_1_1","굴뚝 · SM_M_brickchimney_1_1","건축 부재/굴뚝","주막·역참·마을 조립 후보: 접합 규격·피벗·치수·재질 통일","이름·폴더 기반 추정","Assets/HwaseongHaenggung/Prefabs/SM_M_brickchimney_1_1.prefab","abc00000000015540390517851129337",1,1,48,48,0,0,0,0,0,1.13919,0.9834461,4.399846,"Screenshots/AssetCatalog/Thumbnails/abc00000000015540390517851129337.png","rendered"
485,"prefab","HwaseongHaenggung","SM_M_brickchimney_1_2","굴뚝 · SM_M_brickchimney_1_2","건축 부재/굴뚝","주막·역참·마을 조립 후보: 접합 규격·피벗·치수·재질 통일","이름·폴더 기반 추정","Assets/HwaseongHaenggung/Prefabs/SM_M_brickchimney_1_2.prefab","abc00000000018150902361264649138",1,1,108,108,0,0,0,0,0,1.139701,5.227947,1.0997,"Screenshots/AssetCatalog/Thumbnails/abc00000000018150902361264649138.png","rendered"
486,"prefab","HwaseongHaenggung","SM_M_hangingdoor_1","문·창호·틀 · SM_M_hangingdoor_1","건축 부재/문·창호","주막·역참·마을 조립 후보: 접합 규격·피벗·치수·재질 통일","이름·폴더 기반 추정","Assets/HwaseongHaenggung/Prefabs/SM_M_hangingdoor_1.prefab","abc00000000002068728503499340523",1,1,5352,5352,0,0,0,0,0,2.494501,4.201594,0.8178912,"Screenshots/AssetCatalog/Thumbnails/abc00000000002068728503499340523.png","rendered"
487,"prefab","HwaseongHaenggung","SM_M_hangingdoor_2","문·창호·틀 · SM_M_hangingdoor_2","건축 부재/문·창호","주막·역참·마을 조립 후보: 접합 규격·피벗·치수·재질 통일","이름·폴더 기반 추정","Assets/HwaseongHaenggung/Prefabs/SM_M_hangingdoor_2.prefab","abc00000000003412532910953361376",1,1,5340,5340,0,0,0,0,0,2.494501,4.201594,0.8171048,"Screenshots/AssetCatalog/Thumbnails/abc00000000003412532910953361376.png","rendered"
488,"prefab","HwaseongHaenggung","SM_Mirohanjeong","행궁 전각·누정 · SM_Mirohanjeong","건축 완성물/관아·누정","관아·역참·누정 후보: 실제 건물 용도 확인 후 선택; 주막 대체는 별도 판단","이름·폴더 기반 추정","Assets/HwaseongHaenggung/Prefabs/SM_Mirohanjeong.prefab","abc00000000005312525850846534258",1,1,79158,79158,0,0,0,0,0,7.500664,8.421701,8.538466,"Screenshots/AssetCatalog/Thumbnails/abc00000000005312525850846534258.png","rendered"
489,"prefab","HwaseongHaenggung","SM_Naeposa","행궁 전각·누정 · SM_Naeposa","건축 완성물/관아·누정","관아·역참·누정 후보: 실제 건물 용도 확인 후 선택; 주막 대체는 별도 판단","이름·폴더 기반 추정","Assets/HwaseongHaenggung/Prefabs/SM_Naeposa.prefab","abc00000000016407137830406637880",1,1,9113,9113,0,0,0,0,0,6.233018,6.672558,8.74207,"Screenshots/AssetCatalog/Thumbnails/abc00000000016407137830406637880.png","rendered"
490,"prefab","HwaseongHaenggung","SM_Naesanmun","행궁 대문·홍살문 · SM_Naesanmun","건축 완성물/문루·대문","관아·역참·누정 후보: 실제 건물 용도 확인 후 선택; 주막 대체는 별도 판단","이름·폴더 기반 추정","Assets/HwaseongHaenggung/Prefabs/SM_Naesanmun.prefab","abc00000000004684413546007033601",1,1,195080,195080,0,0,0,0,0,12.56634,7.934518,7.926528,"Screenshots/AssetCatalog/Thumbnails/abc00000000004684413546007033601.png","rendered"
491,"prefab","HwaseongHaenggung","SM_Naknamhyeon","행궁 전각·누정 · SM_Naknamhyeon","건축 완성물/관아·누정","관아·역참·누정 후보: 실제 건물 용도 확인 후 선택; 주막 대체는 별도 판단","이름·폴더 기반 추정","Assets/HwaseongHaenggung/Prefabs/SM_Naknamhyeon.prefab","abc00000000008055430676392737176",1,1,1059992,1059992,0,0,0,0,0,33.06046,13.57422,25.03945,"Screenshots/AssetCatalog/Thumbnails/abc00000000008055430676392737176.png","rendered"
492,"prefab","HwaseongHaenggung","SM_Namgunyeong","행궁 전각·누정 · SM_Namgunyeong","건축 완성물/관아·누정","관아·역참·누정 후보: 실제 건물 용도 확인 후 선택; 주막 대체는 별도 판단","이름·폴더 기반 추정","Assets/HwaseongHaenggung/Prefabs/SM_Namgunyeong.prefab","abc00000000016872546054503139529",1,1,585090,585090,0,0,0,0,0,19.37688,8.326438,10.30016,"Screenshots/AssetCatalog/Thumbnails/abc00000000016872546054503139529.png","rendered"
493,"prefab","HwaseongHaenggung","SM_Oijeong","행궁 전각·누정 · SM_Oijeong","건축 완성물/관아·누정","관아·역참·누정 후보: 실제 건물 용도 확인 후 선택; 주막 대체는 별도 판단","이름·폴더 기반 추정","Assets/HwaseongHaenggung/Prefabs/SM_Oijeong.prefab","abc00000000015845305284585794552",1,1,1890,1890,0,0,0,0,0,5.535857,1.848248,5.535859,"Screenshots/AssetCatalog/Thumbnails/abc00000000015845305284585794552.png","rendered"
494,"prefab","HwaseongHaenggung","SM_Oijeongriso","행궁 전각·누정 · SM_Oijeongriso","건축 완성물/관아·누정","관아·역참·누정 후보: 실제 건물 용도 확인 후 선택; 주막 대체는 별도 판단","이름·폴더 기반 추정","Assets/HwaseongHaenggung/Prefabs/SM_Oijeongriso.prefab","abc00000000006992812564618042333",1,1,312261,312261,0,0,0,0,0,10.70911,8.505036,13.99019,"Screenshots/AssetCatalog/Thumbnails/abc00000000006992812564618042333.png","rendered"
495,"prefab","HwaseongHaenggung","SM_Oisamun","행궁 대문·홍살문 · SM_Oisamun","건축 완성물/문루·대문","관아·역참·누정 후보: 실제 건물 용도 확인 후 선택; 주막 대체는 별도 판단","이름·폴더 기반 추정","Assets/HwaseongHaenggung/Prefabs/SM_Oisamun.prefab","abc00000000011131039943319646943",1,1,232887,232887,0,0,0,0,0,18.79463,8.336864,8.334238,"Screenshots/AssetCatalog/Thumbnails/abc00000000011131039943319646943.png","rendered"
496,"prefab","HwaseongHaenggung","SM_P_Intwhite","기둥 · SM_P_Intwhite","건축 부재/기둥","주막·역참·마을 조립 후보: 접합 규격·피벗·치수·재질 통일","이름·폴더 기반 추정","Assets/HwaseongHaenggung/Prefabs/SM_P_Intwhite.prefab","abc00000000010490917766132323188",1,1,12,12,0,0,0,0,0,0.2034952,3.337868,0.2034954,"Screenshots/AssetCatalog/Thumbnails/abc00000000010490917766132323188.png","rendered"
497,"prefab","HwaseongHaenggung","SM_P_Wood_1","기둥 · SM_P_Wood_1","건축 부재/기둥","주막·역참·마을 조립 후보: 접합 규격·피벗·치수·재질 통일","이름·폴더 기반 추정","Assets/HwaseongHaenggung/Prefabs/SM_P_Wood_1.prefab","abc00000000007512940103411376045",1,1,78,78,0,0,0,0,0,0.4822224,4.97941,0.4822223,"Screenshots/AssetCatalog/Thumbnails/abc00000000007512940103411376045.png","rendered"
498,"prefab","HwaseongHaenggung","SM_P_Wood_2","기둥 · SM_P_Wood_2","건축 부재/기둥","주막·역참·마을 조립 후보: 접합 규격·피벗·치수·재질 통일","이름·폴더 기반 추정","Assets/HwaseongHaenggung/Prefabs/SM_P_Wood_2.prefab","abc00000000000513634960575644230",1,1,28,28,0,0,0,0,0,0.3706714,3.852905,0.3706743,"Screenshots/AssetCatalog/Thumbnails/abc00000000000513634960575644230.png","rendered"
499,"prefab","HwaseongHaenggung","SM_P_Wood_2_1","기둥 · SM_P_Wood_2_1","건축 부재/기둥","주막·역참·마을 조립 후보: 접합 규격·피벗·치수·재질 통일","이름·폴더 기반 추정","Assets/HwaseongHaenggung/Prefabs/SM_P_Wood_2_1.prefab","abc00000000016458238591147459206",1,1,28,28,0,0,0,0,0,0.3706714,3.852905,0.3706743,"Screenshots/AssetCatalog/Thumbnails/abc00000000016458238591147459206.png","rendered"
500,"prefab","HwaseongHaenggung","SM_P_Wood_3","기둥 · SM_P_Wood_3","건축 부재/기둥","주막·역참·마을 조립 후보: 접합 규격·피벗·치수·재질 통일","이름·폴더 기반 추정","Assets/HwaseongHaenggung/Prefabs/SM_P_Wood_3.prefab","abc00000000012926346471153915935",1,1,12,12,0,0,0,0,0,0.3202838,2.976066,0.3202838,"Screenshots/AssetCatalog/Thumbnails/abc00000000012926346471153915935.png","rendered"
501,"prefab","HwaseongHaenggung","SM_P_Wood_4","기둥 · SM_P_Wood_4","건축 부재/기둥","주막·역참·마을 조립 후보: 접합 규격·피벗·치수·재질 통일","이름·폴더 기반 추정","Assets/HwaseongHaenggung/Prefabs/SM_P_Wood_4.prefab","abc00000000004006996100224685208",1,1,78,78,0,0,0,0,0,0.4822227,4.97941,0.4822223,"Screenshots/AssetCatalog/Thumbnails/abc00000000004006996100224685208.png","rendered"
502,"prefab","HwaseongHaenggung","SM_Punghuadang","행궁 전각·누정 · SM_Punghuadang","건축 완성물/관아·누정","관아·역참·누정 후보: 실제 건물 용도 확인 후 선택; 주막 대체는 별도 판단","이름·폴더 기반 추정","Assets/HwaseongHaenggung/Prefabs/SM_Punghuadang.prefab","abc00000000010036240464032319325",1,1,410470,410470,0,0,0,0,0,10.23116,7.193288,19.45667,"Screenshots/AssetCatalog/Thumbnails/abc00000000010036240464032319325.png","rendered"
503,"prefab","HwaseongHaenggung","SM_R_BeamRoof_1","보·지붕 지지 부재 · SM_R_BeamRoof_1","건축 부재/보·도리·서까래","주막·역참·마을 조립 후보: 접합 규격·피벗·치수·재질 통일","이름·폴더 기반 추정","Assets/HwaseongHaenggung/Prefabs/SM_R_BeamRoof_1.prefab","abc00000000012589694055866984271",1,1,2132,2132,0,0,0,0,0,2.287542,1.189893,2.210232,"Screenshots/AssetCatalog/Thumbnails/abc00000000012589694055866984271.png","rendered"
504,"prefab","HwaseongHaenggung","SM_R_BeamRoof_10","보·지붕 지지 부재 · SM_R_BeamRoof_10","건축 부재/보·도리·서까래","주막·역참·마을 조립 후보: 접합 규격·피벗·치수·재질 통일","이름·폴더 기반 추정","Assets/HwaseongHaenggung/Prefabs/SM_R_BeamRoof_10.prefab","abc00000000011844680083355061229",1,1,2720,2720,0,0,0,0,0,2.31035,0.8845198,2.072319,"Screenshots/AssetCatalog/Thumbnails/abc00000000011844680083355061229.png","rendered"
505,"prefab","HwaseongHaenggung","SM_R_BeamRoof_11","보·지붕 지지 부재 · SM_R_BeamRoof_11","건축 부재/보·도리·서까래","주막·역참·마을 조립 후보: 접합 규격·피벗·치수·재질 통일","이름·폴더 기반 추정","Assets/HwaseongHaenggung/Prefabs/SM_R_BeamRoof_11.prefab","abc00000000009523103960711028676",1,1,2720,2720,0,0,0,0,0,2.07232,0.8845198,2.31035,"Screenshots/AssetCatalog/Thumbnails/abc00000000009523103960711028676.png","rendered"
506,"prefab","HwaseongHaenggung","SM_R_BeamRoof_12","보·지붕 지지 부재 · SM_R_BeamRoof_12","건축 부재/보·도리·서까래","주막·역참·마을 조립 후보: 접합 규격·피벗·치수·재질 통일","이름·폴더 기반 추정","Assets/HwaseongHaenggung/Prefabs/SM_R_BeamRoof_12.prefab","abc00000000016628999044462491999",1,1,2720,2720,0,0,0,0,0,2.363983,1.035365,2.584379,"Screenshots/AssetCatalog/Thumbnails/abc00000000016628999044462491999.png","rendered"
507,"prefab","HwaseongHaenggung","SM_R_BeamRoof_13","보·지붕 지지 부재 · SM_R_BeamRoof_13","건축 부재/보·도리·서까래","주막·역참·마을 조립 후보: 접합 규격·피벗·치수·재질 통일","이름·폴더 기반 추정","Assets/HwaseongHaenggung/Prefabs/SM_R_BeamRoof_13.prefab","abc00000000004600491710732617094",1,1,2720,2720,0,0,0,0,0,2.416336,1.035365,2.537465,"Screenshots/AssetCatalog/Thumbnails/abc00000000004600491710732617094.png","rendered"
508,"prefab","HwaseongHaenggung","SM_R_BeamRoof_14","보·지붕 지지 부재 · SM_R_BeamRoof_14","건축 부재/보·도리·서까래","주막·역참·마을 조립 후보: 접합 규격·피벗·치수·재질 통일","이름·폴더 기반 추정","Assets/HwaseongHaenggung/Prefabs/SM_R_BeamRoof_14.prefab","abc00000000015892021135992759713",1,1,2720,2720,0,0,0,0,0,2.07232,0.8845198,2.31035,"Screenshots/AssetCatalog/Thumbnails/abc00000000015892021135992759713.png","rendered"
509,"prefab","HwaseongHaenggung","SM_R_BeamRoof_15","보·지붕 지지 부재 · SM_R_BeamRoof_15","건축 부재/보·도리·서까래","주막·역참·마을 조립 후보: 접합 규격·피벗·치수·재질 통일","이름·폴더 기반 추정","Assets/HwaseongHaenggung/Prefabs/SM_R_BeamRoof_15.prefab","abc00000000015314146258798913240",1,1,2720,2720,0,0,0,0,0,2.959288,1.137291,2.653265,"Screenshots/AssetCatalog/Thumbnails/abc00000000015314146258798913240.png","rendered"
510,"prefab","HwaseongHaenggung","SM_R_BeamRoof_16","보·지붕 지지 부재 · SM_R_BeamRoof_16","건축 부재/보·도리·서까래","주막·역참·마을 조립 후보: 접합 규격·피벗·치수·재질 통일","이름·폴더 기반 추정","Assets/HwaseongHaenggung/Prefabs/SM_R_BeamRoof_16.prefab","abc00000000003417610272619220963",1,1,4658,4658,0,0,0,0,0,3.681843,1.362057,3.800803,"Screenshots/AssetCatalog/Thumbnails/abc00000000003417610272619220963.png","rendered"
511,"prefab","HwaseongHaenggung","SM_R_BeamRoof_17","보·지붕 지지 부재 · SM_R_BeamRoof_17","건축 부재/보·도리·서까래","주막·역참·마을 조립 후보: 접합 규격·피벗·치수·재질 통일","이름·폴더 기반 추정","Assets/HwaseongHaenggung/Prefabs/SM_R_BeamRoof_17.prefab","abc00000000011296542052742891930",1,1,2816,2816,0,0,0,0,0,2.762657,2.972255,2.753916,"Screenshots/AssetCatalog/Thumbnails/abc00000000011296542052742891930.png","rendered"
512,"prefab","HwaseongHaenggung","SM_R_BeamRoof_18","보·지붕 지지 부재 · SM_R_BeamRoof_18","건축 부재/보·도리·서까래","주막·역참·마을 조립 후보: 접합 규격·피벗·치수·재질 통일","이름·폴더 기반 추정","Assets/HwaseongHaenggung/Prefabs/SM_R_BeamRoof_18.prefab","abc00000000011570129958282891301",1,1,1357,1357,0,0,0,0,0,2.924111,1.682894,2.891464,"Screenshots/AssetCatalog/Thumbnails/abc00000000011570129958282891301.png","rendered"
513,"prefab","HwaseongHaenggung","SM_R_BeamRoof_19","보·지붕 지지 부재 · SM_R_BeamRoof_19","건축 부재/보·도리·서까래","주막·역참·마을 조립 후보: 접합 규격·피벗·치수·재질 통일","이름·폴더 기반 추정","Assets/HwaseongHaenggung/Prefabs/SM_R_BeamRoof_19.prefab","abc00000000004912468233961637852",1,1,2198,2198,0,0,0,0,0,3.045971,1.361891,3.004699,"Screenshots/AssetCatalog/Thumbnails/abc00000000004912468233961637852.png","rendered"
514,"prefab","HwaseongHaenggung","SM_R_BeamRoof_2","보·지붕 지지 부재 · SM_R_BeamRoof_2","건축 부재/보·도리·서까래","주막·역참·마을 조립 후보: 접합 규격·피벗·치수·재질 통일","이름·폴더 기반 추정","Assets/HwaseongHaenggung/Prefabs/SM_R_BeamRoof_2.prefab","abc00000000012508953666580825908",1,1,504,504,0,0,0,0,0,2.751924,1.393274,2.64469,"Screenshots/AssetCatalog/Thumbnails/abc00000000012508953666580825908.png","rendered"
515,"prefab","HwaseongHaenggung","SM_R_BeamRoof_20","보·지붕 지지 부재 · SM_R_BeamRoof_20","건축 부재/보·도리·서까래","주막·역참·마을 조립 후보: 접합 규격·피벗·치수·재질 통일","이름·폴더 기반 추정","Assets/HwaseongHaenggung/Prefabs/SM_R_BeamRoof_20.prefab","abc00000000014377908841275353404",1,1,2164,2164,0,0,0,0,0,3.229613,2.787521,3.469101,"Screenshots/AssetCatalog/Thumbnails/abc00000000014377908841275353404.png","rendered"
516,"prefab","HwaseongHaenggung","SM_R_BeamRoof_3","보·지붕 지지 부재 · SM_R_BeamRoof_3","건축 부재/보·도리·서까래","주막·역참·마을 조립 후보: 접합 규격·피벗·치수·재질 통일","이름·폴더 기반 추정","Assets/HwaseongHaenggung/Prefabs/SM_R_BeamRoof_3.prefab","abc00000000002555404197303877725",1,1,2102,2102,0,0,0,0,0,2.174958,2.230389,2.157974,"Screenshots/AssetCatalog/Thumbnails/abc00000000002555404197303877725.png","rendered"
517,"prefab","HwaseongHaenggung","SM_R_BeamRoof_4","보·지붕 지지 부재 · SM_R_BeamRoof_4","건축 부재/보·도리·서까래","주막·역참·마을 조립 후보: 접합 규격·피벗·치수·재질 통일","이름·폴더 기반 추정","Assets/HwaseongHaenggung/Prefabs/SM_R_BeamRoof_4.prefab","abc00000000009022005519525593546",1,1,2494,2494,0,0,0,0,0,3.011917,2.916481,3.008093,"Screenshots/AssetCatalog/Thumbnails/abc00000000009022005519525593546.png","rendered"
518,"prefab","HwaseongHaenggung","SM_R_BeamRoof_5","보·지붕 지지 부재 · SM_R_BeamRoof_5","건축 부재/보·도리·서까래","주막·역참·마을 조립 후보: 접합 규격·피벗·치수·재질 통일","이름·폴더 기반 추정","Assets/HwaseongHaenggung/Prefabs/SM_R_BeamRoof_5.prefab","abc00000000008434701018041626067",1,1,5792,5792,0,0,0,0,0,4.543281,1.718389,5.465739,"Screenshots/AssetCatalog/Thumbnails/abc00000000008434701018041626067.png","rendered"
519,"prefab","HwaseongHaenggung","SM_R_BeamRoof_6","보·지붕 지지 부재 · SM_R_BeamRoof_6","건축 부재/보·도리·서까래","주막·역참·마을 조립 후보: 접합 규격·피벗·치수·재질 통일","이름·폴더 기반 추정","Assets/HwaseongHaenggung/Prefabs/SM_R_BeamRoof_6.prefab","abc00000000017977153332755402760",1,1,1552,1552,0,0,0,0,0,2.874609,1.284841,3.040669,"Screenshots/AssetCatalog/Thumbnails/abc00000000017977153332755402760.png","rendered"
520,"prefab","HwaseongHaenggung","SM_R_BeamRoof_7","보·지붕 지지 부재 · SM_R_BeamRoof_7","건축 부재/보·도리·서까래","주막·역참·마을 조립 후보: 접합 규격·피벗·치수·재질 통일","이름·폴더 기반 추정","Assets/HwaseongHaenggung/Prefabs/SM_R_BeamRoof_7.prefab","abc00000000012592251258247087633",1,1,1357,1357,0,0,0,0,0,1.775389,2.010782,2.757515,"Screenshots/AssetCatalog/Thumbnails/abc00000000012592251258247087633.png","rendered"
521,"prefab","HwaseongHaenggung","SM_R_BeamRoof_8","보·지붕 지지 부재 · SM_R_BeamRoof_8","건축 부재/보·도리·서까래","주막·역참·마을 조립 후보: 접합 규격·피벗·치수·재질 통일","이름·폴더 기반 추정","Assets/HwaseongHaenggung/Prefabs/SM_R_BeamRoof_8.prefab","abc00000000000404993771126534350",1,1,1299,1299,0,0,0,0,0,3.123557,1.952527,3.123556,"Screenshots/AssetCatalog/Thumbnails/abc00000000000404993771126534350.png","rendered"
522,"prefab","HwaseongHaenggung","SM_R_BeamRoof_9","보·지붕 지지 부재 · SM_R_BeamRoof_9","건축 부재/보·도리·서까래","주막·역참·마을 조립 후보: 접합 규격·피벗·치수·재질 통일","이름·폴더 기반 추정","Assets/HwaseongHaenggung/Prefabs/SM_R_BeamRoof_9.prefab","abc00000000007725177405080016327",1,1,4658,4658,0,0,0,0,0,4.093839,1.610682,4.093839,"Screenshots/AssetCatalog/Thumbnails/abc00000000007725177405080016327.png","rendered"
523,"prefab","HwaseongHaenggung","SM_R_Beam_1","보·지붕 지지 부재 · SM_R_Beam_1","건축 부재/보·도리·서까래","주막·역참·마을 조립 후보: 접합 규격·피벗·치수·재질 통일","이름·폴더 기반 추정","Assets/HwaseongHaenggung/Prefabs/SM_R_Beam_1.prefab","abc00000000011037201790311162469",1,1,743,743,0,0,0,0,0,1.964851,1.013526,0.4685394,"Screenshots/AssetCatalog/Thumbnails/abc00000000011037201790311162469.png","rendered"
524,"prefab","HwaseongHaenggung","SM_R_Beam_10","보·지붕 지지 부재 · SM_R_Beam_10","건축 부재/보·도리·서까래","주막·역참·마을 조립 후보: 접합 규격·피벗·치수·재질 통일","이름·폴더 기반 추정","Assets/HwaseongHaenggung/Prefabs/SM_R_Beam_10.prefab","abc00000000006941028642749610815",1,1,1120,1120,0,0,0,0,0,4.456176,0.8271923,0.3283905,"Screenshots/AssetCatalog/Thumbnails/abc00000000006941028642749610815.png","rendered"
525,"prefab","HwaseongHaenggung","SM_R_Beam_11","보·지붕 지지 부재 · SM_R_Beam_11","건축 부재/보·도리·서까래","주막·역참·마을 조립 후보: 접합 규격·피벗·치수·재질 통일","이름·폴더 기반 추정","Assets/HwaseongHaenggung/Prefabs/SM_R_Beam_11.prefab","abc00000000014618546408759020262",1,1,738,738,0,0,0,0,0,4.125976,0.8717989,0.3283908,"Screenshots/AssetCatalog/Thumbnails/abc00000000014618546408759020262.png","rendered"
526,"prefab","HwaseongHaenggung","SM_R_Beam_12","보·지붕 지지 부재 · SM_R_Beam_12","건축 부재/보·도리·서까래","주막·역참·마을 조립 후보: 접합 규격·피벗·치수·재질 통일","이름·폴더 기반 추정","Assets/HwaseongHaenggung/Prefabs/SM_R_Beam_12.prefab","abc00000000016018235082653165389",1,1,966,966,0,0,0,0,0,2.232131,0.871799,0.3283899,"Screenshots/AssetCatalog/Thumbnails/abc00000000016018235082653165389.png","rendered"
527,"prefab","HwaseongHaenggung","SM_R_Beam_13","보·지붕 지지 부재 · SM_R_Beam_13","건축 부재/보·도리·서까래","주막·역참·마을 조립 후보: 접합 규격·피벗·치수·재질 통일","이름·폴더 기반 추정","Assets/HwaseongHaenggung/Prefabs/SM_R_Beam_13.prefab","abc00000000012460186197381861156",1,1,966,966,0,0,0,0,0,2.240466,0.871799,0.3283905,"Screenshots/AssetCatalog/Thumbnails/abc00000000012460186197381861156.png","rendered"
528,"prefab","HwaseongHaenggung","SM_R_Beam_14","보·지붕 지지 부재 · SM_R_Beam_14","건축 부재/보·도리·서까래","주막·역참·마을 조립 후보: 접합 규격·피벗·치수·재질 통일","이름·폴더 기반 추정","Assets/HwaseongHaenggung/Prefabs/SM_R_Beam_14.prefab","abc00000000000347951810870138307",1,1,738,738,0,0,0,0,0,3.376106,0.8717989,0.3283911,"Screenshots/AssetCatalog/Thumbnails/abc00000000000347951810870138307.png","rendered"
529,"prefab","HwaseongHaenggung","SM_R_Beam_15","보·지붕 지지 부재 · SM_R_Beam_15","건축 부재/보·도리·서까래","주막·역참·마을 조립 후보: 접합 규격·피벗·치수·재질 통일","이름·폴더 기반 추정","Assets/HwaseongHaenggung/Prefabs/SM_R_Beam_15.prefab","abc00000000008973308419070834298",1,1,966,966,0,0,0,0,0,2.323451,0.871799,0.3283899,"Screenshots/AssetCatalog/Thumbnails/abc00000000008973308419070834298.png","rendered"
530,"prefab","HwaseongHaenggung","SM_R_Beam_16","보·지붕 지지 부재 · SM_R_Beam_16","건축 부재/보·도리·서까래","주막·역참·마을 조립 후보: 접합 규격·피벗·치수·재질 통일","이름·폴더 기반 추정","Assets/HwaseongHaenggung/Prefabs/SM_R_Beam_16.prefab","abc00000000018445180670792017409",1,1,738,738,0,0,0,0,0,5.568586,0.871799,0.3283905,"Screenshots/AssetCatalog/Thumbnails/abc00000000018445180670792017409.png","rendered"
531,"prefab","HwaseongHaenggung","SM_R_Beam_17","보·지붕 지지 부재 · SM_R_Beam_17","건축 부재/보·도리·서까래","주막·역참·마을 조립 후보: 접합 규격·피벗·치수·재질 통일","이름·폴더 기반 추정","Assets/HwaseongHaenggung/Prefabs/SM_R_Beam_17.prefab","abc00000000018112189023384883256",1,1,738,738,0,0,0,0,0,2.718004,0.871799,0.3283905,"Screenshots/AssetCatalog/Thumbnails/abc00000000018112189023384883256.png","rendered"
532,"prefab","HwaseongHaenggung","SM_R_Beam_18","보·지붕 지지 부재 · SM_R_Beam_18","건축 부재/보·도리·서까래","주막·역참·마을 조립 후보: 접합 규격·피벗·치수·재질 통일","이름·폴더 기반 추정","Assets/HwaseongHaenggung/Prefabs/SM_R_Beam_18.prefab","abc00000000015014910228527963831",1,1,738,738,0,0,0,0,0,3.762258,0.8717987,0.3283905,"Screenshots/AssetCatalog/Thumbnails/abc00000000015014910228527963831.png","rendered"
533,"prefab","HwaseongHaenggung","SM_R_Beam_19","보·지붕 지지 부재 · SM_R_Beam_19","건축 부재/보·도리·서까래","주막·역참·마을 조립 후보: 접합 규격·피벗·치수·재질 통일","이름·폴더 기반 추정","Assets/HwaseongHaenggung/Prefabs/SM_R_Beam_19.prefab","abc00000000005280223173019252990",1,1,68,68,0,0,0,0,0,2.466297,1.022751,0.2322144,"Screenshots/AssetCatalog/Thumbnails/abc00000000005280223173019252990.png","rendered"
534,"prefab","HwaseongHaenggung","SM_R_Beam_2","보·지붕 지지 부재 · SM_R_Beam_2","건축 부재/보·도리·서까래","주막·역참·마을 조립 후보: 접합 규격·피벗·치수·재질 통일","이름·폴더 기반 추정","Assets/HwaseongHaenggung/Prefabs/SM_R_Beam_2.prefab","abc00000000001565611013566801374",1,1,684,684,0,0,0,0,0,2.648985,0.7075161,0.3359143,"Screenshots/AssetCatalog/Thumbnails/abc00000000001565611013566801374.png","rendered"
535,"prefab","HwaseongHaenggung","SM_R_Beam_20","보·지붕 지지 부재 · SM_R_Beam_20","건축 부재/보·도리·서까래","주막·역참·마을 조립 후보: 접합 규격·피벗·치수·재질 통일","이름·폴더 기반 추정","Assets/HwaseongHaenggung/Prefabs/SM_R_Beam_20.prefab","abc00000000008196187637523971970",1,1,444,444,0,0,0,0,0,3.571193,0.9748645,0.4143966,"Screenshots/AssetCatalog/Thumbnails/abc00000000008196187637523971970.png","rendered"
536,"prefab","HwaseongHaenggung","SM_R_Beam_21","보·지붕 지지 부재 · SM_R_Beam_21","건축 부재/보·도리·서까래","주막·역참·마을 조립 후보: 접합 규격·피벗·치수·재질 통일","이름·폴더 기반 추정","Assets/HwaseongHaenggung/Prefabs/SM_R_Beam_21.prefab","abc00000000009349468891836625867",1,1,1284,1284,0,0,0,0,0,5.255164,1.257049,1.598153,"Screenshots/AssetCatalog/Thumbnails/abc00000000009349468891836625867.png","rendered"
537,"prefab","HwaseongHaenggung","SM_R_Beam_22","보·지붕 지지 부재 · SM_R_Beam_22","건축 부재/보·도리·서까래","주막·역참·마을 조립 후보: 접합 규격·피벗·치수·재질 통일","이름·폴더 기반 추정","Assets/HwaseongHaenggung/Prefabs/SM_R_Beam_22.prefab","abc00000000011100397528768975168",1,1,252,252,0,0,0,0,0,0.2605393,0.3658475,0.3876352,"Screenshots/AssetCatalog/Thumbnails/abc00000000011100397528768975168.png","rendered"
538,"prefab","HwaseongHaenggung","SM_R_Beam_22_1","보·지붕 지지 부재 · SM_R_Beam_22_1","건축 부재/보·도리·서까래","주막·역참·마을 조립 후보: 접합 규격·피벗·치수·재질 통일","이름·폴더 기반 추정","Assets/HwaseongHaenggung/Prefabs/SM_R_Beam_22_1.prefab","abc00000000015318822783663815812",1,1,252,252,0,0,0,0,0,0.2605393,0.3658475,0.3876352,"Screenshots/AssetCatalog/Thumbnails/abc00000000015318822783663815812.png","rendered"
539,"prefab","HwaseongHaenggung","SM_R_Beam_23","보·지붕 지지 부재 · SM_R_Beam_23","건축 부재/보·도리·서까래","주막·역참·마을 조립 후보: 접합 규격·피벗·치수·재질 통일","이름·폴더 기반 추정","Assets/HwaseongHaenggung/Prefabs/SM_R_Beam_23.prefab","abc00000000006729753972122915913",1,1,332,332,0,0,0,0,0,0.3876352,0.6045969,0.2605393,"Screenshots/AssetCatalog/Thumbnails/abc00000000006729753972122915913.png","rendered"
540,"prefab","HwaseongHaenggung","SM_R_Beam_24","보·지붕 지지 부재 · SM_R_Beam_24","건축 부재/보·도리·서까래","주막·역참·마을 조립 후보: 접합 규격·피벗·치수·재질 통일","이름·폴더 기반 추정","Assets/HwaseongHaenggung/Prefabs/SM_R_Beam_24.prefab","abc00000000012141337743866344334",1,1,1338,1338,0,0,0,0,0,5.255013,1.320535,1.298615,"Screenshots/AssetCatalog/Thumbnails/abc00000000012141337743866344334.png","rendered"
541,"prefab","HwaseongHaenggung","SM_R_Beam_25","보·지붕 지지 부재 · SM_R_Beam_25","건축 부재/보·도리·서까래","주막·역참·마을 조립 후보: 접합 규격·피벗·치수·재질 통일","이름·폴더 기반 추정","Assets/HwaseongHaenggung/Prefabs/SM_R_Beam_25.prefab","abc00000000013611336316575999367",1,1,1548,1548,0,0,0,0,0,4.105839,0.7093374,0.3283899,"Screenshots/AssetCatalog/Thumbnails/abc00000000013611336316575999367.png","rendered"
542,"prefab","HwaseongHaenggung","SM_R_Beam_26","보·지붕 지지 부재 · SM_R_Beam_26","건축 부재/보·도리·서까래","주막·역참·마을 조립 후보: 접합 규격·피벗·치수·재질 통일","이름·폴더 기반 추정","Assets/HwaseongHaenggung/Prefabs/SM_R_Beam_26.prefab","abc00000000014783429715210231500",1,1,1548,1548,0,0,0,0,0,3.379263,0.7156346,0.3283899,"Screenshots/AssetCatalog/Thumbnails/abc00000000014783429715210231500.png","rendered"
543,"prefab","HwaseongHaenggung","SM_R_Beam_27","보·지붕 지지 부재 · SM_R_Beam_27","건축 부재/보·도리·서까래","주막·역참·마을 조립 후보: 접합 규격·피벗·치수·재질 통일","이름·폴더 기반 추정","Assets/HwaseongHaenggung/Prefabs/SM_R_Beam_27.prefab","abc00000000003397337028624002197",1,1,1548,1548,0,0,0,0,0,4.099188,0.7096789,0.3283902,"Screenshots/AssetCatalog/Thumbnails/abc00000000003397337028624002197.png","rendered"
544,"prefab","HwaseongHaenggung","SM_R_Beam_28","보·지붕 지지 부재 · SM_R_Beam_28","건축 부재/보·도리·서까래","주막·역참·마을 조립 후보: 접합 규격·피벗·치수·재질 통일","이름·폴더 기반 추정","Assets/HwaseongHaenggung/Prefabs/SM_R_Beam_28.prefab","abc00000000013287768966522730122",1,1,808,808,0,0,0,0,0,2.959029,0.8125898,0.3283899,"Screenshots/AssetCatalog/Thumbnails/abc00000000013287768966522730122.png","rendered"
545,"prefab","HwaseongHaenggung","SM_R_Beam_29","보·지붕 지지 부재 · SM_R_Beam_29","건축 부재/보·도리·서까래","주막·역참·마을 조립 후보: 접합 규격·피벗·치수·재질 통일","이름·폴더 기반 추정","Assets/HwaseongHaenggung/Prefabs/SM_R_Beam_29.prefab","abc00000000014075695224774074771",1,1,844,844,0,0,0,0,0,2.16795,2.266155,0.9760389,"Screenshots/AssetCatalog/Thumbnails/abc00000000014075695224774074771.png","rendered"
546,"prefab","HwaseongHaenggung","SM_R_Beam_3","보·지붕 지지 부재 · SM_R_Beam_3","건축 부재/보·도리·서까래","주막·역참·마을 조립 후보: 접합 규격·피벗·치수·재질 통일","이름·폴더 기반 추정","Assets/HwaseongHaenggung/Prefabs/SM_R_Beam_3.prefab","abc00000000011544899823885402519",1,1,444,444,0,0,0,0,0,3.571194,0.9748645,0.4143956,"Screenshots/AssetCatalog/Thumbnails/abc00000000011544899823885402519.png","rendered"
547,"prefab","HwaseongHaenggung","SM_R_Beam_30","보·지붕 지지 부재 · SM_R_Beam_30","건축 부재/보·도리·서까래","주막·역참·마을 조립 후보: 접합 규격·피벗·치수·재질 통일","이름·폴더 기반 추정","Assets/HwaseongHaenggung/Prefabs/SM_R_Beam_30.prefab","abc00000000014180981381357791205",1,1,172,172,0,0,0,0,0,0.6698376,0.9817975,0.4350513,"Screenshots/AssetCatalog/Thumbnails/abc00000000014180981381357791205.png","rendered"
548,"prefab","HwaseongHaenggung","SM_R_Beam_31","보·지붕 지지 부재 · SM_R_Beam_31","건축 부재/보·도리·서까래","주막·역참·마을 조립 후보: 접합 규격·피벗·치수·재질 통일","이름·폴더 기반 추정","Assets/HwaseongHaenggung/Prefabs/SM_R_Beam_31.prefab","abc00000000001289211893921136028",1,1,910,910,0,0,0,0,0,5.041981,0.9409368,0.394425,"Screenshots/AssetCatalog/Thumbnails/abc00000000001289211893921136028.png","rendered"
549,"prefab","HwaseongHaenggung","SM_R_Beam_32","보·지붕 지지 부재 · SM_R_Beam_32","건축 부재/보·도리·서까래","주막·역참·마을 조립 후보: 접합 규격·피벗·치수·재질 통일","이름·폴더 기반 추정","Assets/HwaseongHaenggung/Prefabs/SM_R_Beam_32.prefab","abc00000000014688679414932031255",1,1,330,330,0,0,0,0,0,0.8765745,1.006343,0.4868201,"Screenshots/AssetCatalog/Thumbnails/abc00000000014688679414932031255.png","rendered"
550,"prefab","HwaseongHaenggung","SM_R_Beam_33","보·지붕 지지 부재 · SM_R_Beam_33","건축 부재/보·도리·서까래","주막·역참·마을 조립 후보: 접합 규격·피벗·치수·재질 통일","이름·폴더 기반 추정","Assets/HwaseongHaenggung/Prefabs/SM_R_Beam_33.prefab","abc00000000004709390604613430110",1,1,738,738,0,0,0,0,0,3.041369,1.033652,0.4134524,"Screenshots/AssetCatalog/Thumbnails/abc00000000004709390604613430110.png","rendered"
551,"prefab","HwaseongHaenggung","SM_R_Beam_34","보·지붕 지지 부재 · SM_R_Beam_34","건축 부재/보·도리·서까래","주막·역참·마을 조립 후보: 접합 규격·피벗·치수·재질 통일","이름·폴더 기반 추정","Assets/HwaseongHaenggung/Prefabs/SM_R_Beam_34.prefab","abc00000000012926397793189719769",1,1,592,592,0,0,0,0,0,3.308226,0.5953293,0.2571069,"Screenshots/AssetCatalog/Thumbnails/abc00000000012926397793189719769.png","rendered"
552,"prefab","HwaseongHaenggung","SM_R_Beam_35","보·지붕 지지 부재 · SM_R_Beam_35","건축 부재/보·도리·서까래","주막·역참·마을 조립 후보: 접합 규격·피벗·치수·재질 통일","이름·폴더 기반 추정","Assets/HwaseongHaenggung/Prefabs/SM_R_Beam_35.prefab","abc00000000013742981438674671312",1,1,1910,1910,0,0,0,0,0,3.608176,1.250464,1.517495,"Screenshots/AssetCatalog/Thumbnails/abc00000000013742981438674671312.png","rendered"
553,"prefab","HwaseongHaenggung","SM_R_Beam_36","보·지붕 지지 부재 · SM_R_Beam_36","건축 부재/보·도리·서까래","주막·역참·마을 조립 후보: 접합 규격·피벗·치수·재질 통일","이름·폴더 기반 추정","Assets/HwaseongHaenggung/Prefabs/SM_R_Beam_36.prefab","abc00000000002643354047299088219",1,1,658,658,0,0,0,0,0,3.733387,0.8076282,0.3718225,"Screenshots/AssetCatalog/Thumbnails/abc00000000002643354047299088219.png","rendered"
554,"prefab","HwaseongHaenggung","SM_R_Beam_37","보·지붕 지지 부재 · SM_R_Beam_37","건축 부재/보·도리·서까래","주막·역참·마을 조립 후보: 접합 규격·피벗·치수·재질 통일","이름·폴더 기반 추정","Assets/HwaseongHaenggung/Prefabs/SM_R_Beam_37.prefab","abc00000000003318869438470383762",1,1,886,886,0,0,0,0,0,2.588646,0.8044641,0.3718225,"Screenshots/AssetCatalog/Thumbnails/abc00000000003318869438470383762.png","rendered"
555,"prefab","HwaseongHaenggung","SM_R_Beam_38","보·지붕 지지 부재 · SM_R_Beam_38","건축 부재/보·도리·서까래","주막·역참·마을 조립 후보: 접합 규격·피벗·치수·재질 통일","이름·폴더 기반 추정","Assets/HwaseongHaenggung/Prefabs/SM_R_Beam_38.prefab","abc00000000002845158139266089901",1,1,88,88,0,0,0,0,0,1.7649,0.4154605,0.2508304,"Screenshots/AssetCatalog/Thumbnails/abc00000000002845158139266089901.png","rendered"
556,"prefab","HwaseongHaenggung","SM_R_Beam_4","보·지붕 지지 부재 · SM_R_Beam_4","건축 부재/보·도리·서까래","주막·역참·마을 조립 후보: 접합 규격·피벗·치수·재질 통일","이름·폴더 기반 추정","Assets/HwaseongHaenggung/Prefabs/SM_R_Beam_4.prefab","abc00000000010599201847628042576",1,1,1406,1406,0,0,0,0,0,4.648475,1.161564,1.402919,"Screenshots/AssetCatalog/Thumbnails/abc00000000010599201847628042576.png","rendered"
557,"prefab","HwaseongHaenggung","SM_R_Beam_5","보·지붕 지지 부재 · SM_R_Beam_5","건축 부재/보·도리·서까래","주막·역참·마을 조립 후보: 접합 규격·피벗·치수·재질 통일","이름·폴더 기반 추정","Assets/HwaseongHaenggung/Prefabs/SM_R_Beam_5.prefab","abc00000000009782618202143091033",1,1,1406,1406,0,0,0,0,0,3.071452,1.161564,1.402919,"Screenshots/AssetCatalog/Thumbnails/abc00000000009782618202143091033.png","rendered"
558,"prefab","HwaseongHaenggung","SM_R_Beam_6","보·지붕 지지 부재 · SM_R_Beam_6","건축 부재/보·도리·서까래","주막·역참·마을 조립 후보: 접합 규격·피벗·치수·재질 통일","이름·폴더 기반 추정","Assets/HwaseongHaenggung/Prefabs/SM_R_Beam_6.prefab","abc00000000000175089847423755026",1,1,464,464,0,0,0,0,0,4.230308,0.9748645,0.705128,"Screenshots/AssetCatalog/Thumbnails/abc00000000000175089847423755026.png","rendered"
559,"prefab","HwaseongHaenggung","SM_R_Beam_7","보·지붕 지지 부재 · SM_R_Beam_7","건축 부재/보·도리·서까래","주막·역참·마을 조립 후보: 접합 규격·피벗·치수·재질 통일","이름·폴더 기반 추정","Assets/HwaseongHaenggung/Prefabs/SM_R_Beam_7.prefab","abc00000000017946318529962011099",1,1,296,296,0,0,0,0,0,3.724891,0.7375402,0.5206668,"Screenshots/AssetCatalog/Thumbnails/abc00000000017946318529962011099.png","rendered"
560,"prefab","HwaseongHaenggung","SM_R_Beam_8","보·지붕 지지 부재 · SM_R_Beam_8","건축 부재/보·도리·서까래","주막·역참·마을 조립 후보: 접합 규격·피벗·치수·재질 통일","이름·폴더 기반 추정","Assets/HwaseongHaenggung/Prefabs/SM_R_Beam_8.prefab","abc00000000016600358740520479748",1,1,524,524,0,0,0,0,0,3.534565,0.8740366,0.3468347,"Screenshots/AssetCatalog/Thumbnails/abc00000000016600358740520479748.png","rendered"
561,"prefab","HwaseongHaenggung","SM_R_Beam_9","보·지붕 지지 부재 · SM_R_Beam_9","건축 부재/보·도리·서까래","주막·역참·마을 조립 후보: 접합 규격·피벗·치수·재질 통일","이름·폴더 기반 추정","Assets/HwaseongHaenggung/Prefabs/SM_R_Beam_9.prefab","abc00000000018148122621929012781",1,1,60,60,0,0,0,0,0,0.5311792,0.4308694,0.3000342,"Screenshots/AssetCatalog/Thumbnails/abc00000000018148122621929012781.png","rendered"
562,"prefab","HwaseongHaenggung","SM_R_Bijangcheong","지붕·상부 조립체 · SM_R_Bijangcheong","건축 조립체/지붕","주막·역참·마을 조립 후보: 접합 규격·피벗·치수·재질 통일","이름·폴더 기반 추정","Assets/HwaseongHaenggung/Prefabs/SM_R_Bijangcheong.prefab","abc00000000012352333371313514969",1,1,266440,266440,0,0,0,0,0,10.16762,4.117252,16.74439,"Screenshots/AssetCatalog/Thumbnails/abc00000000012352333371313514969.png","rendered"
563,"prefab","HwaseongHaenggung","SM_R_Bokgunyeong","지붕·상부 조립체 · SM_R_Bokgunyeong","건축 조립체/지붕","주막·역참·마을 조립 후보: 접합 규격·피벗·치수·재질 통일","이름·폴더 기반 추정","Assets/HwaseongHaenggung/Prefabs/SM_R_Bokgunyeong.prefab","abc00000000012062145828531427878",1,1,330534,330534,0,0,0,0,0,15.72003,4.229793,18.20657,"Screenshots/AssetCatalog/Thumbnails/abc00000000012062145828531427878.png","rendered"
564,"prefab","HwaseongHaenggung","SM_R_Boknaedang","지붕·상부 조립체 · SM_R_Boknaedang","건축 조립체/지붕","주막·역참·마을 조립 후보: 접합 규격·피벗·치수·재질 통일","이름·폴더 기반 추정","Assets/HwaseongHaenggung/Prefabs/SM_R_Boknaedang.prefab","abc00000000010690604203604100588",1,1,342038,342038,0,0,0,0,0,18.76761,4.742313,20.38589,"Screenshots/AssetCatalog/Thumbnails/abc00000000010690604203604100588.png","rendered"
565,"prefab","HwaseongHaenggung","SM_R_Bongsudang","지붕·상부 조립체 · SM_R_Bongsudang","건축 조립체/지붕","주막·역참·마을 조립 후보: 접합 규격·피벗·치수·재질 통일","이름·폴더 기반 추정","Assets/HwaseongHaenggung/Prefabs/SM_R_Bongsudang.prefab","abc00000000002528746987153673172",1,1,496863,496863,0,0,0,0,0,23.10092,7.526602,40.4497,"Screenshots/AssetCatalog/Thumbnails/abc00000000002528746987153673172.png","rendered"
566,"prefab","HwaseongHaenggung","SM_R_Ceiling_1","천장 · SM_R_Ceiling_1","건축 부재/천장","주막·역참·마을 조립 후보: 접합 규격·피벗·치수·재질 통일","이름·폴더 기반 추정","Assets/HwaseongHaenggung/Prefabs/SM_R_Ceiling_1.prefab","abc00000000000219777613550789069",1,1,4,4,0,0,0,0,0,2.956435,3.59738E-08,6.029683,"Screenshots/AssetCatalog/Thumbnails/abc00000000000219777613550789069.png","rendered"
567,"prefab","HwaseongHaenggung","SM_R_Ceiling_2","천장 · SM_R_Ceiling_2","건축 부재/천장","주막·역참·마을 조립 후보: 접합 규격·피벗·치수·재질 통일","이름·폴더 기반 추정","Assets/HwaseongHaenggung/Prefabs/SM_R_Ceiling_2.prefab","abc00000000017266833013366195558",1,1,4,4,0,0,0,0,0,7.268006,8.843684E-08,3.572927,"Screenshots/AssetCatalog/Thumbnails/abc00000000017266833013366195558.png","rendered"
568,"prefab","HwaseongHaenggung","SM_R_Ceiling_3","천장 · SM_R_Ceiling_3","건축 부재/천장","주막·역참·마을 조립 후보: 접합 규격·피벗·치수·재질 통일","이름·폴더 기반 추정","Assets/HwaseongHaenggung/Prefabs/SM_R_Ceiling_3.prefab","abc00000000009589315247356786111",1,1,4,4,0,0,0,0,0,3.054754,3.717014E-08,6.029683,"Screenshots/AssetCatalog/Thumbnails/abc00000000009589315247356786111.png","rendered"
569,"prefab","HwaseongHaenggung","SM_R_CornerBeam_1","보·지붕 지지 부재 · SM_R_CornerBeam_1","건축 부재/보·도리·서까래","주막·역참·마을 조립 후보: 접합 규격·피벗·치수·재질 통일","이름·폴더 기반 추정","Assets/HwaseongHaenggung/Prefabs/SM_R_CornerBeam_1.prefab","abc00000000013254021995467265490",1,1,2254,2254,0,0,0,0,0,1.377918,0.9604611,0.330401,"Screenshots/AssetCatalog/Thumbnails/abc00000000013254021995467265490.png","rendered"
570,"prefab","HwaseongHaenggung","SM_R_CornerBeam_2","보·지붕 지지 부재 · SM_R_CornerBeam_2","건축 부재/보·도리·서까래","주막·역참·마을 조립 후보: 접합 규격·피벗·치수·재질 통일","이름·폴더 기반 추정","Assets/HwaseongHaenggung/Prefabs/SM_R_CornerBeam_2.prefab","abc00000000004553564273585090329",1,1,1288,1288,0,0,0,0,0,3.137848,2.238041,0.4724548,"Screenshots/AssetCatalog/Thumbnails/abc00000000004553564273585090329.png","rendered"
571,"prefab","HwaseongHaenggung","SM_R_CornerRoof","지붕·상부 조립체 · SM_R_CornerRoof","건축 조립체/지붕","주막·역참·마을 조립 후보: 접합 규격·피벗·치수·재질 통일","이름·폴더 기반 추정","Assets/HwaseongHaenggung/Prefabs/SM_R_CornerRoof.prefab","abc00000000005162265114471665825",1,1,3266,3266,0,0,0,0,0,1.577778,0.400354,1.952476,"Screenshots/AssetCatalog/Thumbnails/abc00000000005162265114471665825.png","rendered"
572,"prefab","HwaseongHaenggung","SM_R_Curtain_1","휘장 · SM_R_Curtain_1","생활 소품/직물","주막·역참·마을 후보: 실제 크기·생활 용도·시대 및 수묵 재질 확인","이름·폴더 기반 추정","Assets/HwaseongHaenggung/Prefabs/SM_R_Curtain_1.prefab","abc00000000011317009428987585570",1,1,1448,1448,0,0,0,0,0,0.3653149,4.659328,4.605648,"Screenshots/AssetCatalog/Thumbnails/abc00000000011317009428987585570.png","rendered"
573,"prefab","HwaseongHaenggung","SM_R_Curtain_2","휘장 · SM_R_Curtain_2","생활 소품/직물","주막·역참·마을 후보: 실제 크기·생활 용도·시대 및 수묵 재질 확인","이름·폴더 기반 추정","Assets/HwaseongHaenggung/Prefabs/SM_R_Curtain_2.prefab","abc00000000001594915143986302825",1,1,408,408,0,0,0,0,0,1.841365,3.469933,3.843854,"Screenshots/AssetCatalog/Thumbnails/abc00000000001594915143986302825.png","rendered"
574,"prefab","HwaseongHaenggung","SM_R_DancheongCorner_1","단청 부재 · SM_R_DancheongCorner_1","건축 부재/공포·단청","주막·역참·마을 조립 후보: 접합 규격·피벗·치수·재질 통일","이름·폴더 기반 추정","Assets/HwaseongHaenggung/Prefabs/SM_R_DancheongCorner_1.prefab","abc00000000008143880588845656862",1,1,1974,1974,0,0,0,0,0,1.684205,1.353112,1.658048,"Screenshots/AssetCatalog/Thumbnails/abc00000000008143880588845656862.png","rendered"
575,"prefab","HwaseongHaenggung","SM_R_DancheongCorner_10","단청 부재 · SM_R_DancheongCorner_10","건축 부재/공포·단청","주막·역참·마을 조립 후보: 접합 규격·피벗·치수·재질 통일","이름·폴더 기반 추정","Assets/HwaseongHaenggung/Prefabs/SM_R_DancheongCorner_10.prefab","abc00000000003408033430837859138",1,1,216,216,0,0,0,0,0,0.5680548,0.4419403,0.5507983,"Screenshots/AssetCatalog/Thumbnails/abc00000000003408033430837859138.png","rendered"
576,"prefab","HwaseongHaenggung","SM_R_DancheongCorner_11","단청 부재 · SM_R_DancheongCorner_11","건축 부재/공포·단청","주막·역참·마을 조립 후보: 접합 규격·피벗·치수·재질 통일","이름·폴더 기반 추정","Assets/HwaseongHaenggung/Prefabs/SM_R_DancheongCorner_11.prefab","abc00000000018161003641237204363",1,1,3470,3470,0,0,0,0,0,1.951497,1.45915,2.073193,"Screenshots/AssetCatalog/Thumbnails/abc00000000018161003641237204363.png","rendered"
577,"prefab","HwaseongHaenggung","SM_R_DancheongCorner_12","단청 부재 · SM_R_DancheongCorner_12","건축 부재/공포·단청","주막·역참·마을 조립 후보: 접합 규격·피벗·치수·재질 통일","이름·폴더 기반 추정","Assets/HwaseongHaenggung/Prefabs/SM_R_DancheongCorner_12.prefab","abc00000000001464906729483180032",1,1,936,936,0,0,0,0,0,1.086645,1.055813,1.050833,"Screenshots/AssetCatalog/Thumbnails/abc00000000001464906729483180032.png","rendered"
578,"prefab","HwaseongHaenggung","SM_R_DancheongCorner_13","단청 부재 · SM_R_DancheongCorner_13","건축 부재/공포·단청","주막·역참·마을 조립 후보: 접합 규격·피벗·치수·재질 통일","이름·폴더 기반 추정","Assets/HwaseongHaenggung/Prefabs/SM_R_DancheongCorner_13.prefab","abc00000000001313075308755337993",1,1,104,104,0,0,0,0,0,0.5552783,0.4140015,0.4807597,"Screenshots/AssetCatalog/Thumbnails/abc00000000001313075308755337993.png","rendered"
579,"prefab","HwaseongHaenggung","SM_R_DancheongCorner_2","단청 부재 · SM_R_DancheongCorner_2","건축 부재/공포·단청","주막·역참·마을 조립 후보: 접합 규격·피벗·치수·재질 통일","이름·폴더 기반 추정","Assets/HwaseongHaenggung/Prefabs/SM_R_DancheongCorner_2.prefab","abc00000000012623409938389945253",1,1,572,572,0,0,0,0,0,0.9307971,0.8369542,0.8984545,"Screenshots/AssetCatalog/Thumbnails/abc00000000012623409938389945253.png","rendered"
580,"prefab","HwaseongHaenggung","SM_R_DancheongCorner_3","단청 부재 · SM_R_DancheongCorner_3","건축 부재/공포·단청","주막·역참·마을 조립 후보: 접합 규격·피벗·치수·재질 통일","이름·폴더 기반 추정","Assets/HwaseongHaenggung/Prefabs/SM_R_DancheongCorner_3.prefab","abc00000000005965748214068691804",1,1,936,936,0,0,0,0,0,0.9156288,0.7516668,0.8951512,"Screenshots/AssetCatalog/Thumbnails/abc00000000005965748214068691804.png","rendered"
581,"prefab","HwaseongHaenggung","SM_R_DancheongCorner_4","단청 부재 · SM_R_DancheongCorner_4","건축 부재/공포·단청","주막·역참·마을 조립 후보: 접합 규격·피벗·치수·재질 통일","이름·폴더 기반 추정","Assets/HwaseongHaenggung/Prefabs/SM_R_DancheongCorner_4.prefab","abc00000000012312233269623538715",1,1,936,936,0,0,0,0,0,1.01211,0.7374507,0.994342,"Screenshots/AssetCatalog/Thumbnails/abc00000000012312233269623538715.png","rendered"
582,"prefab","HwaseongHaenggung","SM_R_DancheongCorner_5","단청 부재 · SM_R_DancheongCorner_5","건축 부재/공포·단청","주막·역참·마을 조립 후보: 접합 규격·피벗·치수·재질 통일","이름·폴더 기반 추정","Assets/HwaseongHaenggung/Prefabs/SM_R_DancheongCorner_5.prefab","abc00000000002150906059889640530",1,1,936,936,0,0,0,0,0,0.994342,0.7374507,1.012109,"Screenshots/AssetCatalog/Thumbnails/abc00000000002150906059889640530.png","rendered"
583,"prefab","HwaseongHaenggung","SM_R_DancheongCorner_6","단청 부재 · SM_R_DancheongCorner_6","건축 부재/공포·단청","주막·역참·마을 조립 후보: 접합 규격·피벗·치수·재질 통일","이름·폴더 기반 추정","Assets/HwaseongHaenggung/Prefabs/SM_R_DancheongCorner_6.prefab","abc00000000011897192411717016985",1,1,168,168,0,0,0,0,0,0.6045404,0.7175494,0.6253235,"Screenshots/AssetCatalog/Thumbnails/abc00000000011897192411717016985.png","rendered"
584,"prefab","HwaseongHaenggung","SM_R_DancheongCorner_7","단청 부재 · SM_R_DancheongCorner_7","건축 부재/공포·단청","주막·역참·마을 조립 후보: 접합 규격·피벗·치수·재질 통일","이름·폴더 기반 추정","Assets/HwaseongHaenggung/Prefabs/SM_R_DancheongCorner_7.prefab","abc00000000017177189947930076048",1,1,1004,1004,0,0,0,0,0,0.7019574,0.7227482,0.7171356,"Screenshots/AssetCatalog/Thumbnails/abc00000000017177189947930076048.png","rendered"
585,"prefab","HwaseongHaenggung","SM_R_DancheongCorner_8","단청 부재 · SM_R_DancheongCorner_8","건축 부재/공포·단청","주막·역참·마을 조립 후보: 접합 규격·피벗·치수·재질 통일","이름·폴더 기반 추정","Assets/HwaseongHaenggung/Prefabs/SM_R_DancheongCorner_8.prefab","abc00000000017682279024569545951",1,1,2388,2388,0,0,0,0,0,1.891067,1.24757,1.946156,"Screenshots/AssetCatalog/Thumbnails/abc00000000017682279024569545951.png","rendered"
586,"prefab","HwaseongHaenggung","SM_R_DancheongCorner_9","단청 부재 · SM_R_DancheongCorner_9","건축 부재/공포·단청","주막·역참·마을 조립 후보: 접합 규격·피벗·치수·재질 통일","이름·폴더 기반 추정","Assets/HwaseongHaenggung/Prefabs/SM_R_DancheongCorner_9.prefab","abc00000000005653771690839671046",1,1,852,852,0,0,0,0,0,1.121324,1.025846,0.8584448,"Screenshots/AssetCatalog/Thumbnails/abc00000000005653771690839671046.png","rendered"
587,"prefab","HwaseongHaenggung","SM_R_DancheongSupport_1","보·지붕 지지 부재 · SM_R_DancheongSupport_1","건축 부재/보·도리·서까래","주막·역참·마을 조립 후보: 접합 규격·피벗·치수·재질 통일","이름·폴더 기반 추정","Assets/HwaseongHaenggung/Prefabs/SM_R_DancheongSupport_1.prefab","abc00000000016208250482663539602",1,1,384,384,0,0,0,0,0,0.143373,0.9226361,1.142205,"Screenshots/AssetCatalog/Thumbnails/abc00000000016208250482663539602.png","rendered"
588,"prefab","HwaseongHaenggung","SM_R_DancheongSupport_2","보·지붕 지지 부재 · SM_R_DancheongSupport_2","건축 부재/보·도리·서까래","주막·역참·마을 조립 후보: 접합 규격·피벗·치수·재질 통일","이름·폴더 기반 추정","Assets/HwaseongHaenggung/Prefabs/SM_R_DancheongSupport_2.prefab","abc00000000007369034763673323993",1,1,384,384,0,0,0,0,0,0.1433728,0.9226367,1.142205,"Screenshots/AssetCatalog/Thumbnails/abc00000000007369034763673323993.png","rendered"
589,"prefab","HwaseongHaenggung","SM_R_DancheongSupport_3","보·지붕 지지 부재 · SM_R_DancheongSupport_3","건축 부재/보·도리·서까래","주막·역참·마을 조립 후보: 접합 규격·피벗·치수·재질 통일","이름·폴더 기반 추정","Assets/HwaseongHaenggung/Prefabs/SM_R_DancheongSupport_3.prefab","abc00000000008185618409158275536",1,1,32,32,0,0,0,0,0,0.09766603,0.9427112,1.083611,"Screenshots/AssetCatalog/Thumbnails/abc00000000008185618409158275536.png","rendered"
590,"prefab","HwaseongHaenggung","SM_R_Dancheong_1","단청 부재 · SM_R_Dancheong_1","건축 부재/공포·단청","주막·역참·마을 조립 후보: 접합 규격·피벗·치수·재질 통일","이름·폴더 기반 추정","Assets/HwaseongHaenggung/Prefabs/SM_R_Dancheong_1.prefab","abc00000000009319332820135007893",1,1,200,200,0,0,0,0,0,0.2483911,0.7350762,2.223622,"Screenshots/AssetCatalog/Thumbnails/abc00000000009319332820135007893.png","rendered"
591,"prefab","HwaseongHaenggung","SM_R_Dancheong_10","단청 부재 · SM_R_Dancheong_10","건축 부재/공포·단청","주막·역참·마을 조립 후보: 접합 규격·피벗·치수·재질 통일","이름·폴더 기반 추정","Assets/HwaseongHaenggung/Prefabs/SM_R_Dancheong_10.prefab","abc00000000006445256876393390959",1,1,180,180,0,0,0,0,0,0.3023502,0.8947639,1.875124,"Screenshots/AssetCatalog/Thumbnails/abc00000000006445256876393390959.png","rendered"
592,"prefab","HwaseongHaenggung","SM_R_Dancheong_11","단청 부재 · SM_R_Dancheong_11","건축 부재/공포·단청","주막·역참·마을 조립 후보: 접합 규격·피벗·치수·재질 통일","이름·폴더 기반 추정","Assets/HwaseongHaenggung/Prefabs/SM_R_Dancheong_11.prefab","abc00000000001288852642003272598",1,1,672,672,0,0,0,0,0,0.7019573,0.9355599,1.17898,"Screenshots/AssetCatalog/Thumbnails/abc00000000001288852642003272598.png","rendered"
593,"prefab","HwaseongHaenggung","SM_R_Dancheong_12","단청 부재 · SM_R_Dancheong_12","건축 부재/공포·단청","주막·역참·마을 조립 후보: 접합 규격·피벗·치수·재질 통일","이름·폴더 기반 추정","Assets/HwaseongHaenggung/Prefabs/SM_R_Dancheong_12.prefab","abc00000000014612827861753123709",1,1,868,868,0,0,0,0,0,1.026049,1.246018,1.660884,"Screenshots/AssetCatalog/Thumbnails/abc00000000014612827861753123709.png","rendered"
594,"prefab","HwaseongHaenggung","SM_R_Dancheong_13","단청 부재 · SM_R_Dancheong_13","건축 부재/공포·단청","주막·역참·마을 조립 후보: 접합 규격·피벗·치수·재질 통일","이름·폴더 기반 추정","Assets/HwaseongHaenggung/Prefabs/SM_R_Dancheong_13.prefab","abc00000000017930830700951869652",1,1,844,844,0,0,0,0,0,0.3468341,1.246018,2.013041,"Screenshots/AssetCatalog/Thumbnails/abc00000000017930830700951869652.png","rendered"
595,"prefab","HwaseongHaenggung","SM_R_Dancheong_14","단청 부재 · SM_R_Dancheong_14","건축 부재/공포·단청","주막·역참·마을 조립 후보: 접합 규격·피벗·치수·재질 통일","이름·폴더 기반 추정","Assets/HwaseongHaenggung/Prefabs/SM_R_Dancheong_14.prefab","abc00000000014240500754284244595",1,1,240,240,0,0,0,0,0,0.248391,0.7350762,3.167899,"Screenshots/AssetCatalog/Thumbnails/abc00000000014240500754284244595.png","rendered"
596,"prefab","HwaseongHaenggung","SM_R_Dancheong_15","단청 부재 · SM_R_Dancheong_15","건축 부재/공포·단청","주막·역참·마을 조립 후보: 접합 규격·피벗·치수·재질 통일","이름·폴더 기반 추정","Assets/HwaseongHaenggung/Prefabs/SM_R_Dancheong_15.prefab","abc00000000013469809186147303658",1,1,180,180,0,0,0,0,0,0.2487405,0.7350762,1.656234,"Screenshots/AssetCatalog/Thumbnails/abc00000000013469809186147303658.png","rendered"
597,"prefab","HwaseongHaenggung","SM_R_Dancheong_16","단청 부재 · SM_R_Dancheong_16","건축 부재/공포·단청","주막·역참·마을 조립 후보: 접합 규격·피벗·치수·재질 통일","이름·폴더 기반 추정","Assets/HwaseongHaenggung/Prefabs/SM_R_Dancheong_16.prefab","abc00000000017284656679678688049",1,1,180,180,0,0,0,0,0,0.2483911,0.7350762,1.727989,"Screenshots/AssetCatalog/Thumbnails/abc00000000017284656679678688049.png","rendered"
598,"prefab","HwaseongHaenggung","SM_R_Dancheong_17","단청 부재 · SM_R_Dancheong_17","건축 부재/공포·단청","주막·역참·마을 조립 후보: 접합 규격·피벗·치수·재질 통일","이름·폴더 기반 추정","Assets/HwaseongHaenggung/Prefabs/SM_R_Dancheong_17.prefab","abc00000000005336208995288469672",1,1,60,60,0,0,0,0,0,0.2105573,0.3501034,4.598141,"Screenshots/AssetCatalog/Thumbnails/abc00000000005336208995288469672.png","rendered"
599,"prefab","HwaseongHaenggung","SM_R_Dancheong_17_1","단청 부재 · SM_R_Dancheong_17_1","건축 부재/공포·단청","주막·역참·마을 조립 후보: 접합 규격·피벗·치수·재질 통일","이름·폴더 기반 추정","Assets/HwaseongHaenggung/Prefabs/SM_R_Dancheong_17_1.prefab","abc00000000015980680878665812604",1,1,60,60,0,0,0,0,0,0.2105573,0.3501034,4.598141,"Screenshots/AssetCatalog/Thumbnails/abc00000000015980680878665812604.png","rendered"
600,"prefab","HwaseongHaenggung","SM_R_Dancheong_17_2","단청 부재 · SM_R_Dancheong_17_2","건축 부재/공포·단청","주막·역참·마을 조립 후보: 접합 규격·피벗·치수·재질 통일","이름·폴더 기반 추정","Assets/HwaseongHaenggung/Prefabs/SM_R_Dancheong_17_2.prefab","abc00000000011201658769109973623",1,1,60,60,0,0,0,0,0,0.2105573,0.3501034,4.598141,"Screenshots/AssetCatalog/Thumbnails/abc00000000011201658769109973623.png","rendered"
601,"prefab","HwaseongHaenggung","SM_R_Dancheong_18","단청 부재 · SM_R_Dancheong_18","건축 부재/공포·단청","주막·역참·마을 조립 후보: 접합 규격·피벗·치수·재질 통일","이름·폴더 기반 추정","Assets/HwaseongHaenggung/Prefabs/SM_R_Dancheong_18.prefab","abc00000000013793376536200572903",1,1,2324,2324,0,0,0,0,0,1.026231,1.246018,3.813348,"Screenshots/AssetCatalog/Thumbnails/abc00000000013793376536200572903.png","rendered"
602,"prefab","HwaseongHaenggung","SM_R_Dancheong_19","단청 부재 · SM_R_Dancheong_19","건축 부재/공포·단청","주막·역참·마을 조립 후보: 접합 규격·피벗·치수·재질 통일","이름·폴더 기반 추정","Assets/HwaseongHaenggung/Prefabs/SM_R_Dancheong_19.prefab","abc00000000006071754035284290414",1,1,868,868,0,0,0,0,0,1.026049,1.246018,1.660885,"Screenshots/AssetCatalog/Thumbnails/abc00000000006071754035284290414.png","rendered"
603,"prefab","HwaseongHaenggung","SM_R_Dancheong_2","단청 부재 · SM_R_Dancheong_2","건축 부재/공포·단청","주막·역참·마을 조립 후보: 접합 규격·피벗·치수·재질 통일","이름·폴더 기반 추정","Assets/HwaseongHaenggung/Prefabs/SM_R_Dancheong_2.prefab","abc00000000018063333535377350030",1,1,240,240,0,0,0,0,0,0.2483914,0.7350762,3.120559,"Screenshots/AssetCatalog/Thumbnails/abc00000000018063333535377350030.png","rendered"
604,"prefab","HwaseongHaenggung","SM_R_Dancheong_20","단청 부재 · SM_R_Dancheong_20","건축 부재/공포·단청","주막·역참·마을 조립 후보: 접합 규격·피벗·치수·재질 통일","이름·폴더 기반 추정","Assets/HwaseongHaenggung/Prefabs/SM_R_Dancheong_20.prefab","abc00000000009735298896187181042",1,1,3500,3500,0,0,0,0,0,1.168293,1.254843,3.936504,"Screenshots/AssetCatalog/Thumbnails/abc00000000009735298896187181042.png","rendered"
605,"prefab","HwaseongHaenggung","SM_R_Dancheong_21","단청 부재 · SM_R_Dancheong_21","건축 부재/공포·단청","주막·역참·마을 조립 후보: 접합 규격·피벗·치수·재질 통일","이름·폴더 기반 추정","Assets/HwaseongHaenggung/Prefabs/SM_R_Dancheong_21.prefab","abc00000000002825394266923661755",1,1,5180,5180,0,0,0,0,0,1.168292,1.254843,4.474399,"Screenshots/AssetCatalog/Thumbnails/abc00000000002825394266923661755.png","rendered"
606,"prefab","HwaseongHaenggung","SM_R_Dancheong_22","단청 부재 · SM_R_Dancheong_22","건축 부재/공포·단청","주막·역참·마을 조립 후보: 접합 규격·피벗·치수·재질 통일","이름·폴더 기반 추정","Assets/HwaseongHaenggung/Prefabs/SM_R_Dancheong_22.prefab","abc00000000007673116255115795376",1,1,696,696,0,0,0,0,0,0.3324696,1.261836,4.822376,"Screenshots/AssetCatalog/Thumbnails/abc00000000007673116255115795376.png","rendered"
607,"prefab","HwaseongHaenggung","SM_R_Dancheong_23","단청 부재 · SM_R_Dancheong_23","건축 부재/공포·단청","주막·역참·마을 조립 후보: 접합 규격·피벗·치수·재질 통일","이름·폴더 기반 추정","Assets/HwaseongHaenggung/Prefabs/SM_R_Dancheong_23.prefab","abc00000000002655518113780674361",1,1,84,84,0,0,0,0,0,0.2105567,0.5035592,3.85306,"Screenshots/AssetCatalog/Thumbnails/abc00000000002655518113780674361.png","rendered"
608,"prefab","HwaseongHaenggung","SM_R_Dancheong_23_1","단청 부재 · SM_R_Dancheong_23_1","건축 부재/공포·단청","주막·역참·마을 조립 후보: 접합 규격·피벗·치수·재질 통일","이름·폴더 기반 추정","Assets/HwaseongHaenggung/Prefabs/SM_R_Dancheong_23_1.prefab","abc00000000003112617365540587205",1,1,84,84,0,0,0,0,0,0.2105567,0.5035592,3.85306,"Screenshots/AssetCatalog/Thumbnails/abc00000000003112617365540587205.png","rendered"
609,"prefab","HwaseongHaenggung","SM_R_Dancheong_23_2","단청 부재 · SM_R_Dancheong_23_2","건축 부재/공포·단청","주막·역참·마을 조립 후보: 접합 규격·피벗·치수·재질 통일","이름·폴더 기반 추정","Assets/HwaseongHaenggung/Prefabs/SM_R_Dancheong_23_2.prefab","abc00000000004884711944202926270",1,1,84,84,0,0,0,0,0,0.2105567,0.5035592,3.85306,"Screenshots/AssetCatalog/Thumbnails/abc00000000004884711944202926270.png","rendered"
610,"prefab","HwaseongHaenggung","SM_R_Dancheong_24","단청 부재 · SM_R_Dancheong_24","건축 부재/공포·단청","주막·역참·마을 조립 후보: 접합 규격·피벗·치수·재질 통일","이름·폴더 기반 추정","Assets/HwaseongHaenggung/Prefabs/SM_R_Dancheong_24.prefab","abc00000000004891430824238003646",1,1,72,72,0,0,0,0,0,0.3324697,0.502149,4.474399,"Screenshots/AssetCatalog/Thumbnails/abc00000000004891430824238003646.png","rendered"
611,"prefab","HwaseongHaenggung","SM_R_Dancheong_25","단청 부재 · SM_R_Dancheong_25","건축 부재/공포·단청","주막·역참·마을 조립 후보: 접합 규격·피벗·치수·재질 통일","이름·폴더 기반 추정","Assets/HwaseongHaenggung/Prefabs/SM_R_Dancheong_25.prefab","abc00000000008887068674515972727",1,1,922,922,0,0,0,0,0,0.732258,1.695957,3.336117,"Screenshots/AssetCatalog/Thumbnails/abc00000000008887068674515972727.png","rendered"
612,"prefab","HwaseongHaenggung","SM_R_Dancheong_26","단청 부재 · SM_R_Dancheong_26","건축 부재/공포·단청","주막·역참·마을 조립 후보: 접합 규격·피벗·치수·재질 통일","이름·폴더 기반 추정","Assets/HwaseongHaenggung/Prefabs/SM_R_Dancheong_26.prefab","abc00000000013666090784071811708",1,1,496,496,0,0,0,0,0,0.4391296,1.695957,2.825362,"Screenshots/AssetCatalog/Thumbnails/abc00000000013666090784071811708.png","rendered"
613,"prefab","HwaseongHaenggung","SM_R_Dancheong_27","단청 부재 · SM_R_Dancheong_27","건축 부재/공포·단청","주막·역참·마을 조립 후보: 접합 규격·피벗·치수·재질 통일","이름·폴더 기반 추정","Assets/HwaseongHaenggung/Prefabs/SM_R_Dancheong_27.prefab","abc00000000003119336245575664581",1,1,220,220,0,0,0,0,0,0.3238217,0.8984649,3.692161,"Screenshots/AssetCatalog/Thumbnails/abc00000000003119336245575664581.png","rendered"
614,"prefab","HwaseongHaenggung","SM_R_Dancheong_28","단청 부재 · SM_R_Dancheong_28","건축 부재/공포·단청","주막·역참·마을 조립 후보: 접합 규격·피벗·치수·재질 통일","이름·폴더 기반 추정","Assets/HwaseongHaenggung/Prefabs/SM_R_Dancheong_28.prefab","abc00000000009213322001947872058",1,1,200,200,0,0,0,0,0,0.3978866,1.037435,2.906404,"Screenshots/AssetCatalog/Thumbnails/abc00000000009213322001947872058.png","rendered"
615,"prefab","HwaseongHaenggung","SM_R_Dancheong_29","단청 부재 · SM_R_Dancheong_29","건축 부재/공포·단청","주막·역참·마을 조립 후보: 접합 규격·피벗·치수·재질 통일","이름·폴더 기반 추정","Assets/HwaseongHaenggung/Prefabs/SM_R_Dancheong_29.prefab","abc00000000005803940635794009987",1,1,492,492,0,0,0,0,0,0.4391295,1.695957,2.572453,"Screenshots/AssetCatalog/Thumbnails/abc00000000005803940635794009987.png","rendered"
616,"prefab","HwaseongHaenggung","SM_R_Dancheong_3","단청 부재 · SM_R_Dancheong_3","건축 부재/공포·단청","주막·역참·마을 조립 후보: 접합 규격·피벗·치수·재질 통일","이름·폴더 기반 추정","Assets/HwaseongHaenggung/Prefabs/SM_R_Dancheong_3.prefab","abc00000000001086588034377453447",1,1,220,220,0,0,0,0,0,0.2483911,0.7350762,2.736831,"Screenshots/AssetCatalog/Thumbnails/abc00000000001086588034377453447.png","rendered"
617,"prefab","HwaseongHaenggung","SM_R_Dancheong_30","단청 부재 · SM_R_Dancheong_30","건축 부재/공포·단청","주막·역참·마을 조립 후보: 접합 규격·피벗·치수·재질 통일","이름·폴더 기반 추정","Assets/HwaseongHaenggung/Prefabs/SM_R_Dancheong_30.prefab","abc00000000017481641322397621589",1,1,1268,1268,0,0,0,0,0,0.7322576,1.695957,3.780059,"Screenshots/AssetCatalog/Thumbnails/abc00000000017481641322397621589.png","rendered"
618,"prefab","HwaseongHaenggung","SM_R_Dancheong_31","단청 부재 · SM_R_Dancheong_31","건축 부재/공포·단청","주막·역참·마을 조립 후보: 접합 규격·피벗·치수·재질 통일","이름·폴더 기반 추정","Assets/HwaseongHaenggung/Prefabs/SM_R_Dancheong_31.prefab","abc00000000003802677995310500748",1,1,72,72,0,0,0,0,0,0.3653149,0.551756,3.13899,"Screenshots/AssetCatalog/Thumbnails/abc00000000003802677995310500748.png","rendered"
619,"prefab","HwaseongHaenggung","SM_R_Dancheong_32","단청 부재 · SM_R_Dancheong_32","건축 부재/공포·단청","주막·역참·마을 조립 후보: 접합 규격·피벗·치수·재질 통일","이름·폴더 기반 추정","Assets/HwaseongHaenggung/Prefabs/SM_R_Dancheong_32.prefab","abc00000000001009907657200600135",1,1,84,84,0,0,0,0,0,0.210556,0.5035595,2.76209,"Screenshots/AssetCatalog/Thumbnails/abc00000000001009907657200600135.png","rendered"
620,"prefab","HwaseongHaenggung","SM_R_Dancheong_33","단청 부재 · SM_R_Dancheong_33","건축 부재/공포·단청","주막·역참·마을 조립 후보: 접합 규격·피벗·치수·재질 통일","이름·폴더 기반 추정","Assets/HwaseongHaenggung/Prefabs/SM_R_Dancheong_33.prefab","abc00000000012136468096956669774",1,1,200,200,0,0,0,0,0,0.3238217,0.8984653,3.130254,"Screenshots/AssetCatalog/Thumbnails/abc00000000012136468096956669774.png","rendered"
621,"prefab","HwaseongHaenggung","SM_R_Dancheong_34","단청 부재 · SM_R_Dancheong_34","건축 부재/공포·단청","주막·역참·마을 조립 후보: 접합 규격·피벗·치수·재질 통일","이름·폴더 기반 추정","Assets/HwaseongHaenggung/Prefabs/SM_R_Dancheong_34.prefab","abc00000000006340961623341666569",1,1,72,72,0,0,0,0,0,0.303602,0.458548,2.929789,"Screenshots/AssetCatalog/Thumbnails/abc00000000006340961623341666569.png","rendered"
622,"prefab","HwaseongHaenggung","SM_R_Dancheong_35","단청 부재 · SM_R_Dancheong_35","건축 부재/공포·단청","주막·역참·마을 조립 후보: 접합 규격·피벗·치수·재질 통일","이름·폴더 기반 추정","Assets/HwaseongHaenggung/Prefabs/SM_R_Dancheong_35.prefab","abc00000000006492793044069508608",1,1,72,72,0,0,0,0,0,0.303602,0.458548,1.290668,"Screenshots/AssetCatalog/Thumbnails/abc00000000006492793044069508608.png","rendered"
623,"prefab","HwaseongHaenggung","SM_R_Dancheong_36","단청 부재 · SM_R_Dancheong_36","건축 부재/공포·단청","주막·역참·마을 조립 후보: 접합 규격·피벗·치수·재질 통일","이름·폴더 기반 추정","Assets/HwaseongHaenggung/Prefabs/SM_R_Dancheong_36.prefab","abc00000000004742145882113981323",1,1,240,240,0,0,0,0,0,0.3238217,0.8984649,3.571034,"Screenshots/AssetCatalog/Thumbnails/abc00000000004742145882113981323.png","rendered"
624,"prefab","HwaseongHaenggung","SM_R_Dancheong_37","단청 부재 · SM_R_Dancheong_37","건축 부재/공포·단청","주막·역참·마을 조립 후보: 접합 규격·피벗·치수·재질 통일","이름·폴더 기반 추정","Assets/HwaseongHaenggung/Prefabs/SM_R_Dancheong_37.prefab","abc00000000008435919745424187714",1,1,68,68,0,0,0,0,0,0.1894898,0.3025378,2.858246,"Screenshots/AssetCatalog/Thumbnails/abc00000000008435919745424187714.png","rendered"
625,"prefab","HwaseongHaenggung","SM_R_Dancheong_4","단청 부재 · SM_R_Dancheong_4","건축 부재/공포·단청","주막·역참·마을 조립 후보: 접합 규격·피벗·치수·재질 통일","이름·폴더 기반 추정","Assets/HwaseongHaenggung/Prefabs/SM_R_Dancheong_4.prefab","abc00000000017022393320279980864",1,1,240,240,0,0,0,0,0,0.2483911,0.7350762,3.593222,"Screenshots/AssetCatalog/Thumbnails/abc00000000017022393320279980864.png","rendered"
626,"prefab","HwaseongHaenggung","SM_R_Dancheong_5","단청 부재 · SM_R_Dancheong_5","건축 부재/공포·단청","주막·역참·마을 조립 후보: 접합 규격·피벗·치수·재질 통일","이름·폴더 기반 추정","Assets/HwaseongHaenggung/Prefabs/SM_R_Dancheong_5.prefab","abc00000000012651749763633921609",1,1,220,220,0,0,0,0,0,0.2483911,0.7350762,2.908851,"Screenshots/AssetCatalog/Thumbnails/abc00000000012651749763633921609.png","rendered"
627,"prefab","HwaseongHaenggung","SM_R_Dancheong_6","단청 부재 · SM_R_Dancheong_6","건축 부재/공포·단청","주막·역참·마을 조립 후보: 접합 규격·피벗·치수·재질 통일","이름·폴더 기반 추정","Assets/HwaseongHaenggung/Prefabs/SM_R_Dancheong_6.prefab","abc00000000014118183429034977666",1,1,200,200,0,0,0,0,0,0.2483911,0.7350762,2.010906,"Screenshots/AssetCatalog/Thumbnails/abc00000000014118183429034977666.png","rendered"
628,"prefab","HwaseongHaenggung","SM_R_Dancheong_7","단청 부재 · SM_R_Dancheong_7","건축 부재/공포·단청","주막·역참·마을 조립 후보: 접합 규격·피벗·치수·재질 통일","이름·폴더 기반 추정","Assets/HwaseongHaenggung/Prefabs/SM_R_Dancheong_7.prefab","abc00000000015271464683347631563",1,1,220,220,0,0,0,0,0,0.2483905,0.7350762,2.79988,"Screenshots/AssetCatalog/Thumbnails/abc00000000015271464683347631563.png","rendered"
629,"prefab","HwaseongHaenggung","SM_R_Dancheong_8","단청 부재 · SM_R_Dancheong_8","건축 부재/공포·단청","주막·역참·마을 조립 후보: 접합 규격·피벗·치수·재질 통일","이름·폴더 기반 추정","Assets/HwaseongHaenggung/Prefabs/SM_R_Dancheong_8.prefab","abc00000000011475666127335377652",1,1,160,160,0,0,0,0,0,0.2483917,0.7350762,1.38418,"Screenshots/AssetCatalog/Thumbnails/abc00000000011475666127335377652.png","rendered"
630,"prefab","HwaseongHaenggung","SM_R_Dancheong_9","단청 부재 · SM_R_Dancheong_9","건축 부재/공포·단청","주막·역참·마을 조립 후보: 접합 규격·피벗·치수·재질 통일","이름·폴더 기반 추정","Assets/HwaseongHaenggung/Prefabs/SM_R_Dancheong_9.prefab","abc00000000012743163435812019997",1,1,200,200,0,0,0,0,0,0.2483911,0.7350762,2.940007,"Screenshots/AssetCatalog/Thumbnails/abc00000000012743163435812019997.png","rendered"
631,"prefab","HwaseongHaenggung","SM_R_GateDoor","문 부재 · SM_R_GateDoor","건축 부재/문·창호","주막·역참·마을 조립 후보: 접합 규격·피벗·치수·재질 통일","이름·폴더 기반 추정","Assets/HwaseongHaenggung/Prefabs/SM_R_GateDoor.prefab","abc00000000003661367013675786185",1,1,29672,29672,0,0,0,0,0,2.493752,1.831693,3.52649,"Screenshots/AssetCatalog/Thumbnails/abc00000000003661367013675786185.png","rendered"
632,"prefab","HwaseongHaenggung","SM_R_GateDoor_1","문 부재 · SM_R_GateDoor_1","건축 부재/문·창호","주막·역참·마을 조립 후보: 접합 규격·피벗·치수·재질 통일","이름·폴더 기반 추정","Assets/HwaseongHaenggung/Prefabs/SM_R_GateDoor_1.prefab","abc00000000002416192441479727509",1,1,29672,29672,0,0,0,0,0,2.493752,1.831693,3.52649,"Screenshots/AssetCatalog/Thumbnails/abc00000000002416192441479727509.png","rendered"
633,"prefab","HwaseongHaenggung","SM_R_GateNaknamheon","지붕·상부 조립체 · SM_R_GateNaknamheon","건축 조립체/지붕","주막·역참·마을 조립 후보: 접합 규격·피벗·치수·재질 통일","이름·폴더 기반 추정","Assets/HwaseongHaenggung/Prefabs/SM_R_GateNaknamheon.prefab","abc00000000008647261871564215893",1,1,32504,32504,0,0,0,0,0,2.493752,1.581742,4.021646,"Screenshots/AssetCatalog/Thumbnails/abc00000000008647261871564215893.png","rendered"
634,"prefab","HwaseongHaenggung","SM_R_GateWooden","문 부재 · SM_R_GateWooden","건축 부재/문·창호","주막·역참·마을 조립 후보: 접합 규격·피벗·치수·재질 통일","이름·폴더 기반 추정","Assets/HwaseongHaenggung/Prefabs/SM_R_GateWooden.prefab","abc00000000011255127230913935907",1,1,21828,21828,0,0,0,0,0,2.642415,2.092735,3.736719,"Screenshots/AssetCatalog/Thumbnails/abc00000000011255127230913935907.png","rendered"
635,"prefab","HwaseongHaenggung","SM_R_Gyeongryeongwan","지붕·상부 조립체 · SM_R_Gyeongryeongwan","건축 조립체/지붕","주막·역참·마을 조립 후보: 접합 규격·피벗·치수·재질 통일","이름·폴더 기반 추정","Assets/HwaseongHaenggung/Prefabs/SM_R_Gyeongryeongwan.prefab","abc00000000013982986757155046963",1,1,92352,92352,0,0,0,0,0,8.236774,3.777014,11.07741,"Screenshots/AssetCatalog/Thumbnails/abc00000000013982986757155046963.png","rendered"
636,"prefab","HwaseongHaenggung","SM_R_Jeonsacheong","지붕·상부 조립체 · SM_R_Jeonsacheong","건축 조립체/지붕","주막·역참·마을 조립 후보: 접합 규격·피벗·치수·재질 통일","이름·폴더 기반 추정","Assets/HwaseongHaenggung/Prefabs/SM_R_Jeonsacheong.prefab","abc00000000005387146209416165492",1,1,207015,207015,0,0,0,0,0,9.808984,3.351642,25.9366,"Screenshots/AssetCatalog/Thumbnails/abc00000000005387146209416165492.png","rendered"
637,"prefab","HwaseongHaenggung","SM_R_Jibsacheong","지붕·상부 조립체 · SM_R_Jibsacheong","건축 조립체/지붕","주막·역참·마을 조립 후보: 접합 규격·피벗·치수·재질 통일","이름·폴더 기반 추정","Assets/HwaseongHaenggung/Prefabs/SM_R_Jibsacheong.prefab","abc00000000001571940546515800883",1,1,272960,272960,0,0,0,0,0,8.825504,3.993719,19.32074,"Screenshots/AssetCatalog/Thumbnails/abc00000000001571940546515800883.png","rendered"
638,"prefab","HwaseongHaenggung","SM_R_Jibsacheong_2","지붕·상부 조립체 · SM_R_Jibsacheong_2","건축 조립체/지붕","주막·역참·마을 조립 후보: 접합 규격·피벗·치수·재질 통일","이름·폴더 기반 추정","Assets/HwaseongHaenggung/Prefabs/SM_R_Jibsacheong_2.prefab","abc00000000008108574504177905960",1,1,268668,268668,0,0,0,0,0,8.827113,4.352645,19.32074,"Screenshots/AssetCatalog/Thumbnails/abc00000000008108574504177905960.png","rendered"
639,"prefab","HwaseongHaenggung","SM_R_Jungyakmun","지붕·상부 조립체 · SM_R_Jungyakmun","건축 조립체/지붕","주막·역참·마을 조립 후보: 접합 규격·피벗·치수·재질 통일","이름·폴더 기반 추정","Assets/HwaseongHaenggung/Prefabs/SM_R_Jungyakmun.prefab","abc00000000014288885915371827301",1,1,156266,156266,0,0,0,0,0,6.17939,3.85559,12.50319,"Screenshots/AssetCatalog/Thumbnails/abc00000000014288885915371827301.png","rendered"
640,"prefab","HwaseongHaenggung","SM_R_Jwaikmun","지붕·상부 조립체 · SM_R_Jwaikmun","건축 조립체/지붕","주막·역참·마을 조립 후보: 접합 규격·피벗·치수·재질 통일","이름·폴더 기반 추정","Assets/HwaseongHaenggung/Prefabs/SM_R_Jwaikmun.prefab","abc00000000008420926933055154378",1,1,156266,156266,0,0,0,0,0,6.17939,3.85559,12.50319,"Screenshots/AssetCatalog/Thumbnails/abc00000000008420926933055154378.png","rendered"
641,"prefab","HwaseongHaenggung","SM_R_Lantern_1","등롱 · SM_R_Lantern_1","생활 소품/등기구","주막·안식 지점: 원본 복구 후 의미광·발광 상한 별도 적용","이름·폴더 기반 추정","Assets/HwaseongHaenggung/Prefabs/SM_R_Lantern_1.prefab","abc00000000012482874768256483992",1,1,460,460,0,0,0,0,0,0.3242725,1.010954,0.3409543,"Screenshots/AssetCatalog/Thumbnails/abc00000000012482874768256483992.png","rendered"
642,"prefab","HwaseongHaenggung","SM_R_Lantern_2","등롱 · SM_R_Lantern_2","생활 소품/등기구","주막·안식 지점: 원본 복구 후 의미광·발광 상한 별도 적용","이름·폴더 기반 추정","Assets/HwaseongHaenggung/Prefabs/SM_R_Lantern_2.prefab","abc00000000006570440902843597219",1,1,296,296,0,0,0,0,0,0.2431171,0.4532622,0.2431171,"Screenshots/AssetCatalog/Thumbnails/abc00000000006570440902843597219.png","rendered"
643,"prefab","HwaseongHaenggung","SM_R_MRHJGTop","지붕·상부 조립체 · SM_R_MRHJGTop","건축 조립체/지붕","주막·역참·마을 조립 후보: 접합 규격·피벗·치수·재질 통일","이름·폴더 기반 추정","Assets/HwaseongHaenggung/Prefabs/SM_R_MRHJGTop.prefab","abc00000000003496837519359343247",1,1,144,144,0,0,0,0,0,3.562783,1.192104,3.562783,"Screenshots/AssetCatalog/Thumbnails/abc00000000003496837519359343247.png","rendered"
644,"prefab","HwaseongHaenggung","SM_R_MiddleBeam_1","보·지붕 지지 부재 · SM_R_MiddleBeam_1","건축 부재/보·도리·서까래","주막·역참·마을 조립 후보: 접합 규격·피벗·치수·재질 통일","이름·폴더 기반 추정","Assets/HwaseongHaenggung/Prefabs/SM_R_MiddleBeam_1.prefab","abc00000000001024570283542905722",1,1,572,572,0,0,0,0,0,1.190706,3.371406,6.003821,"Screenshots/AssetCatalog/Thumbnails/abc00000000001024570283542905722.png","rendered"
645,"prefab","HwaseongHaenggung","SM_R_MiddleBeam_10","보·지붕 지지 부재 · SM_R_MiddleBeam_10","건축 부재/보·도리·서까래","주막·역참·마을 조립 후보: 접합 규격·피벗·치수·재질 통일","이름·폴더 기반 추정","Assets/HwaseongHaenggung/Prefabs/SM_R_MiddleBeam_10.prefab","abc00000000007594659111450238326",1,1,32,32,0,0,0,0,0,2.521248E-06,2.082477,4.113977,"Screenshots/AssetCatalog/Thumbnails/abc00000000007594659111450238326.png","rendered"
646,"prefab","HwaseongHaenggung","SM_R_MiddleBeam_11","보·지붕 지지 부재 · SM_R_MiddleBeam_11","건축 부재/보·도리·서까래","주막·역참·마을 조립 후보: 접합 규격·피벗·치수·재질 통일","이름·폴더 기반 추정","Assets/HwaseongHaenggung/Prefabs/SM_R_MiddleBeam_11.prefab","abc00000000012506180116053644367",1,1,32,32,0,0,0,0,0,2.790613E-06,2.082477,6.264358,"Screenshots/AssetCatalog/Thumbnails/abc00000000012506180116053644367.png","rendered"
647,"prefab","HwaseongHaenggung","SM_R_MiddleBeam_12","보·지붕 지지 부재 · SM_R_MiddleBeam_12","건축 부재/보·도리·서까래","주막·역참·마을 조립 후보: 접합 규격·피벗·치수·재질 통일","이름·폴더 기반 추정","Assets/HwaseongHaenggung/Prefabs/SM_R_MiddleBeam_12.prefab","abc00000000012425439726767486004",1,1,16,16,0,0,0,0,0,4.566746E-06,1.454532,3.290966,"Screenshots/AssetCatalog/Thumbnails/abc00000000012425439726767486004.png","rendered"
648,"prefab","HwaseongHaenggung","SM_R_MiddleBeam_13","보·지붕 지지 부재 · SM_R_MiddleBeam_13","건축 부재/보·도리·서까래","주막·역참·마을 조립 후보: 접합 규격·피벗·치수·재질 통일","이름·폴더 기반 추정","Assets/HwaseongHaenggung/Prefabs/SM_R_MiddleBeam_13.prefab","abc00000000002471890257490537821",1,1,32,32,0,0,0,0,0,2.629252E-06,2.082478,5.719316,"Screenshots/AssetCatalog/Thumbnails/abc00000000002471890257490537821.png","rendered"
649,"prefab","HwaseongHaenggung","SM_R_MiddleBeam_14","보·지붕 지지 부재 · SM_R_MiddleBeam_14","건축 부재/보·도리·서까래","주막·역참·마을 조립 후보: 접합 규격·피벗·치수·재질 통일","이름·폴더 기반 추정","Assets/HwaseongHaenggung/Prefabs/SM_R_MiddleBeam_14.prefab","abc00000000008938491579712253642",1,1,152,152,0,0,0,0,0,1.368565,1.896478,2.429991,"Screenshots/AssetCatalog/Thumbnails/abc00000000008938491579712253642.png","rendered"
650,"prefab","HwaseongHaenggung","SM_R_MiddleBeam_15","보·지붕 지지 부재 · SM_R_MiddleBeam_15","건축 부재/보·도리·서까래","주막·역참·마을 조립 후보: 접합 규격·피벗·치수·재질 통일","이름·폴더 기반 추정","Assets/HwaseongHaenggung/Prefabs/SM_R_MiddleBeam_15.prefab","abc00000000008351187078228286163",1,1,152,152,0,0,0,0,0,1.368565,1.896478,2.429991,"Screenshots/AssetCatalog/Thumbnails/abc00000000008351187078228286163.png","rendered"
651,"prefab","HwaseongHaenggung","SM_R_MiddleBeam_16","보·지붕 지지 부재 · SM_R_MiddleBeam_16","건축 부재/보·도리·서까래","주막·역참·마을 조립 후보: 접합 규격·피벗·치수·재질 통일","이름·폴더 기반 추정","Assets/HwaseongHaenggung/Prefabs/SM_R_MiddleBeam_16.prefab","abc00000000017893639392942062856",1,1,8,8,0,0,0,0,0,1.83019E-06,2.082477,6.350184,"Screenshots/AssetCatalog/Thumbnails/abc00000000017893639392942062856.png","rendered"
652,"prefab","HwaseongHaenggung","SM_R_MiddleBeam_17","보·지붕 지지 부재 · SM_R_MiddleBeam_17","건축 부재/보·도리·서까래","주막·역참·마을 조립 후보: 접합 규격·피벗·치수·재질 통일","이름·폴더 기반 추정","Assets/HwaseongHaenggung/Prefabs/SM_R_MiddleBeam_17.prefab","abc00000000012508737318433747729",1,1,5280,5280,0,0,0,0,0,1.73687,3.664483,8.110212,"Screenshots/AssetCatalog/Thumbnails/abc00000000012508737318433747729.png","rendered"
653,"prefab","HwaseongHaenggung","SM_R_MiddleBeam_18","보·지붕 지지 부재 · SM_R_MiddleBeam_18","건축 부재/보·도리·서까래","주막·역참·마을 조립 후보: 접합 규격·피벗·치수·재질 통일","이름·폴더 기반 추정","Assets/HwaseongHaenggung/Prefabs/SM_R_MiddleBeam_18.prefab","abc00000000000321479831313194446",1,1,584,584,0,0,0,0,0,0.2430394,1.509865,4.647866,"Screenshots/AssetCatalog/Thumbnails/abc00000000000321479831313194446.png","rendered"
654,"prefab","HwaseongHaenggung","SM_R_MiddleBeam_18_1","보·지붕 지지 부재 · SM_R_MiddleBeam_18_1","건축 부재/보·도리·서까래","주막·역참·마을 조립 후보: 접합 규격·피벗·치수·재질 통일","이름·폴더 기반 추정","Assets/HwaseongHaenggung/Prefabs/SM_R_MiddleBeam_18_1.prefab","abc00000000017625779364202579742",1,1,584,584,0,0,0,0,0,0.2430394,1.509865,4.647866,"Screenshots/AssetCatalog/Thumbnails/abc00000000017625779364202579742.png","rendered"
655,"prefab","HwaseongHaenggung","SM_R_MiddleBeam_19","보·지붕 지지 부재 · SM_R_MiddleBeam_19","건축 부재/보·도리·서까래","주막·역참·마을 조립 후보: 접합 규격·피벗·치수·재질 통일","이름·폴더 기반 추정","Assets/HwaseongHaenggung/Prefabs/SM_R_MiddleBeam_19.prefab","abc00000000007641663465266676423",1,1,1204,1204,0,0,0,0,0,0.1852516,1.845181,4.224386,"Screenshots/AssetCatalog/Thumbnails/abc00000000007641663465266676423.png","rendered"
656,"prefab","HwaseongHaenggung","SM_R_MiddleBeam_2","보·지붕 지지 부재 · SM_R_MiddleBeam_2","건축 부재/보·도리·서까래","주막·역참·마을 조립 후보: 접합 규격·피벗·치수·재질 통일","이름·폴더 기반 추정","Assets/HwaseongHaenggung/Prefabs/SM_R_MiddleBeam_2.prefab","abc00000000010496442535264088833",1,1,152,152,0,0,0,0,0,0.3000342,3.132543,5.835346,"Screenshots/AssetCatalog/Thumbnails/abc00000000010496442535264088833.png","rendered"
657,"prefab","HwaseongHaenggung","SM_R_MiddleBeam_20","보·지붕 지지 부재 · SM_R_MiddleBeam_20","건축 부재/보·도리·서까래","주막·역참·마을 조립 후보: 접합 규격·피벗·치수·재질 통일","이름·폴더 기반 추정","Assets/HwaseongHaenggung/Prefabs/SM_R_MiddleBeam_20.prefab","abc00000000012435696443860086275",1,1,1196,1196,0,0,0,0,0,0.2646266,2.275346,5.173316,"Screenshots/AssetCatalog/Thumbnails/abc00000000012435696443860086275.png","rendered"
658,"prefab","HwaseongHaenggung","SM_R_MiddleBeam_21","보·지붕 지지 부재 · SM_R_MiddleBeam_21","건축 부재/보·도리·서까래","주막·역참·마을 조립 후보: 접합 규격·피벗·치수·재질 통일","이름·폴더 기반 추정","Assets/HwaseongHaenggung/Prefabs/SM_R_MiddleBeam_21.prefab","abc00000000015845077810013948346",1,1,184,184,0,0,0,0,0,0.2886193,0.9590112,3.755701,"Screenshots/AssetCatalog/Thumbnails/abc00000000015845077810013948346.png","rendered"
659,"prefab","HwaseongHaenggung","SM_R_MiddleBeam_22","보·지붕 지지 부재 · SM_R_MiddleBeam_22","건축 부재/보·도리·서까래","주막·역참·마을 조립 후보: 접합 규격·피벗·치수·재질 통일","이름·폴더 기반 추정","Assets/HwaseongHaenggung/Prefabs/SM_R_MiddleBeam_22.prefab","abc00000000001877863085848685121",1,1,204,204,0,0,0,0,0,0.2886199,1.459678,3.755701,"Screenshots/AssetCatalog/Thumbnails/abc00000000001877863085848685121.png","rendered"
660,"prefab","HwaseongHaenggung","SM_R_MiddleBeam_23","보·지붕 지지 부재 · SM_R_MiddleBeam_23","건축 부재/보·도리·서까래","주막·역참·마을 조립 후보: 접합 규격·피벗·치수·재질 통일","이름·폴더 기반 추정","Assets/HwaseongHaenggung/Prefabs/SM_R_MiddleBeam_23.prefab","abc00000000001299988208654838648",1,1,1650,1650,0,0,0,0,0,0.9672915,2.258339,5.765621,"Screenshots/AssetCatalog/Thumbnails/abc00000000001299988208654838648.png","rendered"
661,"prefab","HwaseongHaenggung","SM_R_MiddleBeam_24","보·지붕 지지 부재 · SM_R_MiddleBeam_24","건축 부재/보·도리·서까래","주막·역참·마을 조립 후보: 접합 규격·피벗·치수·재질 통일","이름·폴더 기반 추정","Assets/HwaseongHaenggung/Prefabs/SM_R_MiddleBeam_24.prefab","abc00000000008820455131515830143",1,1,404,404,0,0,0,0,0,0.3829851,1.260255,3.651751,"Screenshots/AssetCatalog/Thumbnails/abc00000000008820455131515830143.png","rendered"
662,"prefab","HwaseongHaenggung","SM_R_MiddleBeam_25","보·지붕 지지 부재 · SM_R_MiddleBeam_25","건축 부재/보·도리·서까래","주막·역참·마을 조립 후보: 접합 규격·피벗·치수·재질 통일","이름·폴더 기반 추정","Assets/HwaseongHaenggung/Prefabs/SM_R_MiddleBeam_25.prefab","abc00000000002659649024121007910",1,1,1080,1080,0,0,0,0,0,1.809006,2.039846,3.303425,"Screenshots/AssetCatalog/Thumbnails/abc00000000002659649024121007910.png","rendered"
663,"prefab","HwaseongHaenggung","SM_R_MiddleBeam_26","보·지붕 지지 부재 · SM_R_MiddleBeam_26","건축 부재/보·도리·서까래","주막·역참·마을 조립 후보: 접합 규격·피벗·치수·재질 통일","이름·폴더 기반 추정","Assets/HwaseongHaenggung/Prefabs/SM_R_MiddleBeam_26.prefab","abc00000000009658954166956739725",1,1,20,20,0,0,0,0,0,0.05592475,1.579813,6.045651,"Screenshots/AssetCatalog/Thumbnails/abc00000000009658954166956739725.png","rendered"
664,"prefab","HwaseongHaenggung","SM_R_MiddleBeam_27","보·지붕 지지 부재 · SM_R_MiddleBeam_27","건축 부재/보·도리·서까래","주막·역참·마을 조립 후보: 접합 규격·피벗·치수·재질 통일","이름·폴더 기반 추정","Assets/HwaseongHaenggung/Prefabs/SM_R_MiddleBeam_27.prefab","abc00000000008110908810571384676",1,1,12,12,0,0,0,0,0,0.10953,1.617581,3.247429,"Screenshots/AssetCatalog/Thumbnails/abc00000000008110908810571384676.png","rendered"
665,"prefab","HwaseongHaenggung","SM_R_MiddleBeam_28","보·지붕 지지 부재 · SM_R_MiddleBeam_28","건축 부재/보·도리·서까래","주막·역참·마을 조립 후보: 접합 규격·피벗·치수·재질 통일","이름·폴더 기반 추정","Assets/HwaseongHaenggung/Prefabs/SM_R_MiddleBeam_28.prefab","abc00000000009457150074989738043",1,1,1552,1552,0,0,0,0,0,1.266887,2.314619,5.173316,"Screenshots/AssetCatalog/Thumbnails/abc00000000009457150074989738043.png","rendered"
666,"prefab","HwaseongHaenggung","SM_R_MiddleBeam_3","보·지붕 지지 부재 · SM_R_MiddleBeam_3","건축 부재/보·도리·서까래","주막·역참·마을 조립 후보: 접합 규격·피벗·치수·재질 통일","이름·폴더 기반 추정","Assets/HwaseongHaenggung/Prefabs/SM_R_MiddleBeam_3.prefab","abc00000000010163450887856954680",1,1,152,152,0,0,0,0,0,0.3000346,2.369532,5.586035,"Screenshots/AssetCatalog/Thumbnails/abc00000000010163450887856954680.png","rendered"
667,"prefab","HwaseongHaenggung","SM_R_MiddleBeam_4","보·지붕 지지 부재 · SM_R_MiddleBeam_4","건축 부재/보·도리·서까래","주막·역참·마을 조립 후보: 접합 규격·피벗·치수·재질 통일","이름·폴더 기반 추정","Assets/HwaseongHaenggung/Prefabs/SM_R_MiddleBeam_4.prefab","abc00000000017439034580931233855",1,1,1294,1294,0,0,0,0,0,1.169308,2.199736,4.118944,"Screenshots/AssetCatalog/Thumbnails/abc00000000017439034580931233855.png","rendered"
668,"prefab","HwaseongHaenggung","SM_R_MiddleBeam_5","보·지붕 지지 부재 · SM_R_MiddleBeam_5","건축 부재/보·도리·서까래","주막·역참·마을 조립 후보: 접합 규격·피벗·치수·재질 통일","이름·폴더 기반 추정","Assets/HwaseongHaenggung/Prefabs/SM_R_MiddleBeam_5.prefab","abc00000000006669808273231091686",1,1,1932,1932,0,0,0,0,0,0.3332959,2.021782,4.524842,"Screenshots/AssetCatalog/Thumbnails/abc00000000006669808273231091686.png","rendered"
669,"prefab","HwaseongHaenggung","SM_R_MiddleBeam_6","보·지붕 지지 부재 · SM_R_MiddleBeam_6","건축 부재/보·도리·서까래","주막·역참·마을 조립 후보: 접합 규격·피벗·치수·재질 통일","이름·폴더 기반 추정","Assets/HwaseongHaenggung/Prefabs/SM_R_MiddleBeam_6.prefab","abc00000000008069496947125236813",1,1,708,708,0,0,0,0,0,0.6856154,1.597303,3.562073,"Screenshots/AssetCatalog/Thumbnails/abc00000000008069496947125236813.png","rendered"
670,"prefab","HwaseongHaenggung","SM_R_MiddleBeam_7","보·지붕 지지 부재 · SM_R_MiddleBeam_7","건축 부재/보·도리·서까래","주막·역참·마을 조립 후보: 접합 규격·피벗·치수·재질 통일","이름·폴더 기반 추정","Assets/HwaseongHaenggung/Prefabs/SM_R_MiddleBeam_7.prefab","abc00000000004511448061853932580",1,1,1942,1942,0,0,0,0,0,0.906408,2.250655,4.325481,"Screenshots/AssetCatalog/Thumbnails/abc00000000004511448061853932580.png","rendered"
671,"prefab","HwaseongHaenggung","SM_R_MiddleBeam_8","보·지붕 지지 부재 · SM_R_MiddleBeam_8","건축 부재/보·도리·서까래","주막·역참·마을 조립 후보: 접합 규격·피벗·치수·재질 통일","이름·폴더 기반 추정","Assets/HwaseongHaenggung/Prefabs/SM_R_MiddleBeam_8.prefab","abc00000000007238605448523126011",1,1,16,16,0,0,0,0,0,3.076849E-06,1.449679,2.800572,"Screenshots/AssetCatalog/Thumbnails/abc00000000007238605448523126011.png","rendered"
672,"prefab","HwaseongHaenggung","SM_R_MiddleBeam_9","보·지붕 지지 부재 · SM_R_MiddleBeam_9","건축 부재/보·도리·서까래","주막·역참·마을 조립 후보: 접합 규격·피벗·치수·재질 통일","이름·폴더 기반 추정","Assets/HwaseongHaenggung/Prefabs/SM_R_MiddleBeam_9.prefab","abc00000000007914120839694421554",1,1,1942,1942,0,0,0,0,0,1.189335,2.999995,5.765621,"Screenshots/AssetCatalog/Thumbnails/abc00000000007914120839694421554.png","rendered"
673,"prefab","HwaseongHaenggung","SM_R_MiddleRoof_1","지붕·상부 조립체 · SM_R_MiddleRoof_1","건축 조립체/지붕","주막·역참·마을 조립 후보: 접합 규격·피벗·치수·재질 통일","이름·폴더 기반 추정","Assets/HwaseongHaenggung/Prefabs/SM_R_MiddleRoof_1.prefab","abc00000000014116069655681188949",1,1,544,544,0,0,0,0,0,2.834145,1.353612,0.4724548,"Screenshots/AssetCatalog/Thumbnails/abc00000000014116069655681188949.png","rendered"
674,"prefab","HwaseongHaenggung","SM_R_MiddleRoof_2","지붕·상부 조립체 · SM_R_MiddleRoof_2","건축 조립체/지붕","주막·역참·마을 조립 후보: 접합 규격·피벗·치수·재질 통일","이름·폴더 기반 추정","Assets/HwaseongHaenggung/Prefabs/SM_R_MiddleRoof_2.prefab","abc00000000008770896430240237134",1,1,1592,1592,0,0,0,0,0,1.708411,0.4044071,0.5356299,"Screenshots/AssetCatalog/Thumbnails/abc00000000008770896430240237134.png","rendered"
675,"prefab","HwaseongHaenggung","SM_R_MiddleRoof_3","지붕·상부 조립체 · SM_R_MiddleRoof_3","건축 조립체/지붕","주막·역참·마을 조립 후보: 접합 규격·피벗·치수·재질 통일","이름·폴더 기반 추정","Assets/HwaseongHaenggung/Prefabs/SM_R_MiddleRoof_3.prefab","abc00000000016091080064193719111",1,1,520,520,0,0,0,0,0,1.231622,0.9201324,0.3304013,"Screenshots/AssetCatalog/Thumbnails/abc00000000016091080064193719111.png","rendered"
676,"prefab","HwaseongHaenggung","SM_R_Mirohanjeong","지붕·상부 조립체 · SM_R_Mirohanjeong","건축 조립체/지붕","주막·역참·마을 조립 후보: 접합 규격·피벗·치수·재질 통일","이름·폴더 기반 추정","Assets/HwaseongHaenggung/Prefabs/SM_R_Mirohanjeong.prefab","abc00000000014350497996479102811",1,1,71684,71684,0,0,0,0,0,8.334071,5.266519,9.487185,"Screenshots/AssetCatalog/Thumbnails/abc00000000014350497996479102811.png","rendered"
677,"prefab","HwaseongHaenggung","SM_R_Naeposa","지붕·상부 조립체 · SM_R_Naeposa","건축 조립체/지붕","주막·역참·마을 조립 후보: 접합 규격·피벗·치수·재질 통일","이름·폴더 기반 추정","Assets/HwaseongHaenggung/Prefabs/SM_R_Naeposa.prefab","abc00000000013535437297798969019",1,1,74688,74688,0,0,0,0,0,6.197822,3.271837,7.664028,"Screenshots/AssetCatalog/Thumbnails/abc00000000013535437297798969019.png","rendered"
678,"prefab","HwaseongHaenggung","SM_R_Naesanmun","지붕·상부 조립체 · SM_R_Naesanmun","건축 조립체/지붕","주막·역참·마을 조립 후보: 접합 규격·피벗·치수·재질 통일","이름·폴더 기반 추정","Assets/HwaseongHaenggung/Prefabs/SM_R_Naesanmun.prefab","abc00000000005078333335260234566",1,1,109132,109132,0,0,0,0,0,7.926527,3.927836,12.56635,"Screenshots/AssetCatalog/Thumbnails/abc00000000005078333335260234566.png","rendered"
679,"prefab","HwaseongHaenggung","SM_R_Naknamheon","지붕·상부 조립체 · SM_R_Naknamheon","건축 조립체/지붕","주막·역참·마을 조립 후보: 접합 규격·피벗·치수·재질 통일","이름·폴더 기반 추정","Assets/HwaseongHaenggung/Prefabs/SM_R_Naknamheon.prefab","abc00000000005811305435618199688",1,1,386258,386258,0,0,0,0,0,28.7562,8.289542,25.03946,"Screenshots/AssetCatalog/Thumbnails/abc00000000005811305435618199688.png","rendered"
680,"prefab","HwaseongHaenggung","SM_R_Namgunyeong","지붕·상부 조립체 · SM_R_Namgunyeong","건축 조립체/지붕","주막·역참·마을 조립 후보: 접합 규격·피벗·치수·재질 통일","이름·폴더 기반 추정","Assets/HwaseongHaenggung/Prefabs/SM_R_Namgunyeong.prefab","abc00000000013085101993359944746",1,1,277902,277902,0,0,0,0,0,9.950363,4.638276,18.99779,"Screenshots/AssetCatalog/Thumbnails/abc00000000013085101993359944746.png","rendered"
681,"prefab","HwaseongHaenggung","SM_R_Oijeongriso","지붕·상부 조립체 · SM_R_Oijeongriso","건축 조립체/지붕","주막·역참·마을 조립 후보: 접합 규격·피벗·치수·재질 통일","이름·폴더 기반 추정","Assets/HwaseongHaenggung/Prefabs/SM_R_Oijeongriso.prefab","abc00000000009143217692693619958",1,1,208555,208555,0,0,0,0,0,10.614,4.136754,13.99019,"Screenshots/AssetCatalog/Thumbnails/abc00000000009143217692693619958.png","rendered"
682,"prefab","HwaseongHaenggung","SM_R_Oisammun","지붕·상부 조립체 · SM_R_Oisammun","건축 조립체/지붕","주막·역참·마을 조립 후보: 접합 규격·피벗·치수·재질 통일","이름·폴더 기반 추정","Assets/HwaseongHaenggung/Prefabs/SM_R_Oisammun.prefab","abc00000000018339001377832227455",1,1,196107,196107,0,0,0,0,0,8.260318,4.802291,18.79464,"Screenshots/AssetCatalog/Thumbnails/abc00000000018339001377832227455.png","rendered"
683,"prefab","HwaseongHaenggung","SM_R_Painting_1","현판·회화 · SM_R_Painting_1","표면 장식/현판·회화","건물·유적 표면: 실제 문구·문양·데칼 여부 및 면 겹침 확인","이름·폴더 기반 추정","Assets/HwaseongHaenggung/Prefabs/SM_R_Painting_1.prefab","abc00000000007936861425971942356",1,1,68,68,0,0,0,0,0,0.1518106,3.135213,1.670134,"Screenshots/AssetCatalog/Thumbnails/abc00000000007936861425971942356.png","rendered"
684,"prefab","HwaseongHaenggung","SM_R_Painting_2","현판·회화 · SM_R_Painting_2","표면 장식/현판·회화","건물·유적 표면: 실제 문구·문양·데칼 여부 및 면 겹침 확인","이름·폴더 기반 추정","Assets/HwaseongHaenggung/Prefabs/SM_R_Painting_2.prefab","abc00000000014898031675123015279",1,1,2,2,0,0,0,0,0,6.570126E-08,1.983651,3.415878,"Screenshots/AssetCatalog/Thumbnails/abc00000000014898031675123015279.png","rendered"
685,"prefab","HwaseongHaenggung","SM_R_Punghuadang","지붕·상부 조립체 · SM_R_Punghuadang","건축 조립체/지붕","주막·역참·마을 조립 후보: 접합 규격·피벗·치수·재질 통일","이름·폴더 기반 추정","Assets/HwaseongHaenggung/Prefabs/SM_R_Punghuadang.prefab","abc00000000004716571225908454090",1,1,210593,210593,0,0,0,0,0,9.890635,4.053991,18.68916,"Screenshots/AssetCatalog/Thumbnails/abc00000000004716571225908454090.png","rendered"
686,"prefab","HwaseongHaenggung","SM_R_R_GateModular_1","지붕·상부 조립체 · SM_R_R_GateModular_1","건축 조립체/지붕","주막·역참·마을 조립 후보: 접합 규격·피벗·치수·재질 통일","이름·폴더 기반 추정","Assets/HwaseongHaenggung/Prefabs/SM_R_R_GateModular_1.prefab","abc00000000009220694491405473278",1,1,2212,2212,0,0,0,0,0,1.984069,0.4601514,3.573671,"Screenshots/AssetCatalog/Thumbnails/abc00000000009220694491405473278.png","rendered"
687,"prefab","HwaseongHaenggung","SM_R_R_GateModular_2","지붕·상부 조립체 · SM_R_R_GateModular_2","건축 조립체/지붕","주막·역참·마을 조립 후보: 접합 규격·피벗·치수·재질 통일","이름·폴더 기반 추정","Assets/HwaseongHaenggung/Prefabs/SM_R_R_GateModular_2.prefab","abc00000000005822630874956230405",1,1,1628,1628,0,0,0,0,0,2.029515,0.9662047,3.080189,"Screenshots/AssetCatalog/Thumbnails/abc00000000005822630874956230405.png","rendered"
688,"prefab","HwaseongHaenggung","SM_R_R_GateModular_3","지붕·상부 조립체 · SM_R_R_GateModular_3","건축 조립체/지붕","주막·역참·마을 조립 후보: 접합 규격·피벗·치수·재질 통일","이름·폴더 기반 추정","Assets/HwaseongHaenggung/Prefabs/SM_R_R_GateModular_3.prefab","abc00000000017995635926216103356",1,1,1784,1784,0,0,0,0,0,2.092214,1.12473,3.42849,"Screenshots/AssetCatalog/Thumbnails/abc00000000017995635926216103356.png","rendered"
689,"prefab","HwaseongHaenggung","SM_R_RoofCornerCut_1","지붕·상부 조립체 · SM_R_RoofCornerCut_1","건축 조립체/지붕","주막·역참·마을 조립 후보: 접합 규격·피벗·치수·재질 통일","이름·폴더 기반 추정","Assets/HwaseongHaenggung/Prefabs/SM_R_RoofCornerCut_1.prefab","abc00000000012598668793276060731",1,1,992,992,0,0,0,0,0,1.79666,1.163944,1.620503,"Screenshots/AssetCatalog/Thumbnails/abc00000000012598668793276060731.png","rendered"
690,"prefab","HwaseongHaenggung","SM_R_RoofCornerCut_2","지붕·상부 조립체 · SM_R_RoofCornerCut_2","건축 조립체/지붕","주막·역참·마을 조립 후보: 접합 규격·피벗·치수·재질 통일","이름·폴더 기반 추정","Assets/HwaseongHaenggung/Prefabs/SM_R_RoofCornerCut_2.prefab","abc00000000017446390781468194352",1,1,3885,3885,0,0,0,0,0,3.621848,2.178328,3.600454,"Screenshots/AssetCatalog/Thumbnails/abc00000000017446390781468194352.png","rendered"
691,"prefab","HwaseongHaenggung","SM_R_RoofCornerCut_3","지붕·상부 조립체 · SM_R_RoofCornerCut_3","건축 조립체/지붕","주막·역참·마을 조립 후보: 접합 규격·피벗·치수·재질 통일","이름·폴더 기반 추정","Assets/HwaseongHaenggung/Prefabs/SM_R_RoofCornerCut_3.prefab","abc00000000012428792640133073337",1,1,8570,8570,0,0,0,0,0,8.235643,4.946741,3.583739,"Screenshots/AssetCatalog/Thumbnails/abc00000000012428792640133073337.png","rendered"
692,"prefab","HwaseongHaenggung","SM_R_RoofCornerCut_4","지붕·상부 조립체 · SM_R_RoofCornerCut_4","건축 조립체/지붕","주막·역참·마을 조립 후보: 접합 규격·피벗·치수·재질 통일","이름·폴더 기반 추정","Assets/HwaseongHaenggung/Prefabs/SM_R_RoofCornerCut_4.prefab","abc00000000014664705350590402622",1,1,16537,16537,0,0,0,0,0,4.397126,2.125471,4.379336,"Screenshots/AssetCatalog/Thumbnails/abc00000000014664705350590402622.png","rendered"
693,"prefab","HwaseongHaenggung","SM_R_RoofCornerCut_4_1","지붕·상부 조립체 · SM_R_RoofCornerCut_4_1","건축 조립체/지붕","주막·역참·마을 조립 후보: 접합 규격·피벗·치수·재질 통일","이름·폴더 기반 추정","Assets/HwaseongHaenggung/Prefabs/SM_R_RoofCornerCut_4_1.prefab","abc00000000013322521385278390862",1,1,16537,16537,0,0,0,0,0,4.397126,2.125471,4.379336,"Screenshots/AssetCatalog/Thumbnails/abc00000000013322521385278390862.png","rendered"
694,"prefab","HwaseongHaenggung","SM_R_RoofCornerCut_5","지붕·상부 조립체 · SM_R_RoofCornerCut_5","건축 조립체/지붕","주막·역참·마을 조립 후보: 접합 규격·피벗·치수·재질 통일","이름·폴더 기반 추정","Assets/HwaseongHaenggung/Prefabs/SM_R_RoofCornerCut_5.prefab","abc00000000000213599127158820087",1,1,8424,8424,0,0,0,0,0,9.109291,5.471497,3.963906,"Screenshots/AssetCatalog/Thumbnails/abc00000000000213599127158820087.png","rendered"
695,"prefab","HwaseongHaenggung","SM_R_RoofCornerCut_6","지붕·상부 조립체 · SM_R_RoofCornerCut_6","건축 조립체/지붕","주막·역참·마을 조립 후보: 접합 규격·피벗·치수·재질 통일","이름·폴더 기반 추정","Assets/HwaseongHaenggung/Prefabs/SM_R_RoofCornerCut_6.prefab","abc00000000004992621236714659068",1,1,5790,5790,0,0,0,0,0,5.188556,3.120376,4.655947,"Screenshots/AssetCatalog/Thumbnails/abc00000000004992621236714659068.png","rendered"
696,"prefab","HwaseongHaenggung","SM_R_RoofCornerCut_7","지붕·상부 조립체 · SM_R_RoofCornerCut_7","건축 조립체/지붕","주막·역참·마을 조립 후보: 접합 규격·피벗·치수·재질 통일","이름·폴더 기반 추정","Assets/HwaseongHaenggung/Prefabs/SM_R_RoofCornerCut_7.prefab","abc00000000012892610771928063557",1,1,6822,6822,0,0,0,0,0,4.59868,2.279397,2.878159,"Screenshots/AssetCatalog/Thumbnails/abc00000000012892610771928063557.png","rendered"
697,"prefab","HwaseongHaenggung","SM_R_RoofCornerCut_8","지붕·상부 조립체 · SM_R_RoofCornerCut_8","건축 조립체/지붕","주막·역참·마을 조립 후보: 접합 규격·피벗·치수·재질 통일","이름·폴더 기반 추정","Assets/HwaseongHaenggung/Prefabs/SM_R_RoofCornerCut_8.prefab","abc00000000000539852454590719418",1,1,7017,7017,0,0,0,0,0,3.302063,2.219486,3.115517,"Screenshots/AssetCatalog/Thumbnails/abc00000000000539852454590719418.png","rendered"
698,"prefab","HwaseongHaenggung","SM_R_RoofCornerCut_9","지붕·상부 조립체 · SM_R_RoofCornerCut_9","건축 조립체/지붕","주막·역참·마을 조립 후보: 접합 규격·피벗·치수·재질 통일","이름·폴더 기반 추정","Assets/HwaseongHaenggung/Prefabs/SM_R_RoofCornerCut_9.prefab","abc00000000015577215162146408963",1,1,10153,10153,0,0,0,0,0,3.122595,2.122885,3.172343,"Screenshots/AssetCatalog/Thumbnails/abc00000000015577215162146408963.png","rendered"
699,"prefab","HwaseongHaenggung","SM_R_RoofCorner_1","지붕·상부 조립체 · SM_R_RoofCorner_1","건축 조립체/지붕","주막·역참·마을 조립 후보: 접합 규격·피벗·치수·재질 통일","이름·폴더 기반 추정","Assets/HwaseongHaenggung/Prefabs/SM_R_RoofCorner_1.prefab","abc00000000012116185460778046925",1,1,9938,9938,0,0,0,0,0,2.978266,1.684604,3.30019,"Screenshots/AssetCatalog/Thumbnails/abc00000000012116185460778046925.png","rendered"
700,"prefab","HwaseongHaenggung","SM_R_RoofCorner_10","지붕·상부 조립체 · SM_R_RoofCorner_10","건축 조립체/지붕","주막·역참·마을 조립 후보: 접합 규격·피벗·치수·재질 통일","이름·폴더 기반 추정","Assets/HwaseongHaenggung/Prefabs/SM_R_RoofCorner_10.prefab","abc00000000007564807673742996535",1,1,13342,13342,0,0,0,0,0,4.705468,2.472296,5.506987,"Screenshots/AssetCatalog/Thumbnails/abc00000000007564807673742996535.png","rendered"
701,"prefab","HwaseongHaenggung","SM_R_RoofCorner_11","지붕·상부 조립체 · SM_R_RoofCorner_11","건축 조립체/지붕","주막·역참·마을 조립 후보: 접합 규격·피벗·치수·재질 통일","이름·폴더 기반 추정","Assets/HwaseongHaenggung/Prefabs/SM_R_RoofCorner_11.prefab","abc00000000016276864691943837310",1,1,13342,13342,0,0,0,0,0,4.227467,2.221149,4.947563,"Screenshots/AssetCatalog/Thumbnails/abc00000000016276864691943837310.png","rendered"
702,"prefab","HwaseongHaenggung","SM_R_RoofCorner_12","지붕·상부 조립체 · SM_R_RoofCorner_12","건축 조립체/지붕","주막·역참·마을 조립 후보: 접합 규격·피벗·치수·재질 통일","이름·폴더 기반 추정","Assets/HwaseongHaenggung/Prefabs/SM_R_RoofCorner_12.prefab","abc00000000012878801075494594437",1,1,12157,12157,0,0,0,0,0,3.28811,2.151381,3.279064,"Screenshots/AssetCatalog/Thumbnails/abc00000000012878801075494594437.png","rendered"
703,"prefab","HwaseongHaenggung","SM_R_RoofCorner_13","지붕·상부 조립체 · SM_R_RoofCorner_13","건축 조립체/지붕","주막·역참·마을 조립 후보: 접합 규격·피벗·치수·재질 통일","이름·폴더 기반 추정","Assets/HwaseongHaenggung/Prefabs/SM_R_RoofCorner_13.prefab","abc00000000006605062053044915772",1,1,12819,12819,0,0,0,0,0,3.398375,1.715852,2.526433,"Screenshots/AssetCatalog/Thumbnails/abc00000000006605062053044915772.png","rendered"
704,"prefab","HwaseongHaenggung","SM_R_RoofCorner_14","지붕·상부 조립체 · SM_R_RoofCorner_14","건축 조립체/지붕","주막·역참·마을 조립 후보: 접합 규격·피벗·치수·재질 통일","이름·폴더 기반 추정","Assets/HwaseongHaenggung/Prefabs/SM_R_RoofCorner_14.prefab","abc00000000007737241029266087291",1,1,12952,12952,0,0,0,0,0,2.526433,1.715852,3.398375,"Screenshots/AssetCatalog/Thumbnails/abc00000000007737241029266087291.png","rendered"
705,"prefab","HwaseongHaenggung","SM_R_RoofCorner_15","지붕·상부 조립체 · SM_R_RoofCorner_15","건축 조립체/지붕","주막·역참·마을 조립 후보: 접합 규격·피벗·치수·재질 통일","이름·폴더 기반 추정","Assets/HwaseongHaenggung/Prefabs/SM_R_RoofCorner_15.prefab","abc00000000008412756420437382834",1,1,12952,12952,0,0,0,0,0,3.398375,1.715852,2.526433,"Screenshots/AssetCatalog/Thumbnails/abc00000000008412756420437382834.png","rendered"
706,"prefab","HwaseongHaenggung","SM_R_RoofCorner_16","지붕·상부 조립체 · SM_R_RoofCorner_16","건축 조립체/지붕","주막·역참·마을 조립 후보: 접합 규격·피벗·치수·재질 통일","이름·폴더 기반 추정","Assets/HwaseongHaenggung/Prefabs/SM_R_RoofCorner_16.prefab","abc00000000005802244577023863033",1,1,13228,13228,0,0,0,0,0,3.403365,2.636915,3.121721,"Screenshots/AssetCatalog/Thumbnails/abc00000000005802244577023863033.png","rendered"
707,"prefab","HwaseongHaenggung","SM_R_RoofCorner_17","지붕·상부 조립체 · SM_R_RoofCorner_17","건축 조립체/지붕","주막·역참·마을 조립 후보: 접합 규격·피벗·치수·재질 통일","이름·폴더 기반 추정","Assets/HwaseongHaenggung/Prefabs/SM_R_RoofCorner_17.prefab","abc00000000017187697855248012912",1,1,11855,11855,0,0,0,0,0,3.262593,2.108206,3.262591,"Screenshots/AssetCatalog/Thumbnails/abc00000000017187697855248012912.png","rendered"
708,"prefab","HwaseongHaenggung","SM_R_RoofCorner_17_1","지붕·상부 조립체 · SM_R_RoofCorner_17_1","건축 조립체/지붕","주막·역참·마을 조립 후보: 접합 규격·피벗·치수·재질 통일","이름·폴더 기반 추정","Assets/HwaseongHaenggung/Prefabs/SM_R_RoofCorner_17_1.prefab","abc00000000004712502039049135540",1,1,11855,11855,0,0,0,0,0,3.262593,2.108206,3.262591,"Screenshots/AssetCatalog/Thumbnails/abc00000000004712502039049135540.png","rendered"
709,"prefab","HwaseongHaenggung","SM_R_RoofCorner_18","지붕·상부 조립체 · SM_R_RoofCorner_18","건축 조립체/지붕","주막·역참·마을 조립 후보: 접합 규격·피벗·치수·재질 통일","이름·폴더 기반 추정","Assets/HwaseongHaenggung/Prefabs/SM_R_RoofCorner_18.prefab","abc00000000017937670161674195135",1,1,13895,13895,0,0,0,0,0,2.679949,1.638961,2.960831,"Screenshots/AssetCatalog/Thumbnails/abc00000000017937670161674195135.png","rendered"
710,"prefab","HwaseongHaenggung","SM_R_RoofCorner_19","지붕·상부 조립체 · SM_R_RoofCorner_19","건축 조립체/지붕","주막·역참·마을 조립 후보: 접합 규격·피벗·치수·재질 통일","이름·폴더 기반 추정","Assets/HwaseongHaenggung/Prefabs/SM_R_RoofCorner_19.prefab","abc00000000007168443853974052966",1,1,17826,17826,0,0,0,0,0,4.379335,2.092314,4.507239,"Screenshots/AssetCatalog/Thumbnails/abc00000000007168443853974052966.png","rendered"
711,"prefab","HwaseongHaenggung","SM_R_RoofCorner_2","지붕·상부 조립체 · SM_R_RoofCorner_2","건축 조립체/지붕","주막·역참·마을 조립 후보: 접합 규격·피벗·치수·재질 통일","이름·폴더 기반 추정","Assets/HwaseongHaenggung/Prefabs/SM_R_RoofCorner_2.prefab","abc00000000010716496786883901798",1,1,16159,16159,0,0,0,0,0,5.934155,2.865162,6.134475,"Screenshots/AssetCatalog/Thumbnails/abc00000000010716496786883901798.png","rendered"
712,"prefab","HwaseongHaenggung","SM_R_RoofCorner_20","지붕·상부 조립체 · SM_R_RoofCorner_20","건축 조립체/지붕","주막·역참·마을 조립 후보: 접합 규격·피벗·치수·재질 통일","이름·폴더 기반 추정","Assets/HwaseongHaenggung/Prefabs/SM_R_RoofCorner_20.prefab","abc00000000003965594336837144250",1,1,16197,16197,0,0,0,0,0,4.750491,2.516306,4.267983,"Screenshots/AssetCatalog/Thumbnails/abc00000000003965594336837144250.png","rendered"
713,"prefab","HwaseongHaenggung","SM_R_RoofCorner_21","지붕·상부 조립체 · SM_R_RoofCorner_21","건축 조립체/지붕","주막·역참·마을 조립 후보: 접합 규격·피벗·치수·재질 통일","이름·폴더 기반 추정","Assets/HwaseongHaenggung/Prefabs/SM_R_RoofCorner_21.prefab","abc00000000000556212970683282179",1,1,15261,15261,0,0,0,0,0,3.339291,1.997701,2.998303,"Screenshots/AssetCatalog/Thumbnails/abc00000000000556212970683282179.png","rendered"
714,"prefab","HwaseongHaenggung","SM_R_RoofCorner_22","지붕·상부 조립체 · SM_R_RoofCorner_22","건축 조립체/지붕","주막·역참·마을 조립 후보: 접합 규격·피벗·치수·재질 통일","이름·폴더 기반 추정","Assets/HwaseongHaenggung/Prefabs/SM_R_RoofCorner_22.prefab","abc00000000007867248809187586168",1,1,15165,15165,0,0,0,0,0,3.339291,1.997701,2.998303,"Screenshots/AssetCatalog/Thumbnails/abc00000000007867248809187586168.png","rendered"
715,"prefab","HwaseongHaenggung","SM_R_RoofCorner_3","지붕·상부 조립체 · SM_R_RoofCorner_3","건축 조립체/지붕","주막·역참·마을 조립 후보: 접합 규격·피벗·치수·재질 통일","이름·폴더 기반 추정","Assets/HwaseongHaenggung/Prefabs/SM_R_RoofCorner_3.prefab","abc00000000003038979020874492351",1,1,9572,9572,0,0,0,0,0,2.700225,1.844164,2.71169,"Screenshots/AssetCatalog/Thumbnails/abc00000000003038979020874492351.png","rendered"
716,"prefab","HwaseongHaenggung","SM_R_RoofCorner_4","지붕·상부 조립체 · SM_R_RoofCorner_4","건축 조립체/지붕","주막·역참·마을 조립 후보: 접합 규격·피벗·치수·재질 통일","이름·폴더 기반 추정","Assets/HwaseongHaenggung/Prefabs/SM_R_RoofCorner_4.prefab","abc00000000014210139401509764792",1,1,9574,9574,0,0,0,0,0,2.700225,1.844164,2.71169,"Screenshots/AssetCatalog/Thumbnails/abc00000000014210139401509764792.png","rendered"
717,"prefab","HwaseongHaenggung","SM_R_RoofCorner_5","지붕·상부 조립체 · SM_R_RoofCorner_5","건축 조립체/지붕","주막·역참·마을 조립 후보: 접합 규격·피벗·치수·재질 통일","이름·폴더 기반 추정","Assets/HwaseongHaenggung/Prefabs/SM_R_RoofCorner_5.prefab","abc00000000014543131048916898945",1,1,6884,6884,0,0,0,0,0,3.638343,1.788162,3.753218,"Screenshots/AssetCatalog/Thumbnails/abc00000000014543131048916898945.png","rendered"
718,"prefab","HwaseongHaenggung","SM_R_RoofCorner_6","지붕·상부 조립체 · SM_R_RoofCorner_6","건축 조립체/지붕","주막·역참·마을 조립 후보: 접합 규격·피벗·치수·재질 통일","이름·폴더 기반 추정","Assets/HwaseongHaenggung/Prefabs/SM_R_RoofCorner_6.prefab","abc00000000005071258797195715834",1,1,14369,14369,0,0,0,0,0,2.679949,1.731369,2.969299,"Screenshots/AssetCatalog/Thumbnails/abc00000000005071258797195715834.png","rendered"
719,"prefab","HwaseongHaenggung","SM_R_RoofCorner_7","지붕·상부 조립체 · SM_R_RoofCorner_7","건축 조립체/지붕","주막·역참·마을 조립 후보: 접합 규격·피벗·치수·재질 통일","이름·폴더 기반 추정","Assets/HwaseongHaenggung/Prefabs/SM_R_RoofCorner_7.prefab","abc00000000014892646262704571459",1,1,14360,14360,0,0,0,0,0,2.673003,1.731369,2.9693,"Screenshots/AssetCatalog/Thumbnails/abc00000000014892646262704571459.png","rendered"
720,"prefab","HwaseongHaenggung","SM_R_RoofCorner_8","지붕·상부 조립체 · SM_R_RoofCorner_8","건축 조립체/지붕","주막·역참·마을 조립 후보: 접합 규격·피벗·치수·재질 통일","이름·폴더 기반 추정","Assets/HwaseongHaenggung/Prefabs/SM_R_RoofCorner_8.prefab","abc00000000010153114985954764604",1,1,14360,14360,0,0,0,0,0,2.969301,1.731369,2.673003,"Screenshots/AssetCatalog/Thumbnails/abc00000000010153114985954764604.png","rendered"
721,"prefab","HwaseongHaenggung","SM_R_RoofCorner_9","지붕·상부 조립체 · SM_R_RoofCorner_9","건축 조립체/지붕","주막·역참·마을 조립 후보: 접합 규격·피벗·치수·재질 통일","이름·폴더 기반 추정","Assets/HwaseongHaenggung/Prefabs/SM_R_RoofCorner_9.prefab","abc00000000016426854008404443269",1,1,14368,14368,0,0,0,0,0,2.9693,1.731369,2.679949,"Screenshots/AssetCatalog/Thumbnails/abc00000000016426854008404443269.png","rendered"
722,"prefab","HwaseongHaenggung","SM_R_RoofOuter_1","지붕·상부 조립체 · SM_R_RoofOuter_1","건축 조립체/지붕","주막·역참·마을 조립 후보: 접합 규격·피벗·치수·재질 통일","이름·폴더 기반 추정","Assets/HwaseongHaenggung/Prefabs/SM_R_RoofOuter_1.prefab","abc00000000015901118804514844539",1,1,14343,14343,0,0,0,0,0,1.881382,2.378391,6.209267,"Screenshots/AssetCatalog/Thumbnails/abc00000000015901118804514844539.png","rendered"
723,"prefab","HwaseongHaenggung","SM_R_RoofOuter_10","지붕·상부 조립체 · SM_R_RoofOuter_10","건축 조립체/지붕","주막·역참·마을 조립 후보: 접합 규격·피벗·치수·재질 통일","이름·폴더 기반 추정","Assets/HwaseongHaenggung/Prefabs/SM_R_RoofOuter_10.prefab","abc00000000006266425535900492481",1,1,7172,7172,0,0,0,0,0,1.006541,3.498709,8.626429,"Screenshots/AssetCatalog/Thumbnails/abc00000000006266425535900492481.png","rendered"
724,"prefab","HwaseongHaenggung","SM_R_RoofOuter_11","지붕·상부 조립체 · SM_R_RoofOuter_11","건축 조립체/지붕","주막·역참·마을 조립 후보: 접합 규격·피벗·치수·재질 통일","이름·폴더 기반 추정","Assets/HwaseongHaenggung/Prefabs/SM_R_RoofOuter_11.prefab","abc00000000005688550658706646008",1,1,462,462,0,0,0,0,0,0.8842261,2.160757,6.03862,"Screenshots/AssetCatalog/Thumbnails/abc00000000005688550658706646008.png","rendered"
725,"prefab","HwaseongHaenggung","SM_R_RoofOuter_11_1","지붕·상부 조립체 · SM_R_RoofOuter_11_1","건축 조립체/지붕","주막·역참·마을 조립 후보: 접합 규격·피벗·치수·재질 통일","이름·폴더 기반 추정","Assets/HwaseongHaenggung/Prefabs/SM_R_RoofOuter_11_1.prefab","abc00000000011041405278822995276",1,1,462,462,0,0,0,0,0,0.8842261,2.160757,6.03862,"Screenshots/AssetCatalog/Thumbnails/abc00000000011041405278822995276.png","rendered"
726,"prefab","HwaseongHaenggung","SM_R_RoofOuter_11_2","지붕·상부 조립체 · SM_R_RoofOuter_11_2","건축 조립체/지붕","주막·역참·마을 조립 후보: 접합 규격·피벗·치수·재질 통일","이름·폴더 기반 추정","Assets/HwaseongHaenggung/Prefabs/SM_R_RoofOuter_11_2.prefab","abc00000000009869311880188763143",1,1,462,462,0,0,0,0,0,0.8842261,2.160757,6.03862,"Screenshots/AssetCatalog/Thumbnails/abc00000000009869311880188763143.png","rendered"
727,"prefab","HwaseongHaenggung","SM_R_RoofOuter_12","지붕·상부 조립체 · SM_R_RoofOuter_12","건축 조립체/지붕","주막·역참·마을 조립 후보: 접합 규격·피벗·치수·재질 통일","이름·폴더 기반 추정","Assets/HwaseongHaenggung/Prefabs/SM_R_RoofOuter_12.prefab","abc00000000016824258893911893635",1,1,404,404,0,0,0,0,0,0.3669952,2.160757,6.03862,"Screenshots/AssetCatalog/Thumbnails/abc00000000016824258893911893635.png","rendered"
728,"prefab","HwaseongHaenggung","SM_R_RoofOuter_12_1","지붕·상부 조립체 · SM_R_RoofOuter_12_1","건축 조립체/지붕","주막·역참·마을 조립 후보: 접합 규격·피벗·치수·재질 통일","이름·폴더 기반 추정","Assets/HwaseongHaenggung/Prefabs/SM_R_RoofOuter_12_1.prefab","abc00000000000052849066965542339",1,1,404,404,0,0,0,0,0,0.3669952,2.160757,6.03862,"Screenshots/AssetCatalog/Thumbnails/abc00000000000052849066965542339.png","rendered"
729,"prefab","HwaseongHaenggung","SM_R_RoofOuter_13","지붕·상부 조립체 · SM_R_RoofOuter_13","건축 조립체/지붕","주막·역참·마을 조립 후보: 접합 규격·피벗·치수·재질 통일","이름·폴더 기반 추정","Assets/HwaseongHaenggung/Prefabs/SM_R_RoofOuter_13.prefab","abc00000000001786896186356204090",1,1,3525,3525,0,0,0,0,0,0.9576685,2.781366,3.072905,"Screenshots/AssetCatalog/Thumbnails/abc00000000001786896186356204090.png","rendered"
730,"prefab","HwaseongHaenggung","SM_R_RoofOuter_14","지붕·상부 조립체 · SM_R_RoofOuter_14","건축 조립체/지붕","주막·역참·마을 조립 후보: 접합 규격·피벗·치수·재질 통일","이름·폴더 기반 추정","Assets/HwaseongHaenggung/Prefabs/SM_R_RoofOuter_14.prefab","abc00000000014047516617008547085",1,1,15378,15378,0,0,0,0,0,3.700161,4.826718,10.45613,"Screenshots/AssetCatalog/Thumbnails/abc00000000014047516617008547085.png","rendered"
731,"prefab","HwaseongHaenggung","SM_R_RoofOuter_15","지붕·상부 조립체 · SM_R_RoofOuter_15","건축 조립체/지붕","주막·역참·마을 조립 후보: 접합 규격·피벗·치수·재질 통일","이름·폴더 기반 추정","Assets/HwaseongHaenggung/Prefabs/SM_R_RoofOuter_15.prefab","abc00000000012499471260623192036",1,1,8402,8402,0,0,0,0,0,0.553351,2.234521,6.179391,"Screenshots/AssetCatalog/Thumbnails/abc00000000012499471260623192036.png","rendered"
732,"prefab","HwaseongHaenggung","SM_R_RoofOuter_16","지붕·상부 조립체 · SM_R_RoofOuter_16","건축 조립체/지붕","주막·역참·마을 조립 후보: 접합 규격·피벗·치수·재질 통일","이름·폴더 기반 추정","Assets/HwaseongHaenggung/Prefabs/SM_R_RoofOuter_16.prefab","abc00000000013209017581567637503",1,1,7739,7739,0,0,0,0,0,1.480873,1.45666,2.606755,"Screenshots/AssetCatalog/Thumbnails/abc00000000013209017581567637503.png","rendered"
733,"prefab","HwaseongHaenggung","SM_R_RoofOuter_17","지붕·상부 조립체 · SM_R_RoofOuter_17","건축 조립체/지붕","주막·역참·마을 조립 후보: 접합 규격·피벗·치수·재질 통일","이름·폴더 기반 추정","Assets/HwaseongHaenggung/Prefabs/SM_R_RoofOuter_17.prefab","abc00000000007048211474172815270",1,1,14363,14363,0,0,0,0,0,1.881382,2.658259,6.209266,"Screenshots/AssetCatalog/Thumbnails/abc00000000007048211474172815270.png","rendered"
734,"prefab","HwaseongHaenggung","SM_R_RoofOuter_18","지붕·상부 조립체 · SM_R_RoofOuter_18","건축 조립체/지붕","주막·역참·마을 조립 후보: 접합 규격·피벗·치수·재질 통일","이름·폴더 기반 추정","Assets/HwaseongHaenggung/Prefabs/SM_R_RoofOuter_18.prefab","abc00000000013675836371898558009",1,1,15154,15154,0,0,0,0,0,1.577827,3.616815,8.236773,"Screenshots/AssetCatalog/Thumbnails/abc00000000013675836371898558009.png","rendered"
735,"prefab","HwaseongHaenggung","SM_R_RoofOuter_19","지붕·상부 조립체 · SM_R_RoofOuter_19","건축 조립체/지붕","주막·역참·마을 조립 후보: 접합 규격·피벗·치수·재질 통일","이름·폴더 기반 추정","Assets/HwaseongHaenggung/Prefabs/SM_R_RoofOuter_19.prefab","abc00000000000246690439524127408",1,1,11847,11847,0,0,0,0,0,2.343711,3.258335,8.739574,"Screenshots/AssetCatalog/Thumbnails/abc00000000000246690439524127408.png","rendered"
736,"prefab","HwaseongHaenggung","SM_R_RoofOuter_2","지붕·상부 조립체 · SM_R_RoofOuter_2","건축 조립체/지붕","주막·역참·마을 조립 후보: 접합 규격·피벗·치수·재질 통일","이름·폴더 기반 추정","Assets/HwaseongHaenggung/Prefabs/SM_R_RoofOuter_2.prefab","abc00000000006904831556787218544",1,1,13141,13141,0,0,0,0,0,1.888193,2.378391,5.317524,"Screenshots/AssetCatalog/Thumbnails/abc00000000006904831556787218544.png","rendered"
737,"prefab","HwaseongHaenggung","SM_R_RoofOuter_20","지붕·상부 조립체 · SM_R_RoofOuter_20","건축 조립체/지붕","주막·역참·마을 조립 후보: 접합 규격·피벗·치수·재질 통일","이름·폴더 기반 추정","Assets/HwaseongHaenggung/Prefabs/SM_R_RoofOuter_20.prefab","abc00000000006168299185671514128",1,1,9281,9281,0,0,0,0,0,2.343242,2.918486,6.295218,"Screenshots/AssetCatalog/Thumbnails/abc00000000006168299185671514128.png","rendered"
738,"prefab","HwaseongHaenggung","SM_R_RoofOuter_21","지붕·상부 조립체 · SM_R_RoofOuter_21","건축 조립체/지붕","주막·역참·마을 조립 후보: 접합 규격·피벗·치수·재질 통일","이름·폴더 기반 추정","Assets/HwaseongHaenggung/Prefabs/SM_R_RoofOuter_21.prefab","abc00000000000888301649458455065",1,1,10564,10564,0,0,0,0,0,2.343711,3.258335,7.509414,"Screenshots/AssetCatalog/Thumbnails/abc00000000000888301649458455065.png","rendered"
739,"prefab","HwaseongHaenggung","SM_R_RoofOuter_22","지붕·상부 조립체 · SM_R_RoofOuter_22","건축 조립체/지붕","주막·역참·마을 조립 후보: 접합 규격·피벗·치수·재질 통일","이름·폴더 기반 추정","Assets/HwaseongHaenggung/Prefabs/SM_R_RoofOuter_22.prefab","abc00000000009588759371340630226",1,1,17154,17154,0,0,0,0,0,1.577826,3.39086,8.236774,"Screenshots/AssetCatalog/Thumbnails/abc00000000009588759371340630226.png","rendered"
740,"prefab","HwaseongHaenggung","SM_R_RoofOuter_23","지붕·상부 조립체 · SM_R_RoofOuter_23","건축 조립체/지붕","주막·역참·마을 조립 후보: 접합 규격·피벗·치수·재질 통일","이름·폴더 기반 추정","Assets/HwaseongHaenggung/Prefabs/SM_R_RoofOuter_23.prefab","abc00000000001303342507364976795",1,1,14347,14347,0,0,0,0,0,1.881383,2.351288,5.769254,"Screenshots/AssetCatalog/Thumbnails/abc00000000001303342507364976795.png","rendered"
741,"prefab","HwaseongHaenggung","SM_R_RoofOuter_24","지붕·상부 조립체 · SM_R_RoofOuter_24","건축 조립체/지붕","주막·역참·마을 조립 후보: 접합 규격·피벗·치수·재질 통일","이름·폴더 기반 추정","Assets/HwaseongHaenggung/Prefabs/SM_R_RoofOuter_24.prefab","abc00000000013403601525519681500",1,1,7126,7126,0,0,0,0,0,1.018096,3.203221,8.34986,"Screenshots/AssetCatalog/Thumbnails/abc00000000013403601525519681500.png","rendered"
742,"prefab","HwaseongHaenggung","SM_R_RoofOuter_25","지붕·상부 조립체 · SM_R_RoofOuter_25","건축 조립체/지붕","주막·역참·마을 조립 후보: 접합 규격·피벗·치수·재질 통일","이름·폴더 기반 추정","Assets/HwaseongHaenggung/Prefabs/SM_R_RoofOuter_25.prefab","abc00000000001614519176131383333",1,1,7712,7712,0,0,0,0,0,0.9792072,2.560239,6.473091,"Screenshots/AssetCatalog/Thumbnails/abc00000000001614519176131383333.png","rendered"
743,"prefab","HwaseongHaenggung","SM_R_RoofOuter_3","지붕·상부 조립체 · SM_R_RoofOuter_3","건축 조립체/지붕","주막·역참·마을 조립 후보: 접합 규격·피벗·치수·재질 통일","이름·폴더 기반 추정","Assets/HwaseongHaenggung/Prefabs/SM_R_RoofOuter_3.prefab","abc00000000013966122352272620281",1,1,14363,14363,0,0,0,0,0,1.881382,2.383798,5.585167,"Screenshots/AssetCatalog/Thumbnails/abc00000000013966122352272620281.png","rendered"
744,"prefab","HwaseongHaenggung","SM_R_RoofOuter_4","지붕·상부 조립체 · SM_R_RoofOuter_4","건축 조립체/지붕","주막·역참·마을 조립 후보: 접합 규격·피벗·치수·재질 통일","이름·폴더 기반 추정","Assets/HwaseongHaenggung/Prefabs/SM_R_RoofOuter_4.prefab","abc00000000005993998393483042942",1,1,14343,14343,0,0,0,0,0,1.881382,2.378391,4.903189,"Screenshots/AssetCatalog/Thumbnails/abc00000000005993998393483042942.png","rendered"
745,"prefab","HwaseongHaenggung","SM_R_RoofOuter_5","지붕·상부 조립체 · SM_R_RoofOuter_5","건축 조립체/지붕","주막·역참·마을 조립 후보: 접합 규격·피벗·치수·재질 통일","이름·폴더 기반 추정","Assets/HwaseongHaenggung/Prefabs/SM_R_RoofOuter_5.prefab","abc00000000015728685448991753783",1,1,14343,14343,0,0,0,0,0,1.881382,2.378391,6.209267,"Screenshots/AssetCatalog/Thumbnails/abc00000000015728685448991753783.png","rendered"
746,"prefab","HwaseongHaenggung","SM_R_RoofOuter_6","지붕·상부 조립체 · SM_R_RoofOuter_6","건축 조립체/지붕","주막·역참·마을 조립 후보: 접합 규격·피벗·치수·재질 통일","이름·폴더 기반 추정","Assets/HwaseongHaenggung/Prefabs/SM_R_RoofOuter_6.prefab","abc00000000014768939828293673020",1,1,11743,11743,0,0,0,0,0,1.903474,2.361138,6.371201,"Screenshots/AssetCatalog/Thumbnails/abc00000000014768939828293673020.png","rendered"
747,"prefab","HwaseongHaenggung","SM_R_RoofOuter_7","지붕·상부 조립체 · SM_R_RoofOuter_7","건축 조립체/지붕","주막·역참·마을 조립 후보: 접합 규격·피벗·치수·재질 통일","이름·폴더 기반 추정","Assets/HwaseongHaenggung/Prefabs/SM_R_RoofOuter_7.prefab","abc00000000002595934777033800069",1,1,12009,12009,0,0,0,0,0,2.757785,3.041905,6.672701,"Screenshots/AssetCatalog/Thumbnails/abc00000000002595934777033800069.png","rendered"
748,"prefab","HwaseongHaenggung","SM_R_RoofOuter_8","지붕·상부 조립체 · SM_R_RoofOuter_8","건축 조립체/지붕","주막·역참·마을 조립 후보: 접합 규격·피벗·치수·재질 통일","이름·폴더 기반 추정","Assets/HwaseongHaenggung/Prefabs/SM_R_RoofOuter_8.prefab","abc00000000009687083639534624250",1,1,7095,7095,0,0,0,0,0,2.572322,2.756729,5.60484,"Screenshots/AssetCatalog/Thumbnails/abc00000000009687083639534624250.png","rendered"
749,"prefab","HwaseongHaenggung","SM_R_RoofOuter_9","지붕·상부 조립체 · SM_R_RoofOuter_9","건축 조립체/지붕","주막·역참·마을 조립 후보: 접합 규격·피벗·치수·재질 통일","이름·폴더 기반 추정","Assets/HwaseongHaenggung/Prefabs/SM_R_RoofOuter_9.prefab","abc00000000001061727031333928259",1,1,7172,7172,0,0,0,0,0,1.12035,3.894312,9.60183,"Screenshots/AssetCatalog/Thumbnails/abc00000000001061727031333928259.png","rendered"
750,"prefab","HwaseongHaenggung","SM_R_Seoricheong","지붕·상부 조립체 · SM_R_Seoricheong","건축 조립체/지붕","주막·역참·마을 조립 후보: 접합 규격·피벗·치수·재질 통일","이름·폴더 기반 추정","Assets/HwaseongHaenggung/Prefabs/SM_R_Seoricheong.prefab","abc00000000008382369007428913216",1,1,285296,285296,0,0,0,0,0,10.16762,4.117252,18.41749,"Screenshots/AssetCatalog/Thumbnails/abc00000000008382369007428913216.png","rendered"
751,"prefab","HwaseongHaenggung","SM_R_Sign_1","현판·회화 · SM_R_Sign_1","표면 장식/현판·회화","건물·유적 표면: 실제 문구·문양·데칼 여부 및 면 겹침 확인","이름·폴더 기반 추정","Assets/HwaseongHaenggung/Prefabs/SM_R_Sign_1.prefab","abc00000000014107334706217809135",1,1,20,20,0,0,0,0,0,0.513791,0.6595422,1.971443,"Screenshots/AssetCatalog/Thumbnails/abc00000000014107334706217809135.png","rendered"
752,"prefab","HwaseongHaenggung","SM_R_Sign_2","현판·회화 · SM_R_Sign_2","표면 장식/현판·회화","건물·유적 표면: 실제 문구·문양·데칼 여부 및 면 겹침 확인","이름·폴더 기반 추정","Assets/HwaseongHaenggung/Prefabs/SM_R_Sign_2.prefab","abc00000000007146164457066736212",1,1,116,116,0,0,0,0,0,0.5210872,1.14898,2.783709,"Screenshots/AssetCatalog/Thumbnails/abc00000000007146164457066736212.png","rendered"
753,"prefab","HwaseongHaenggung","SM_R_Sign_3","현판·회화 · SM_R_Sign_3","표면 장식/현판·회화","건물·유적 표면: 실제 문구·문양·데칼 여부 및 면 겹침 확인","이름·폴더 기반 추정","Assets/HwaseongHaenggung/Prefabs/SM_R_Sign_3.prefab","abc00000000003828161617867990269",1,1,20,20,0,0,0,0,0,0.5047742,0.6459303,1.957095,"Screenshots/AssetCatalog/Thumbnails/abc00000000003828161617867990269.png","rendered"
754,"prefab","HwaseongHaenggung","SM_R_Sign_4","현판·회화 · SM_R_Sign_4","표면 장식/현판·회화","건물·유적 표면: 실제 문구·문양·데칼 여부 및 면 겹침 확인","이름·폴더 기반 추정","Assets/HwaseongHaenggung/Prefabs/SM_R_Sign_4.prefab","abc00000000002685142942262170218",1,1,52,52,0,0,0,0,0,0.1302569,0.130257,0.4905479,"Screenshots/AssetCatalog/Thumbnails/abc00000000002685142942262170218.png","rendered"
755,"prefab","HwaseongHaenggung","SM_R_Sign_4_1","현판·회화 · SM_R_Sign_4_1","표면 장식/현판·회화","건물·유적 표면: 실제 문구·문양·데칼 여부 및 면 겹침 확인","이름·폴더 기반 추정","Assets/HwaseongHaenggung/Prefabs/SM_R_Sign_4_1.prefab","abc00000000007508408795424301698",1,1,116,116,0,0,0,0,0,1.847708,1.804615,6.091362,"Screenshots/AssetCatalog/Thumbnails/abc00000000007508408795424301698.png","rendered"
756,"prefab","HwaseongHaenggung","SM_R_Sign_BH","현판·회화 · SM_R_Sign_BH","표면 장식/현판·회화","건물·유적 표면: 실제 문구·문양·데칼 여부 및 면 겹침 확인","이름·폴더 기반 추정","Assets/HwaseongHaenggung/Prefabs/SM_R_Sign_BH.prefab","abc00000000010743725070224236900",1,1,20,20,0,0,0,0,0,0.2523871,0.3229652,0.9785475,"Screenshots/AssetCatalog/Thumbnails/abc00000000010743725070224236900.png","rendered"
757,"prefab","HwaseongHaenggung","SM_R_Sign_DB","현판·회화 · SM_R_Sign_DB","표면 장식/현판·회화","건물·유적 표면: 실제 문구·문양·데칼 여부 및 면 겹침 확인","이름·폴더 기반 추정","Assets/HwaseongHaenggung/Prefabs/SM_R_Sign_DB.prefab","abc00000000005266522206591054532",1,1,20,20,0,0,0,0,0,0.2523871,0.3229652,0.9785475,"Screenshots/AssetCatalog/Thumbnails/abc00000000005266522206591054532.png","rendered"
758,"prefab","HwaseongHaenggung","SM_R_Sign_DH","현판·회화 · SM_R_Sign_DH","표면 장식/현판·회화","건물·유적 표면: 실제 문구·문양·데칼 여부 및 면 겹침 확인","이름·폴더 기반 추정","Assets/HwaseongHaenggung/Prefabs/SM_R_Sign_DH.prefab","abc00000000002834018854618628766",1,1,20,20,0,0,0,0,0,0.2523871,0.3229652,0.9785475,"Screenshots/AssetCatalog/Thumbnails/abc00000000002834018854618628766.png","rendered"
759,"prefab","HwaseongHaenggung","SM_R_Sign_EH","현판·회화 · SM_R_Sign_EH","표면 장식/현판·회화","건물·유적 표면: 실제 문구·문양·데칼 여부 및 면 겹침 확인","이름·폴더 기반 추정","Assets/HwaseongHaenggung/Prefabs/SM_R_Sign_EH.prefab","abc00000000000232003141225622033",1,1,20,20,0,0,0,0,0,0.2523871,0.3229652,0.9785475,"Screenshots/AssetCatalog/Thumbnails/abc00000000000232003141225622033.png","rendered"
760,"prefab","HwaseongHaenggung","SM_R_Sign_GH","현판·회화 · SM_R_Sign_GH","표면 장식/현판·회화","건물·유적 표면: 실제 문구·문양·데칼 여부 및 면 겹침 확인","이름·폴더 기반 추정","Assets/HwaseongHaenggung/Prefabs/SM_R_Sign_GH.prefab","abc00000000003438340491341637483",1,1,20,20,0,0,0,0,0,0.2523871,0.3229652,0.9785475,"Screenshots/AssetCatalog/Thumbnails/abc00000000003438340491341637483.png","rendered"
761,"prefab","HwaseongHaenggung","SM_R_Sign_GJ","현판·회화 · SM_R_Sign_GJ","표면 장식/현판·회화","건물·유적 표면: 실제 문구·문양·데칼 여부 및 면 겹침 확인","이름·폴더 기반 추정","Assets/HwaseongHaenggung/Prefabs/SM_R_Sign_GJ.prefab","abc00000000005019921542454919017",1,1,20,20,0,0,0,0,0,0.2523871,0.3229652,0.9785475,"Screenshots/AssetCatalog/Thumbnails/abc00000000005019921542454919017.png","rendered"
762,"prefab","HwaseongHaenggung","SM_R_Sign_GO","현판·회화 · SM_R_Sign_GO","표면 장식/현판·회화","건물·유적 표면: 실제 문구·문양·데칼 여부 및 면 겹침 확인","이름·폴더 기반 추정","Assets/HwaseongHaenggung/Prefabs/SM_R_Sign_GO.prefab","abc00000000002882795306409731692",1,1,20,20,0,0,0,0,0,0.2523871,0.3229652,0.9785475,"Screenshots/AssetCatalog/Thumbnails/abc00000000002882795306409731692.png","rendered"
763,"prefab","HwaseongHaenggung","SM_R_Sign_GS","현판·회화 · SM_R_Sign_GS","표면 장식/현판·회화","건물·유적 표면: 실제 문구·문양·데칼 여부 및 면 겹침 확인","이름·폴더 기반 추정","Assets/HwaseongHaenggung/Prefabs/SM_R_Sign_GS.prefab","abc00000000009426755974227157112",1,1,20,20,0,0,0,0,0,0.2523871,0.3229652,0.9785475,"Screenshots/AssetCatalog/Thumbnails/abc00000000009426755974227157112.png","rendered"
764,"prefab","HwaseongHaenggung","SM_R_Sign_GY","현판·회화 · SM_R_Sign_GY","표면 장식/현판·회화","건물·유적 표면: 실제 문구·문양·데칼 여부 및 면 겹침 확인","이름·폴더 기반 추정","Assets/HwaseongHaenggung/Prefabs/SM_R_Sign_GY.prefab","abc00000000006047078396116024178",1,1,20,20,0,0,0,0,0,0.2523871,0.3229652,0.9785475,"Screenshots/AssetCatalog/Thumbnails/abc00000000006047078396116024178.png","rendered"
765,"prefab","HwaseongHaenggung","SM_R_Sign_HC","현판·회화 · SM_R_Sign_HC","표면 장식/현판·회화","건물·유적 표면: 실제 문구·문양·데칼 여부 및 면 겹침 확인","이름·폴더 기반 추정","Assets/HwaseongHaenggung/Prefabs/SM_R_Sign_HC.prefab","abc00000000011928221868379863225",1,1,20,20,0,0,0,0,0,0.2523871,0.3229652,0.9785475,"Screenshots/AssetCatalog/Thumbnails/abc00000000011928221868379863225.png","rendered"
766,"prefab","HwaseongHaenggung","SM_R_Sign_JB","현판·회화 · SM_R_Sign_JB","표면 장식/현판·회화","건물·유적 표면: 실제 문구·문양·데칼 여부 및 면 겹침 확인","이름·폴더 기반 추정","Assets/HwaseongHaenggung/Prefabs/SM_R_Sign_JB.prefab","abc00000000000352041643492903302",1,1,20,20,0,0,0,0,0,0.2523871,0.3229652,0.9785475,"Screenshots/AssetCatalog/Thumbnails/abc00000000000352041643492903302.png","rendered"
767,"prefab","HwaseongHaenggung","SM_R_Sign_JY","현판·회화 · SM_R_Sign_JY","표면 장식/현판·회화","건물·유적 표면: 실제 문구·문양·데칼 여부 및 면 겹침 확인","이름·폴더 기반 추정","Assets/HwaseongHaenggung/Prefabs/SM_R_Sign_JY.prefab","abc00000000004969648544189355157",1,1,20,20,0,0,0,0,0,0.2523871,0.3229652,0.9785475,"Screenshots/AssetCatalog/Thumbnails/abc00000000004969648544189355157.png","rendered"
768,"prefab","HwaseongHaenggung","SM_R_Sign_OR","현판·회화 · SM_R_Sign_OR","표면 장식/현판·회화","건물·유적 표면: 실제 문구·문양·데칼 여부 및 면 겹침 확인","이름·폴더 기반 추정","Assets/HwaseongHaenggung/Prefabs/SM_R_Sign_OR.prefab","abc00000000017976779953685134569",1,1,20,20,0,0,0,0,0,0.2523871,0.3229652,0.9785475,"Screenshots/AssetCatalog/Thumbnails/abc00000000017976779953685134569.png","rendered"
769,"prefab","HwaseongHaenggung","SM_R_Sign_SS","현판·회화 · SM_R_Sign_SS","표면 장식/현판·회화","건물·유적 표면: 실제 문구·문양·데칼 여부 및 면 겹침 확인","이름·폴더 기반 추정","Assets/HwaseongHaenggung/Prefabs/SM_R_Sign_SS.prefab","abc00000000015823390343879426540",1,1,20,20,0,0,0,0,0,0.2523871,0.3229652,0.9785475,"Screenshots/AssetCatalog/Thumbnails/abc00000000015823390343879426540.png","rendered"
770,"prefab","HwaseongHaenggung","SM_R_Sign_YB","현판·회화 · SM_R_Sign_YB","표면 장식/현판·회화","건물·유적 표면: 실제 문구·문양·데칼 여부 및 면 겹침 확인","이름·폴더 기반 추정","Assets/HwaseongHaenggung/Prefabs/SM_R_Sign_YB.prefab","abc00000000018147574898794771063",1,1,20,20,0,0,0,0,0,0.2523871,0.3229652,0.9785475,"Screenshots/AssetCatalog/Thumbnails/abc00000000018147574898794771063.png","rendered"
771,"prefab","HwaseongHaenggung","SM_R_Sign_YH","현판·회화 · SM_R_Sign_YH","표면 장식/현판·회화","건물·유적 표면: 실제 문구·문양·데칼 여부 및 면 겹침 확인","이름·폴더 기반 추정","Assets/HwaseongHaenggung/Prefabs/SM_R_Sign_YH.prefab","abc00000000012287704583169461773",1,1,20,20,0,0,0,0,0,0.2523871,0.3229652,0.9785475,"Screenshots/AssetCatalog/Thumbnails/abc00000000012287704583169461773.png","rendered"
772,"prefab","HwaseongHaenggung","SM_R_Sign_YY","현판·회화 · SM_R_Sign_YY","표면 장식/현판·회화","건물·유적 표면: 실제 문구·문양·데칼 여부 및 면 겹침 확인","이름·폴더 기반 추정","Assets/HwaseongHaenggung/Prefabs/SM_R_Sign_YY.prefab","abc00000000010941816619308859284",1,1,20,20,0,0,0,0,0,0.2523871,0.3229652,0.9785475,"Screenshots/AssetCatalog/Thumbnails/abc00000000010941816619308859284.png","rendered"
773,"prefab","HwaseongHaenggung","SM_R_Sinpungru","지붕·상부 조립체 · SM_R_Sinpungru","건축 조립체/지붕","주막·역참·마을 조립 후보: 접합 규격·피벗·치수·재질 통일","이름·폴더 기반 추정","Assets/HwaseongHaenggung/Prefabs/SM_R_Sinpungru.prefab","abc00000000001723402819675230605",1,1,278994,278994,0,0,0,0,0,13.5117,7.720787,19.65384,"Screenshots/AssetCatalog/Thumbnails/abc00000000001723402819675230605.png","rendered"
774,"prefab","HwaseongHaenggung","SM_R_Unhangag_Iancheong","지붕·상부 조립체 · SM_R_Unhangag_Iancheong","건축 조립체/지붕","주막·역참·마을 조립 후보: 접합 규격·피벗·치수·재질 통일","이름·폴더 기반 추정","Assets/HwaseongHaenggung/Prefabs/SM_R_Unhangag_Iancheong.prefab","abc00000000017315319043627838992",1,1,550274,550274,0,0,0,0,0,21.84051,9.781916,41.75159,"Screenshots/AssetCatalog/Thumbnails/abc00000000017315319043627838992.png","rendered"
775,"prefab","HwaseongHaenggung","SM_R_Yuyotaek","지붕·상부 조립체 · SM_R_Yuyotaek","건축 조립체/지붕","주막·역참·마을 조립 후보: 접합 규격·피벗·치수·재질 통일","이름·폴더 기반 추정","Assets/HwaseongHaenggung/Prefabs/SM_R_Yuyotaek.prefab","abc00000000017199096806296949139",1,1,357402,357402,0,0,0,0,0,13.7596,4.151092,20.50042,"Screenshots/AssetCatalog/Thumbnails/abc00000000017199096806296949139.png","rendered"
776,"prefab","HwaseongHaenggung","SM_R_Yuyotaek1","지붕·상부 조립체 · SM_R_Yuyotaek1","건축 조립체/지붕","주막·역참·마을 조립 후보: 접합 규격·피벗·치수·재질 통일","이름·폴더 기반 추정","Assets/HwaseongHaenggung/Prefabs/SM_R_Yuyotaek1.prefab","abc00000000014904224247620378400",1,1,68,68,0,0,0,0,0,0.03971925,1.084265,0.2121563,"Screenshots/AssetCatalog/Thumbnails/abc00000000014904224247620378400.png","rendered"
777,"prefab","HwaseongHaenggung","SM_R_Yuyotaek10","지붕·상부 조립체 · SM_R_Yuyotaek10","건축 조립체/지붕","주막·역참·마을 조립 후보: 접합 규격·피벗·치수·재질 통일","이름·폴더 기반 추정","Assets/HwaseongHaenggung/Prefabs/SM_R_Yuyotaek10.prefab","abc00000000005627182544041371008",1,1,68,68,0,0,0,0,0,0.03971925,1.084265,0.2121563,"Screenshots/AssetCatalog/Thumbnails/abc00000000005627182544041371008.png","rendered"
778,"prefab","HwaseongHaenggung","SM_R_Yuyotaek10_1","지붕·상부 조립체 · SM_R_Yuyotaek10_1","건축 조립체/지붕","주막·역참·마을 조립 후보: 접합 규격·피벗·치수·재질 통일","이름·폴더 기반 추정","Assets/HwaseongHaenggung/Prefabs/SM_R_Yuyotaek10_1.prefab","abc00000000007377257937018509124",1,1,68,68,0,0,0,0,0,0.03971925,1.084265,0.2121563,"Screenshots/AssetCatalog/Thumbnails/abc00000000007377257937018509124.png","rendered"
779,"prefab","HwaseongHaenggung","SM_R_Yuyotaek11","지붕·상부 조립체 · SM_R_Yuyotaek11","건축 조립체/지붕","주막·역참·마을 조립 후보: 접합 규격·피벗·치수·재질 통일","이름·폴더 기반 추정","Assets/HwaseongHaenggung/Prefabs/SM_R_Yuyotaek11.prefab","abc00000000005475351123313528969",1,1,68,68,0,0,0,0,0,0.03971925,1.084265,0.2121563,"Screenshots/AssetCatalog/Thumbnails/abc00000000005475351123313528969.png","rendered"
780,"prefab","HwaseongHaenggung","SM_R_Yuyotaek11_1","지붕·상부 조립체 · SM_R_Yuyotaek11_1","건축 조립체/지붕","주막·역참·마을 조립 후보: 접합 규격·피벗·치수·재질 통일","이름·폴더 기반 추정","Assets/HwaseongHaenggung/Prefabs/SM_R_Yuyotaek11_1.prefab","abc00000000012809472944507525845",1,1,68,68,0,0,0,0,0,0.03971925,1.084265,0.2121563,"Screenshots/AssetCatalog/Thumbnails/abc00000000012809472944507525845.png","rendered"
781,"prefab","HwaseongHaenggung","SM_R_Yuyotaek2","지붕·상부 조립체 · SM_R_Yuyotaek2","건축 조립체/지붕","주막·역참·마을 조립 후보: 접합 규격·피벗·치수·재질 통일","이름·폴더 기반 추정","Assets/HwaseongHaenggung/Prefabs/SM_R_Yuyotaek2.prefab","abc00000000002088804470110526763",1,1,68,68,0,0,0,0,0,0.03971925,1.084265,0.2121563,"Screenshots/AssetCatalog/Thumbnails/abc00000000002088804470110526763.png","rendered"
782,"prefab","HwaseongHaenggung","SM_R_Yuyotaek3","지붕·상부 조립체 · SM_R_Yuyotaek3","건축 조립체/지붕","주막·역참·마을 조립 후보: 접합 규격·피벗·치수·재질 통일","이름·폴더 기반 추정","Assets/HwaseongHaenggung/Prefabs/SM_R_Yuyotaek3.prefab","abc00000000012400890273384531682",1,1,68,68,0,0,0,0,0,0.03971925,1.084265,0.2121563,"Screenshots/AssetCatalog/Thumbnails/abc00000000012400890273384531682.png","rendered"
783,"prefab","HwaseongHaenggung","SM_R_Yuyotaek4","지붕·상부 조립체 · SM_R_Yuyotaek4","건축 조립체/지붕","주막·역참·마을 조립 후보: 접합 규격·피벗·치수·재질 통일","이름·폴더 기반 추정","Assets/HwaseongHaenggung/Prefabs/SM_R_Yuyotaek4.prefab","abc00000000001350697211254756469",1,1,68,68,0,0,0,0,0,0.03971925,1.084265,0.2121563,"Screenshots/AssetCatalog/Thumbnails/abc00000000001350697211254756469.png","rendered"
784,"prefab","HwaseongHaenggung","SM_R_Yuyotaek5","지붕·상부 조립체 · SM_R_Yuyotaek5","건축 조립체/지붕","주막·역참·마을 조립 후보: 접합 규격·피벗·치수·재질 통일","이름·폴더 기반 추정","Assets/HwaseongHaenggung/Prefabs/SM_R_Yuyotaek5.prefab","abc00000000007767648523270844716",1,1,68,68,0,0,0,0,0,0.03971925,1.084265,0.2121563,"Screenshots/AssetCatalog/Thumbnails/abc00000000007767648523270844716.png","rendered"
785,"prefab","HwaseongHaenggung","SM_R_Yuyotaek6","지붕·상부 조립체 · SM_R_Yuyotaek6","건축 조립체/지붕","주막·역참·마을 조립 후보: 접합 규격·피벗·치수·재질 통일","이름·폴더 기반 추정","Assets/HwaseongHaenggung/Prefabs/SM_R_Yuyotaek6.prefab","abc00000000017432397725541806311",1,1,68,68,0,0,0,0,0,0.03971925,1.084265,0.2121563,"Screenshots/AssetCatalog/Thumbnails/abc00000000017432397725541806311.png","rendered"
786,"prefab","HwaseongHaenggung","SM_R_Yuyotaek6_1","지붕·상부 조립체 · SM_R_Yuyotaek6_1","건축 조립체/지붕","주막·역참·마을 조립 후보: 접합 규격·피벗·치수·재질 통일","이름·폴더 기반 추정","Assets/HwaseongHaenggung/Prefabs/SM_R_Yuyotaek6_1.prefab","abc00000000000924746257965608671",1,1,68,68,0,0,0,0,0,0.03971925,1.084265,0.2121563,"Screenshots/AssetCatalog/Thumbnails/abc00000000000924746257965608671.png","rendered"
787,"prefab","HwaseongHaenggung","SM_R_Yuyotaek7","지붕·상부 조립체 · SM_R_Yuyotaek7","건축 조립체/지붕","주막·역참·마을 조립 후보: 접합 규격·피벗·치수·재질 통일","이름·폴더 기반 추정","Assets/HwaseongHaenggung/Prefabs/SM_R_Yuyotaek7.prefab","abc00000000009710775224625523822",1,1,68,68,0,0,0,0,0,0.03971925,1.084265,0.2121563,"Screenshots/AssetCatalog/Thumbnails/abc00000000009710775224625523822.png","rendered"
788,"prefab","HwaseongHaenggung","SM_R_Yuyotaek7_1","지붕·상부 조립체 · SM_R_Yuyotaek7_1","건축 조립체/지붕","주막·역참·마을 조립 후보: 접합 규격·피벗·치수·재질 통일","이름·폴더 기반 추정","Assets/HwaseongHaenggung/Prefabs/SM_R_Yuyotaek7_1.prefab","abc00000000013348110049713115518",1,1,68,68,0,0,0,0,0,0.03971925,1.084265,0.2121563,"Screenshots/AssetCatalog/Thumbnails/abc00000000013348110049713115518.png","rendered"
789,"prefab","HwaseongHaenggung","SM_R_Yuyotaek8","지붕·상부 조립체 · SM_R_Yuyotaek8","건축 조립체/지붕","주막·역참·마을 조립 후보: 접합 규격·피벗·치수·재질 통일","이름·폴더 기반 추정","Assets/HwaseongHaenggung/Prefabs/SM_R_Yuyotaek8.prefab","abc00000000002476933795310369841",1,1,68,68,0,0,0,0,0,0.03971925,1.084265,0.2121563,"Screenshots/AssetCatalog/Thumbnails/abc00000000002476933795310369841.png","rendered"
790,"prefab","HwaseongHaenggung","SM_R_Yuyotaek8_1","지붕·상부 조립체 · SM_R_Yuyotaek8_1","건축 조립체/지붕","주막·역참·마을 조립 후보: 접합 규격·피벗·치수·재질 통일","이름·폴더 기반 추정","Assets/HwaseongHaenggung/Prefabs/SM_R_Yuyotaek8_1.prefab","abc00000000003188017409506133933",1,1,68,68,0,0,0,0,0,0.03971925,1.084265,0.2121563,"Screenshots/AssetCatalog/Thumbnails/abc00000000003188017409506133933.png","rendered"
791,"prefab","HwaseongHaenggung","SM_R_Yuyotaek9","지붕·상부 조립체 · SM_R_Yuyotaek9","건축 조립체/지붕","주막·역참·마을 조립 후보: 접합 규격·피벗·치수·재질 통일","이름·폴더 기반 추정","Assets/HwaseongHaenggung/Prefabs/SM_R_Yuyotaek9.prefab","abc00000000008975230184629703080",1,1,68,68,0,0,0,0,0,0.03971925,1.084265,0.2121563,"Screenshots/AssetCatalog/Thumbnails/abc00000000008975230184629703080.png","rendered"
792,"prefab","HwaseongHaenggung","SM_R_Yuyotaek9_1","지붕·상부 조립체 · SM_R_Yuyotaek9_1","건축 조립체/지붕","주막·역참·마을 조립 후보: 접합 규격·피벗·치수·재질 통일","이름·폴더 기반 추정","Assets/HwaseongHaenggung/Prefabs/SM_R_Yuyotaek9_1.prefab","abc00000000015715958950662222716",1,1,68,68,0,0,0,0,0,0.03971925,1.084265,0.2121563,"Screenshots/AssetCatalog/Thumbnails/abc00000000015715958950662222716.png","rendered"
793,"prefab","HwaseongHaenggung","SM_RedStair","계단·디딤돌 · SM_RedStair","건축 부재/계단·디딤돌","주막·역참·마을 조립 후보: 접합 규격·피벗·치수·재질 통일","이름·폴더 기반 추정","Assets/HwaseongHaenggung/Prefabs/SM_RedStair.prefab","abc00000000015649392112087917213",1,1,396,396,0,0,0,0,0,2.468667,2.598775,1.507687,"Screenshots/AssetCatalog/Thumbnails/abc00000000015649392112087917213.png","rendered"
794,"prefab","HwaseongHaenggung","SM_Roof_1","지붕·지붕판 · SM_Roof_1","건축 부재/지붕","주막·역참·마을 조립 후보: 접합 규격·피벗·치수·재질 통일","이름·폴더 기반 추정","Assets/HwaseongHaenggung/Prefabs/SM_Roof_1.prefab","abc00000000017645443174861549695",1,1,5868,5868,0,0,0,0,0,3.36198,2.176209,2.220918,"Screenshots/AssetCatalog/Thumbnails/abc00000000017645443174861549695.png","rendered"
795,"prefab","HwaseongHaenggung","SM_Roof_10","지붕·지붕판 · SM_Roof_10","건축 부재/지붕","주막·역참·마을 조립 후보: 접합 규격·피벗·치수·재질 통일","이름·폴더 기반 추정","Assets/HwaseongHaenggung/Prefabs/SM_Roof_10.prefab","abc00000000007624080709627801245",1,1,10064,10064,0,0,0,0,0,6.529084,4.874231,2.679472,"Screenshots/AssetCatalog/Thumbnails/abc00000000007624080709627801245.png","rendered"
796,"prefab","HwaseongHaenggung","SM_Roof_11","지붕·지붕판 · SM_Roof_11","건축 부재/지붕","주막·역참·마을 조립 후보: 접합 규격·피벗·치수·재질 통일","이름·폴더 기반 추정","Assets/HwaseongHaenggung/Prefabs/SM_Roof_11.prefab","abc00000000006356583401151158900",1,1,4036,4036,0,0,0,0,0,3.476744,2.531485,2.253131,"Screenshots/AssetCatalog/Thumbnails/abc00000000006356583401151158900.png","rendered"
797,"prefab","HwaseongHaenggung","SM_Roof_12","지붕·지붕판 · SM_Roof_12","건축 부재/지붕","주막·역참·마을 조립 후보: 접합 규격·피벗·치수·재질 통일","이름·폴더 기반 추정","Assets/HwaseongHaenggung/Prefabs/SM_Roof_12.prefab","abc00000000001221348548390483343",1,1,10018,10018,0,0,0,0,0,5.179,3.832608,2.067503,"Screenshots/AssetCatalog/Thumbnails/abc00000000001221348548390483343.png","rendered"
798,"prefab","HwaseongHaenggung","SM_Roof_13","지붕·지붕판 · SM_Roof_13","건축 부재/지붕","주막·역참·마을 조립 후보: 접합 규격·피벗·치수·재질 통일","이름·폴더 기반 추정","Assets/HwaseongHaenggung/Prefabs/SM_Roof_13.prefab","abc00000000014122361798299635894",1,1,9778,9778,0,0,0,0,0,4.946189,3.361588,2.109563,"Screenshots/AssetCatalog/Thumbnails/abc00000000014122361798299635894.png","rendered"
799,"prefab","HwaseongHaenggung","SM_Roof_14","지붕·지붕판 · SM_Roof_14","건축 부재/지붕","주막·역참·마을 조립 후보: 접합 규격·피벗·치수·재질 통일","이름·폴더 기반 추정","Assets/HwaseongHaenggung/Prefabs/SM_Roof_14.prefab","abc00000000017905811000357723473",1,1,10278,10278,0,0,0,0,0,5.274742,3.373386,2.109563,"Screenshots/AssetCatalog/Thumbnails/abc00000000017905811000357723473.png","rendered"
800,"prefab","HwaseongHaenggung","SM_Roof_15","지붕·지붕판 · SM_Roof_15","건축 부재/지붕","주막·역참·마을 조립 후보: 접합 규격·피벗·치수·재질 통일","이름·폴더 기반 추정","Assets/HwaseongHaenggung/Prefabs/SM_Roof_15.prefab","abc00000000004598804296392952648",1,1,9132,9132,0,0,0,0,0,4.57288,3.342875,2.109564,"Screenshots/AssetCatalog/Thumbnails/abc00000000004598804296392952648.png","rendered"
801,"prefab","HwaseongHaenggung","SM_Roof_16","지붕·지붕판 · SM_Roof_16","건축 부재/지붕","주막·역참·마을 조립 후보: 접합 규격·피벗·치수·재질 통일","이름·폴더 기반 추정","Assets/HwaseongHaenggung/Prefabs/SM_Roof_16.prefab","abc00000000014878608290100861715",1,1,10278,10278,0,0,0,0,0,5.494315,3.033679,2.109566,"Screenshots/AssetCatalog/Thumbnails/abc00000000014878608290100861715.png","rendered"
802,"prefab","HwaseongHaenggung","SM_Roof_17","지붕·지붕판 · SM_Roof_17","건축 부재/지붕","주막·역참·마을 조립 후보: 접합 규격·피벗·치수·재질 통일","이름·폴더 기반 추정","Assets/HwaseongHaenggung/Prefabs/SM_Roof_17.prefab","abc00000000014090682031849517066",1,1,8908,8908,0,0,0,0,0,4.782094,3.031267,2.109562,"Screenshots/AssetCatalog/Thumbnails/abc00000000014090682031849517066.png","rendered"
803,"prefab","HwaseongHaenggung","SM_Roof_18","지붕·지붕판 · SM_Roof_18","건축 부재/지붕","주막·역참·마을 조립 후보: 접합 규격·피벗·치수·재질 통일","이름·폴더 기반 추정","Assets/HwaseongHaenggung/Prefabs/SM_Roof_18.prefab","abc00000000004200250093950789141",1,1,8908,8908,0,0,0,0,0,4.782094,3.031267,2.109562,"Screenshots/AssetCatalog/Thumbnails/abc00000000004200250093950789141.png","rendered"
804,"prefab","HwaseongHaenggung","SM_Roof_19","지붕·지붕판 · SM_Roof_19","건축 부재/지붕","주막·역참·마을 조립 후보: 접합 규격·피벗·치수·재질 통일","이름·폴더 기반 추정","Assets/HwaseongHaenggung/Prefabs/SM_Roof_19.prefab","abc00000000015586342780537018444",1,1,1198,1198,0,0,0,0,0,3.742865,2.317615,4.000236,"Screenshots/AssetCatalog/Thumbnails/abc00000000015586342780537018444.png","rendered"
805,"prefab","HwaseongHaenggung","SM_Roof_2","지붕·지붕판 · SM_Roof_2","건축 부재/지붕","주막·역참·마을 조립 후보: 접합 규격·피벗·치수·재질 통일","이름·폴더 기반 추정","Assets/HwaseongHaenggung/Prefabs/SM_Roof_2.prefab","abc00000000016935896853917104228",1,1,6126,6126,0,0,0,0,0,3.36198,2.176209,2.220918,"Screenshots/AssetCatalog/Thumbnails/abc00000000016935896853917104228.png","rendered"
806,"prefab","HwaseongHaenggung","SM_Roof_20","지붕·지붕판 · SM_Roof_20","건축 부재/지붕","주막·역참·마을 조립 후보: 접합 규격·피벗·치수·재질 통일","이름·폴더 기반 추정","Assets/HwaseongHaenggung/Prefabs/SM_Roof_20.prefab","abc00000000001635897939571041324",1,1,6793,6793,0,0,0,0,0,5.592822,5.195265,4.529961,"Screenshots/AssetCatalog/Thumbnails/abc00000000001635897939571041324.png","rendered"
807,"prefab","HwaseongHaenggung","SM_Roof_21","지붕·지붕판 · SM_Roof_21","건축 부재/지붕","주막·역참·마을 조립 후보: 접합 규격·피벗·치수·재질 통일","이름·폴더 기반 추정","Assets/HwaseongHaenggung/Prefabs/SM_Roof_21.prefab","abc00000000013665690701264504693",1,1,6773,6773,0,0,0,0,0,3.33043,2.048357,2.013974,"Screenshots/AssetCatalog/Thumbnails/abc00000000013665690701264504693.png","rendered"
808,"prefab","HwaseongHaenggung","SM_Roof_22","지붕·지붕판 · SM_Roof_22","건축 부재/지붕","주막·역참·마을 조립 후보: 접합 규격·피벗·치수·재질 통일","이름·폴더 기반 추정","Assets/HwaseongHaenggung/Prefabs/SM_Roof_22.prefab","abc00000000003579024640925720430",1,1,6166,6166,0,0,0,0,0,3.330429,2.039226,2.186302,"Screenshots/AssetCatalog/Thumbnails/abc00000000003579024640925720430.png","rendered"
809,"prefab","HwaseongHaenggung","SM_Roof_23","지붕·지붕판 · SM_Roof_23","건축 부재/지붕","주막·역참·마을 조립 후보: 접합 규격·피벗·치수·재질 통일","이름·폴더 기반 추정","Assets/HwaseongHaenggung/Prefabs/SM_Roof_23.prefab","abc00000000011300647141842002919",1,1,5191,5191,0,0,0,0,0,3.922456,2.107885,3.379948,"Screenshots/AssetCatalog/Thumbnails/abc00000000011300647141842002919.png","rendered"
810,"prefab","HwaseongHaenggung","SM_Roof_24","지붕·지붕판 · SM_Roof_24","건축 부재/지붕","주막·역참·마을 조립 후보: 접합 규격·피벗·치수·재질 통일","이름·폴더 기반 추정","Assets/HwaseongHaenggung/Prefabs/SM_Roof_24.prefab","abc00000000008772473663920575008",1,1,5191,5191,0,0,0,0,0,3.523995,1.893756,3.036595,"Screenshots/AssetCatalog/Thumbnails/abc00000000008772473663920575008.png","rendered"
811,"prefab","HwaseongHaenggung","SM_Roof_25","지붕·지붕판 · SM_Roof_25","건축 부재/지붕","주막·역참·마을 조립 후보: 접합 규격·피벗·치수·재질 통일","이름·폴더 기반 추정","Assets/HwaseongHaenggung/Prefabs/SM_Roof_25.prefab","abc00000000016614184942891843625",1,1,7076,7076,0,0,0,0,0,5.379561,3.064865,3.3862,"Screenshots/AssetCatalog/Thumbnails/abc00000000016614184942891843625.png","rendered"
812,"prefab","HwaseongHaenggung","SM_Roof_26","지붕·지붕판 · SM_Roof_26","건축 부재/지붕","주막·역참·마을 조립 후보: 접합 규격·피벗·치수·재질 통일","이름·폴더 기반 추정","Assets/HwaseongHaenggung/Prefabs/SM_Roof_26.prefab","abc00000000006269139689684728290",1,1,7076,7076,0,0,0,0,0,5.383009,3.064865,3.386201,"Screenshots/AssetCatalog/Thumbnails/abc00000000006269139689684728290.png","rendered"
813,"prefab","HwaseongHaenggung","SM_Roof_27","지붕·지붕판 · SM_Roof_27","건축 부재/지붕","주막·역참·마을 조립 후보: 접합 규격·피벗·치수·재질 통일","이름·폴더 기반 추정","Assets/HwaseongHaenggung/Prefabs/SM_Roof_27.prefab","abc00000000014403797960120274987",1,1,1444,1444,0,0,0,0,0,5.379561,3.064865,0.8568856,"Screenshots/AssetCatalog/Thumbnails/abc00000000014403797960120274987.png","rendered"
814,"prefab","HwaseongHaenggung","SM_Roof_28","지붕·지붕판 · SM_Roof_28","건축 부재/지붕","주막·역참·마을 조립 후보: 접합 규격·피벗·치수·재질 통일","이름·폴더 기반 추정","Assets/HwaseongHaenggung/Prefabs/SM_Roof_28.prefab","abc00000000015438101306593299668",1,1,6231,6231,0,0,0,0,0,2.979764,2.116046,2.109564,"Screenshots/AssetCatalog/Thumbnails/abc00000000015438101306593299668.png","rendered"
815,"prefab","HwaseongHaenggung","SM_Roof_29","지붕·지붕판 · SM_Roof_29","건축 부재/지붕","주막·역참·마을 조립 후보: 접합 규격·피벗·치수·재질 통일","이름·폴더 기반 추정","Assets/HwaseongHaenggung/Prefabs/SM_Roof_29.prefab","abc00000000012120098467394553725",1,1,6459,6459,0,0,0,0,0,3.986819,2.732523,2.755717,"Screenshots/AssetCatalog/Thumbnails/abc00000000012120098467394553725.png","rendered"
816,"prefab","HwaseongHaenggung","SM_Roof_2_1","지붕·지붕판 · SM_Roof_2_1","건축 부재/지붕","주막·역참·마을 조립 후보: 접합 규격·피벗·치수·재질 통일","이름·폴더 기반 추정","Assets/HwaseongHaenggung/Prefabs/SM_Roof_2_1.prefab","abc00000000004539233157945662240",1,1,6126,6126,0,0,0,0,0,3.36198,2.176209,2.220918,"Screenshots/AssetCatalog/Thumbnails/abc00000000004539233157945662240.png","rendered"
817,"prefab","HwaseongHaenggung","SM_Roof_3","지붕·지붕판 · SM_Roof_3","건축 부재/지붕","주막·역참·마을 조립 후보: 접합 규격·피벗·치수·재질 통일","이름·폴더 기반 추정","Assets/HwaseongHaenggung/Prefabs/SM_Roof_3.prefab","abc00000000000037198136592907661",1,1,10064,10064,0,0,0,0,0,8.099278,5.134743,2.882895,"Screenshots/AssetCatalog/Thumbnails/abc00000000000037198136592907661.png","rendered"
818,"prefab","HwaseongHaenggung","SM_Roof_30","지붕·지붕판 · SM_Roof_30","건축 부재/지붕","주막·역참·마을 조립 후보: 접합 규격·피벗·치수·재질 통일","이름·폴더 기반 추정","Assets/HwaseongHaenggung/Prefabs/SM_Roof_30.prefab","abc00000000006394339280157402743",1,1,6459,6459,0,0,0,0,0,2.99099,2.049993,2.093754,"Screenshots/AssetCatalog/Thumbnails/abc00000000006394339280157402743.png","rendered"
819,"prefab","HwaseongHaenggung","SM_Roof_31","지붕·지붕판 · SM_Roof_31","건축 부재/지붕","주막·역참·마을 조립 후보: 접합 규격·피벗·치수·재질 통일","이름·폴더 기반 추정","Assets/HwaseongHaenggung/Prefabs/SM_Roof_31.prefab","abc00000000002398701429879433662",1,1,6674,6674,0,0,0,0,0,3.663859,1.862085,2.093754,"Screenshots/AssetCatalog/Thumbnails/abc00000000002398701429879433662.png","rendered"
820,"prefab","HwaseongHaenggung","SM_Roof_32","지붕·지붕판 · SM_Roof_32","건축 부재/지붕","주막·역참·마을 조립 후보: 접합 규격·피벗·치수·재질 통일","이름·폴더 기반 추정","Assets/HwaseongHaenggung/Prefabs/SM_Roof_32.prefab","abc00000000000626606851217094597",1,1,5228,5228,0,0,0,0,0,3.144426,2.052862,1.516564,"Screenshots/AssetCatalog/Thumbnails/abc00000000000626606851217094597.png","rendered"
821,"prefab","HwaseongHaenggung","SM_Roof_33","지붕·지붕판 · SM_Roof_33","건축 부재/지붕","주막·역참·마을 조립 후보: 접합 규격·피벗·치수·재질 통일","이름·폴더 기반 추정","Assets/HwaseongHaenggung/Prefabs/SM_Roof_33.prefab","abc00000000011173361389713241724",1,1,5228,5228,0,0,0,0,0,3.144426,2.052862,1.516564,"Screenshots/AssetCatalog/Thumbnails/abc00000000011173361389713241724.png","rendered"
822,"prefab","HwaseongHaenggung","SM_Roof_34","지붕·지붕판 · SM_Roof_34","건축 부재/지붕","주막·역참·마을 조립 후보: 접합 규격·피벗·치수·재질 통일","이름·폴더 기반 추정","Assets/HwaseongHaenggung/Prefabs/SM_Roof_34.prefab","abc00000000000332664872565091771",1,1,6031,6031,0,0,0,0,0,2.914908,1.610018,1.799365,"Screenshots/AssetCatalog/Thumbnails/abc00000000000332664872565091771.png","rendered"
823,"prefab","HwaseongHaenggung","SM_Roof_35","지붕·지붕판 · SM_Roof_35","건축 부재/지붕","주막·역참·마을 조립 후보: 접합 규격·피벗·치수·재질 통일","이름·폴더 기반 추정","Assets/HwaseongHaenggung/Prefabs/SM_Roof_35.prefab","abc00000000007242569501828611058",1,1,8784,8784,0,0,0,0,0,3.210266,2.500287,2.701114,"Screenshots/AssetCatalog/Thumbnails/abc00000000007242569501828611058.png","rendered"
824,"prefab","HwaseongHaenggung","SM_Roof_36","지붕·지붕판 · SM_Roof_36","건축 부재/지붕","주막·역참·마을 조립 후보: 접합 규격·피벗·치수·재질 통일","이름·폴더 기반 추정","Assets/HwaseongHaenggung/Prefabs/SM_Roof_36.prefab","abc00000000000162788719422104377",1,1,7898,7898,0,0,0,0,0,3.662143,2.639836,2.109564,"Screenshots/AssetCatalog/Thumbnails/abc00000000000162788719422104377.png","rendered"
825,"prefab","HwaseongHaenggung","SM_Roof_37","지붕·지붕판 · SM_Roof_37","건축 부재/지붕","주막·역참·마을 조립 후보: 접합 규격·피벗·치수·재질 통일","이름·폴더 기반 추정","Assets/HwaseongHaenggung/Prefabs/SM_Roof_37.prefab","abc00000000005180386860757225392",1,1,544,544,0,0,0,0,0,3.168662,1.861849,0.3308279,"Screenshots/AssetCatalog/Thumbnails/abc00000000005180386860757225392.png","rendered"
826,"prefab","HwaseongHaenggung","SM_Roof_38","지붕·지붕판 · SM_Roof_38","건축 부재/지붕","주막·역참·마을 조립 후보: 접합 규격·피벗·치수·재질 통일","이름·폴더 기반 추정","Assets/HwaseongHaenggung/Prefabs/SM_Roof_38.prefab","abc00000000018142714002800735487",1,1,6545,6545,0,0,0,0,0,4.06845,2.756954,2.755718,"Screenshots/AssetCatalog/Thumbnails/abc00000000018142714002800735487.png","rendered"
827,"prefab","HwaseongHaenggung","SM_Roof_39","지붕·지붕판 · SM_Roof_39","건축 부재/지붕","주막·역참·마을 조립 후보: 접합 규격·피벗·치수·재질 통일","이름·폴더 기반 추정","Assets/HwaseongHaenggung/Prefabs/SM_Roof_39.prefab","abc00000000011981907895405913254",1,1,8277,8277,0,0,0,0,0,3.879896,3.116489,4.503465,"Screenshots/AssetCatalog/Thumbnails/abc00000000011981907895405913254.png","rendered"
828,"prefab","HwaseongHaenggung","SM_Roof_4","지붕·지붕판 · SM_Roof_4","건축 부재/지붕","주막·역참·마을 조립 후보: 접합 규격·피벗·치수·재질 통일","이름·폴더 기반 추정","Assets/HwaseongHaenggung/Prefabs/SM_Roof_4.prefab","abc00000000006223321779650116282",1,1,4052,4052,0,0,0,0,0,8.099277,5.134742,1.378496,"Screenshots/AssetCatalog/Thumbnails/abc00000000006223321779650116282.png","rendered"
829,"prefab","HwaseongHaenggung","SM_Roof_40","지붕·지붕판 · SM_Roof_40","건축 부재/지붕","주막·역참·마을 조립 후보: 접합 규격·피벗·치수·재질 통일","이름·폴더 기반 추정","Assets/HwaseongHaenggung/Prefabs/SM_Roof_40.prefab","abc00000000014118295954859505718",1,1,1228,1228,0,0,0,0,0,3.36198,2.176209,0.5295703,"Screenshots/AssetCatalog/Thumbnails/abc00000000014118295954859505718.png","rendered"
830,"prefab","HwaseongHaenggung","SM_Roof_40_1","지붕·지붕판 · SM_Roof_40_1","건축 부재/지붕","주막·역참·마을 조립 후보: 접합 규격·피벗·치수·재질 통일","이름·폴더 기반 추정","Assets/HwaseongHaenggung/Prefabs/SM_Roof_40_1.prefab","abc00000000008732303220814329974",1,1,1228,1228,0,0,0,0,0,3.36198,2.176209,0.5295703,"Screenshots/AssetCatalog/Thumbnails/abc00000000008732303220814329974.png","rendered"
831,"prefab","HwaseongHaenggung","SM_Roof_40_2","지붕·지붕판 · SM_Roof_40_2","건축 부재/지붕","주막·역참·마을 조립 후보: 접합 규격·피벗·치수·재질 통일","이름·폴더 기반 추정","Assets/HwaseongHaenggung/Prefabs/SM_Roof_40_2.prefab","abc00000000003609534366854629469",1,1,1228,1228,0,0,0,0,0,3.36198,2.176209,0.5295703,"Screenshots/AssetCatalog/Thumbnails/abc00000000003609534366854629469.png","rendered"
832,"prefab","HwaseongHaenggung","SM_Roof_41","지붕·지붕판 · SM_Roof_41","건축 부재/지붕","주막·역참·마을 조립 후보: 접합 규격·피벗·치수·재질 통일","이름·폴더 기반 추정","Assets/HwaseongHaenggung/Prefabs/SM_Roof_41.prefab","abc00000000001217282704950353167",1,1,28044,28044,0,0,0,0,0,2.493752,1.302168,3.52649,"Screenshots/AssetCatalog/Thumbnails/abc00000000001217282704950353167.png","rendered"
833,"prefab","HwaseongHaenggung","SM_Roof_42","지붕·지붕판 · SM_Roof_42","건축 부재/지붕","주막·역참·마을 조립 후보: 접합 규격·피벗·치수·재질 통일","이름·폴더 기반 추정","Assets/HwaseongHaenggung/Prefabs/SM_Roof_42.prefab","abc00000000006352517557711028724",1,1,29962,29962,0,0,0,0,0,2.493752,1.302168,4.021646,"Screenshots/AssetCatalog/Thumbnails/abc00000000006352517557711028724.png","rendered"
834,"prefab","HwaseongHaenggung","SM_Roof_43","지붕·지붕판 · SM_Roof_43","건축 부재/지붕","주막·역참·마을 조립 후보: 접합 규격·피벗·치수·재질 통일","이름·폴더 기반 추정","Assets/HwaseongHaenggung/Prefabs/SM_Roof_43.prefab","abc00000000007620014866187671069",1,1,20044,20044,0,0,0,0,0,2.642415,1.388182,3.736719,"Screenshots/AssetCatalog/Thumbnails/abc00000000007620014866187671069.png","rendered"
835,"prefab","HwaseongHaenggung","SM_Roof_44","지붕·지붕판 · SM_Roof_44","건축 부재/지붕","주막·역참·마을 조립 후보: 접합 규격·피벗·치수·재질 통일","이름·폴더 기반 추정","Assets/HwaseongHaenggung/Prefabs/SM_Roof_44.prefab","abc00000000014086616188409386890",1,1,14296,14296,0,0,0,0,0,1.644898,1.315101,1.662632,"Screenshots/AssetCatalog/Thumbnails/abc00000000014086616188409386890.png","rendered"
836,"prefab","HwaseongHaenggung","SM_Roof_45","지붕·지붕판 · SM_Roof_45","건축 부재/지붕","주막·역참·마을 조립 후보: 접합 규격·피벗·치수·재질 통일","이름·폴더 기반 추정","Assets/HwaseongHaenggung/Prefabs/SM_Roof_45.prefab","abc00000000014874542446660731539",1,1,926,926,0,0,0,0,0,4.311452,2.024153,4.40496,"Screenshots/AssetCatalog/Thumbnails/abc00000000014874542446660731539.png","rendered"
837,"prefab","HwaseongHaenggung","SM_Roof_46","지붕·지붕판 · SM_Roof_46","건축 부재/지붕","주막·역참·마을 조립 후보: 접합 규격·피벗·치수·재질 통일","이름·폴더 기반 추정","Assets/HwaseongHaenggung/Prefabs/SM_Roof_46.prefab","abc00000000004594738452952822472",1,1,1246,1246,0,0,0,0,0,6.085876,3.31076,6.080482,"Screenshots/AssetCatalog/Thumbnails/abc00000000004594738452952822472.png","rendered"
838,"prefab","HwaseongHaenggung","SM_Roof_47","지붕·지붕판 · SM_Roof_47","건축 부재/지붕","주막·역참·마을 조립 후보: 접합 규격·피벗·치수·재질 통일","이름·폴더 기반 추정","Assets/HwaseongHaenggung/Prefabs/SM_Roof_47.prefab","abc00000000017901745156917593297",1,1,325,325,0,0,0,0,0,2.179071,1.994007,4.532986,"Screenshots/AssetCatalog/Thumbnails/abc00000000017901745156917593297.png","rendered"
839,"prefab","HwaseongHaenggung","SM_Roof_48","지붕·지붕판 · SM_Roof_48","건축 부재/지붕","주막·역참·마을 조립 후보: 접합 규격·피벗·치수·재질 통일","이름·폴더 기반 추정","Assets/HwaseongHaenggung/Prefabs/SM_Roof_48.prefab","abc00000000012940184965753001102",1,1,239,239,0,0,0,0,0,2.17907,1.994007,3.302649,"Screenshots/AssetCatalog/Thumbnails/abc00000000012940184965753001102.png","rendered"
840,"prefab","HwaseongHaenggung","SM_Roof_49","지붕·지붕판 · SM_Roof_49","건축 부재/지붕","주막·역참·마을 조립 후보: 접합 규격·피벗·치수·재질 통일","이름·폴더 기반 추정","Assets/HwaseongHaenggung/Prefabs/SM_Roof_49.prefab","abc00000000014410183538462656135",1,1,5262,5262,0,0,0,0,0,1.199508,2.132882,1.241924,"Screenshots/AssetCatalog/Thumbnails/abc00000000014410183538462656135.png","rendered"
841,"prefab","HwaseongHaenggung","SM_Roof_5","지붕·지붕판 · SM_Roof_5","건축 부재/지붕","주막·역참·마을 조립 후보: 접합 규격·피벗·치수·재질 통일","이름·폴더 기반 추정","Assets/HwaseongHaenggung/Prefabs/SM_Roof_5.prefab","abc00000000002813940413496254211",1,1,7121,7121,0,0,0,0,0,4.316216,2.594844,2.610098,"Screenshots/AssetCatalog/Thumbnails/abc00000000002813940413496254211.png","rendered"
842,"prefab","HwaseongHaenggung","SM_Roof_50","지붕·지붕판 · SM_Roof_50","건축 부재/지붕","주막·역참·마을 조립 후보: 접합 규격·피벗·치수·재질 통일","이름·폴더 기반 추정","Assets/HwaseongHaenggung/Prefabs/SM_Roof_50.prefab","abc00000000013725245015076376537",1,1,7196,7196,0,0,0,0,0,5.938468,2.954587,3.646518,"Screenshots/AssetCatalog/Thumbnails/abc00000000013725245015076376537.png","rendered"
843,"prefab","HwaseongHaenggung","SM_Roof_51","지붕·지붕판 · SM_Roof_51","건축 부재/지붕","주막·역참·마을 조립 후보: 접합 규격·피벗·치수·재질 통일","이름·폴더 기반 추정","Assets/HwaseongHaenggung/Prefabs/SM_Roof_51.prefab","abc00000000014541828660561328080",1,1,6576,6576,0,0,0,0,0,5.918332,2.970505,3.795782,"Screenshots/AssetCatalog/Thumbnails/abc00000000014541828660561328080.png","rendered"
844,"prefab","HwaseongHaenggung","SM_Roof_52","지붕·지붕판 · SM_Roof_52","건축 부재/지붕","주막·역참·마을 조립 후보: 접합 규격·피벗·치수·재질 통일","이름·폴더 기반 추정","Assets/HwaseongHaenggung/Prefabs/SM_Roof_52.prefab","abc00000000003442201269185744987",1,1,6674,6674,0,0,0,0,0,4.175752,2.862832,2.755717,"Screenshots/AssetCatalog/Thumbnails/abc00000000003442201269185744987.png","rendered"
845,"prefab","HwaseongHaenggung","SM_Roof_53","지붕·지붕판 · SM_Roof_53","건축 부재/지붕","주막·역참·마을 조립 후보: 접합 규격·피벗·치수·재질 통일","이름·폴더 기반 추정","Assets/HwaseongHaenggung/Prefabs/SM_Roof_53.prefab","abc00000000004117716660357040530",1,1,3716,3716,0,0,0,0,0,3.151983,2.151332,2.334908,"Screenshots/AssetCatalog/Thumbnails/abc00000000004117716660357040530.png","rendered"
846,"prefab","HwaseongHaenggung","SM_Roof_54","지붕·지붕판 · SM_Roof_54","건축 부재/지붕","주막·역참·마을 조립 후보: 접합 규격·피벗·치수·재질 통일","이름·폴더 기반 추정","Assets/HwaseongHaenggung/Prefabs/SM_Roof_54.prefab","abc00000000014979828603244447973",1,1,6014,6014,0,0,0,0,0,3.383958,1.746558,2.381425,"Screenshots/AssetCatalog/Thumbnails/abc00000000014979828603244447973.png","rendered"
847,"prefab","HwaseongHaenggung","SM_Roof_55","지붕·지붕판 · SM_Roof_55","건축 부재/지붕","주막·역참·마을 조립 후보: 접합 규격·피벗·치수·재질 통일","이름·폴더 기반 추정","Assets/HwaseongHaenggung/Prefabs/SM_Roof_55.prefab","abc00000000002088059115807792796",1,1,1956,1956,0,0,0,0,0,2.321168,1.479296,1.079892,"Screenshots/AssetCatalog/Thumbnails/abc00000000002088059115807792796.png","rendered"
848,"prefab","HwaseongHaenggung","SM_Roof_56","지붕·지붕판 · SM_Roof_56","건축 부재/지붕","주막·역참·마을 조립 후보: 접합 규격·피벗·치수·재질 통일","이름·폴더 기반 추정","Assets/HwaseongHaenggung/Prefabs/SM_Roof_56.prefab","abc00000000015487526636818688023",1,1,4242,4242,0,0,0,0,0,2.805623,1.697472,1.935237,"Screenshots/AssetCatalog/Thumbnails/abc00000000015487526636818688023.png","rendered"
849,"prefab","HwaseongHaenggung","SM_Roof_57","지붕·지붕판 · SM_Roof_57","건축 부재/지붕","주막·역참·마을 조립 후보: 접합 규격·피벗·치수·재질 통일","이름·폴더 기반 추정","Assets/HwaseongHaenggung/Prefabs/SM_Roof_57.prefab","abc00000000005508237826500086878",1,1,6858,6858,0,0,0,0,0,4.376462,2.723427,2.406615,"Screenshots/AssetCatalog/Thumbnails/abc00000000005508237826500086878.png","rendered"
850,"prefab","HwaseongHaenggung","SM_Roof_58","지붕·지붕판 · SM_Roof_58","건축 부재/지붕","주막·역참·마을 조립 후보: 접합 규격·피벗·치수·재질 통일","이름·폴더 기반 추정","Assets/HwaseongHaenggung/Prefabs/SM_Roof_58.prefab","abc00000000013925735651882668897",1,1,2854,2854,0,0,0,0,0,2.599324,2.345657,2.537276,"Screenshots/AssetCatalog/Thumbnails/abc00000000013925735651882668897.png","rendered"
851,"prefab","HwaseongHaenggung","SM_Roof_59","지붕·지붕판 · SM_Roof_59","건축 부재/지붕","주막·역참·마을 조립 후보: 접합 규격·피벗·치수·재질 통일","이름·폴더 기반 추정","Assets/HwaseongHaenggung/Prefabs/SM_Roof_59.prefab","abc00000000000138061357966055832",1,1,1382,1382,0,0,0,0,0,4.376463,2.723427,0.5304712,"Screenshots/AssetCatalog/Thumbnails/abc00000000000138061357966055832.png","rendered"
852,"prefab","HwaseongHaenggung","SM_Roof_6","지붕·지붕판 · SM_Roof_6","건축 부재/지붕","주막·역참·마을 조립 후보: 접합 규격·피벗·치수·재질 통일","이름·폴더 기반 추정","Assets/HwaseongHaenggung/Prefabs/SM_Roof_6.prefab","abc00000000010124976252000558200",1,1,6514,6514,0,0,0,0,0,4.316216,2.632247,2.71013,"Screenshots/AssetCatalog/Thumbnails/abc00000000010124976252000558200.png","rendered"
853,"prefab","HwaseongHaenggung","SM_Roof_60","지붕·지붕판 · SM_Roof_60","건축 부재/지붕","주막·역참·마을 조립 후보: 접합 규격·피벗·치수·재질 통일","이름·폴더 기반 추정","Assets/HwaseongHaenggung/Prefabs/SM_Roof_60.prefab","abc00000000010742660701874593000",1,1,6674,6674,0,0,0,0,0,4.175752,2.862832,2.510739,"Screenshots/AssetCatalog/Thumbnails/abc00000000010742660701874593000.png","rendered"
854,"prefab","HwaseongHaenggung","SM_Roof_61","지붕·지붕판 · SM_Roof_61","건축 부재/지붕","주막·역참·마을 조립 후보: 접합 규격·피벗·치수·재질 통일","이름·폴더 기반 추정","Assets/HwaseongHaenggung/Prefabs/SM_Roof_61.prefab","abc00000000011993305257444480113",1,1,547,547,0,0,0,0,0,2.260677,1.558457,0.4256416,"Screenshots/AssetCatalog/Thumbnails/abc00000000011993305257444480113.png","rendered"
855,"prefab","HwaseongHaenggung","SM_Roof_62","지붕·지붕판 · SM_Roof_62","건축 부재/지붕","주막·역참·마을 조립 후보: 접합 규격·피벗·치수·재질 통일","이름·폴더 기반 추정","Assets/HwaseongHaenggung/Prefabs/SM_Roof_62.prefab","abc00000000014412565527028497450",1,1,1014,1014,0,0,0,0,0,4.788987,3.020746,0.4188357,"Screenshots/AssetCatalog/Thumbnails/abc00000000014412565527028497450.png","rendered"
856,"prefab","HwaseongHaenggung","SM_Roof_63","지붕·지붕판 · SM_Roof_63","건축 부재/지붕","주막·역참·마을 조립 후보: 접합 규격·피벗·치수·재질 통일","이름·폴더 기반 추정","Assets/HwaseongHaenggung/Prefabs/SM_Roof_63.prefab","abc00000000008564945155201639859",1,1,8606,8606,0,0,0,0,0,4.904176,3.135416,2.220918,"Screenshots/AssetCatalog/Thumbnails/abc00000000008564945155201639859.png","rendered"
857,"prefab","HwaseongHaenggung","SM_Roof_64","지붕·지붕판 · SM_Roof_64","건축 부재/지붕","주막·역참·마을 조립 후보: 접합 규격·피벗·치수·재질 통일","이름·폴더 기반 추정","Assets/HwaseongHaenggung/Prefabs/SM_Roof_64.prefab","abc00000000017631259230940912404",1,1,4532,4532,0,0,0,0,0,2.375866,1.669037,2.220933,"Screenshots/AssetCatalog/Thumbnails/abc00000000017631259230940912404.png","rendered"
858,"prefab","HwaseongHaenggung","SM_Roof_65","지붕·지붕판 · SM_Roof_65","건축 부재/지붕","주막·역참·마을 조립 후보: 접합 규격·피벗·치수·재질 통일","이름·폴더 기반 추정","Assets/HwaseongHaenggung/Prefabs/SM_Roof_65.prefab","abc00000000001717260329230085821",1,1,10064,10064,0,0,0,0,0,9.144573,5.549984,2.84854,"Screenshots/AssetCatalog/Thumbnails/abc00000000001717260329230085821.png","rendered"
859,"prefab","HwaseongHaenggung","SM_Roof_66","지붕·지붕판 · SM_Roof_66","건축 부재/지붕","주막·역참·마을 조립 후보: 접합 규격·피벗·치수·재질 통일","이름·폴더 기반 추정","Assets/HwaseongHaenggung/Prefabs/SM_Roof_66.prefab","abc00000000006834343820674258390",1,1,3508,3508,0,0,0,0,0,3.232137,1.57943,2.57073,"Screenshots/AssetCatalog/Thumbnails/abc00000000006834343820674258390.png","rendered"
860,"prefab","HwaseongHaenggung","SM_Roof_67","지붕·지붕판 · SM_Roof_67","건축 부재/지붕","주막·역참·마을 조립 후보: 접합 규격·피벗·치수·재질 통일","이름·폴더 기반 추정","Assets/HwaseongHaenggung/Prefabs/SM_Roof_67.prefab","abc00000000001543232043569463727",1,1,6584,6584,0,0,0,0,0,5.465194,3.348837,2.922637,"Screenshots/AssetCatalog/Thumbnails/abc00000000001543232043569463727.png","rendered"
861,"prefab","HwaseongHaenggung","SM_Roof_7","지붕·지붕판 · SM_Roof_7","건축 부재/지붕","주막·역참·마을 조립 후보: 접합 규격·피벗·치수·재질 통일","이름·폴더 기반 추정","Assets/HwaseongHaenggung/Prefabs/SM_Roof_7.prefab","abc00000000010702851129194404673",1,1,4912,4912,0,0,0,0,0,5.595903,4.178992,2.936746,"Screenshots/AssetCatalog/Thumbnails/abc00000000010702851129194404673.png","rendered"
862,"prefab","HwaseongHaenggung","SM_Roof_8","지붕·지붕판 · SM_Roof_8","건축 부재/지붕","주막·역참·마을 조립 후보: 접합 규격·피벗·치수·재질 통일","이름·폴더 기반 추정","Assets/HwaseongHaenggung/Prefabs/SM_Roof_8.prefab","abc00000000001901430601940247870",1,1,5064,5064,0,0,0,0,0,3.22389,1.962894,2.068393,"Screenshots/AssetCatalog/Thumbnails/abc00000000001901430601940247870.png","rendered"
863,"prefab","HwaseongHaenggung","SM_Roof_9","지붕·지붕판 · SM_Roof_9","건축 부재/지붕","주막·역참·마을 조립 후보: 접합 규격·피벗·치수·재질 통일","이름·폴더 기반 추정","Assets/HwaseongHaenggung/Prefabs/SM_Roof_9.prefab","abc00000000005897068452218216951",1,1,10278,10278,0,0,0,0,0,5.274741,3.373386,2.109564,"Screenshots/AssetCatalog/Thumbnails/abc00000000005897068452218216951.png","rendered"
864,"prefab","HwaseongHaenggung","SM_RoyalStair_1","계단·디딤돌 · SM_RoyalStair_1","건축 부재/계단·디딤돌","주막·역참·마을 조립 후보: 접합 규격·피벗·치수·재질 통일","이름·폴더 기반 추정","Assets/HwaseongHaenggung/Prefabs/SM_RoyalStair_1.prefab","abc00000000008152188940944767705",1,1,152,152,0,0,0,0,0,0.7293748,1.243568,2.158114,"Screenshots/AssetCatalog/Thumbnails/abc00000000008152188940944767705.png","rendered"
865,"prefab","HwaseongHaenggung","SM_RoyalStair_2","계단·디딤돌 · SM_RoyalStair_2","건축 부재/계단·디딤돌","주막·역참·마을 조립 후보: 접합 규격·피벗·치수·재질 통일","이름·폴더 기반 추정","Assets/HwaseongHaenggung/Prefabs/SM_RoyalStair_2.prefab","abc00000000016991404659934983314",1,1,32,32,0,0,0,0,0,1.294892,0.715691,2.411404,"Screenshots/AssetCatalog/Thumbnails/abc00000000016991404659934983314.png","rendered"
866,"prefab","HwaseongHaenggung","SM_RoyalStair_3","계단·디딤돌 · SM_RoyalStair_3","건축 부재/계단·디딤돌","주막·역참·마을 조립 후보: 접합 규격·피벗·치수·재질 통일","이름·폴더 기반 추정","Assets/HwaseongHaenggung/Prefabs/SM_RoyalStair_3.prefab","abc00000000016315889268763687771",1,1,152,152,0,0,0,0,0,0.7293748,1.243568,2.158114,"Screenshots/AssetCatalog/Thumbnails/abc00000000016315889268763687771.png","rendered"
867,"prefab","HwaseongHaenggung","SM_S_Circle_1","기둥 초석 · SM_S_Circle_1","건축 부재/기단·초석","주막·역참·마을 조립 후보: 접합 규격·피벗·치수·재질 통일","이름·폴더 기반 추정","Assets/HwaseongHaenggung/Prefabs/SM_S_Circle_1.prefab","abc00000000006526352360760575571",1,1,112,112,0,0,0,0,0,1.065423,0.3652133,1.066099,"Screenshots/AssetCatalog/Thumbnails/abc00000000006526352360760575571.png","rendered"
868,"prefab","HwaseongHaenggung","SM_S_Circle_2","기둥 초석 · SM_S_Circle_2","건축 부재/기단·초석","주막·역참·마을 조립 후보: 접합 규격·피벗·치수·재질 통일","이름·폴더 기반 추정","Assets/HwaseongHaenggung/Prefabs/SM_S_Circle_2.prefab","abc00000000016068804675474352264",1,1,36,36,0,0,0,0,0,0.9381219,0.4706803,0.9381232,"Screenshots/AssetCatalog/Thumbnails/abc00000000016068804675474352264.png","rendered"
869,"prefab","HwaseongHaenggung","SM_S_Octagonal","기둥 초석 · SM_S_Octagonal","건축 부재/기단·초석","주막·역참·마을 조립 후보: 접합 규격·피벗·치수·재질 통일","이름·폴더 기반 추정","Assets/HwaseongHaenggung/Prefabs/SM_S_Octagonal.prefab","abc00000000017743715780146040047",1,1,138,138,0,0,0,0,0,5.535856,0.4656052,5.535856,"Screenshots/AssetCatalog/Thumbnails/abc00000000017743715780146040047.png","rendered"
870,"prefab","HwaseongHaenggung","SM_S_Square_1","기둥 초석 · SM_S_Square_1","건축 부재/기단·초석","주막·역참·마을 조립 후보: 접합 규격·피벗·치수·재질 통일","이름·폴더 기반 추정","Assets/HwaseongHaenggung/Prefabs/SM_S_Square_1.prefab","abc00000000003697531703430116690",1,1,44,44,0,0,0,0,0,0.9453706,2.684505,0.8834897,"Screenshots/AssetCatalog/Thumbnails/abc00000000003697531703430116690.png","rendered"
871,"prefab","HwaseongHaenggung","SM_S_Square_2","기둥 초석 · SM_S_Square_2","건축 부재/기단·초석","주막·역참·마을 조립 후보: 접합 규격·피벗·치수·재질 통일","이름·폴더 기반 추정","Assets/HwaseongHaenggung/Prefabs/SM_S_Square_2.prefab","abc00000000013443818055257493145",1,1,12,12,0,0,0,0,0,0.4740647,0.4763669,0.4430353,"Screenshots/AssetCatalog/Thumbnails/abc00000000013443818055257493145.png","rendered"
872,"prefab","HwaseongHaenggung","SM_S_Square_3","기둥 초석 · SM_S_Square_3","건축 부재/기단·초석","주막·역참·마을 조립 후보: 접합 규격·피벗·치수·재질 통일","이름·폴더 기반 추정","Assets/HwaseongHaenggung/Prefabs/SM_S_Square_3.prefab","abc00000000000277071517761000592",1,1,44,44,0,0,0,0,0,0.714964,1.432306,0.6681648,"Screenshots/AssetCatalog/Thumbnails/abc00000000000277071517761000592.png","rendered"
873,"prefab","HwaseongHaenggung","SM_S_Square_4","기둥 초석 · SM_S_Square_4","건축 부재/기단·초석","주막·역참·마을 조립 후보: 접합 규격·피벗·치수·재질 통일","이름·폴더 기반 추정","Assets/HwaseongHaenggung/Prefabs/SM_S_Square_4.prefab","abc00000000002604418251972196055",1,1,12,12,0,0,0,0,0,0.5768427,0.4770838,0.5768427,"Screenshots/AssetCatalog/Thumbnails/abc00000000002604418251972196055.png","rendered"
874,"prefab","HwaseongHaenggung","SM_Seoricheong","행궁 전각·누정 · SM_Seoricheong","건축 완성물/관아·누정","관아·역참·누정 후보: 실제 건물 용도 확인 후 선택; 주막 대체는 별도 판단","이름·폴더 기반 추정","Assets/HwaseongHaenggung/Prefabs/SM_Seoricheong.prefab","abc00000000015164170976259151323",1,1,492430,492430,0,0,0,0,0,10.16763,7.428114,18.78799,"Screenshots/AssetCatalog/Thumbnails/abc00000000015164170976259151323.png","rendered"
875,"prefab","HwaseongHaenggung","SM_Sinpungru","행궁 전각·누정 · SM_Sinpungru","건축 완성물/관아·누정","관아·역참·누정 후보: 실제 건물 용도 확인 후 선택; 주막 대체는 별도 판단","이름·폴더 기반 추정","Assets/HwaseongHaenggung/Prefabs/SM_Sinpungru.prefab","abc00000000010217717972830167714",1,1,463786,463786,0,0,0,0,0,19.65384,15.33572,13.5117,"Screenshots/AssetCatalog/Thumbnails/abc00000000010217717972830167714.png","rendered"
876,"prefab","HwaseongHaenggung","SM_SkySphere","배경 하늘 메시 · SM_SkySphere","데모/하늘 메시","배치 제외: 프로젝트 플레이어·하늘 설정을 대체하지 않음","이름·폴더 기반 추정","Assets/HwaseongHaenggung/Prefabs/SM_SkySphere.prefab","abc00000000004248906117214164463",1,0,0,0,0,0,1,1,0,0,0,0,"Screenshots/AssetCatalog/Thumbnails/abc00000000004248906117214164463.png","FAIL: InvalidOperationException: No renderable geometry"
877,"prefab","HwaseongHaenggung","SM_Smallgate_1","행궁 대문·홍살문 · SM_Smallgate_1","건축 완성물/문루·대문","관아·역참·누정 후보: 실제 건물 용도 확인 후 선택; 주막 대체는 별도 판단","이름·폴더 기반 추정","Assets/HwaseongHaenggung/Prefabs/SM_Smallgate_1.prefab","abc00000000001057599381500493751",1,1,48812,48812,0,0,0,0,0,2.49375,4.262889,3.526484,"Screenshots/AssetCatalog/Thumbnails/abc00000000001057599381500493751.png","rendered"
878,"prefab","HwaseongHaenggung","SM_Smallgate_2","행궁 대문·홍살문 · SM_Smallgate_2","건축 완성물/문루·대문","관아·역참·누정 후보: 실제 건물 용도 확인 후 선택; 주막 대체는 별도 판단","이름·폴더 기반 추정","Assets/HwaseongHaenggung/Prefabs/SM_Smallgate_2.prefab","abc00000000000097853760802412988",1,1,112138,112138,0,0,0,0,0,5.689018,6.763157,7.007236,"Screenshots/AssetCatalog/Thumbnails/abc00000000000097853760802412988.png","rendered"
879,"prefab","HwaseongHaenggung","SM_Smallgate_3","행궁 대문·홍살문 · SM_Smallgate_3","건축 완성물/문루·대문","관아·역참·누정 후보: 실제 건물 용도 확인 후 선택; 주막 대체는 별도 판단","이름·폴더 기반 추정","Assets/HwaseongHaenggung/Prefabs/SM_Smallgate_3.prefab","abc00000000006371592783252091653",1,1,208309,208309,0,0,0,0,0,8.438906,6.699833,6.371201,"Screenshots/AssetCatalog/Thumbnails/abc00000000006371592783252091653.png","rendered"
880,"prefab","HwaseongHaenggung","SM_Smallgate_4","행궁 대문·홍살문 · SM_Smallgate_4","건축 완성물/문루·대문","관아·역참·누정 후보: 실제 건물 용도 확인 후 선택; 주막 대체는 별도 판단","이름·폴더 기반 추정","Assets/HwaseongHaenggung/Prefabs/SM_Smallgate_4.prefab","abc00000000001905548128194880050",1,1,36768,36768,0,0,0,0,0,3.761936,5.219182,2.659605,"Screenshots/AssetCatalog/Thumbnails/abc00000000001905548128194880050.png","rendered"
881,"prefab","HwaseongHaenggung","SM_Smallgate_5","행궁 대문·홍살문 · SM_Smallgate_5","건축 완성물/문루·대문","관아·역참·누정 후보: 실제 건물 용도 확인 후 선택; 주막 대체는 별도 판단","이름·폴더 기반 추정","Assets/HwaseongHaenggung/Prefabs/SM_Smallgate_5.prefab","abc00000000001230032737023584507",1,1,73500,73500,0,0,0,0,0,2.659605,4.88127,6.205503,"Screenshots/AssetCatalog/Thumbnails/abc00000000001230032737023584507.png","rendered"
882,"prefab","HwaseongHaenggung","SM_Stair_1","계단·디딤돌 · SM_Stair_1","건축 부재/계단·디딤돌","주막·역참·마을 조립 후보: 접합 규격·피벗·치수·재질 통일","이름·폴더 기반 추정","Assets/HwaseongHaenggung/Prefabs/SM_Stair_1.prefab","abc00000000014096433058314534652",1,1,3136,3136,0,0,0,0,0,4.02538,6.592971,1.507687,"Screenshots/AssetCatalog/Thumbnails/abc00000000014096433058314534652.png","rendered"
883,"prefab","HwaseongHaenggung","SM_StoneStair","계단·디딤돌 · SM_StoneStair","건축 부재/계단·디딤돌","주막·역참·마을 조립 후보: 접합 규격·피벗·치수·재질 통일","이름·폴더 기반 추정","Assets/HwaseongHaenggung/Prefabs/SM_StoneStair.prefab","abc00000000009786572893765901931",1,1,28,28,0,0,0,0,0,0.720375,0.4949788,1.284854,"Screenshots/AssetCatalog/Thumbnails/abc00000000009786572893765901931.png","rendered"
884,"prefab","HwaseongHaenggung","SM_StraightStronewall_1","벽·돌담 · SM_StraightStronewall_1","건축 부재/벽·담장","주막·역참·마을 조립 후보: 접합 규격·피벗·치수·재질 통일","이름·폴더 기반 추정","Assets/HwaseongHaenggung/Prefabs/SM_StraightStronewall_1.prefab","abc00000000014270541121732349840",1,1,6036,6036,0,0,0,0,0,0.8577847,2.089952,4.208181,"Screenshots/AssetCatalog/Thumbnails/abc00000000014270541121732349840.png","rendered"
885,"prefab","HwaseongHaenggung","SM_StraightStronewall_2","벽·돌담 · SM_StraightStronewall_2","건축 부재/벽·담장","주막·역참·마을 조립 후보: 접합 규격·피벗·치수·재질 통일","이름·폴더 기반 추정","Assets/HwaseongHaenggung/Prefabs/SM_StraightStronewall_2.prefab","abc00000000009405584443425812507",1,1,3242,3242,0,0,0,0,0,0.8577845,2.089951,2.104069,"Screenshots/AssetCatalog/Thumbnails/abc00000000009405584443425812507.png","rendered"
886,"prefab","HwaseongHaenggung","SM_Uhagwan_Center","행궁 전각·누정 · SM_Uhagwan_Center","건축 완성물/관아·누정","관아·역참·누정 후보: 실제 건물 용도 확인 후 선택; 주막 대체는 별도 판단","이름·폴더 기반 추정","Assets/HwaseongHaenggung/Prefabs/SM_Uhagwan_Center.prefab","abc00000000011811204483392736828",1,1,382832,382832,0,0,0,0,0,13.44514,5.540678,13.55881,"Screenshots/AssetCatalog/Thumbnails/abc00000000011811204483392736828.png","rendered"
887,"prefab","HwaseongHaenggung","SM_Uhagwan_SM_Uhagwan_Left","행궁 전각·누정 · SM_Uhagwan_SM_Uhagwan_Left","건축 완성물/관아·누정","관아·역참·누정 후보: 실제 건물 용도 확인 후 선택; 주막 대체는 별도 판단","이름·폴더 기반 추정","Assets/HwaseongHaenggung/Prefabs/SM_Uhagwan_SM_Uhagwan_Left.prefab","abc00000000000098253304679987911",1,1,278924,278924,0,0,0,0,0,15.74585,4.45638,9.895886,"Screenshots/AssetCatalog/Thumbnails/abc00000000000098253304679987911.png","rendered"
888,"prefab","HwaseongHaenggung","SM_Uhagwan_SM_Uhagwan_Right","행궁 전각·누정 · SM_Uhagwan_SM_Uhagwan_Right","건축 완성물/관아·누정","관아·역참·누정 후보: 실제 건물 용도 확인 후 선택; 주막 대체는 별도 판단","이름·폴더 기반 추정","Assets/HwaseongHaenggung/Prefabs/SM_Uhagwan_SM_Uhagwan_Right.prefab","abc00000000006401252785733306874",1,1,234011,234011,0,0,0,0,0,13.04702,4.498633,9.548243,"Screenshots/AssetCatalog/Thumbnails/abc00000000006401252785733306874.png","rendered"
889,"prefab","HwaseongHaenggung","SM_Uhwagan","행궁 전각·누정 · SM_Uhwagan","건축 완성물/관아·누정","관아·역참·누정 후보: 실제 건물 용도 확인 후 선택; 주막 대체는 별도 판단","이름·폴더 기반 추정","Assets/HwaseongHaenggung/Prefabs/SM_Uhwagan.prefab","abc00000000008434512381383174432",1,1,976716,976716,0,0,0,0,0,15.18715,10.64423,40.82245,"Screenshots/AssetCatalog/Thumbnails/abc00000000008434512381383174432.png","rendered"
890,"prefab","HwaseongHaenggung","SM_Unhwagak_Iancheong","행궁 전각·누정 · SM_Unhwagak_Iancheong","건축 완성물/관아·누정","관아·역참·누정 후보: 실제 건물 용도 확인 후 선택; 주막 대체는 별도 판단","이름·폴더 기반 추정","Assets/HwaseongHaenggung/Prefabs/SM_Unhwagak_Iancheong.prefab","abc00000000001043896361784553518",1,1,1157969,1157969,0,0,0,0,0,42.56986,13.69653,28.07114,"Screenshots/AssetCatalog/Thumbnails/abc00000000001043896361784553518.png","rendered"
891,"prefab","HwaseongHaenggung","SM_WI_Wood_1","문·창호 · SM_WI_Wood_1","건축 부재/문·창호","주막·역참·마을 조립 후보: 접합 규격·피벗·치수·재질 통일","이름·폴더 기반 추정","Assets/HwaseongHaenggung/Prefabs/SM_WI_Wood_1.prefab","abc00000000017783500262189586175",1,1,4500,4500,0,0,0,0,0,0.0647493,0.6814303,0.548022,"Screenshots/AssetCatalog/Thumbnails/abc00000000017783500262189586175.png","rendered"
892,"prefab","HwaseongHaenggung","SM_WI_Wood_1_1","문·창호 · SM_WI_Wood_1_1","건축 부재/문·창호","주막·역참·마을 조립 후보: 접합 규격·피벗·치수·재질 통일","이름·폴더 기반 추정","Assets/HwaseongHaenggung/Prefabs/SM_WI_Wood_1_1.prefab","abc00000000006779205074425515047",1,1,4500,4500,0,0,0,0,0,0.0647493,0.6814303,0.548022,"Screenshots/AssetCatalog/Thumbnails/abc00000000006779205074425515047.png","rendered"
893,"prefab","HwaseongHaenggung","SM_WI_Wood_2","문·창호 · SM_WI_Wood_2","건축 부재/문·창호","주막·역참·마을 조립 후보: 접합 규격·피벗·치수·재질 통일","이름·폴더 기반 추정","Assets/HwaseongHaenggung/Prefabs/SM_WI_Wood_2.prefab","abc00000000017073953941245140708",1,1,612,612,0,0,0,0,0,0.0894446,0.7301738,0.8867395,"Screenshots/AssetCatalog/Thumbnails/abc00000000017073953941245140708.png","rendered"
894,"prefab","HwaseongHaenggung","SM_WI_Wood_2_1","문·창호 · SM_WI_Wood_2_1","건축 부재/문·창호","주막·역참·마을 조립 후보: 접합 규격·피벗·치수·재질 통일","이름·폴더 기반 추정","Assets/HwaseongHaenggung/Prefabs/SM_WI_Wood_2_1.prefab","abc00000000008655125087333500320",1,1,612,612,0,0,0,0,0,0.0894446,0.7301738,0.8867395,"Screenshots/AssetCatalog/Thumbnails/abc00000000008655125087333500320.png","rendered"
895,"prefab","HwaseongHaenggung","SM_WI_Wood_3","문·창호 · SM_WI_Wood_3","건축 부재/문·창호","주막·역참·마을 조립 후보: 접합 규격·피벗·치수·재질 통일","이름·폴더 기반 추정","Assets/HwaseongHaenggung/Prefabs/SM_WI_Wood_3.prefab","abc00000000000175255223920944141",1,1,612,612,0,0,0,0,0,0.0894446,0.7301738,0.8867395,"Screenshots/AssetCatalog/Thumbnails/abc00000000000175255223920944141.png","rendered"
896,"prefab","HwaseongHaenggung","SM_WI_Wood_4","문·창호 · SM_WI_Wood_4","건축 부재/문·창호","주막·역참·마을 조립 후보: 접합 규격·피벗·치수·재질 통일","이름·폴더 기반 추정","Assets/HwaseongHaenggung/Prefabs/SM_WI_Wood_4.prefab","abc00000000006361378866978152762",1,1,4500,4500,0,0,0,0,0,0.06474923,0.9086571,0.7847905,"Screenshots/AssetCatalog/Thumbnails/abc00000000006361378866978152762.png","rendered"
897,"prefab","HwaseongHaenggung","SM_WI_Wood_5","문·창호 · SM_WI_Wood_5","건축 부재/문·창호","주막·역참·마을 조립 후보: 접합 규격·피벗·치수·재질 통일","이름·폴더 기반 추정","Assets/HwaseongHaenggung/Prefabs/SM_WI_Wood_5.prefab","abc00000000002951997500824290691",1,1,9492,9492,0,0,0,0,0,0.1114758,1.551516,0.7195795,"Screenshots/AssetCatalog/Thumbnails/abc00000000002951997500824290691.png","rendered"
898,"prefab","HwaseongHaenggung","SM_WI_Wood_5_1","문·창호 · SM_WI_Wood_5_1","건축 부재/문·창호","주막·역참·마을 조립 후보: 접합 규격·피벗·치수·재질 통일","이름·폴더 기반 추정","Assets/HwaseongHaenggung/Prefabs/SM_WI_Wood_5_1.prefab","abc00000000006032101812205444291",1,1,9492,9492,0,0,0,0,0,0.1114758,1.551516,0.7195795,"Screenshots/AssetCatalog/Thumbnails/abc00000000006032101812205444291.png","rendered"
899,"prefab","HwaseongHaenggung","SM_WI_Wood_6","문·창호 · SM_WI_Wood_6","건축 부재/문·창호","주막·역참·마을 조립 후보: 접합 규격·피벗·치수·재질 통일","이름·폴더 기반 추정","Assets/HwaseongHaenggung/Prefabs/SM_WI_Wood_6.prefab","abc00000000010263033339328594680",1,1,244,244,0,0,0,0,0,0.1552793,0.2859153,0.7610819,"Screenshots/AssetCatalog/Thumbnails/abc00000000010263033339328594680.png","rendered"
900,"prefab","HwaseongHaenggung","SM_W_Foundation_1","건물 기단 · SM_W_Foundation_1","건축 부재/기단·초석","주막·역참·마을 조립 후보: 접합 규격·피벗·치수·재질 통일","이름·폴더 기반 추정","Assets/HwaseongHaenggung/Prefabs/SM_W_Foundation_1.prefab","abc00000000011429095121061640652",1,1,2,2,0,0,0,0,0,2.041586,2.484195E-08,2.041586,"Screenshots/AssetCatalog/Thumbnails/abc00000000011429095121061640652.png","rendered"
901,"prefab","HwaseongHaenggung","SM_W_Foundation_2","건물 기단 · SM_W_Foundation_2","건축 부재/기단·초석","주막·역참·마을 조립 후보: 접합 규격·피벗·치수·재질 통일","이름·폴더 기반 추정","Assets/HwaseongHaenggung/Prefabs/SM_W_Foundation_2.prefab","abc00000000010257001722427408519",1,1,12,12,0,0,0,0,0,0.101971,0.5101258,1.070969,"Screenshots/AssetCatalog/Thumbnails/abc00000000010257001722427408519.png","rendered"
902,"prefab","HwaseongHaenggung","SM_W_Foundation_3","건물 기단 · SM_W_Foundation_3","건축 부재/기단·초석","주막·역참·마을 조립 후보: 접합 규격·피벗·치수·재질 통일","이름·폴더 기반 추정","Assets/HwaseongHaenggung/Prefabs/SM_W_Foundation_3.prefab","abc00000000008787003149717753486",1,1,28,28,0,0,0,0,0,0.9888112,0.5101258,0.4565414,"Screenshots/AssetCatalog/Thumbnails/abc00000000008787003149717753486.png","rendered"
903,"prefab","HwaseongHaenggung","SM_W_Foundation_4","건물 기단 · SM_W_Foundation_4","건축 부재/기단·초석","주막·역참·마을 조립 후보: 접합 규격·피벗·치수·재질 통일","이름·폴더 기반 추정","Assets/HwaseongHaenggung/Prefabs/SM_W_Foundation_4.prefab","abc00000000003375419377974325065",1,1,84,84,0,0,0,0,0,0.388679,0.3455371,2.363063,"Screenshots/AssetCatalog/Thumbnails/abc00000000003375419377974325065.png","rendered"
904,"prefab","HwaseongHaenggung","SM_W_Intwhite","건물 벽·담장 · SM_W_Intwhite","건축 부재/벽·담장","주막·역참·마을 조립 후보: 접합 규격·피벗·치수·재질 통일","이름·폴더 기반 추정","Assets/HwaseongHaenggung/Prefabs/SM_W_Intwhite.prefab","abc00000000012496511239127974941",1,1,12,12,0,0,0,0,0,0.07107823,3.337867,0.7539112,"Screenshots/AssetCatalog/Thumbnails/abc00000000012496511239127974941.png","rendered"
905,"prefab","HwaseongHaenggung","SM_W_Magenta_1","건물 벽·담장 · SM_W_Magenta_1","건축 부재/벽·담장","주막·역참·마을 조립 후보: 접합 규격·피벗·치수·재질 통일","이름·폴더 기반 추정","Assets/HwaseongHaenggung/Prefabs/SM_W_Magenta_1.prefab","abc00000000012390311020135854584",1,1,12,12,0,0,0,0,0,0.1677363,1.395434,2.68727,"Screenshots/AssetCatalog/Thumbnails/abc00000000012390311020135854584.png","rendered"
906,"prefab","HwaseongHaenggung","SM_W_Magenta_1_1","건물 벽·담장 · SM_W_Magenta_1_1","건축 부재/벽·담장","주막·역참·마을 조립 후보: 접합 규격·피벗·치수·재질 통일","이름·폴더 기반 추정","Assets/HwaseongHaenggung/Prefabs/SM_W_Magenta_1_1.prefab","abc00000000009441463177281950540",1,1,12,12,0,0,0,0,0,0.1677363,1.395434,2.68727,"Screenshots/AssetCatalog/Thumbnails/abc00000000009441463177281950540.png","rendered"
907,"prefab","HwaseongHaenggung","SM_W_Orange_1","건물 벽·담장 · SM_W_Orange_1","건축 부재/벽·담장","주막·역참·마을 조립 후보: 접합 규격·피벗·치수·재질 통일","이름·폴더 기반 추정","Assets/HwaseongHaenggung/Prefabs/SM_W_Orange_1.prefab","abc00000000017213211683708768313",1,1,12,12,0,0,0,0,0,0.1677363,1.395434,2.68727,"Screenshots/AssetCatalog/Thumbnails/abc00000000017213211683708768313.png","rendered"
908,"prefab","HwaseongHaenggung","SM_W_Orange_2","건물 벽·담장 · SM_W_Orange_2","건축 부재/벽·담장","주막·역참·마을 조립 후보: 접합 규격·피벗·치수·재질 통일","이름·폴더 기반 추정","Assets/HwaseongHaenggung/Prefabs/SM_W_Orange_2.prefab","abc00000000005846248392405723378",1,1,12,12,0,0,0,0,0,0.1677363,1.395434,2.68727,"Screenshots/AssetCatalog/Thumbnails/abc00000000005846248392405723378.png","rendered"
909,"prefab","HwaseongHaenggung","SM_W_Pink01","건물 벽·담장 · SM_W_Pink01","건축 부재/벽·담장","주막·역참·마을 조립 후보: 접합 규격·피벗·치수·재질 통일","이름·폴더 기반 추정","Assets/HwaseongHaenggung/Prefabs/SM_W_Pink01.prefab","abc00000000006754910277848626922",1,1,12,12,0,0,0,0,0,0.1572412,0.3584903,2.694683,"Screenshots/AssetCatalog/Thumbnails/abc00000000006754910277848626922.png","rendered"
910,"prefab","HwaseongHaenggung","SM_W_Pink01_1","건물 벽·담장 · SM_W_Pink01_1","건축 부재/벽·담장","주막·역참·마을 조립 후보: 접합 규격·피벗·치수·재질 통일","이름·폴더 기반 추정","Assets/HwaseongHaenggung/Prefabs/SM_W_Pink01_1.prefab","abc00000000018306969376574323458",1,1,12,12,0,0,0,0,0,0.1572412,0.3584903,2.694683,"Screenshots/AssetCatalog/Thumbnails/abc00000000018306969376574323458.png","rendered"
911,"prefab","HwaseongHaenggung","SM_W_Pink02","건물 벽·담장 · SM_W_Pink02","건축 부재/벽·담장","주막·역참·마을 조립 후보: 접합 규격·피벗·치수·재질 통일","이름·폴더 기반 추정","Assets/HwaseongHaenggung/Prefabs/SM_W_Pink02.prefab","abc00000000010569757771380011313",1,1,12,12,0,0,0,0,0,0.1562196,0.6220712,0.6710863,"Screenshots/AssetCatalog/Thumbnails/abc00000000010569757771380011313.png","rendered"
912,"prefab","HwaseongHaenggung","SM_W_Pink02_1","건물 벽·담장 · SM_W_Pink02_1","건축 부재/벽·담장","주막·역참·마을 조립 후보: 접합 규격·피벗·치수·재질 통일","이름·폴더 기반 추정","Assets/HwaseongHaenggung/Prefabs/SM_W_Pink02_1.prefab","abc00000000010345248121756599469",1,1,12,12,0,0,0,0,0,0.1562196,0.6220712,0.6710863,"Screenshots/AssetCatalog/Thumbnails/abc00000000010345248121756599469.png","rendered"
913,"prefab","HwaseongHaenggung","SM_W_Pink03","건물 벽·담장 · SM_W_Pink03","건축 부재/벽·담장","주막·역참·마을 조립 후보: 접합 규격·피벗·치수·재질 통일","이름·폴더 기반 추정","Assets/HwaseongHaenggung/Prefabs/SM_W_Pink03.prefab","abc00000000017068054160699344552",1,1,12,12,0,0,0,0,0,0.153848,1.395434,2.68727,"Screenshots/AssetCatalog/Thumbnails/abc00000000017068054160699344552.png","rendered"
914,"prefab","HwaseongHaenggung","SM_W_Pink03_1","건물 벽·담장 · SM_W_Pink03_1","건축 부재/벽·담장","주막·역참·마을 조립 후보: 접합 규격·피벗·치수·재질 통일","이름·폴더 기반 추정","Assets/HwaseongHaenggung/Prefabs/SM_W_Pink03_1.prefab","abc00000000004426445589203136636",1,1,12,12,0,0,0,0,0,0.153848,1.395434,2.68727,"Screenshots/AssetCatalog/Thumbnails/abc00000000004426445589203136636.png","rendered"
915,"prefab","HwaseongHaenggung","SM_W_Pink_4","건물 벽·담장 · SM_W_Pink_4","건축 부재/벽·담장","주막·역참·마을 조립 후보: 접합 규격·피벗·치수·재질 통일","이름·폴더 기반 추정","Assets/HwaseongHaenggung/Prefabs/SM_W_Pink_4.prefab","abc00000000016607012615888357822",1,1,12,12,0,0,0,0,0,0.156221,0.7329327,0.2699548,"Screenshots/AssetCatalog/Thumbnails/abc00000000016607012615888357822.png","rendered"
916,"prefab","HwaseongHaenggung","SM_W_Pink_4_1","건물 벽·담장 · SM_W_Pink_4_1","건축 부재/벽·담장","주막·역참·마을 조립 후보: 접합 규격·피벗·치수·재질 통일","이름·폴더 기반 추정","Assets/HwaseongHaenggung/Prefabs/SM_W_Pink_4_1.prefab","abc00000000016541846623892305870",1,1,12,12,0,0,0,0,0,0.156221,0.7329327,0.2699548,"Screenshots/AssetCatalog/Thumbnails/abc00000000016541846623892305870.png","rendered"
917,"prefab","HwaseongHaenggung","SM_W_Stone_1","건물 벽·담장 · SM_W_Stone_1","건축 부재/벽·담장","주막·역참·마을 조립 후보: 접합 규격·피벗·치수·재질 통일","이름·폴더 기반 추정","Assets/HwaseongHaenggung/Prefabs/SM_W_Stone_1.prefab","abc00000000003193678190481301514",1,1,20,20,0,0,0,0,0,0.2834082,2.063661,1.970002,"Screenshots/AssetCatalog/Thumbnails/abc00000000003193678190481301514.png","rendered"
918,"prefab","HwaseongHaenggung","SM_W_Stone_1sides","건물 벽·담장 · SM_W_Stone_1sides","건축 부재/벽·담장","주막·역참·마을 조립 후보: 접합 규격·피벗·치수·재질 통일","이름·폴더 기반 추정","Assets/HwaseongHaenggung/Prefabs/SM_W_Stone_1sides.prefab","abc00000000016627603354647946502",1,1,12,12,0,0,0,0,0,0.04928439,2.063661,0.2834081,"Screenshots/AssetCatalog/Thumbnails/abc00000000016627603354647946502.png","rendered"
919,"prefab","HwaseongHaenggung","SM_W_Stone_1sides_1","건물 벽·담장 · SM_W_Stone_1sides_1","건축 부재/벽·담장","주막·역참·마을 조립 후보: 접합 규격·피벗·치수·재질 통일","이름·폴더 기반 추정","Assets/HwaseongHaenggung/Prefabs/SM_W_Stone_1sides_1.prefab","abc00000000004843893051389040582",1,1,12,12,0,0,0,0,0,0.04928439,2.063661,0.2834081,"Screenshots/AssetCatalog/Thumbnails/abc00000000004843893051389040582.png","rendered"
920,"prefab","HwaseongHaenggung","SM_W_Stone_2","건물 벽·담장 · SM_W_Stone_2","건축 부재/벽·담장","주막·역참·마을 조립 후보: 접합 규격·피벗·치수·재질 통일","이름·폴더 기반 추정","Assets/HwaseongHaenggung/Prefabs/SM_W_Stone_2.prefab","abc00000000007008807158989507921",1,1,44,44,0,0,0,0,0,0.3695826,0.4007581,1.802877,"Screenshots/AssetCatalog/Thumbnails/abc00000000007008807158989507921.png","rendered"
921,"prefab","HwaseongHaenggung","SM_W_Stone_3","건물 벽·담장 · SM_W_Stone_3","건축 부재/벽·담장","주막·역참·마을 조립 후보: 접합 규격·피벗·치수·재질 통일","이름·폴더 기반 추정","Assets/HwaseongHaenggung/Prefabs/SM_W_Stone_3.prefab","abc00000000012148544528734288712",1,1,12,12,0,0,0,0,0,0.3695819,0.4501756,2.684396,"Screenshots/AssetCatalog/Thumbnails/abc00000000012148544528734288712.png","rendered"
922,"prefab","HwaseongHaenggung","SM_W_Stone_4","건물 벽·담장 · SM_W_Stone_4","건축 부재/벽·담장","주막·역참·마을 조립 후보: 접합 규격·피벗·치수·재질 통일","이름·폴더 기반 추정","Assets/HwaseongHaenggung/Prefabs/SM_W_Stone_4.prefab","abc00000000008771088780731819407",1,1,12,12,0,0,0,0,0,0.3695819,0.4501756,2.684396,"Screenshots/AssetCatalog/Thumbnails/abc00000000008771088780731819407.png","rendered"
923,"prefab","HwaseongHaenggung","SM_W_Stone_5","건물 벽·담장 · SM_W_Stone_5","건축 부재/벽·담장","주막·역참·마을 조립 후보: 접합 규격·피벗·치수·재질 통일","이름·폴더 기반 추정","Assets/HwaseongHaenggung/Prefabs/SM_W_Stone_5.prefab","abc00000000003225357956931420342",1,1,188,188,0,0,0,0,0,0.3695821,0.4501756,2.684395,"Screenshots/AssetCatalog/Thumbnails/abc00000000003225357956931420342.png","rendered"
924,"prefab","HwaseongHaenggung","SM_W_Stone_6","건물 벽·담장 · SM_W_Stone_6","건축 부재/벽·담장","주막·역참·마을 조립 후보: 접합 규격·피벗·치수·재질 통일","이름·폴더 기반 추정","Assets/HwaseongHaenggung/Prefabs/SM_W_Stone_6.prefab","abc00000000015173820941969137309",1,1,28,28,0,0,0,0,0,0.3081961,0.4166673,1.630808,"Screenshots/AssetCatalog/Thumbnails/abc00000000015173820941969137309.png","rendered"
925,"prefab","HwaseongHaenggung","SM_W_White","건물 벽·담장 · SM_W_White","건축 부재/벽·담장","주막·역참·마을 조립 후보: 접합 규격·피벗·치수·재질 통일","이름·폴더 기반 추정","Assets/HwaseongHaenggung/Prefabs/SM_W_White.prefab","abc00000000009186206297034261494",1,1,12,12,0,0,0,0,0,0.153848,1.395434,2.68727,"Screenshots/AssetCatalog/Thumbnails/abc00000000009186206297034261494.png","rendered"
926,"prefab","HwaseongHaenggung","SM_W_White_1","건물 벽·담장 · SM_W_White_1","건축 부재/벽·담장","주막·역참·마을 조립 후보: 접합 규격·피벗·치수·재질 통일","이름·폴더 기반 추정","Assets/HwaseongHaenggung/Prefabs/SM_W_White_1.prefab","abc00000000016772520841554606262",1,1,12,12,0,0,0,0,0,0.153848,1.395434,2.68727,"Screenshots/AssetCatalog/Thumbnails/abc00000000016772520841554606262.png","rendered"
927,"prefab","HwaseongHaenggung","SM_W_WideBrick","건물 벽·담장 · SM_W_WideBrick","건축 부재/벽·담장","주막·역참·마을 조립 후보: 접합 규격·피벗·치수·재질 통일","이름·폴더 기반 추정","Assets/HwaseongHaenggung/Prefabs/SM_W_WideBrick.prefab","abc00000000007730302315281731045",1,1,12,12,0,0,0,0,0,0.1677363,1.395434,2.68727,"Screenshots/AssetCatalog/Thumbnails/abc00000000007730302315281731045.png","rendered"
928,"prefab","HwaseongHaenggung","SM_W_Wood_1","건물 벽·담장 · SM_W_Wood_1","건축 부재/벽·담장","주막·역참·마을 조립 후보: 접합 규격·피벗·치수·재질 통일","이름·폴더 기반 추정","Assets/HwaseongHaenggung/Prefabs/SM_W_Wood_1.prefab","abc00000000014280848836380693704",1,1,304,304,0,0,0,0,0,0.1715638,4.689219,3.292382,"Screenshots/AssetCatalog/Thumbnails/abc00000000014280848836380693704.png","rendered"
929,"prefab","HwaseongHaenggung","SM_W_Wood_2","건물 벽·담장 · SM_W_Wood_2","건축 부재/벽·담장","주막·역참·마을 조립 후보: 접합 규격·피벗·치수·재질 통일","이름·폴더 기반 추정","Assets/HwaseongHaenggung/Prefabs/SM_W_Wood_2.prefab","abc00000000006113908756379051155",1,1,44,44,0,0,0,0,0,0.1097743,1.634493,2.722529,"Screenshots/AssetCatalog/Thumbnails/abc00000000006113908756379051155.png","rendered"
930,"prefab","HwaseongHaenggung","SM_W_Wood_2_1","건물 벽·담장 · SM_W_Wood_2_1","건축 부재/벽·담장","주막·역참·마을 조립 후보: 접합 규격·피벗·치수·재질 통일","이름·폴더 기반 추정","Assets/HwaseongHaenggung/Prefabs/SM_W_Wood_2_1.prefab","abc00000000011310415779204138515",1,1,44,44,0,0,0,0,0,0.1097743,1.634493,2.722529,"Screenshots/AssetCatalog/Thumbnails/abc00000000011310415779204138515.png","rendered"
931,"prefab","HwaseongHaenggung","SM_Yuyeotaek","행궁 전각·누정 · SM_Yuyeotaek","건축 완성물/관아·누정","관아·역참·누정 후보: 실제 건물 용도 확인 후 선택; 주막 대체는 별도 판단","이름·폴더 기반 추정","Assets/HwaseongHaenggung/Prefabs/SM_Yuyeotaek.prefab","abc00000000010861017069860773829",1,1,612852,612852,0,0,0,0,0,21.28572,8.881427,15.10877,"Screenshots/AssetCatalog/Thumbnails/abc00000000010861017069860773829.png","rendered"
932,"prefab","HwaseongHaenggung","SM_Zelkova_1","수목 · SM_Zelkova_1","식생/수목","산길·마을·정원: 수종·계절·잎 알파·양면·LOD 확인","이름·폴더 기반 추정","Assets/HwaseongHaenggung/Prefabs/SM_Zelkova_1.prefab","abc00000000017439283021794353287",1,1,45856,45856,0,0,0,0,0,10.50366,11.33353,10.13695,"Screenshots/AssetCatalog/Thumbnails/abc00000000017439283021794353287.png","rendered"
933,"prefab","HwaseongHaenggung","SM_Zelkova_2","수목 · SM_Zelkova_2","식생/수목","산길·마을·정원: 수종·계절·잎 알파·양면·LOD 확인","이름·폴더 기반 추정","Assets/HwaseongHaenggung/Prefabs/SM_Zelkova_2.prefab","abc00000000000164632346719033804",1,1,28305,28305,0,0,0,0,0,7.973076,9.75468,8.780788,"Screenshots/AssetCatalog/Thumbnails/abc00000000000164632346719033804.png","rendered"
934,"prefab","HwaseongHaenggung","SM_Zelkova_2_1","수목 · SM_Zelkova_2_1","식생/수목","산길·마을·정원: 수종·계절·잎 알파·양면·LOD 확인","이름·폴더 기반 추정","Assets/HwaseongHaenggung/Prefabs/SM_Zelkova_2_1.prefab","abc00000000000213254859930149432",1,1,28305,28305,0,0,0,0,0,7.973076,9.75468,8.780788,"Screenshots/AssetCatalog/Thumbnails/abc00000000000213254859930149432.png","rendered"
935,"prefab","HwaseongHaenggung","SM_byeolju","행궁 전각·누정 · SM_byeolju","건축 완성물/관아·누정","관아·역참·누정 후보: 실제 건물 용도 확인 후 선택; 주막 대체는 별도 판단","이름·폴더 기반 추정","Assets/HwaseongHaenggung/Prefabs/SM_byeolju.prefab","abc00000000002914836822282354237",1,1,170211,170211,0,0,0,0,0,17.72516,4.0754,12.55014,"Screenshots/AssetCatalog/Thumbnails/abc00000000002914836822282354237.png","rendered"
936,"prefab","HwaseongHaenggung","SM_byeolju_SmallGate","행궁 대문·홍살문 · SM_byeolju_SmallGate","건축 완성물/문루·대문","관아·역참·누정 후보: 실제 건물 용도 확인 후 선택; 주막 대체는 별도 판단","이름·폴더 기반 추정","Assets/HwaseongHaenggung/Prefabs/SM_byeolju_SmallGate.prefab","abc00000000006442617607363995864",1,1,30203,30203,0,0,0,0,0,4.011097,1.850546,2.257305,"Screenshots/AssetCatalog/Thumbnails/abc00000000006442617607363995864.png","rendered"
937,"prefab","JejumokGwana","Base_Gyullimdang","건물 기단 · Base_Gyullimdang","건축 부재/기단·초석","주막·역참·마을 조립 후보: 접합 규격·피벗·치수·재질 통일","이름·폴더 기반 추정","Assets/JejumokGwana/Prefabs/Building_Pillars/Base_Gyullimdang.prefab","4e37b72c100fbf947b4ac085f9e68177",1,1,38,38,0,0,0,0,0,0.1987153,0.7453665,0.1987146,"Screenshots/AssetCatalog/Thumbnails/4e37b72c100fbf947b4ac085f9e68177.png","rendered"
938,"prefab","JejumokGwana","RedPillarSquare","기둥·기둥 부속 · RedPillarSquare","건축 부재/기둥","주막·역참·마을 조립 후보: 접합 규격·피벗·치수·재질 통일","이름·폴더 기반 추정","Assets/JejumokGwana/Prefabs/Building_Pillars/RedPillarSquare.prefab","d4f81ce18fb9dd84d83f171ee99d380e",1,1,10,10,0,0,0,0,0,0.3,3,0.3,"Screenshots/AssetCatalog/Thumbnails/d4f81ce18fb9dd84d83f171ee99d380e.png","rendered"
939,"prefab","JejumokGwana","RedPillarThick","기둥·기둥 부속 · RedPillarThick","건축 부재/기둥","주막·역참·마을 조립 후보: 접합 규격·피벗·치수·재질 통일","이름·폴더 기반 추정","Assets/JejumokGwana/Prefabs/Building_Pillars/RedPillarThick.prefab","a3db2796c05fbb34da80a782f7a218a1",1,1,60,60,0,0,0,0,0,0.3999993,3,0.3999989,"Screenshots/AssetCatalog/Thumbnails/a3db2796c05fbb34da80a782f7a218a1.png","rendered"
940,"prefab","JejumokGwana","RedPillarThickStone","기둥·기둥 부속 · RedPillarThickStone","건축 부재/기둥","주막·역참·마을 조립 후보: 접합 규격·피벗·치수·재질 통일","이름·폴더 기반 추정","Assets/JejumokGwana/Prefabs/Building_Pillars/RedPillarThickStone.prefab","b6eeb6d41ae068c4287ebc9226bb2cce",1,1,240,240,0,0,0,0,0,0.5896675,3,0.5896673,"Screenshots/AssetCatalog/Thumbnails/b6eeb6d41ae068c4287ebc9226bb2cce.png","rendered"
941,"prefab","JejumokGwana","RedPillarThin","기둥·기둥 부속 · RedPillarThin","건축 부재/기둥","주막·역참·마을 조립 후보: 접합 규격·피벗·치수·재질 통일","이름·폴더 기반 추정","Assets/JejumokGwana/Prefabs/Building_Pillars/RedPillarThin.prefab","0b0c962165eef4845a9e8735834b0d14",1,1,60,60,0,0,0,0,0,0.2,3,0.2,"Screenshots/AssetCatalog/Thumbnails/0b0c962165eef4845a9e8735834b0d14.png","rendered"
942,"prefab","JejumokGwana","RedPillarThinStone","기둥·기둥 부속 · RedPillarThinStone","건축 부재/기둥","주막·역참·마을 조립 후보: 접합 규격·피벗·치수·재질 통일","이름·폴더 기반 추정","Assets/JejumokGwana/Prefabs/Building_Pillars/RedPillarThinStone.prefab","67851c792e877044184cac72c4e5af89",1,1,200,200,0,0,0,0,0,0.3464797,3,0.3464802,"Screenshots/AssetCatalog/Thumbnails/67851c792e877044184cac72c4e5af89.png","rendered"
943,"prefab","JejumokGwana","StonePillar","기둥·기둥 부속 · StonePillar","건축 부재/기둥","주막·역참·마을 조립 후보: 접합 규격·피벗·치수·재질 통일","이름·폴더 기반 추정","Assets/JejumokGwana/Prefabs/Building_Pillars/StonePillar.prefab","ce85038e28381c741b121581ef73f2dc",1,1,240,240,0,0,0,0,0,0.5896675,3,0.5896673,"Screenshots/AssetCatalog/Thumbnails/ce85038e28381c741b121581ef73f2dc.png","rendered"
944,"prefab","JejumokGwana","Railing_Corner_Gyullimdang","난간·울타리 · Railing_Corner_Gyullimdang","건축 부재/난간·울타리","주막·역참·마을 조립 후보: 접합 규격·피벗·치수·재질 통일","이름·폴더 기반 추정","Assets/JejumokGwana/Prefabs/Building_Railings/Railing_Corner_Gyullimdang.prefab","7af29a9b86d77eb43bbe3c51f71be18a",1,1,150,150,0,0,0,0,0,0.3328012,1.371935,0.1987162,"Screenshots/AssetCatalog/Thumbnails/7af29a9b86d77eb43bbe3c51f71be18a.png","rendered"
945,"prefab","JejumokGwana","Railing_Corner_Manggyeongru","난간·울타리 · Railing_Corner_Manggyeongru","건축 부재/난간·울타리","주막·역참·마을 조립 후보: 접합 규격·피벗·치수·재질 통일","이름·폴더 기반 추정","Assets/JejumokGwana/Prefabs/Building_Railings/Railing_Corner_Manggyeongru.prefab","10bdabe744f734543b048eb4556fd04f",1,1,429,429,0,0,0,0,0,0.4000035,0.5118254,0.07560778,"Screenshots/AssetCatalog/Thumbnails/10bdabe744f734543b048eb4556fd04f.png","rendered"
946,"prefab","JejumokGwana","Railing_Gwandeokjong","난간·울타리 · Railing_Gwandeokjong","건축 부재/난간·울타리","주막·역참·마을 조립 후보: 접합 규격·피벗·치수·재질 통일","이름·폴더 기반 추정","Assets/JejumokGwana/Prefabs/Building_Railings/Railing_Gwandeokjong.prefab","5275c7cba3f559143b7129199b7aa8c1",1,1,44,44,0,0,0,0,0,0.5997356,0.2814523,0.1220917,"Screenshots/AssetCatalog/Thumbnails/5275c7cba3f559143b7129199b7aa8c1.png","rendered"
947,"prefab","JejumokGwana","Railing_Mid_Gyullimdang","난간·울타리 · Railing_Mid_Gyullimdang","건축 부재/난간·울타리","주막·역참·마을 조립 후보: 접합 규격·피벗·치수·재질 통일","이름·폴더 기반 추정","Assets/JejumokGwana/Prefabs/Building_Railings/Railing_Mid_Gyullimdang.prefab","c1abc50a4f07c8d41bd21641b303daeb",1,1,216,216,0,0,0,0,0,0.500856,0.6957556,0.1240714,"Screenshots/AssetCatalog/Thumbnails/c1abc50a4f07c8d41bd21641b303daeb.png","rendered"
948,"prefab","JejumokGwana","Railing_Mid_Manggyeongru","난간·울타리 · Railing_Mid_Manggyeongru","건축 부재/난간·울타리","주막·역참·마을 조립 후보: 접합 규격·피벗·치수·재질 통일","이름·폴더 기반 추정","Assets/JejumokGwana/Prefabs/Building_Railings/Railing_Mid_Manggyeongru.prefab","a3d339580fa1fce409cfd2e6f94eeff4",1,1,1470,1470,0,0,0,0,0,0.6080334,0.5793051,0.1075366,"Screenshots/AssetCatalog/Thumbnails/a3d339580fa1fce409cfd2e6f94eeff4.png","rendered"
949,"prefab","JejumokGwana","Railing_Oedaemun","난간·울타리 · Railing_Oedaemun","건축 부재/난간·울타리","주막·역참·마을 조립 후보: 접합 규격·피벗·치수·재질 통일","이름·폴더 기반 추정","Assets/JejumokGwana/Prefabs/Building_Railings/Railing_Oedaemun.prefab","3d328a2424fa0464cb61ecb84d376ed8",1,1,44,44,0,0,0,0,0,0.5698894,0.6439359,0.1468173,"Screenshots/AssetCatalog/Thumbnails/3d328a2424fa0464cb61ecb84d376ed8.png","rendered"
950,"prefab","JejumokGwana","OuterWall_Corner","벽·돌담 · OuterWall_Corner","건축 부재/벽·담장","주막·역참·마을 조립 후보: 접합 규격·피벗·치수·재질 통일","이름·폴더 기반 추정","Assets/JejumokGwana/Prefabs/Building_Walls/OuterWall_Corner.prefab","f80e58617d36b1d4984c0a472ee980d9",1,1,18,18,0,0,0,0,0,0.5,1.75,0.5,"Screenshots/AssetCatalog/Thumbnails/f80e58617d36b1d4984c0a472ee980d9.png","rendered"
951,"prefab","JejumokGwana","OuterWall_Door","벽·돌담 · OuterWall_Door","건축 부재/벽·담장","주막·역참·마을 조립 후보: 접합 규격·피벗·치수·재질 통일","이름·폴더 기반 추정","Assets/JejumokGwana/Prefabs/Building_Walls/OuterWall_Door.prefab","a43d03c255d79364f8642c77ae1befe7",1,1,54,54,0,0,0,0,0,3,1.75,0.5,"Screenshots/AssetCatalog/Thumbnails/a43d03c255d79364f8642c77ae1befe7.png","rendered"
952,"prefab","JejumokGwana","OuterWall_Middle","벽·돌담 · OuterWall_Middle","건축 부재/벽·담장","주막·역참·마을 조립 후보: 접합 규격·피벗·치수·재질 통일","이름·폴더 기반 추정","Assets/JejumokGwana/Prefabs/Building_Walls/OuterWall_Middle.prefab","d39c6efba0afd5f47912baa7b5ce5849",1,1,18,18,0,0,0,0,0,3,1.75,0.5,"Screenshots/AssetCatalog/Thumbnails/d39c6efba0afd5f47912baa7b5ce5849.png","rendered"
953,"prefab","JejumokGwana","WallSetA","벽·돌담 · WallSetA","건축 부재/벽·담장","주막·역참·마을 조립 후보: 접합 규격·피벗·치수·재질 통일","이름·폴더 기반 추정","Assets/JejumokGwana/Prefabs/Building_Walls/WallSetA.prefab","ca9d9105bbc263c4a986d63a363bcf03",1,1,4048,4048,0,0,0,0,0,3.003264,3.0036,0.2202219,"Screenshots/AssetCatalog/Thumbnails/ca9d9105bbc263c4a986d63a363bcf03.png","rendered"
954,"prefab","JejumokGwana","WallSetB","벽·돌담 · WallSetB","건축 부재/벽·담장","주막·역참·마을 조립 후보: 접합 규격·피벗·치수·재질 통일","이름·폴더 기반 추정","Assets/JejumokGwana/Prefabs/Building_Walls/WallSetB.prefab","aa89e516435b1f34b8429df7e5e44f95",1,1,36,36,0,0,0,0,0,3.003264,1.261512,0.212352,"Screenshots/AssetCatalog/Thumbnails/aa89e516435b1f34b8429df7e5e44f95.png","rendered"
955,"prefab","JejumokGwana","WallSetC","벽·돌담 · WallSetC","건축 부재/벽·담장","주막·역참·마을 조립 후보: 접합 규격·피벗·치수·재질 통일","이름·폴더 기반 추정","Assets/JejumokGwana/Prefabs/Building_Walls/WallSetC.prefab","94bd7c0b55a9e3a4b81aec44a051772d",1,1,80,80,0,0,0,0,0,3.003264,1.261512,0.212352,"Screenshots/AssetCatalog/Thumbnails/94bd7c0b55a9e3a4b81aec44a051772d.png","rendered"
956,"prefab","JejumokGwana","WallSetD","벽·돌담 · WallSetD","건축 부재/벽·담장","주막·역참·마을 조립 후보: 접합 규격·피벗·치수·재질 통일","이름·폴더 기반 추정","Assets/JejumokGwana/Prefabs/Building_Walls/WallSetD.prefab","f91d9249dab73e84fbfa42b5ce7b0104",1,1,2076,2076,0,0,0,0,0,3.003264,3.0036,0.212352,"Screenshots/AssetCatalog/Thumbnails/f91d9249dab73e84fbfa42b5ce7b0104.png","rendered"
957,"prefab","JejumokGwana","WallSetE","벽·돌담 · WallSetE","건축 부재/벽·담장","주막·역참·마을 조립 후보: 접합 규격·피벗·치수·재질 통일","이름·폴더 기반 추정","Assets/JejumokGwana/Prefabs/Building_Walls/WallSetE.prefab","1dad96a9d7dd4584f8fb9229cf4737b2",1,1,1988,1988,0,0,0,0,0,3.003264,3.0036,0.212352,"Screenshots/AssetCatalog/Thumbnails/1dad96a9d7dd4584f8fb9229cf4737b2.png","rendered"
958,"prefab","JejumokGwana","WallSetF","벽·돌담 · WallSetF","건축 부재/벽·담장","주막·역참·마을 조립 후보: 접합 규격·피벗·치수·재질 통일","이름·폴더 기반 추정","Assets/JejumokGwana/Prefabs/Building_Walls/WallSetF.prefab","c90467462b02bb743b1ad3e2fc97c1d2",1,1,2384,2384,0,0,0,0,0,3.003264,3.0036,0.212352,"Screenshots/AssetCatalog/Thumbnails/c90467462b02bb743b1ad3e2fc97c1d2.png","rendered"
959,"prefab","JejumokGwana","WallSetG","벽·돌담 · WallSetG","건축 부재/벽·담장","주막·역참·마을 조립 후보: 접합 규격·피벗·치수·재질 통일","이름·폴더 기반 추정","Assets/JejumokGwana/Prefabs/Building_Walls/WallSetG.prefab","0c210d28d6bdd0449b250447b1ca4e08",1,1,48,48,0,0,0,0,0,3.003264,3.0036,0.212352,"Screenshots/AssetCatalog/Thumbnails/0c210d28d6bdd0449b250447b1ca4e08.png","rendered"
960,"prefab","JejumokGwana","WallSetH","벽·돌담 · WallSetH","건축 부재/벽·담장","주막·역참·마을 조립 후보: 접합 규격·피벗·치수·재질 통일","이름·폴더 기반 추정","Assets/JejumokGwana/Prefabs/Building_Walls/WallSetH.prefab","a839b0fcc97c64f42bc6021d1ba4845b",1,1,136,136,0,0,0,0,0,3.003264,3.0036,0.212352,"Screenshots/AssetCatalog/Thumbnails/a839b0fcc97c64f42bc6021d1ba4845b.png","rendered"
961,"prefab","JejumokGwana","WallSetI","벽·돌담 · WallSetI","건축 부재/벽·담장","주막·역참·마을 조립 후보: 접합 규격·피벗·치수·재질 통일","이름·폴더 기반 추정","Assets/JejumokGwana/Prefabs/Building_Walls/WallSetI.prefab","14c69a228c044e34197b8aa5a6e6fcad",1,1,2000,2000,0,0,0,0,0,3.003264,3.0036,0.2187228,"Screenshots/AssetCatalog/Thumbnails/14c69a228c044e34197b8aa5a6e6fcad.png","rendered"
962,"prefab","JejumokGwana","WallSetJ","벽·돌담 · WallSetJ","건축 부재/벽·담장","주막·역참·마을 조립 후보: 접합 규격·피벗·치수·재질 통일","이름·폴더 기반 추정","Assets/JejumokGwana/Prefabs/Building_Walls/WallSetJ.prefab","93260898eeb6bc9408c6575f27e0acff",1,1,1104,1104,0,0,0,0,0,3.003264,3.0036,0.212352,"Screenshots/AssetCatalog/Thumbnails/93260898eeb6bc9408c6575f27e0acff.png","rendered"
963,"prefab","JejumokGwana","WallSetK","벽·돌담 · WallSetK","건축 부재/벽·담장","주막·역참·마을 조립 후보: 접합 규격·피벗·치수·재질 통일","이름·폴더 기반 추정","Assets/JejumokGwana/Prefabs/Building_Walls/WallSetK.prefab","6a3d590c2d0366649a6ee95d6ee58914",1,1,1116,1116,0,0,0,0,0,3.003264,3.0036,0.212352,"Screenshots/AssetCatalog/Thumbnails/6a3d590c2d0366649a6ee95d6ee58914.png","rendered"
964,"prefab","JejumokGwana","WallSetL","벽·돌담 · WallSetL","건축 부재/벽·담장","주막·역참·마을 조립 후보: 접합 규격·피벗·치수·재질 통일","이름·폴더 기반 추정","Assets/JejumokGwana/Prefabs/Building_Walls/WallSetL.prefab","aaca55444f41a6b47a15f6be59bbc9a4",1,1,104,104,0,0,0,0,0,3.003264,1.261512,0.212352,"Screenshots/AssetCatalog/Thumbnails/aaca55444f41a6b47a15f6be59bbc9a4.png","rendered"
965,"prefab","JejumokGwana","WallSetM","벽·돌담 · WallSetM","건축 부재/벽·담장","주막·역참·마을 조립 후보: 접합 규격·피벗·치수·재질 통일","이름·폴더 기반 추정","Assets/JejumokGwana/Prefabs/Building_Walls/WallSetM.prefab","038ea8bbfbbd66247812bf934b6f26b0",1,1,5932,5932,0,0,0,0,0,3.003264,3.0036,0.2291849,"Screenshots/AssetCatalog/Thumbnails/038ea8bbfbbd66247812bf934b6f26b0.png","rendered"
966,"prefab","JejumokGwana","WallSetN","벽·돌담 · WallSetN","건축 부재/벽·담장","주막·역참·마을 조립 후보: 접합 규격·피벗·치수·재질 통일","이름·폴더 기반 추정","Assets/JejumokGwana/Prefabs/Building_Walls/WallSetN.prefab","d4c5f32f0b856c54e89da0528bb906b5",1,1,380,380,0,0,0,0,0,3.003264,3.0036,0.2198483,"Screenshots/AssetCatalog/Thumbnails/d4c5f32f0b856c54e89da0528bb906b5.png","rendered"
967,"prefab","JejumokGwana","Chungdaemun","목관아 문루·대문 · Chungdaemun","건축 완성물/문루·대문","관아·역참·누정 후보: 실제 건물 용도 확인 후 선택; 주막 대체는 별도 판단","이름·폴더 기반 추정","Assets/JejumokGwana/Prefabs/Buildings/Chungdaemun.prefab","132fdfc6e724a49459d8ec004b941916",45,10,194776,194776,0,0,0,0,0,11.76572,6.525003,7.922234,"Screenshots/AssetCatalog/Thumbnails/132fdfc6e724a49459d8ec004b941916.png","rendered"
968,"prefab","JejumokGwana","Gwandeokjong","목관아 전각·누정 · Gwandeokjong","건축 완성물/관아·누정","관아·역참·누정 후보: 실제 건물 용도 확인 후 선택; 주막 대체는 별도 판단","이름·폴더 기반 추정","Assets/JejumokGwana/Prefabs/Buildings/Gwandeokjong.prefab","487a0666df8bf2f4b949f42016d64962",362,16,947666,947666,0,0,0,0,0,20.86591,11.20277,18.85579,"Screenshots/AssetCatalog/Thumbnails/487a0666df8bf2f4b949f42016d64962.png","rendered"
969,"prefab","JejumokGwana","Gyullimdang","목관아 전각·누정 · Gyullimdang","건축 완성물/관아·누정","관아·역참·누정 후보: 실제 건물 용도 확인 후 선택; 주막 대체는 별도 판단","이름·폴더 기반 추정","Assets/JejumokGwana/Prefabs/Buildings/Gyullimdang.prefab","1b405498d5b18ac448daf2cf5ef3a456",155,16,263404,263404,0,0,0,0,0,9.593458,8.17835,9.9311,"Screenshots/AssetCatalog/Thumbnails/1b405498d5b18ac448daf2cf5ef3a456.png","rendered"
970,"prefab","JejumokGwana","Honhwagak","목관아 전각·누정 · Honhwagak","건축 완성물/관아·누정","관아·역참·누정 후보: 실제 건물 용도 확인 후 선택; 주막 대체는 별도 판단","이름·폴더 기반 추정","Assets/JejumokGwana/Prefabs/Buildings/Honhwagak.prefab","717e5c9ab36359a4e9abac2f3527a39e",141,21,754382,754382,0,0,0,0,0,18.99429,9.505926,12.85817,"Screenshots/AssetCatalog/Thumbnails/717e5c9ab36359a4e9abac2f3527a39e.png","rendered"
971,"prefab","JejumokGwana","MangGyeongru","목관아 전각·누정 · MangGyeongru","건축 완성물/관아·누정","관아·역참·누정 후보: 실제 건물 용도 확인 후 선택; 주막 대체는 별도 판단","이름·폴더 기반 추정","Assets/JejumokGwana/Prefabs/Buildings/MangGyeongru.prefab","1692ad8694cfb0b4b8c7b0af58b1b0c2",284,17,1027782,1027782,0,0,0,0,0,20.90691,13.07735,15.24679,"Screenshots/AssetCatalog/Thumbnails/1692ad8694cfb0b4b8c7b0af58b1b0c2.png","rendered"
972,"prefab","JejumokGwana","Oedaemun","목관아 문루·대문 · Oedaemun","건축 완성물/문루·대문","관아·역참·누정 후보: 실제 건물 용도 확인 후 선택; 주막 대체는 별도 판단","이름·폴더 기반 추정","Assets/JejumokGwana/Prefabs/Buildings/Oedaemun.prefab","e3d6005301ebdb4459be0b0caf217ed9",126,14,485608,485608,0,0,0,0,0,12.45241,10.99824,8.874466,"Screenshots/AssetCatalog/Thumbnails/e3d6005301ebdb4459be0b0caf217ed9.png","rendered"
973,"prefab","JejumokGwana","Wooryeondang","목관아 전각·누정 · Wooryeondang","건축 완성물/관아·누정","관아·역참·누정 후보: 실제 건물 용도 확인 후 선택; 주막 대체는 별도 판단","이름·폴더 기반 추정","Assets/JejumokGwana/Prefabs/Buildings/Wooryeondang.prefab","2dfd44ad77664c543a9b1e209eb44466",126,21,660944,660944,0,0,0,0,0,18.17385,9.424498,13.77915,"Screenshots/AssetCatalog/Thumbnails/2dfd44ad77664c543a9b1e209eb44466.png","rendered"
974,"prefab","JejumokGwana","Yeonhuigak","목관아 전각·누정 · Yeonhuigak","건축 완성물/관아·누정","관아·역참·누정 후보: 실제 건물 용도 확인 후 선택; 주막 대체는 별도 판단","이름·폴더 기반 추정","Assets/JejumokGwana/Prefabs/Buildings/Yeonhuigak.prefab","7b2741bdb35aacb42bb1b2c318426c38",122,20,729016,729016,0,0,0,0,0,17.76787,8.636929,12.85817,"Screenshots/AssetCatalog/Thumbnails/7b2741bdb35aacb42bb1b2c318426c38.png","rendered"
975,"prefab","JejumokGwana","Yeonjuihyeopdang","목관아 전각·누정 · Yeonjuihyeopdang","건축 완성물/관아·누정","관아·역참·누정 후보: 실제 건물 용도 확인 후 선택; 주막 대체는 별도 판단","이름·폴더 기반 추정","Assets/JejumokGwana/Prefabs/Buildings/Yeonjuihyeopdang.prefab","ff75372fb4c141d45aa1779f197f3379",136,19,683848,683848,0,0,0,0,0,18.99429,8.213733,12.85817,"Screenshots/AssetCatalog/Thumbnails/ff75372fb4c141d45aa1779f197f3379.png","rendered"
976,"prefab","JejumokGwana","Chimney","굴뚝 · Chimney","건축 부재/굴뚝","주막·역참·마을 조립 후보: 접합 규격·피벗·치수·재질 통일","이름·폴더 기반 추정","Assets/JejumokGwana/Prefabs/Decoration/Chimney.prefab","b45b794c467fd4240bea8b6e270015bf",1,1,90,90,0,0,0,0,0,1.226592,2.251592,1.226596,"Screenshots/AssetCatalog/Thumbnails/b45b794c467fd4240bea8b6e270015bf.png","rendered"
977,"prefab","JejumokGwana","Flag","깃발·깃대·부속 · Flag","생활 소품/깃발","주막·역참·마을 후보: 실제 크기·생활 용도·시대 및 수묵 재질 확인","이름·폴더 기반 추정","Assets/JejumokGwana/Prefabs/Decoration/Flag.prefab","ad2b463b16dae0f46b59414886b61fae",1,1,2056,2056,0,0,0,0,0,2.108907,11.07975,1.530118,"Screenshots/AssetCatalog/Thumbnails/ad2b463b16dae0f46b59414886b61fae.png","rendered"
978,"prefab","JejumokGwana","FlagPost","깃발·깃대·부속 · FlagPost","생활 소품/깃발","주막·역참·마을 후보: 실제 크기·생활 용도·시대 및 수묵 재질 확인","이름·폴더 기반 추정","Assets/JejumokGwana/Prefabs/Decoration/FlagPost.prefab","3c95d2f9f3258904bba2ef03977e8961",1,1,1456,1456,0,0,0,0,0,2.08247,13.2957,1.505823,"Screenshots/AssetCatalog/Thumbnails/3c95d2f9f3258904bba2ef03977e8961.png","rendered"
979,"prefab","JejumokGwana","GwandeokjongIllustA","관덕정 회화·문양 · GwandeokjongIllustA","표면 장식/회화·단청","건물·유적 표면: 실제 문구·문양·데칼 여부 및 면 겹침 확인","이름·폴더 기반 추정","Assets/JejumokGwana/Prefabs/Decoration/GwandeokjongIllustA.prefab","43d5a91efa1a2924399a156ebd7116f7",1,1,84,84,0,0,0,0,0,0.3482056,1.240784,9.675476,"Screenshots/AssetCatalog/Thumbnails/43d5a91efa1a2924399a156ebd7116f7.png","rendered"
980,"prefab","JejumokGwana","GwandeokjongIllustB","관덕정 회화·문양 · GwandeokjongIllustB","표면 장식/회화·단청","건물·유적 표면: 실제 문구·문양·데칼 여부 및 면 겹침 확인","이름·폴더 기반 추정","Assets/JejumokGwana/Prefabs/Decoration/GwandeokjongIllustB.prefab","4b34317aadee8d5478de879dd9bf8b5f",1,1,36,36,0,0,0,0,0,0.3428955,1.242493,9.688599,"Screenshots/AssetCatalog/Thumbnails/4b34317aadee8d5478de879dd9bf8b5f.png","rendered"
981,"prefab","JejumokGwana","GwandeokjongPattern","관덕정 회화·문양 · GwandeokjongPattern","표면 장식/회화·단청","건물·유적 표면: 실제 문구·문양·데칼 여부 및 면 겹침 확인","이름·폴더 기반 추정","Assets/JejumokGwana/Prefabs/Decoration/GwandeokjongPattern.prefab","43f4d12f43ca725469ded20bbae7526c",1,1,560,560,0,0,0,0,0,0.1524658,1.704529,3.029373,"Screenshots/AssetCatalog/Thumbnails/43f4d12f43ca725469ded20bbae7526c.png","rendered"
982,"prefab","JejumokGwana","Lamps_Lamps","등롱·촛대·횃불 · Lamps_Lamps","생활 소품/등기구","주막·안식 지점: 원본 복구 후 의미광·발광 상한 별도 적용","이름·폴더 기반 추정","Assets/JejumokGwana/Prefabs/Decoration/Lamps_Lamps.prefab","32a7eb504bf55cd4a928180512ada162",1,1,416,416,0,0,0,0,0,1.491523,1.623346,1.491523,"Screenshots/AssetCatalog/Thumbnails/32a7eb504bf55cd4a928180512ada162.png","rendered"
983,"prefab","JejumokGwana","Prop_House_01","소형 집 · Prop_House_01","건축 완성물/집","관아·역참·누정 후보: 실제 건물 용도 확인 후 선택; 주막 대체는 별도 판단","이름·폴더 기반 추정","Assets/JejumokGwana/Prefabs/Decoration/Prop_House_01.prefab","98c9d251aed0db141a7a0a69a945a5cf",1,1,79126,79126,0,0,0,0,0,19.23523,7.654995,18.42655,"Screenshots/AssetCatalog/Thumbnails/98c9d251aed0db141a7a0a69a945a5cf.png","rendered"
984,"prefab","JejumokGwana","Prop_House_02","소형 집 · Prop_House_02","건축 완성물/집","관아·역참·누정 후보: 실제 건물 용도 확인 후 선택; 주막 대체는 별도 판단","이름·폴더 기반 추정","Assets/JejumokGwana/Prefabs/Decoration/Prop_House_02.prefab","0ff39f068449b2d4aa10ed93a61bb576",1,1,86383,86383,0,0,0,0,0,33.93646,8.008692,10.14947,"Screenshots/AssetCatalog/Thumbnails/0ff39f068449b2d4aa10ed93a61bb576.png","rendered"
985,"prefab","JejumokGwana","Signages (1)","현판·이름판 · Signages (1)","표면 장식/현판·회화","건물·유적 표면: 실제 문구·문양·데칼 여부 및 면 겹침 확인","이름·폴더 기반 추정","Assets/JejumokGwana/Prefabs/Decoration/Signages (1).prefab","70b86b3d8811c88439ecb921f2d37462",1,1,2,2,0,0,0,0,0,2,0.5,0,"Screenshots/AssetCatalog/Thumbnails/70b86b3d8811c88439ecb921f2d37462.png","rendered"
986,"prefab","JejumokGwana","Signages (10)","현판·이름판 · Signages (10)","표면 장식/현판·회화","건물·유적 표면: 실제 문구·문양·데칼 여부 및 면 겹침 확인","이름·폴더 기반 추정","Assets/JejumokGwana/Prefabs/Decoration/Signages (10).prefab","b7d9e5bbd4fee9242becbe320da74f93",1,1,2,2,0,0,0,0,0,2,0.5,0,"Screenshots/AssetCatalog/Thumbnails/b7d9e5bbd4fee9242becbe320da74f93.png","rendered"
987,"prefab","JejumokGwana","Signages (2)","현판·이름판 · Signages (2)","표면 장식/현판·회화","건물·유적 표면: 실제 문구·문양·데칼 여부 및 면 겹침 확인","이름·폴더 기반 추정","Assets/JejumokGwana/Prefabs/Decoration/Signages (2).prefab","5c4256924bce6d24f853c6601ea41736",1,1,2,2,0,0,0,0,0,2,0.5,0,"Screenshots/AssetCatalog/Thumbnails/5c4256924bce6d24f853c6601ea41736.png","rendered"
988,"prefab","JejumokGwana","Signages (3)","현판·이름판 · Signages (3)","표면 장식/현판·회화","건물·유적 표면: 실제 문구·문양·데칼 여부 및 면 겹침 확인","이름·폴더 기반 추정","Assets/JejumokGwana/Prefabs/Decoration/Signages (3).prefab","4e67f512e972cd34480e31c992a9ad4d",1,1,2,2,0,0,0,0,0,2,0.5,0,"Screenshots/AssetCatalog/Thumbnails/4e67f512e972cd34480e31c992a9ad4d.png","rendered"
989,"prefab","JejumokGwana","Signages (4)","현판·이름판 · Signages (4)","표면 장식/현판·회화","건물·유적 표면: 실제 문구·문양·데칼 여부 및 면 겹침 확인","이름·폴더 기반 추정","Assets/JejumokGwana/Prefabs/Decoration/Signages (4).prefab","55160a2c7c9af5f4785eec709d0a2a99",1,1,2,2,0,0,0,0,0,2,0.5,0,"Screenshots/AssetCatalog/Thumbnails/55160a2c7c9af5f4785eec709d0a2a99.png","rendered"
990,"prefab","JejumokGwana","Signages (5)","현판·이름판 · Signages (5)","표면 장식/현판·회화","건물·유적 표면: 실제 문구·문양·데칼 여부 및 면 겹침 확인","이름·폴더 기반 추정","Assets/JejumokGwana/Prefabs/Decoration/Signages (5).prefab","121d97cafd18be54c8e6f5f0e6e5e203",1,1,2,2,0,0,0,0,0,2,0.5,0,"Screenshots/AssetCatalog/Thumbnails/121d97cafd18be54c8e6f5f0e6e5e203.png","rendered"
991,"prefab","JejumokGwana","Signages (6)","현판·이름판 · Signages (6)","표면 장식/현판·회화","건물·유적 표면: 실제 문구·문양·데칼 여부 및 면 겹침 확인","이름·폴더 기반 추정","Assets/JejumokGwana/Prefabs/Decoration/Signages (6).prefab","01407cc7c0ee7c2469328a5e60dea8eb",1,1,2,2,0,0,0,0,0,2,0.5,0,"Screenshots/AssetCatalog/Thumbnails/01407cc7c0ee7c2469328a5e60dea8eb.png","rendered"
992,"prefab","JejumokGwana","Signages (7)","현판·이름판 · Signages (7)","표면 장식/현판·회화","건물·유적 표면: 실제 문구·문양·데칼 여부 및 면 겹침 확인","이름·폴더 기반 추정","Assets/JejumokGwana/Prefabs/Decoration/Signages (7).prefab","e4d50f6ed34c9814fabcdd6a81ac63d6",1,1,2,2,0,0,0,0,0,2,0.5,0,"Screenshots/AssetCatalog/Thumbnails/e4d50f6ed34c9814fabcdd6a81ac63d6.png","rendered"
993,"prefab","JejumokGwana","Signages (8)","현판·이름판 · Signages (8)","표면 장식/현판·회화","건물·유적 표면: 실제 문구·문양·데칼 여부 및 면 겹침 확인","이름·폴더 기반 추정","Assets/JejumokGwana/Prefabs/Decoration/Signages (8).prefab","941e264d89b630f42ba32a91a7f79157",1,1,2,2,0,0,0,0,0,2,0.5,0,"Screenshots/AssetCatalog/Thumbnails/941e264d89b630f42ba32a91a7f79157.png","rendered"
994,"prefab","JejumokGwana","Signages (9)","현판·이름판 · Signages (9)","표면 장식/현판·회화","건물·유적 표면: 실제 문구·문양·데칼 여부 및 면 겹침 확인","이름·폴더 기반 추정","Assets/JejumokGwana/Prefabs/Decoration/Signages (9).prefab","4f329b056ae2c8844843fc229a8c03a5",1,1,2,2,0,0,0,0,0,2,0.5,0,"Screenshots/AssetCatalog/Thumbnails/4f329b056ae2c8844843fc229a8c03a5.png","rendered"
995,"prefab","JejumokGwana","Signages","현판·이름판 · Signages","표면 장식/현판·회화","건물·유적 표면: 실제 문구·문양·데칼 여부 및 면 겹침 확인","이름·폴더 기반 추정","Assets/JejumokGwana/Prefabs/Decoration/Signages.prefab","bcb9fbc259f78324c90f1079cd9c1b71",1,1,2,2,0,0,0,0,0,2,0.5,0,"Screenshots/AssetCatalog/Thumbnails/bcb9fbc259f78324c90f1079cd9c1b71.png","rendered"
996,"prefab","JejumokGwana","Tombstone","비석 · Tombstone","유물/비석","사찰·유적·서사 공간 후보: 시대·용도·보상 역할 확인","이름·폴더 기반 추정","Assets/JejumokGwana/Prefabs/Decoration/Tombstone.prefab","5fc8fc23a92249640931ee8d286c30d5",1,1,26,26,0,0,0,0,0,0.6255226,4.605007,2.4592,"Screenshots/AssetCatalog/Thumbnails/5fc8fc23a92249640931ee8d286c30d5.png","rendered"
997,"prefab","JejumokGwana","Well","우물 · Well","생활 시설/우물","주막·역참·마을 후보: 실제 크기·생활 용도·시대 및 수묵 재질 확인","이름·폴더 기반 추정","Assets/JejumokGwana/Prefabs/Decoration/Well.prefab","5f4b15225e01711429e64d8dbf128676",1,1,1054,1054,0,0,0,0,0,6.827228,1.721314,6.833385,"Screenshots/AssetCatalog/Thumbnails/5f4b15225e01711429e64d8dbf128676.png","rendered"
998,"prefab","JejumokGwana","Brick_01","벽돌·전돌 · Brick_01","건축 부재/벽돌","주막·역참·마을 조립 후보: 접합 규격·피벗·치수·재질 통일","이름·폴더 기반 추정","Assets/JejumokGwana/Prefabs/Floors/Brick_01.prefab","0451e372221146148a48d66740da0941",1,1,108,108,0,0,0,0,0,2.290255,0.3182437,1.152465,"Screenshots/AssetCatalog/Thumbnails/0451e372221146148a48d66740da0941.png","rendered"
999,"prefab","JejumokGwana","Brick_02","벽돌·전돌 · Brick_02","건축 부재/벽돌","주막·역참·마을 조립 후보: 접합 규격·피벗·치수·재질 통일","이름·폴더 기반 추정","Assets/JejumokGwana/Prefabs/Floors/Brick_02.prefab","811271c010bf4d248a8eaa8e775a3f4d",1,1,1296,1296,0,0,0,0,0,5.287042,0.354875,5.276167,"Screenshots/AssetCatalog/Thumbnails/811271c010bf4d248a8eaa8e775a3f4d.png","rendered"
1000,"prefab","JejumokGwana","Brick_03","벽돌·전돌 · Brick_03","건축 부재/벽돌","주막·역참·마을 조립 후보: 접합 규격·피벗·치수·재질 통일","이름·폴더 기반 추정","Assets/JejumokGwana/Prefabs/Floors/Brick_03.prefab","e235165855aca1e48b56cc7b68679686",1,1,7140,7140,0,0,0,0,0,16.06793,0.2563721,28.16259,"Screenshots/AssetCatalog/Thumbnails/e235165855aca1e48b56cc7b68679686.png","rendered"
1001,"prefab","JejumokGwana","Floor_Wood","바닥·마루 · Floor_Wood","건축 부재/바닥·포장","주막·역참·마을 조립 후보: 접합 규격·피벗·치수·재질 통일","이름·폴더 기반 추정","Assets/JejumokGwana/Prefabs/Floors/Floor_Wood.prefab","e24581a1e7febf74db632c9a0cf94088",1,1,76,76,0,0,0,0,0,3,0.3370369,3,"Screenshots/AssetCatalog/Thumbnails/e24581a1e7febf74db632c9a0cf94088.png","rendered"
1002,"prefab","JejumokGwana","Floor_stone","바닥·마루 · Floor_stone","건축 부재/바닥·포장","주막·역참·마을 조립 후보: 접합 규격·피벗·치수·재질 통일","이름·폴더 기반 추정","Assets/JejumokGwana/Prefabs/Floors/Floor_stone.prefab","120f926777d7aee49ae9bb9a7ddc7fd1",1,1,16,16,0,0,0,0,0,3,0.3370375,3,"Screenshots/AssetCatalog/Thumbnails/120f926777d7aee49ae9bb9a7ddc7fd1.png","rendered"
1003,"prefab","JejumokGwana","Floor_stone_2","바닥·마루 · Floor_stone_2","건축 부재/바닥·포장","주막·역참·마을 조립 후보: 접합 규격·피벗·치수·재질 통일","이름·폴더 기반 추정","Assets/JejumokGwana/Prefabs/Floors/Floor_stone_2.prefab","1327748c41eecde4bb7e2f742fb0115d",1,1,16,16,0,0,0,0,0,3,0.3370375,3,"Screenshots/AssetCatalog/Thumbnails/1327748c41eecde4bb7e2f742fb0115d.png","rendered"
1004,"prefab","JejumokGwana","SteppingStone","계단·디딤돌 · SteppingStone","건축 부재/계단·디딤돌","주막·역참·마을 조립 후보: 접합 규격·피벗·치수·재질 통일","이름·폴더 기반 추정","Assets/JejumokGwana/Prefabs/Floors/SteppingStone.prefab","c8b473dafca9f1e41ad2627bd357ea66",1,1,12,12,0,0,0,0,0,0.9968262,0.3346802,0.3946899,"Screenshots/AssetCatalog/Thumbnails/c8b473dafca9f1e41ad2627bd357ea66.png","rendered"
1005,"prefab","JejumokGwana","StoneWall_03","벽·돌담 · StoneWall_03","건축 부재/벽·담장","주막·역참·마을 조립 후보: 접합 규격·피벗·치수·재질 통일","이름·폴더 기반 추정","Assets/JejumokGwana/Prefabs/Ground_Walls/StoneWall_03.prefab","1fb063437e5e1b1419ba75c7c2f2d78c",1,1,1570,1570,0,0,0,0,0,1.480214,3.677452,1.015901,"Screenshots/AssetCatalog/Thumbnails/1fb063437e5e1b1419ba75c7c2f2d78c.png","rendered"
1006,"prefab","JejumokGwana","Stonewall_01","벽·돌담 · Stonewall_01","건축 부재/벽·담장","주막·역참·마을 조립 후보: 접합 규격·피벗·치수·재질 통일","이름·폴더 기반 추정","Assets/JejumokGwana/Prefabs/Ground_Walls/Stonewall_01.prefab","e108715223d8c5c4683aaa05967cc50a",1,1,6036,6036,0,0,0,0,0,1.508832,3.676199,7.400827,"Screenshots/AssetCatalog/Thumbnails/e108715223d8c5c4683aaa05967cc50a.png","rendered"
1007,"prefab","JejumokGwana","Stonewall_02","벽·돌담 · Stonewall_02","건축 부재/벽·담장","주막·역참·마을 조립 후보: 접합 규격·피벗·치수·재질 통일","이름·폴더 기반 추정","Assets/JejumokGwana/Prefabs/Ground_Walls/Stonewall_02.prefab","d802e211c8009f844a986b44cac1947d",1,1,9070,9070,0,0,0,0,0,4.219813,3.6762,7.400826,"Screenshots/AssetCatalog/Thumbnails/d802e211c8009f844a986b44cac1947d.png","rendered"
1008,"prefab","JejumokGwana","CornerA","모서리·막대 부재 · CornerA","건축 부재/접합 부재","주막·역참·마을 조립 후보: 접합 규격·피벗·치수·재질 통일","육안 확인","Assets/JejumokGwana/Prefabs/Roof_Foundations/CornerA.prefab","c8526a90075ad0d4cb69da625184ba4f",1,1,1440,1440,0,0,0,0,0,1.084859,0.7715509,1.060356,"Screenshots/AssetCatalog/Thumbnails/c8526a90075ad0d4cb69da625184ba4f.png","rendered"
1009,"prefab","JejumokGwana","CornerB","모서리·막대 부재 · CornerB","건축 부재/접합 부재","주막·역참·마을 조립 후보: 접합 규격·피벗·치수·재질 통일","육안 확인","Assets/JejumokGwana/Prefabs/Roof_Foundations/CornerB.prefab","13bcfebab2d57534382cfda8c7e67607",1,1,992,992,0,0,0,0,0,0.5422368,0.5052683,0.622238,"Screenshots/AssetCatalog/Thumbnails/13bcfebab2d57534382cfda8c7e67607.png","rendered"
1010,"prefab","JejumokGwana","CornerC","모서리·막대 부재 · CornerC","건축 부재/접합 부재","주막·역참·마을 조립 후보: 접합 규격·피벗·치수·재질 통일","육안 확인","Assets/JejumokGwana/Prefabs/Roof_Foundations/CornerC.prefab","cf4cd9a040663ca42b2a90d29852ad97",1,1,2804,2804,0,0,0,0,0,1.006322,1.170234,0.9706109,"Screenshots/AssetCatalog/Thumbnails/cf4cd9a040663ca42b2a90d29852ad97.png","rendered"
1011,"prefab","JejumokGwana","CornerD","모서리·막대 부재 · CornerD","건축 부재/접합 부재","주막·역참·마을 조립 후보: 접합 규격·피벗·치수·재질 통일","육안 확인","Assets/JejumokGwana/Prefabs/Roof_Foundations/CornerD.prefab","680c08e1023eea0419506ca77a0d2ec4",1,1,5804,5804,0,0,0,0,0,1.457913,1.201509,1.519578,"Screenshots/AssetCatalog/Thumbnails/680c08e1023eea0419506ca77a0d2ec4.png","rendered"
1012,"prefab","JejumokGwana","DancheongSetB","공포·화반·단청 부재 · DancheongSetB","건축 부재/공포·단청","주막·역참·마을 조립 후보: 접합 규격·피벗·치수·재질 통일","이름·폴더 기반 추정","Assets/JejumokGwana/Prefabs/Roof_Foundations/DancheongSetB.prefab","58a549a28d462aa4f9b203c046f3a2a7",1,1,396,396,0,0,0,0,0,0.2743263,0.8551199,3.020026,"Screenshots/AssetCatalog/Thumbnails/58a549a28d462aa4f9b203c046f3a2a7.png","rendered"
1013,"prefab","JejumokGwana","DancheongSetF","공포·화반·단청 부재 · DancheongSetF","건축 부재/공포·단청","주막·역참·마을 조립 후보: 접합 규격·피벗·치수·재질 통일","이름·폴더 기반 추정","Assets/JejumokGwana/Prefabs/Roof_Foundations/DancheongSetF.prefab","7a19830cd1bcf98439a19bb7edef3a81",1,1,240,240,0,0,0,0,0,0.2743263,0.8151199,3.020026,"Screenshots/AssetCatalog/Thumbnails/7a19830cd1bcf98439a19bb7edef3a81.png","rendered"
1014,"prefab","JejumokGwana","Dancheong_SetC","공포·화반·단청 부재 · Dancheong_SetC","건축 부재/공포·단청","주막·역참·마을 조립 후보: 접합 규격·피벗·치수·재질 통일","이름·폴더 기반 추정","Assets/JejumokGwana/Prefabs/Roof_Foundations/Dancheong_SetC.prefab","384edc036cc525749a090aea139d9c5e",1,1,1346,1346,0,0,0,0,0,0.2743263,1.19512,3.03,"Screenshots/AssetCatalog/Thumbnails/384edc036cc525749a090aea139d9c5e.png","rendered"
1015,"prefab","JejumokGwana","Dancheong_SetD","공포·화반·단청 부재 · Dancheong_SetD","건축 부재/공포·단청","주막·역참·마을 조립 후보: 접합 규격·피벗·치수·재질 통일","이름·폴더 기반 추정","Assets/JejumokGwana/Prefabs/Roof_Foundations/Dancheong_SetD.prefab","39fcc5e361f1c23489f45ce620d23f0f",1,1,1340,1340,0,0,0,0,0,0.2743263,1.19512,3.020026,"Screenshots/AssetCatalog/Thumbnails/39fcc5e361f1c23489f45ce620d23f0f.png","rendered"
1016,"prefab","JejumokGwana","Dancheong_SetE","공포·화반·단청 부재 · Dancheong_SetE","건축 부재/공포·단청","주막·역참·마을 조립 후보: 접합 규격·피벗·치수·재질 통일","이름·폴더 기반 추정","Assets/JejumokGwana/Prefabs/Roof_Foundations/Dancheong_SetE.prefab","caea26e2900ed0f4aa656cb921acfd84",1,1,1766,1766,0,0,0,0,0,0.6637306,1.19512,3.03,"Screenshots/AssetCatalog/Thumbnails/caea26e2900ed0f4aa656cb921acfd84.png","rendered"
1017,"prefab","JejumokGwana","Dancheong_SetG","공포·화반·단청 부재 · Dancheong_SetG","건축 부재/공포·단청","주막·역참·마을 조립 후보: 접합 규격·피벗·치수·재질 통일","이름·폴더 기반 추정","Assets/JejumokGwana/Prefabs/Roof_Foundations/Dancheong_SetG.prefab","f6af0fc610f1b124fabc301cd81e9b73",1,1,1026,1026,0,0,0,0,0,0.6637306,0.8151199,3.020026,"Screenshots/AssetCatalog/Thumbnails/f6af0fc610f1b124fabc301cd81e9b73.png","rendered"
1018,"prefab","JejumokGwana","Roof_Frame","보·도리·서까래 · Roof_Frame","건축 부재/보·도리·서까래","주막·역참·마을 조립 후보: 접합 규격·피벗·치수·재질 통일","이름·폴더 기반 추정","Assets/JejumokGwana/Prefabs/Roof_Foundations/Roof_Frame.prefab","f4d051fb6adaf37469d68da6956d658a",1,1,32,32,0,0,0,0,0,14.00022,0.7222626,19.86569,"Screenshots/AssetCatalog/Thumbnails/f4d051fb6adaf37469d68da6956d658a.png","rendered"
1019,"prefab","JejumokGwana","StickA","모서리·막대 부재 · StickA","건축 부재/접합 부재","주막·역참·마을 조립 후보: 접합 규격·피벗·치수·재질 통일","육안 확인","Assets/JejumokGwana/Prefabs/Roof_Foundations/StickA.prefab","7b88ee843b5ac1c4a95846150c039b56",1,1,1726,1726,0,0,0,0,0,0.8295255,1.351546,3.227901,"Screenshots/AssetCatalog/Thumbnails/7b88ee843b5ac1c4a95846150c039b56.png","rendered"
1020,"prefab","JejumokGwana","StickB","모서리·막대 부재 · StickB","건축 부재/접합 부재","주막·역참·마을 조립 후보: 접합 규격·피벗·치수·재질 통일","육안 확인","Assets/JejumokGwana/Prefabs/Roof_Foundations/StickB.prefab","63997c6dc4c82ff4b8328a128c14e871",1,1,420,420,0,0,0,0,0,0.4097834,0.9803009,2.881808,"Screenshots/AssetCatalog/Thumbnails/63997c6dc4c82ff4b8328a128c14e871.png","rendered"
1021,"prefab","JejumokGwana","StickC","모서리·막대 부재 · StickC","건축 부재/접합 부재","주막·역참·마을 조립 후보: 접합 규격·피벗·치수·재질 통일","육안 확인","Assets/JejumokGwana/Prefabs/Roof_Foundations/StickC.prefab","830416d6e97b229409a6ea5052977827",1,1,94,94,0,0,0,0,0,0.2233429,0.5802307,2.537506,"Screenshots/AssetCatalog/Thumbnails/830416d6e97b229409a6ea5052977827.png","rendered"
1022,"prefab","JejumokGwana","StickD","모서리·막대 부재 · StickD","건축 부재/접합 부재","주막·역참·마을 조립 후보: 접합 규격·피벗·치수·재질 통일","육안 확인","Assets/JejumokGwana/Prefabs/Roof_Foundations/StickD.prefab","0cd729009dcf2db4c905115353646644",1,1,466,466,0,0,0,0,0,0.4097815,0.701694,1.060356,"Screenshots/AssetCatalog/Thumbnails/0cd729009dcf2db4c905115353646644.png","rendered"
1023,"prefab","JejumokGwana","StickE","모서리·막대 부재 · StickE","건축 부재/접합 부재","주막·역참·마을 조립 후보: 접합 규격·피벗·치수·재질 통일","육안 확인","Assets/JejumokGwana/Prefabs/Roof_Foundations/StickE.prefab","019874376d37f2c40a6eddaaaf9609c6",1,1,2482,2482,0,0,0,0,0,0.8792968,1.396683,4.220122,"Screenshots/AssetCatalog/Thumbnails/019874376d37f2c40a6eddaaaf9609c6.png","rendered"
1024,"prefab","JejumokGwana","StickF","모서리·막대 부재 · StickF","건축 부재/접합 부재","주막·역참·마을 조립 후보: 접합 규격·피벗·치수·재질 통일","육안 확인","Assets/JejumokGwana/Prefabs/Roof_Foundations/StickF.prefab","181284ade571ebc4d9f468adff28fc6a",1,1,2842,2842,0,0,0,0,0,0.7292972,1.24092,3.463899,"Screenshots/AssetCatalog/Thumbnails/181284ade571ebc4d9f468adff28fc6a.png","rendered"
1025,"prefab","JejumokGwana","Roof_01","지붕·지붕판 · Roof_01","건축 부재/지붕","주막·역참·마을 조립 후보: 접합 규격·피벗·치수·재질 통일","이름·폴더 기반 추정","Assets/JejumokGwana/Prefabs/Roofs/Roof_01.prefab","dd064a1288eeb994b96fc9df25152332",1,1,821848,821848,0,0,0,0,0,21.65895,7.646304,27.41523,"Screenshots/AssetCatalog/Thumbnails/dd064a1288eeb994b96fc9df25152332.png","rendered"
1026,"prefab","JejumokGwana","Roof_02","지붕·지붕판 · Roof_02","건축 부재/지붕","주막·역참·마을 조립 후보: 접합 규격·피벗·치수·재질 통일","이름·폴더 기반 추정","Assets/JejumokGwana/Prefabs/Roofs/Roof_02.prefab","10f9f8bee8b6c254c93e129a0264c157",1,1,445790,445790,0,0,0,0,0,9.873281,4.666698,14.21086,"Screenshots/AssetCatalog/Thumbnails/10f9f8bee8b6c254c93e129a0264c157.png","rendered"
1027,"prefab","JejumokGwana","Roof_03","지붕·지붕판 · Roof_03","건축 부재/지붕","주막·역참·마을 조립 후보: 접합 규격·피벗·치수·재질 통일","이름·폴더 기반 추정","Assets/JejumokGwana/Prefabs/Roofs/Roof_03.prefab","003d2ddb0679dfb4e910bb0d8b2ce7ea",1,1,579358,579358,0,0,0,0,0,14.41236,4.287895,20.98325,"Screenshots/AssetCatalog/Thumbnails/003d2ddb0679dfb4e910bb0d8b2ce7ea.png","rendered"
1028,"prefab","JejumokGwana","Roof_04","지붕·지붕판 · Roof_04","건축 부재/지붕","주막·역참·마을 조립 후보: 접합 규격·피벗·치수·재질 통일","이름·폴더 기반 추정","Assets/JejumokGwana/Prefabs/Roofs/Roof_04.prefab","849646a6cbebf7d46840e2e6f4db8b56",1,1,218978,218978,0,0,0,0,0,9.593458,3.936686,9.593459,"Screenshots/AssetCatalog/Thumbnails/849646a6cbebf7d46840e2e6f4db8b56.png","rendered"
1029,"prefab","JejumokGwana","Roof_05","지붕·지붕판 · Roof_05","건축 부재/지붕","주막·역참·마을 조립 후보: 접합 규격·피벗·치수·재질 통일","이름·폴더 기반 추정","Assets/JejumokGwana/Prefabs/Roofs/Roof_05.prefab","023255a611afba148b79b2e9c2ba56e3",1,1,843310,843310,0,0,0,0,0,17.94288,6.990959,24.35257,"Screenshots/AssetCatalog/Thumbnails/023255a611afba148b79b2e9c2ba56e3.png","rendered"
1030,"prefab","JejumokGwana","Roof_06","지붕·지붕판 · Roof_06","건축 부재/지붕","주막·역참·마을 조립 후보: 접합 규격·피벗·치수·재질 통일","이름·폴더 기반 추정","Assets/JejumokGwana/Prefabs/Roofs/Roof_06.prefab","c57d0bc7a209de14ea44ff2834cc76fa",1,1,671822,671822,0,0,0,0,0,13.68507,5.451787,22.94896,"Screenshots/AssetCatalog/Thumbnails/c57d0bc7a209de14ea44ff2834cc76fa.png","rendered"
1031,"prefab","JejumokGwana","Roof_07","지붕·지붕판 · Roof_07","건축 부재/지붕","주막·역참·마을 조립 후보: 접합 규격·피벗·치수·재질 통일","이름·폴더 기반 추정","Assets/JejumokGwana/Prefabs/Roofs/Roof_07.prefab","61e4e49f3606f954180452501ee90b66",1,1,628032,628032,0,0,0,0,0,17.13262,6.437464,21.24806,"Screenshots/AssetCatalog/Thumbnails/61e4e49f3606f954180452501ee90b66.png","rendered"
1032,"prefab","JejumokGwana","Roof_08","지붕·지붕판 · Roof_08","건축 부재/지붕","주막·역참·마을 조립 후보: 접합 규격·피벗·치수·재질 통일","이름·폴더 기반 추정","Assets/JejumokGwana/Prefabs/Roofs/Roof_08.prefab","445138a52108a43459c4b409305b2ea5",1,1,166576,166576,0,0,0,0,0,7.922231,3.486311,11.76572,"Screenshots/AssetCatalog/Thumbnails/445138a52108a43459c4b409305b2ea5.png","rendered"
1033,"prefab","JejumokGwana","Stairs","계단·디딤돌 · Stairs","건축 부재/계단·디딤돌","주막·역참·마을 조립 후보: 접합 규격·피벗·치수·재질 통일","이름·폴더 기반 추정","Assets/JejumokGwana/Prefabs/Stairs/Stairs.prefab","dc1e3829ebdeee14899fdb445bd1f81d",1,1,3128,3128,0,0,0,0,0,2.244891,3.866916,3.991806,"Screenshots/AssetCatalog/Thumbnails/dc1e3829ebdeee14899fdb445bd1f81d.png","rendered"
1034,"prefab","JejumokGwana","Stepladder","계단·디딤돌 · Stepladder","건축 부재/계단·디딤돌","주막·역참·마을 조립 후보: 접합 규격·피벗·치수·재질 통일","이름·폴더 기반 추정","Assets/JejumokGwana/Prefabs/Stairs/Stepladder.prefab","725096b20ab318f4b816c6809d4a7e0a",1,1,10,10,0,0,0,0,0,2.369433,0.3365106,2.80176,"Screenshots/AssetCatalog/Thumbnails/725096b20ab318f4b816c6809d4a7e0a.png","rendered"
1035,"prefab","KTinteractiveProp","PlayerCapsule","외부 데모 컨트롤러 · PlayerCapsule","데모/외부 플레이어","배치 제외: 프로젝트 플레이어·하늘 설정을 대체하지 않음","이름·폴더 기반 추정","Assets/KTinteractiveProp/StarterAssets/ThirdPersonController/Prefabs/PlayerCapsule.prefab","2553cec8fdb3eb643bbe9f2ec880c472",1,1,832,832,2,0,0,0,0,0.75,1.8,0.75,"Screenshots/AssetCatalog/Thumbnails/2553cec8fdb3eb643bbe9f2ec880c472.png","rendered"
1036,"prefab","KTinteractiveProp","BesideTable 01","탁자·소반 · BesideTable 01","생활 소품/가구","주막·역참·마을 후보: 실제 크기·생활 용도·시대 및 수묵 재질 확인","이름·폴더 기반 추정","Assets/KTinteractiveProp/Volum 02/Prefabs/BesideTable 01.prefab","94be03327f72b3f4d887f32cbbdf13f7",1,1,3002,3002,1,0,0,0,0,0.3849461,0.6011232,0.344946,"Screenshots/AssetCatalog/Thumbnails/94be03327f72b3f4d887f32cbbdf13f7.png","rendered"
1037,"prefab","KTinteractiveProp","BesideTable 02","탁자·소반 · BesideTable 02","생활 소품/가구","주막·역참·마을 후보: 실제 크기·생활 용도·시대 및 수묵 재질 확인","이름·폴더 기반 추정","Assets/KTinteractiveProp/Volum 02/Prefabs/BesideTable 02.prefab","b71497d51b3b703429341de06fdc4831",1,1,3002,3002,1,0,0,0,0,0.3849461,0.6011232,0.344946,"Screenshots/AssetCatalog/Thumbnails/b71497d51b3b703429341de06fdc4831.png","rendered"
1038,"prefab","KTinteractiveProp","BesideTable 03","탁자·소반 · BesideTable 03","생활 소품/가구","주막·역참·마을 후보: 실제 크기·생활 용도·시대 및 수묵 재질 확인","이름·폴더 기반 추정","Assets/KTinteractiveProp/Volum 02/Prefabs/BesideTable 03.prefab","1e270935fb9ccfb4aabfc93f0aa127a1",1,1,3002,3002,1,0,0,0,0,0.3849461,0.6011232,0.344946,"Screenshots/AssetCatalog/Thumbnails/1e270935fb9ccfb4aabfc93f0aa127a1.png","rendered"
1039,"prefab","KTinteractiveProp","Box 01","장·반닫이·수납함 · Box 01","생활 소품/수납","주막·역참·마을 후보: 실제 크기·생활 용도·시대 및 수묵 재질 확인","이름·폴더 기반 추정","Assets/KTinteractiveProp/Volum 02/Prefabs/Box 01.prefab","c1aaa6adb05b454439261c18b4d46291",1,1,10819,10819,1,0,0,0,0,0.1946626,0.1711556,0.1976349,"Screenshots/AssetCatalog/Thumbnails/c1aaa6adb05b454439261c18b4d46291.png","rendered"
1040,"prefab","KTinteractiveProp","Box 02","장·반닫이·수납함 · Box 02","생활 소품/수납","주막·역참·마을 후보: 실제 크기·생활 용도·시대 및 수묵 재질 확인","이름·폴더 기반 추정","Assets/KTinteractiveProp/Volum 02/Prefabs/Box 02.prefab","39ae8a5706daba24b991d40379af85d3",1,1,10819,10819,1,0,0,0,0,0.1946626,0.1711556,0.1976349,"Screenshots/AssetCatalog/Thumbnails/39ae8a5706daba24b991d40379af85d3.png","rendered"
1041,"prefab","KTinteractiveProp","Box 03","장·반닫이·수납함 · Box 03","생활 소품/수납","주막·역참·마을 후보: 실제 크기·생활 용도·시대 및 수묵 재질 확인","이름·폴더 기반 추정","Assets/KTinteractiveProp/Volum 02/Prefabs/Box 03.prefab","89d2a84d54e28874ca74a161b60bbf02",1,1,10819,10819,1,0,0,0,0,0.1946626,0.1711556,0.1976349,"Screenshots/AssetCatalog/Thumbnails/89d2a84d54e28874ca74a161b60bbf02.png","rendered"
1042,"prefab","KTinteractiveProp","Candlestick","등롱·촛대·횃불 · Candlestick","생활 소품/등기구","주막·안식 지점: 원본 복구 후 의미광·발광 상한 별도 적용","이름·폴더 기반 추정","Assets/KTinteractiveProp/Volum 02/Prefabs/Candlestick.prefab","baf5741fe2dfb9c4dae8c1c5def93d01",1,1,2670,2670,1,0,0,0,0,0.3,1.000153,0.3,"Screenshots/AssetCatalog/Thumbnails/baf5741fe2dfb9c4dae8c1c5def93d01.png","rendered"
1043,"prefab","KTinteractiveProp","Closet 01","장·반닫이·수납함 · Closet 01","생활 소품/수납","주막·역참·마을 후보: 실제 크기·생활 용도·시대 및 수묵 재질 확인","이름·폴더 기반 추정","Assets/KTinteractiveProp/Volum 02/Prefabs/Closet 01.prefab","15f7394cebc95734c9fe0d615f2f052c",1,1,3084,3084,1,0,0,0,0,0.85,1.9,0.5621969,"Screenshots/AssetCatalog/Thumbnails/15f7394cebc95734c9fe0d615f2f052c.png","rendered"
1044,"prefab","KTinteractiveProp","Closet 02","장·반닫이·수납함 · Closet 02","생활 소품/수납","주막·역참·마을 후보: 실제 크기·생활 용도·시대 및 수묵 재질 확인","이름·폴더 기반 추정","Assets/KTinteractiveProp/Volum 02/Prefabs/Closet 02.prefab","86fa3a0fa2872604b9f035e14b64e48b",1,1,3084,3084,1,0,0,0,0,0.85,1.9,0.5621969,"Screenshots/AssetCatalog/Thumbnails/86fa3a0fa2872604b9f035e14b64e48b.png","rendered"
1045,"prefab","KTinteractiveProp","Closet 03","장·반닫이·수납함 · Closet 03","생활 소품/수납","주막·역참·마을 후보: 실제 크기·생활 용도·시대 및 수묵 재질 확인","이름·폴더 기반 추정","Assets/KTinteractiveProp/Volum 02/Prefabs/Closet 03.prefab","aed4d840180dff94087ddddc21024a31",1,1,3084,3084,1,0,0,0,0,0.85,1.9,0.5621969,"Screenshots/AssetCatalog/Thumbnails/aed4d840180dff94087ddddc21024a31.png","rendered"
1046,"prefab","KTinteractiveProp","HalfChest 01","장·반닫이·수납함 · HalfChest 01","생활 소품/수납","주막·역참·마을 후보: 실제 크기·생활 용도·시대 및 수묵 재질 확인","이름·폴더 기반 추정","Assets/KTinteractiveProp/Volum 02/Prefabs/HalfChest 01.prefab","d0981c752f81b43488b6f3c170d9ed02",1,1,7033,7033,1,0,0,0,0,0.9387456,0.7455917,0.4435386,"Screenshots/AssetCatalog/Thumbnails/d0981c752f81b43488b6f3c170d9ed02.png","rendered"
1047,"prefab","KTinteractiveProp","HalfChest 02","장·반닫이·수납함 · HalfChest 02","생활 소품/수납","주막·역참·마을 후보: 실제 크기·생활 용도·시대 및 수묵 재질 확인","이름·폴더 기반 추정","Assets/KTinteractiveProp/Volum 02/Prefabs/HalfChest 02.prefab","8a15e7220176d8f499a9127f92e7feb1",1,1,7033,7033,1,0,0,0,0,0.9387456,0.7455917,0.4435386,"Screenshots/AssetCatalog/Thumbnails/8a15e7220176d8f499a9127f92e7feb1.png","rendered"
1048,"prefab","KTinteractiveProp","HalfChest 03","장·반닫이·수납함 · HalfChest 03","생활 소품/수납","주막·역참·마을 후보: 실제 크기·생활 용도·시대 및 수묵 재질 확인","이름·폴더 기반 추정","Assets/KTinteractiveProp/Volum 02/Prefabs/HalfChest 03.prefab","15d6d11173c4c8c42beea83c9a2c3be4",1,1,7033,7033,1,0,0,0,0,0.9387456,0.7455917,0.4435386,"Screenshots/AssetCatalog/Thumbnails/15d6d11173c4c8c42beea83c9a2c3be4.png","rendered"
1049,"prefab","KTinteractiveProp","Lantern","등롱·촛대·횃불 · Lantern","생활 소품/등기구","주막·안식 지점: 원본 복구 후 의미광·발광 상한 별도 적용","이름·폴더 기반 추정","Assets/KTinteractiveProp/Volum 02/Prefabs/Lantern.prefab","4db1cef0053f3094a96b7aee4aa08592",1,1,6992,6992,1,0,0,0,0,0.2590018,0.4754996,0.2589999,"Screenshots/AssetCatalog/Thumbnails/4db1cef0053f3094a96b7aee4aa08592.png","rendered"
1050,"prefab","KTinteractiveProp","Mirror 01","거울 · Mirror 01","생활 소품/거울","주막·역참·마을 후보: 실제 크기·생활 용도·시대 및 수묵 재질 확인","이름·폴더 기반 추정","Assets/KTinteractiveProp/Volum 02/Prefabs/Mirror 01.prefab","5e93148bdbc954d4dbb2b75ad48a7bd9",1,1,5742,5742,1,0,0,0,0,0.2219655,0.1895155,0.3175859,"Screenshots/AssetCatalog/Thumbnails/5e93148bdbc954d4dbb2b75ad48a7bd9.png","rendered"
1051,"prefab","KTinteractiveProp","Mirror 02","거울 · Mirror 02","생활 소품/거울","주막·역참·마을 후보: 실제 크기·생활 용도·시대 및 수묵 재질 확인","이름·폴더 기반 추정","Assets/KTinteractiveProp/Volum 02/Prefabs/Mirror 02.prefab","e97878c8183c9d84aad836c3c8110ea0",1,1,5742,5742,1,0,0,0,0,0.2219655,0.1895155,0.3175859,"Screenshots/AssetCatalog/Thumbnails/e97878c8183c9d84aad836c3c8110ea0.png","rendered"
1052,"prefab","KTinteractiveProp","Mirror 03","거울 · Mirror 03","생활 소품/거울","주막·역참·마을 후보: 실제 크기·생활 용도·시대 및 수묵 재질 확인","이름·폴더 기반 추정","Assets/KTinteractiveProp/Volum 02/Prefabs/Mirror 03.prefab","ae601b4a73c2f0645af0f4781f5a55b3",1,1,5742,5742,1,0,0,0,0,0.2219655,0.1895155,0.3175859,"Screenshots/AssetCatalog/Thumbnails/ae601b4a73c2f0645af0f4781f5a55b3.png","rendered"
1053,"prefab","KTinteractiveProp","ShelfCabinet 01","장·반닫이·수납함 · ShelfCabinet 01","생활 소품/수납","주막·역참·마을 후보: 실제 크기·생활 용도·시대 및 수묵 재질 확인","이름·폴더 기반 추정","Assets/KTinteractiveProp/Volum 02/Prefabs/ShelfCabinet 01.prefab","aa904e0d3a03f35498b002c975e5dea2",1,1,6004,6004,1,0,0,0,0,0.65208,1.92,0.4179277,"Screenshots/AssetCatalog/Thumbnails/aa904e0d3a03f35498b002c975e5dea2.png","rendered"
1054,"prefab","KTinteractiveProp","ShelfCabinet 02","장·반닫이·수납함 · ShelfCabinet 02","생활 소품/수납","주막·역참·마을 후보: 실제 크기·생활 용도·시대 및 수묵 재질 확인","이름·폴더 기반 추정","Assets/KTinteractiveProp/Volum 02/Prefabs/ShelfCabinet 02.prefab","6025045ab7840e949b5d7282009a25f2",1,1,6004,6004,1,0,0,0,0,0.65208,1.92,0.4179277,"Screenshots/AssetCatalog/Thumbnails/6025045ab7840e949b5d7282009a25f2.png","rendered"
1055,"prefab","KTinteractiveProp","ShelfCabinet 03","장·반닫이·수납함 · ShelfCabinet 03","생활 소품/수납","주막·역참·마을 후보: 실제 크기·생활 용도·시대 및 수묵 재질 확인","이름·폴더 기반 추정","Assets/KTinteractiveProp/Volum 02/Prefabs/ShelfCabinet 03.prefab","e8191e50d2445b0458f58fc89b31620d",1,1,6004,6004,1,0,0,0,0,0.65208,1.92,0.4179277,"Screenshots/AssetCatalog/Thumbnails/e8191e50d2445b0458f58fc89b31620d.png","rendered"
1056,"prefab","KTinteractiveProp","StorageCabinets 01","장·반닫이·수납함 · StorageCabinets 01","생활 소품/수납","주막·역참·마을 후보: 실제 크기·생활 용도·시대 및 수묵 재질 확인","이름·폴더 기반 추정","Assets/KTinteractiveProp/Volum 02/Prefabs/StorageCabinets 01.prefab","73d7b69d4806ef846804641c80e4f4ed",1,1,4232,4232,1,0,0,0,0,0.7493261,0.4995498,0.3520795,"Screenshots/AssetCatalog/Thumbnails/73d7b69d4806ef846804641c80e4f4ed.png","rendered"
1057,"prefab","KTinteractiveProp","StorageCabinets 02","장·반닫이·수납함 · StorageCabinets 02","생활 소품/수납","주막·역참·마을 후보: 실제 크기·생활 용도·시대 및 수묵 재질 확인","이름·폴더 기반 추정","Assets/KTinteractiveProp/Volum 02/Prefabs/StorageCabinets 02.prefab","6e2f22ff016742d4891d86f85ca44bf1",1,1,4232,4232,1,0,0,0,0,0.7493261,0.4995498,0.3520795,"Screenshots/AssetCatalog/Thumbnails/6e2f22ff016742d4891d86f85ca44bf1.png","rendered"
1058,"prefab","KTinteractiveProp","StorageCabinets 03","장·반닫이·수납함 · StorageCabinets 03","생활 소품/수납","주막·역참·마을 후보: 실제 크기·생활 용도·시대 및 수묵 재질 확인","이름·폴더 기반 추정","Assets/KTinteractiveProp/Volum 02/Prefabs/StorageCabinets 03.prefab","828c04a3d6f95a6428fc04789f29a1d4",1,1,4232,4232,1,0,0,0,0,0.7493261,0.4995498,0.3520795,"Screenshots/AssetCatalog/Thumbnails/828c04a3d6f95a6428fc04789f29a1d4.png","rendered"
1059,"prefab","KTinteractiveProp","Tabletop 01","탁자·소반 · Tabletop 01","생활 소품/가구","주막·역참·마을 후보: 실제 크기·생활 용도·시대 및 수묵 재질 확인","이름·폴더 기반 추정","Assets/KTinteractiveProp/Volum 02/Prefabs/Tabletop 01.prefab","1ce94feb6fa94b34a9c8f82992c774ac",1,1,11082,11082,1,0,0,0,0,0.9927071,0.3868508,0.4547779,"Screenshots/AssetCatalog/Thumbnails/1ce94feb6fa94b34a9c8f82992c774ac.png","rendered"
1060,"prefab","KTinteractiveProp","Tabletop 02","탁자·소반 · Tabletop 02","생활 소품/가구","주막·역참·마을 후보: 실제 크기·생활 용도·시대 및 수묵 재질 확인","이름·폴더 기반 추정","Assets/KTinteractiveProp/Volum 02/Prefabs/Tabletop 02.prefab","1aa1a2c442bda36459dbb2b6743f30e7",1,1,11082,11082,1,0,0,0,0,0.9927071,0.3868508,0.4547779,"Screenshots/AssetCatalog/Thumbnails/1aa1a2c442bda36459dbb2b6743f30e7.png","rendered"
1061,"prefab","KTinteractiveProp","Tabletop 03","탁자·소반 · Tabletop 03","생활 소품/가구","주막·역참·마을 후보: 실제 크기·생활 용도·시대 및 수묵 재질 확인","이름·폴더 기반 추정","Assets/KTinteractiveProp/Volum 02/Prefabs/Tabletop 03.prefab","c88aa953531053a48ba507fa55de44cd",1,1,11082,11082,1,0,0,0,0,0.9927071,0.3868508,0.4547779,"Screenshots/AssetCatalog/Thumbnails/c88aa953531053a48ba507fa55de44cd.png","rendered"
1062,"prefab","Korea_TreasureProps","SM_001_Statue_of_the_Buddha","불상·도용·조각 · SM_001_Statue_of_the_Buddha","유물/불상·조각","사찰·유적·서사 공간 후보: 시대·용도·보상 역할 확인","이름·폴더 기반 추정","Assets/Korea_TreasureProps/Prefabs/SM_001_Statue_of_the_Buddha.prefab","3fff4351e2262f84fb8811be7c6156c4",1,1,5006,5006,0,0,0,0,0,0.0235825,0.03359298,0.01256971,"Screenshots/AssetCatalog/Thumbnails/3fff4351e2262f84fb8811be7c6156c4.png","rendered"
1063,"prefab","Korea_TreasureProps","SM_002_Statue_of_the_Buddha","불상·도용·조각 · SM_002_Statue_of_the_Buddha","유물/불상·조각","사찰·유적·서사 공간 후보: 시대·용도·보상 역할 확인","이름·폴더 기반 추정","Assets/Korea_TreasureProps/Prefabs/SM_002_Statue_of_the_Buddha.prefab","a6c17941782da6d4ebdadf2cab82ee05",1,1,25258,25258,0,0,0,0,0,0.05145356,0.1434889,0.05122308,"Screenshots/AssetCatalog/Thumbnails/a6c17941782da6d4ebdadf2cab82ee05.png","rendered"
1064,"prefab","Korea_TreasureProps","SM_003_Statue_of_the_Buddha","불상·도용·조각 · SM_003_Statue_of_the_Buddha","유물/불상·조각","사찰·유적·서사 공간 후보: 시대·용도·보상 역할 확인","이름·폴더 기반 추정","Assets/Korea_TreasureProps/Prefabs/SM_003_Statue_of_the_Buddha.prefab","f23a1b2fb96d18e4b80935e5322c6a96",1,1,23454,23454,0,0,0,0,0,0.05805348,0.1197331,0.0442272,"Screenshots/AssetCatalog/Thumbnails/f23a1b2fb96d18e4b80935e5322c6a96.png","rendered"
1065,"prefab","Korea_TreasureProps","SM_004_Helmet","투구·관·금동 신발 · SM_004_Helmet","유물/복식·장신구","사찰·유적·서사 공간 후보: 시대·용도·보상 역할 확인","이름·폴더 기반 추정","Assets/Korea_TreasureProps/Prefabs/SM_004_Helmet.prefab","feeb64a70a776ee4eb9227b17d70462d",1,1,6364,6364,0,0,0,0,0,0.1926448,0.2290803,0.2973808,"Screenshots/AssetCatalog/Thumbnails/feeb64a70a776ee4eb9227b17d70462d.png","rendered"
1066,"prefab","Korea_TreasureProps","SM_005_Stove","화로 · SM_005_Stove","생활 소품/화로","주막·역참·마을 후보: 실제 크기·생활 용도·시대 및 수묵 재질 확인","이름·폴더 기반 추정","Assets/Korea_TreasureProps/Prefabs/SM_005_Stove.prefab","8151391b917f52c49a0ee1d84ae3c6b6",1,1,9520,9520,0,0,0,0,0,0.1577309,0.1313977,0.1445918,"Screenshots/AssetCatalog/Thumbnails/8151391b917f52c49a0ee1d84ae3c6b6.png","rendered"
1067,"prefab","Korea_TreasureProps","SM_006_Brick_001","벽돌·전돌 · SM_006_Brick_001","건축 부재/벽돌","주막·역참·마을 조립 후보: 접합 규격·피벗·치수·재질 통일","이름·폴더 기반 추정","Assets/Korea_TreasureProps/Prefabs/SM_006_Brick_001.prefab","c0ed6ce0be40ba9439ef5071b636f32c",1,1,4986,4986,0,0,0,0,0,0.2943738,0.05939314,0.2971213,"Screenshots/AssetCatalog/Thumbnails/c0ed6ce0be40ba9439ef5071b636f32c.png","rendered"
1068,"prefab","Korea_TreasureProps","SM_006_Brick_002","벽돌·전돌 · SM_006_Brick_002","건축 부재/벽돌","주막·역참·마을 조립 후보: 접합 규격·피벗·치수·재질 통일","이름·폴더 기반 추정","Assets/Korea_TreasureProps/Prefabs/SM_006_Brick_002.prefab","67a645cd03a80b741a47a01d04643b21",1,1,4896,4896,0,0,0,0,0,0.2819352,0.05508143,0.2847539,"Screenshots/AssetCatalog/Thumbnails/67a645cd03a80b741a47a01d04643b21.png","rendered"
1069,"prefab","Korea_TreasureProps","SM_007_Statue_of_the_Buddha","불상·도용·조각 · SM_007_Statue_of_the_Buddha","유물/불상·조각","사찰·유적·서사 공간 후보: 시대·용도·보상 역할 확인","이름·폴더 기반 추정","Assets/Korea_TreasureProps/Prefabs/SM_007_Statue_of_the_Buddha.prefab","83ecb32699371e84cae5bc56ca7c5287",1,1,4092,4092,0,0,0,0,0,0.08749769,0.1997249,0.1020551,"Screenshots/AssetCatalog/Thumbnails/83ecb32699371e84cae5bc56ca7c5287.png","rendered"
1070,"prefab","Korea_TreasureProps","SM_008_Statue_of_the_Buddha","불상·도용·조각 · SM_008_Statue_of_the_Buddha","유물/불상·조각","사찰·유적·서사 공간 후보: 시대·용도·보상 역할 확인","이름·폴더 기반 추정","Assets/Korea_TreasureProps/Prefabs/SM_008_Statue_of_the_Buddha.prefab","26b31614ca6a25c458eb9014eb8fb833",1,1,54900,54900,0,0,0,0,0,0.076235,0.127328,0.063343,"Screenshots/AssetCatalog/Thumbnails/26b31614ca6a25c458eb9014eb8fb833.png","rendered"
1071,"prefab","Korea_TreasureProps","SM_009_Statue_of_the_Buddha","불상·도용·조각 · SM_009_Statue_of_the_Buddha","유물/불상·조각","사찰·유적·서사 공간 후보: 시대·용도·보상 역할 확인","이름·폴더 기반 추정","Assets/Korea_TreasureProps/Prefabs/SM_009_Statue_of_the_Buddha.prefab","a82857197c4abfd429d08d99329b141f",1,1,8030,8030,0,0,0,0,0,0.148705,0.2854048,0.1352675,"Screenshots/AssetCatalog/Thumbnails/a82857197c4abfd429d08d99329b141f.png","rendered"
1072,"prefab","Korea_TreasureProps","SM_010_Statue_of_the_Buddha","불상·도용·조각 · SM_010_Statue_of_the_Buddha","유물/불상·조각","사찰·유적·서사 공간 후보: 시대·용도·보상 역할 확인","이름·폴더 기반 추정","Assets/Korea_TreasureProps/Prefabs/SM_010_Statue_of_the_Buddha.prefab","9fde3896d7bda444bad79d7ee2f7afa5",1,1,9796,9796,0,0,0,0,0,0.0650464,0.1497708,0.03956114,"Screenshots/AssetCatalog/Thumbnails/9fde3896d7bda444bad79d7ee2f7afa5.png","rendered"
1073,"prefab","Korea_TreasureProps","SM_011_Statue_of_the_Buddha_001","불상·도용·조각 · SM_011_Statue_of_the_Buddha_001","유물/불상·조각","사찰·유적·서사 공간 후보: 시대·용도·보상 역할 확인","이름·폴더 기반 추정","Assets/Korea_TreasureProps/Prefabs/SM_011_Statue_of_the_Buddha_001.prefab","3792fa23fd4268e4e979f5d38c67f166",1,1,5000,5000,0,0,0,0,0,0.04999748,0.1494304,0.05375737,"Screenshots/AssetCatalog/Thumbnails/3792fa23fd4268e4e979f5d38c67f166.png","rendered"
1074,"prefab","Korea_TreasureProps","SM_011_Statue_of_the_Buddha_002","불상·도용·조각 · SM_011_Statue_of_the_Buddha_002","유물/불상·조각","사찰·유적·서사 공간 후보: 시대·용도·보상 역할 확인","이름·폴더 기반 추정","Assets/Korea_TreasureProps/Prefabs/SM_011_Statue_of_the_Buddha_002.prefab","3832eaa439b50e047b854946c7ae62c1",1,1,5154,5154,0,0,0,0,0,0.1008371,0.1443388,0.07507344,"Screenshots/AssetCatalog/Thumbnails/3832eaa439b50e047b854946c7ae62c1.png","rendered"
1075,"prefab","Korea_TreasureProps","SM_012_Gilt_Bronze_Shoes_001","투구·관·금동 신발 · SM_012_Gilt_Bronze_Shoes_001","유물/복식·장신구","사찰·유적·서사 공간 후보: 시대·용도·보상 역할 확인","이름·폴더 기반 추정","Assets/Korea_TreasureProps/Prefabs/SM_012_Gilt_Bronze_Shoes_001.prefab","26d0daaad57b40344bfe1286e5585e8d",1,1,5073,5073,0,0,0,0,0,0.1052934,0.0128196,0.3191063,"Screenshots/AssetCatalog/Thumbnails/26d0daaad57b40344bfe1286e5585e8d.png","rendered"
1076,"prefab","Korea_TreasureProps","SM_012_Gilt_Bronze_Shoes_002","투구·관·금동 신발 · SM_012_Gilt_Bronze_Shoes_002","유물/복식·장신구","사찰·유적·서사 공간 후보: 시대·용도·보상 역할 확인","이름·폴더 기반 추정","Assets/Korea_TreasureProps/Prefabs/SM_012_Gilt_Bronze_Shoes_002.prefab","5d030d45173c0ea47ae89b9febcd31f3",1,1,5012,5012,0,0,0,0,0,0.1044879,0.01288998,0.3075083,"Screenshots/AssetCatalog/Thumbnails/5d030d45173c0ea47ae89b9febcd31f3.png","rendered"
1077,"prefab","Korea_TreasureProps","SM_013_Statue_of_the_Buddha","불상·도용·조각 · SM_013_Statue_of_the_Buddha","유물/불상·조각","사찰·유적·서사 공간 후보: 시대·용도·보상 역할 확인","이름·폴더 기반 추정","Assets/Korea_TreasureProps/Prefabs/SM_013_Statue_of_the_Buddha.prefab","561acca8f1dd3a24cb1ce8715fe6db84",1,1,9080,9080,0,0,0,0,0,0.09538244,0.2899053,0.06872827,"Screenshots/AssetCatalog/Thumbnails/561acca8f1dd3a24cb1ce8715fe6db84.png","rendered"
1078,"prefab","Korea_TreasureProps","SM_014_Statue_of_the_Buddha","불상·도용·조각 · SM_014_Statue_of_the_Buddha","유물/불상·조각","사찰·유적·서사 공간 후보: 시대·용도·보상 역할 확인","이름·폴더 기반 추정","Assets/Korea_TreasureProps/Prefabs/SM_014_Statue_of_the_Buddha.prefab","21a2a82feb146cb4384d420a7df9ee92",1,1,6214,6214,0,0,0,0,0,0.08490167,0.159885,0.05958355,"Screenshots/AssetCatalog/Thumbnails/21a2a82feb146cb4384d420a7df9ee92.png","rendered"
1079,"prefab","Korea_TreasureProps","SM_015_Stamp","문방구·인장·기록물 · SM_015_Stamp","유물/문방·인장","사찰·유적·서사 공간 후보: 시대·용도·보상 역할 확인","이름·폴더 기반 추정","Assets/Korea_TreasureProps/Prefabs/SM_015_Stamp.prefab","437af1340624717469e01b4346a3efe1",1,1,5156,5156,0,0,0,0,0,0.09593032,0.08251258,0.09163631,"Screenshots/AssetCatalog/Thumbnails/437af1340624717469e01b4346a3efe1.png","rendered"
1080,"prefab","Korea_TreasureProps","SM_016_Stamp","문방구·인장·기록물 · SM_016_Stamp","유물/문방·인장","사찰·유적·서사 공간 후보: 시대·용도·보상 역할 확인","이름·폴더 기반 추정","Assets/Korea_TreasureProps/Prefabs/SM_016_Stamp.prefab","730b3166d44e614428af915750c81704",1,1,7280,7280,0,0,0,0,0,0.08398832,0.06643886,0.084251,"Screenshots/AssetCatalog/Thumbnails/730b3166d44e614428af915750c81704.png","rendered"
1081,"prefab","Korea_TreasureProps","SM_017_Storage_Box","베개·보관함 · SM_017_Storage_Box","유물/생활 공예","사찰·유적·서사 공간 후보: 시대·용도·보상 역할 확인","이름·폴더 기반 추정","Assets/Korea_TreasureProps/Prefabs/SM_017_Storage_Box.prefab","12c09f99e1638814fb3157c7184179d6",1,1,5714,5714,0,0,0,0,0,0.433416,0.2326393,0.2220313,"Screenshots/AssetCatalog/Thumbnails/12c09f99e1638814fb3157c7184179d6.png","rendered"
1082,"prefab","Korea_TreasureProps","SM_018_Pillow","베개·보관함 · SM_018_Pillow","유물/생활 공예","사찰·유적·서사 공간 후보: 시대·용도·보상 역할 확인","이름·폴더 기반 추정","Assets/Korea_TreasureProps/Prefabs/SM_018_Pillow.prefab","ea13b10e888adfb4b9e6fda98d49eb5c",1,1,2552,2552,0,0,0,0,0,0.2474687,0.1134372,0.1343965,"Screenshots/AssetCatalog/Thumbnails/ea13b10e888adfb4b9e6fda98d49eb5c.png","rendered"
1083,"prefab","Korea_TreasureProps","SM_019_Golden_Crown_001","투구·관·금동 신발 · SM_019_Golden_Crown_001","유물/복식·장신구","사찰·유적·서사 공간 후보: 시대·용도·보상 역할 확인","이름·폴더 기반 추정","Assets/Korea_TreasureProps/Prefabs/SM_019_Golden_Crown_001.prefab","4aa06bfb4bd44f6469b529b2a7b2ffaf",1,1,29939,29939,0,0,0,0,0,0.2385018,0.1903827,0.1830847,"Screenshots/AssetCatalog/Thumbnails/4aa06bfb4bd44f6469b529b2a7b2ffaf.png","rendered"
1084,"prefab","Korea_TreasureProps","SM_019_Golden_Crown_002","투구·관·금동 신발 · SM_019_Golden_Crown_002","유물/복식·장신구","사찰·유적·서사 공간 후보: 시대·용도·보상 역할 확인","이름·폴더 기반 추정","Assets/Korea_TreasureProps/Prefabs/SM_019_Golden_Crown_002.prefab","0858f884a08ac0f44aa8f7ae61cc29f0",1,1,1312,1312,0,0,0,0,0,0.09887859,0.1703031,0.2066277,"Screenshots/AssetCatalog/Thumbnails/0858f884a08ac0f44aa8f7ae61cc29f0.png","rendered"
1085,"prefab","Korea_TreasureProps","SM_020_Saligu","사리구·향로·의례 공예 · SM_020_Saligu","유물/의례·불교 공예","사찰·유적·서사 공간 후보: 시대·용도·보상 역할 확인","이름·폴더 기반 추정","Assets/Korea_TreasureProps/Prefabs/SM_020_Saligu.prefab","f0cb76a9ecd02bd42816f2fc04b40349",1,1,6176,6176,0,0,0,0,0,0.1381845,0.05456763,0.1371604,"Screenshots/AssetCatalog/Thumbnails/f0cb76a9ecd02bd42816f2fc04b40349.png","rendered"
1086,"prefab","Korea_TreasureProps","SM_021_Saligu_001","사리구·향로·의례 공예 · SM_021_Saligu_001","유물/의례·불교 공예","사찰·유적·서사 공간 후보: 시대·용도·보상 역할 확인","이름·폴더 기반 추정","Assets/Korea_TreasureProps/Prefabs/SM_021_Saligu_001.prefab","4c8385db3b92cec4c9c6e3457ffcb750",1,1,998,998,0,0,0,0,0,0.09050177,0.02946616,0.09092181,"Screenshots/AssetCatalog/Thumbnails/4c8385db3b92cec4c9c6e3457ffcb750.png","rendered"
1087,"prefab","Korea_TreasureProps","SM_021_Saligu_001_Lid","사리구·향로·의례 공예 · SM_021_Saligu_001_Lid","유물/의례·불교 공예","사찰·유적·서사 공간 후보: 시대·용도·보상 역할 확인","이름·폴더 기반 추정","Assets/Korea_TreasureProps/Prefabs/SM_021_Saligu_001_Lid.prefab","771ca7622a013244a9472e3e7058a220",1,1,1078,1078,0,0,0,0,0,0.09147603,0.01913553,0.09094045,"Screenshots/AssetCatalog/Thumbnails/771ca7622a013244a9472e3e7058a220.png","rendered"
1088,"prefab","Korea_TreasureProps","SM_021_Saligu_002","사리구·향로·의례 공예 · SM_021_Saligu_002","유물/의례·불교 공예","사찰·유적·서사 공간 후보: 시대·용도·보상 역할 확인","이름·폴더 기반 추정","Assets/Korea_TreasureProps/Prefabs/SM_021_Saligu_002.prefab","b5988f399385ec549b3c866062a61f93",1,1,342,342,0,0,0,0,0,0.02326214,0.01874358,0.02281553,"Screenshots/AssetCatalog/Thumbnails/b5988f399385ec549b3c866062a61f93.png","rendered"
1089,"prefab","Korea_TreasureProps","SM_022_Saligu_001","사리구·향로·의례 공예 · SM_022_Saligu_001","유물/의례·불교 공예","사찰·유적·서사 공간 후보: 시대·용도·보상 역할 확인","이름·폴더 기반 추정","Assets/Korea_TreasureProps/Prefabs/SM_022_Saligu_001.prefab","af4b0e667b876b043b5bae9c0c041681",1,1,3792,3792,0,0,0,0,0,0.06287798,0.02091333,0.06307191,"Screenshots/AssetCatalog/Thumbnails/af4b0e667b876b043b5bae9c0c041681.png","rendered"
1090,"prefab","Korea_TreasureProps","SM_022_Saligu_001_Lid","사리구·향로·의례 공예 · SM_022_Saligu_001_Lid","유물/의례·불교 공예","사찰·유적·서사 공간 후보: 시대·용도·보상 역할 확인","이름·폴더 기반 추정","Assets/Korea_TreasureProps/Prefabs/SM_022_Saligu_001_Lid.prefab","43e329e14d16f2e4ab4760a3721532cb",1,1,3820,3820,0,0,0,0,0,0.06209182,0.01334507,0.06196841,"Screenshots/AssetCatalog/Thumbnails/43e329e14d16f2e4ab4760a3721532cb.png","rendered"
1091,"prefab","Korea_TreasureProps","SM_022_Saligu_002","사리구·향로·의례 공예 · SM_022_Saligu_002","유물/의례·불교 공예","사찰·유적·서사 공간 후보: 시대·용도·보상 역할 확인","이름·폴더 기반 추정","Assets/Korea_TreasureProps/Prefabs/SM_022_Saligu_002.prefab","40d4e51e7866dc2488b0472ad6047d0e",1,1,3720,3720,0,0,0,0,0,0.03854523,0.01639626,0.03823497,"Screenshots/AssetCatalog/Thumbnails/40d4e51e7866dc2488b0472ad6047d0e.png","rendered"
1092,"prefab","Korea_TreasureProps","SM_022_Saligu_002_Lid","사리구·향로·의례 공예 · SM_022_Saligu_002_Lid","유물/의례·불교 공예","사찰·유적·서사 공간 후보: 시대·용도·보상 역할 확인","이름·폴더 기반 추정","Assets/Korea_TreasureProps/Prefabs/SM_022_Saligu_002_Lid.prefab","4c0f5039a7843df4fb9a334336c6f10a",1,1,3782,3782,0,0,0,0,0,0.03808704,0.008735999,0.03803531,"Screenshots/AssetCatalog/Thumbnails/4c0f5039a7843df4fb9a334336c6f10a.png","rendered"
1093,"prefab","Korea_TreasureProps","SM_022_Saligu_003","사리구·향로·의례 공예 · SM_022_Saligu_003","유물/의례·불교 공예","사찰·유적·서사 공간 후보: 시대·용도·보상 역할 확인","이름·폴더 기반 추정","Assets/Korea_TreasureProps/Prefabs/SM_022_Saligu_003.prefab","70677a4a23e39d34eb3e20c6e9319a49",1,1,4880,4880,0,0,0,0,0,0.03132598,0.01369487,0.03116083,"Screenshots/AssetCatalog/Thumbnails/70677a4a23e39d34eb3e20c6e9319a49.png","rendered"
1094,"prefab","Korea_TreasureProps","SM_022_Saligu_003_Lid","사리구·향로·의례 공예 · SM_022_Saligu_003_Lid","유물/의례·불교 공예","사찰·유적·서사 공간 후보: 시대·용도·보상 역할 확인","이름·폴더 기반 추정","Assets/Korea_TreasureProps/Prefabs/SM_022_Saligu_003_Lid.prefab","a1a3fef8e16dd9f488c6bcd9cce1dc5a",1,1,3826,3826,0,0,0,0,0,0.03092635,0.007595423,0.03118028,"Screenshots/AssetCatalog/Thumbnails/a1a3fef8e16dd9f488c6bcd9cce1dc5a.png","rendered"
1095,"prefab","Korea_TreasureProps","SM_023_Bronze_Ritual_Object","사리구·향로·의례 공예 · SM_023_Bronze_Ritual_Object","유물/의례·불교 공예","사찰·유적·서사 공간 후보: 시대·용도·보상 역할 확인","이름·폴더 기반 추정","Assets/Korea_TreasureProps/Prefabs/SM_023_Bronze_Ritual_Object.prefab","d76387d2b94b7b140a13c4b28290928d",1,1,3772,3772,0,0,0,0,0,0.3250697,0.1972553,0.03899749,"Screenshots/AssetCatalog/Thumbnails/d76387d2b94b7b140a13c4b28290928d.png","rendered"
1096,"prefab","Korea_TreasureProps","SM_024_An_Earthenware_Doll_001","불상·도용·조각 · SM_024_An_Earthenware_Doll_001","유물/불상·조각","사찰·유적·서사 공간 후보: 시대·용도·보상 역할 확인","이름·폴더 기반 추정","Assets/Korea_TreasureProps/Prefabs/SM_024_An_Earthenware_Doll_001.prefab","222a74e011ae3c74491cc159b884726a",1,1,7148,7148,0,0,0,0,0,0.2907695,0.2290255,0.1104843,"Screenshots/AssetCatalog/Thumbnails/222a74e011ae3c74491cc159b884726a.png","rendered"
1097,"prefab","Korea_TreasureProps","SM_024_An_Earthenware_Doll_002","불상·도용·조각 · SM_024_An_Earthenware_Doll_002","유물/불상·조각","사찰·유적·서사 공간 후보: 시대·용도·보상 역할 확인","이름·폴더 기반 추정","Assets/Korea_TreasureProps/Prefabs/SM_024_An_Earthenware_Doll_002.prefab","0a1cb5dd217f2f248ae14db977108d2c",1,1,7404,7404,0,0,0,0,0,0.2614692,0.2106313,0.09822597,"Screenshots/AssetCatalog/Thumbnails/0a1cb5dd217f2f248ae14db977108d2c.png","rendered"
1098,"prefab","Korea_TreasureProps","SM_025_Cup","병·항아리·잔·주전자 · SM_025_Cup","유물/그릇·용기","사찰·유적·서사 공간 후보: 시대·용도·보상 역할 확인","이름·폴더 기반 추정","Assets/Korea_TreasureProps/Prefabs/SM_025_Cup.prefab","3538a6d7d82b07f45b6be8bb1e91969b",1,1,3776,3776,0,0,0,0,0,0.09913491,0.06898075,0.09949982,"Screenshots/AssetCatalog/Thumbnails/3538a6d7d82b07f45b6be8bb1e91969b.png","rendered"
1099,"prefab","Korea_TreasureProps","SM_025_Cup_Lid","병·항아리·잔·주전자 · SM_025_Cup_Lid","유물/그릇·용기","사찰·유적·서사 공간 후보: 시대·용도·보상 역할 확인","이름·폴더 기반 추정","Assets/Korea_TreasureProps/Prefabs/SM_025_Cup_Lid.prefab","91d113fa0568e564885bbd3881fdb6b3",1,1,4970,4970,0,0,0,0,0,0.09793308,0.05360515,0.09961279,"Screenshots/AssetCatalog/Thumbnails/91d113fa0568e564885bbd3881fdb6b3.png","rendered"
1100,"prefab","Korea_TreasureProps","SM_025_Cup_Tray","병·항아리·잔·주전자 · SM_025_Cup_Tray","유물/그릇·용기","사찰·유적·서사 공간 후보: 시대·용도·보상 역할 확인","이름·폴더 기반 추정","Assets/Korea_TreasureProps/Prefabs/SM_025_Cup_Tray.prefab","0a2b4ac5c1c9c9b4ba5dbda72cfe2a72",1,1,12318,12318,0,0,0,0,0,0.1947943,0.04134583,0.1955874,"Screenshots/AssetCatalog/Thumbnails/0a2b4ac5c1c9c9b4ba5dbda72cfe2a72.png","rendered"
1101,"prefab","Korea_TreasureProps","SM_026_Statue_of_the_Buddha","불상·도용·조각 · SM_026_Statue_of_the_Buddha","유물/불상·조각","사찰·유적·서사 공간 후보: 시대·용도·보상 역할 확인","이름·폴더 기반 추정","Assets/Korea_TreasureProps/Prefabs/SM_026_Statue_of_the_Buddha.prefab","5fda7000bff10bb478b2e8b88e626174",1,1,5274,5274,0,0,0,0,0,0.06353264,0.2248708,0.04799221,"Screenshots/AssetCatalog/Thumbnails/5fda7000bff10bb478b2e8b88e626174.png","rendered"
1102,"prefab","Korea_TreasureProps","SM_027_Sundial","해시계 · SM_027_Sundial","유물/관측 기구","사찰·유적·서사 공간 후보: 시대·용도·보상 역할 확인","이름·폴더 기반 추정","Assets/Korea_TreasureProps/Prefabs/SM_027_Sundial.prefab","709c67bf21eb5b54a8626c2edb2dc453",1,1,6968,6968,0,0,0,0,0,0.2430873,0.1212626,0.2431967,"Screenshots/AssetCatalog/Thumbnails/709c67bf21eb5b54a8626c2edb2dc453.png","rendered"
1103,"prefab","Korea_TreasureProps","SM_028_Buddhist_Temple_Bell","사리구·향로·의례 공예 · SM_028_Buddhist_Temple_Bell","유물/의례·불교 공예","사찰·유적·서사 공간 후보: 시대·용도·보상 역할 확인","이름·폴더 기반 추정","Assets/Korea_TreasureProps/Prefabs/SM_028_Buddhist_Temple_Bell.prefab","fa67fe4681ec6e240b742f9bfdf6d768",1,1,8772,8772,0,0,0,0,0,0.1920662,0.2976475,0.192651,"Screenshots/AssetCatalog/Thumbnails/fa67fe4681ec6e240b742f9bfdf6d768.png","rendered"
1104,"prefab","Korea_TreasureProps","SM_029_Wooden_Scroll","문방구·인장·기록물 · SM_029_Wooden_Scroll","유물/문방·인장","사찰·유적·서사 공간 후보: 시대·용도·보상 역할 확인","이름·폴더 기반 추정","Assets/Korea_TreasureProps/Prefabs/SM_029_Wooden_Scroll.prefab","26ffdc56d967f8e4fb0b273023995f08",1,1,5388,5388,0,0,0,0,0,0.4437776,0.4859224,0.1138587,"Screenshots/AssetCatalog/Thumbnails/26ffdc56d967f8e4fb0b273023995f08.png","rendered"
1105,"prefab","Korea_TreasureProps","SM_030_Queen_Pillow","베개·보관함 · SM_030_Queen_Pillow","유물/생활 공예","사찰·유적·서사 공간 후보: 시대·용도·보상 역할 확인","이름·폴더 기반 추정","Assets/Korea_TreasureProps/Prefabs/SM_030_Queen_Pillow.prefab","3ce70c0fe33e6f04db80b9ba643113f2",1,1,10298,10298,0,0,0,0,0,0.448395,0.3223231,0.12153,"Screenshots/AssetCatalog/Thumbnails/3ce70c0fe33e6f04db80b9ba643113f2.png","rendered"
1106,"prefab","Korea_TreasureProps","SM_031_Bowl","병·항아리·잔·주전자 · SM_031_Bowl","유물/그릇·용기","사찰·유적·서사 공간 후보: 시대·용도·보상 역할 확인","이름·폴더 기반 추정","Assets/Korea_TreasureProps/Prefabs/SM_031_Bowl.prefab","954fb5322ee71c94f94198f2760f179f",1,1,6324,6324,0,0,0,0,0,0.309196,0.3216805,0.317446,"Screenshots/AssetCatalog/Thumbnails/954fb5322ee71c94f94198f2760f179f.png","rendered"
1107,"prefab","Korea_TreasureProps","SM_032_Brick","벽돌·전돌 · SM_032_Brick","건축 부재/벽돌","주막·역참·마을 조립 후보: 접합 규격·피벗·치수·재질 통일","이름·폴더 기반 추정","Assets/Korea_TreasureProps/Prefabs/SM_032_Brick.prefab","3b0a9be20842d6d47a2757621c2d75ba",1,1,7558,7558,0,0,0,0,0,0.2972481,0.05290554,0.295169,"Screenshots/AssetCatalog/Thumbnails/3b0a9be20842d6d47a2757621c2d75ba.png","rendered"
1108,"prefab","Korea_TreasureProps","SM_033_Bottle","병·항아리·잔·주전자 · SM_033_Bottle","유물/그릇·용기","사찰·유적·서사 공간 후보: 시대·용도·보상 역할 확인","이름·폴더 기반 추정","Assets/Korea_TreasureProps/Prefabs/SM_033_Bottle.prefab","4041ff09557405140b79171f0b9c5fe2",1,1,3706,3706,0,0,0,0,0,0.1165013,0.2104888,0.1178251,"Screenshots/AssetCatalog/Thumbnails/4041ff09557405140b79171f0b9c5fe2.png","rendered"
1109,"prefab","Korea_TreasureProps","SM_034_Bottle","병·항아리·잔·주전자 · SM_034_Bottle","유물/그릇·용기","사찰·유적·서사 공간 후보: 시대·용도·보상 역할 확인","이름·폴더 기반 추정","Assets/Korea_TreasureProps/Prefabs/SM_034_Bottle.prefab","26e4e0ca163a7da4fa63ec557a3e724d",1,1,3774,3774,0,0,0,0,0,0.182346,0.287237,0.1842975,"Screenshots/AssetCatalog/Thumbnails/26e4e0ca163a7da4fa63ec557a3e724d.png","rendered"
1110,"prefab","Korea_TreasureProps","SM_035_Bowl","병·항아리·잔·주전자 · SM_035_Bowl","유물/그릇·용기","사찰·유적·서사 공간 후보: 시대·용도·보상 역할 확인","이름·폴더 기반 추정","Assets/Korea_TreasureProps/Prefabs/SM_035_Bowl.prefab","4eef607171d85c546a30cf614ec8387b",1,1,2522,2522,0,0,0,0,0,0.1738897,0.0800032,0.1726154,"Screenshots/AssetCatalog/Thumbnails/4eef607171d85c546a30cf614ec8387b.png","rendered"
1111,"prefab","Korea_TreasureProps","SM_036_Cup","병·항아리·잔·주전자 · SM_036_Cup","유물/그릇·용기","사찰·유적·서사 공간 후보: 시대·용도·보상 역할 확인","이름·폴더 기반 추정","Assets/Korea_TreasureProps/Prefabs/SM_036_Cup.prefab","87b1177c95f691c4284c65c66ca0b267",1,1,7732,7732,0,0,0,0,0,0.191716,0.08053753,0.05970338,"Screenshots/AssetCatalog/Thumbnails/87b1177c95f691c4284c65c66ca0b267.png","rendered"
1112,"prefab","Korea_TreasureProps","SM_037_Pot","병·항아리·잔·주전자 · SM_037_Pot","유물/그릇·용기","사찰·유적·서사 공간 후보: 시대·용도·보상 역할 확인","이름·폴더 기반 추정","Assets/Korea_TreasureProps/Prefabs/SM_037_Pot.prefab","61117bf3c8620ff4292f63ad7ee9ed01",1,1,49460,49460,0,0,0,0,0,0.3793259,0.4112462,0.3741147,"Screenshots/AssetCatalog/Thumbnails/61117bf3c8620ff4292f63ad7ee9ed01.png","rendered"
1113,"prefab","Korea_TreasureProps","SM_038_Pot","병·항아리·잔·주전자 · SM_038_Pot","유물/그릇·용기","사찰·유적·서사 공간 후보: 시대·용도·보상 역할 확인","이름·폴더 기반 추정","Assets/Korea_TreasureProps/Prefabs/SM_038_Pot.prefab","27ccadc09cba809418cf1ff849d5f30b",1,1,6248,6248,0,0,0,0,0,0.2809384,0.3077284,0.282051,"Screenshots/AssetCatalog/Thumbnails/27ccadc09cba809418cf1ff849d5f30b.png","rendered"
1114,"prefab","Korea_TreasureProps","SM_039_Pot","병·항아리·잔·주전자 · SM_039_Pot","유물/그릇·용기","사찰·유적·서사 공간 후보: 시대·용도·보상 역할 확인","이름·폴더 기반 추정","Assets/Korea_TreasureProps/Prefabs/SM_039_Pot.prefab","d3a617cec9de71c43aa3c68db29f06a4",1,1,6192,6192,0,0,0,0,0,0.1464643,0.1402447,0.1459932,"Screenshots/AssetCatalog/Thumbnails/d3a617cec9de71c43aa3c68db29f06a4.png","rendered"
1115,"prefab","Korea_TreasureProps","SM_039_Pot_Lid","병·항아리·잔·주전자 · SM_039_Pot_Lid","유물/그릇·용기","사찰·유적·서사 공간 후보: 시대·용도·보상 역할 확인","이름·폴더 기반 추정","Assets/Korea_TreasureProps/Prefabs/SM_039_Pot_Lid.prefab","71852ed4a14f61b43abcd41f1d8c2e40",1,1,6315,6315,0,0,0,0,0,0.08784202,0.04146883,0.08808148,"Screenshots/AssetCatalog/Thumbnails/71852ed4a14f61b43abcd41f1d8c2e40.png","rendered"
1116,"prefab","Korea_TreasureProps","SM_040_A_Ceramic_Bottle","병·항아리·잔·주전자 · SM_040_A_Ceramic_Bottle","유물/그릇·용기","사찰·유적·서사 공간 후보: 시대·용도·보상 역할 확인","이름·폴더 기반 추정","Assets/Korea_TreasureProps/Prefabs/SM_040_A_Ceramic_Bottle.prefab","4d284c0e7be046e44bf53f781be80019",1,1,3634,3634,0,0,0,0,0,0.09741211,0.2123151,0.09713837,"Screenshots/AssetCatalog/Thumbnails/4d284c0e7be046e44bf53f781be80019.png","rendered"
1117,"prefab","Korea_TreasureProps","SM_041_Vase","병·항아리·잔·주전자 · SM_041_Vase","유물/그릇·용기","사찰·유적·서사 공간 후보: 시대·용도·보상 역할 확인","이름·폴더 기반 추정","Assets/Korea_TreasureProps/Prefabs/SM_041_Vase.prefab","a290d4963fd12024797274dd3b37d5fc",1,1,9248,9248,0,0,0,0,0,0.2570777,0.2715615,0.2576557,"Screenshots/AssetCatalog/Thumbnails/a290d4963fd12024797274dd3b37d5fc.png","rendered"
1118,"prefab","Korea_TreasureProps","SM_042_Bottle","병·항아리·잔·주전자 · SM_042_Bottle","유물/그릇·용기","사찰·유적·서사 공간 후보: 시대·용도·보상 역할 확인","이름·폴더 기반 추정","Assets/Korea_TreasureProps/Prefabs/SM_042_Bottle.prefab","887c726d88189d74db652a5631112e17",1,1,2446,2446,0,0,0,0,0,0.2085915,0.3644054,0.2075898,"Screenshots/AssetCatalog/Thumbnails/887c726d88189d74db652a5631112e17.png","rendered"
1119,"prefab","Korea_TreasureProps","SM_043_Bottle","병·항아리·잔·주전자 · SM_043_Bottle","유물/그릇·용기","사찰·유적·서사 공간 후보: 시대·용도·보상 역할 확인","이름·폴더 기반 추정","Assets/Korea_TreasureProps/Prefabs/SM_043_Bottle.prefab","4bd09b640e62d7b41836087fbec14b5e",1,1,2464,2464,0,0,0,0,0,0.1754797,0.3130049,0.1764251,"Screenshots/AssetCatalog/Thumbnails/4bd09b640e62d7b41836087fbec14b5e.png","rendered"
1120,"prefab","Korea_TreasureProps","SM_044_Yeonjeong","문방구·인장·기록물 · SM_044_Yeonjeong","유물/문방·인장","사찰·유적·서사 공간 후보: 시대·용도·보상 역할 확인","이름·폴더 기반 추정","Assets/Korea_TreasureProps/Prefabs/SM_044_Yeonjeong.prefab","f9607beaee03fea4fab034c0e45ad738",1,1,3658,3658,0,0,0,0,0,0.1842532,0.1310452,0.172262,"Screenshots/AssetCatalog/Thumbnails/f9607beaee03fea4fab034c0e45ad738.png","rendered"
1121,"prefab","Korea_TreasureProps","SM_045_Incense_Burner","사리구·향로·의례 공예 · SM_045_Incense_Burner","유물/의례·불교 공예","사찰·유적·서사 공간 후보: 시대·용도·보상 역할 확인","이름·폴더 기반 추정","Assets/Korea_TreasureProps/Prefabs/SM_045_Incense_Burner.prefab","08dcd7b625b1def43afe076d28c4c1e2",1,1,1884,1884,0,0,0,0,0,0.2394933,0.1437268,0.2358669,"Screenshots/AssetCatalog/Thumbnails/08dcd7b625b1def43afe076d28c4c1e2.png","rendered"
1122,"prefab","Korea_TreasureProps","SM_045_Incense_Burner_Lid","사리구·향로·의례 공예 · SM_045_Incense_Burner_Lid","유물/의례·불교 공예","사찰·유적·서사 공간 후보: 시대·용도·보상 역할 확인","이름·폴더 기반 추정","Assets/Korea_TreasureProps/Prefabs/SM_045_Incense_Burner_Lid.prefab","022b15b40327d7240a0c0bc43243b97f",1,1,5116,5116,0,0,0,0,0,0.1716222,0.1092814,0.168168,"Screenshots/AssetCatalog/Thumbnails/022b15b40327d7240a0c0bc43243b97f.png","rendered"
1123,"prefab","Korea_TreasureProps","SM_046_Pot","병·항아리·잔·주전자 · SM_046_Pot","유물/그릇·용기","사찰·유적·서사 공간 후보: 시대·용도·보상 역할 확인","이름·폴더 기반 추정","Assets/Korea_TreasureProps/Prefabs/SM_046_Pot.prefab","6eabff10c42036546aebf7fb8666f62c",1,1,7562,7562,0,0,0,0,0,0.4057454,0.4098476,0.4029579,"Screenshots/AssetCatalog/Thumbnails/6eabff10c42036546aebf7fb8666f62c.png","rendered"
1124,"prefab","Korea_TreasureProps","SM_047_Brick","벽돌·전돌 · SM_047_Brick","건축 부재/벽돌","주막·역참·마을 조립 후보: 접합 규격·피벗·치수·재질 통일","이름·폴더 기반 추정","Assets/Korea_TreasureProps/Prefabs/SM_047_Brick.prefab","90ede0066f763324da29a0590ae87bc9",1,1,5090,5090,0,0,0,0,0,0.2906899,0.05016854,0.2912797,"Screenshots/AssetCatalog/Thumbnails/90ede0066f763324da29a0590ae87bc9.png","rendered"
1125,"prefab","Korea_TreasureProps","SM_048_Statue_of_the_Buddha","불상·도용·조각 · SM_048_Statue_of_the_Buddha","유물/불상·조각","사찰·유적·서사 공간 후보: 시대·용도·보상 역할 확인","이름·폴더 기반 추정","Assets/Korea_TreasureProps/Prefabs/SM_048_Statue_of_the_Buddha.prefab","c9da0eb7507b57742bb8a42acae95402",1,1,6348,6348,0,0,0,0,0,0.0921789,0.1344585,0.04499248,"Screenshots/AssetCatalog/Thumbnails/c9da0eb7507b57742bb8a42acae95402.png","rendered"
1126,"prefab","Korea_TreasureProps","SM_049_Bottle","병·항아리·잔·주전자 · SM_049_Bottle","유물/그릇·용기","사찰·유적·서사 공간 후보: 시대·용도·보상 역할 확인","이름·폴더 기반 추정","Assets/Korea_TreasureProps/Prefabs/SM_049_Bottle.prefab","736456e3e3374024996f98a23af5b696",1,1,3756,3756,0,0,0,0,0,0.2414055,0.09286755,0.2275574,"Screenshots/AssetCatalog/Thumbnails/736456e3e3374024996f98a23af5b696.png","rendered"
1127,"prefab","Korea_TreasureProps","SM_050_Bottle","병·항아리·잔·주전자 · SM_050_Bottle","유물/그릇·용기","사찰·유적·서사 공간 후보: 시대·용도·보상 역할 확인","이름·폴더 기반 추정","Assets/Korea_TreasureProps/Prefabs/SM_050_Bottle.prefab","62b48cc68708da743a4da1f10cf9c9bf",1,1,3718,3718,0,0,0,0,0,0.1723723,0.2962611,0.1717202,"Screenshots/AssetCatalog/Thumbnails/62b48cc68708da743a4da1f10cf9c9bf.png","rendered"
1128,"prefab","Korea_TreasureProps","SM_051_A_Ceramic_Bottle","병·항아리·잔·주전자 · SM_051_A_Ceramic_Bottle","유물/그릇·용기","사찰·유적·서사 공간 후보: 시대·용도·보상 역할 확인","이름·폴더 기반 추정","Assets/Korea_TreasureProps/Prefabs/SM_051_A_Ceramic_Bottle.prefab","2a79a2a913a3f674fb8fabfa08e99678",1,1,2610,2610,0,0,0,0,0,0.1806428,0.3144781,0.1775749,"Screenshots/AssetCatalog/Thumbnails/2a79a2a913a3f674fb8fabfa08e99678.png","rendered"
1129,"prefab","Korea_TreasureProps","SM_052_Pot","병·항아리·잔·주전자 · SM_052_Pot","유물/그릇·용기","사찰·유적·서사 공간 후보: 시대·용도·보상 역할 확인","이름·폴더 기반 추정","Assets/Korea_TreasureProps/Prefabs/SM_052_Pot.prefab","c68a48b2a93b83a4a8cd6349c176f4f2",1,1,6266,6266,0,0,0,0,0,0.2975423,0.4909045,0.2994624,"Screenshots/AssetCatalog/Thumbnails/c68a48b2a93b83a4a8cd6349c176f4f2.png","rendered"
1130,"prefab","Korea_TreasureProps","SM_053_Brick_001","벽돌·전돌 · SM_053_Brick_001","건축 부재/벽돌","주막·역참·마을 조립 후보: 접합 규격·피벗·치수·재질 통일","이름·폴더 기반 추정","Assets/Korea_TreasureProps/Prefabs/SM_053_Brick_001.prefab","6d1899c6cc951104996bf8d866a0ddd8",1,1,4918,4918,0,0,0,0,0,0.2944903,0.05290997,0.295635,"Screenshots/AssetCatalog/Thumbnails/6d1899c6cc951104996bf8d866a0ddd8.png","rendered"
1131,"prefab","Korea_TreasureProps","SM_053_Brick_002","벽돌·전돌 · SM_053_Brick_002","건축 부재/벽돌","주막·역참·마을 조립 후보: 접합 규격·피벗·치수·재질 통일","이름·폴더 기반 추정","Assets/Korea_TreasureProps/Prefabs/SM_053_Brick_002.prefab","d0ab86ee92d1fb5469455ace41935a69",1,1,6156,6156,0,0,0,0,0,0.2844414,0.05341198,0.2829957,"Screenshots/AssetCatalog/Thumbnails/d0ab86ee92d1fb5469455ace41935a69.png","rendered"
1132,"prefab","Korea_TreasureProps","SM_054_Statue_of_the_Buddha","불상·도용·조각 · SM_054_Statue_of_the_Buddha","유물/불상·조각","사찰·유적·서사 공간 후보: 시대·용도·보상 역할 확인","이름·폴더 기반 추정","Assets/Korea_TreasureProps/Prefabs/SM_054_Statue_of_the_Buddha.prefab","707ded1ae6226ca4988deadbd5f2efca",1,1,7560,7560,0,0,0,0,0,0.07111375,0.2031991,0.07596038,"Screenshots/AssetCatalog/Thumbnails/707ded1ae6226ca4988deadbd5f2efca.png","rendered"
1133,"prefab","Korea_TreasureProps","SM_055_Statue_of_the_Buddha","불상·도용·조각 · SM_055_Statue_of_the_Buddha","유물/불상·조각","사찰·유적·서사 공간 후보: 시대·용도·보상 역할 확인","이름·폴더 기반 추정","Assets/Korea_TreasureProps/Prefabs/SM_055_Statue_of_the_Buddha.prefab","e73ee866cf9bfbc4cb05778f37f1526b",1,1,3794,3794,0,0,0,0,0,0.07774027,0.3024295,0.05645806,"Screenshots/AssetCatalog/Thumbnails/e73ee866cf9bfbc4cb05778f37f1526b.png","rendered"
1134,"prefab","Korea_TreasureProps","SM_056_Brick","벽돌·전돌 · SM_056_Brick","건축 부재/벽돌","주막·역참·마을 조립 후보: 접합 규격·피벗·치수·재질 통일","이름·폴더 기반 추정","Assets/Korea_TreasureProps/Prefabs/SM_056_Brick.prefab","5d0e2388e52888d498d722bd381140d8",1,1,6222,6222,0,0,0,0,0,0.2883695,0.05397653,0.2916998,"Screenshots/AssetCatalog/Thumbnails/5d0e2388e52888d498d722bd381140d8.png","rendered"
1135,"prefab","Korea_TreasureProps","SM_057_Brick","벽돌·전돌 · SM_057_Brick","건축 부재/벽돌","주막·역참·마을 조립 후보: 접합 규격·피벗·치수·재질 통일","이름·폴더 기반 추정","Assets/Korea_TreasureProps/Prefabs/SM_057_Brick.prefab","938ca171084b251408df30266d645eae",1,1,6302,6302,0,0,0,0,0,0.2896744,0.04966399,0.2926799,"Screenshots/AssetCatalog/Thumbnails/938ca171084b251408df30266d645eae.png","rendered"
1136,"prefab","Korea_TreasureProps","SM_058_Cup","병·항아리·잔·주전자 · SM_058_Cup","유물/그릇·용기","사찰·유적·서사 공간 후보: 시대·용도·보상 역할 확인","이름·폴더 기반 추정","Assets/Korea_TreasureProps/Prefabs/SM_058_Cup.prefab","e14352a91886cd34088af9eae677006b",1,1,5794,5794,0,0,0,0,0,0.1650063,0.06869835,0.1560426,"Screenshots/AssetCatalog/Thumbnails/e14352a91886cd34088af9eae677006b.png","rendered"
1137,"prefab","Korea_TreasureProps","SM_058_Cup_Lid","병·항아리·잔·주전자 · SM_058_Cup_Lid","유물/그릇·용기","사찰·유적·서사 공간 후보: 시대·용도·보상 역할 확인","이름·폴더 기반 추정","Assets/Korea_TreasureProps/Prefabs/SM_058_Cup_Lid.prefab","f9654d825c249f441805c532da28ed44",1,1,2710,2710,0,0,0,0,0,0.08389924,0.05993389,0.08268645,"Screenshots/AssetCatalog/Thumbnails/f9654d825c249f441805c532da28ed44.png","rendered"
1138,"prefab","Korea_TreasureProps","SM_059_Clay_Statue","불상·도용·조각 · SM_059_Clay_Statue","유물/불상·조각","사찰·유적·서사 공간 후보: 시대·용도·보상 역할 확인","이름·폴더 기반 추정","Assets/Korea_TreasureProps/Prefabs/SM_059_Clay_Statue.prefab","bf5bc26f61841e646a62279bbff67dbc",1,1,3748,3748,0,0,0,0,0,0.219302,0.3085209,0.2055003,"Screenshots/AssetCatalog/Thumbnails/bf5bc26f61841e646a62279bbff67dbc.png","rendered"
1139,"prefab","Korea_TreasureProps","SM_060_Clay_Statue","불상·도용·조각 · SM_060_Clay_Statue","유물/불상·조각","사찰·유적·서사 공간 후보: 시대·용도·보상 역할 확인","이름·폴더 기반 추정","Assets/Korea_TreasureProps/Prefabs/SM_060_Clay_Statue.prefab","3dab1174b254f7e48b9ed0e8c519e6f7",1,1,5042,5042,0,0,0,0,0,0.141974,0.234462,0.1732876,"Screenshots/AssetCatalog/Thumbnails/3dab1174b254f7e48b9ed0e8c519e6f7.png","rendered"
1140,"prefab","Korea_TreasureProps","SM_061_Jar","병·항아리·잔·주전자 · SM_061_Jar","유물/그릇·용기","사찰·유적·서사 공간 후보: 시대·용도·보상 역할 확인","이름·폴더 기반 추정","Assets/Korea_TreasureProps/Prefabs/SM_061_Jar.prefab","1758d242a9772fa488785bfe34d13fa2",1,1,4872,4872,0,0,0,0,0,0.3335214,0.3251213,0.3309098,"Screenshots/AssetCatalog/Thumbnails/1758d242a9772fa488785bfe34d13fa2.png","rendered"
1141,"prefab","Korea_TreasureProps","SM_062_Stove","화로 · SM_062_Stove","생활 소품/화로","주막·역참·마을 후보: 실제 크기·생활 용도·시대 및 수묵 재질 확인","이름·폴더 기반 추정","Assets/Korea_TreasureProps/Prefabs/SM_062_Stove.prefab","6b07e40d261b21a44820e96271c6883d",1,1,3944,3944,0,0,0,0,0,0.186565,0.1570404,0.1660399,"Screenshots/AssetCatalog/Thumbnails/6b07e40d261b21a44820e96271c6883d.png","rendered"
1142,"prefab","Korea_TreasureProps","SM_063_Bottle","병·항아리·잔·주전자 · SM_063_Bottle","유물/그릇·용기","사찰·유적·서사 공간 후보: 시대·용도·보상 역할 확인","이름·폴더 기반 추정","Assets/Korea_TreasureProps/Prefabs/SM_063_Bottle.prefab","aef4ef84d1ce4354287fc753dbb2c13d",1,1,3858,3858,0,0,0,0,0,0.1171672,0.230166,0.09788862,"Screenshots/AssetCatalog/Thumbnails/aef4ef84d1ce4354287fc753dbb2c13d.png","rendered"
1143,"prefab","Korea_TreasureProps","SM_064_Bottle","병·항아리·잔·주전자 · SM_064_Bottle","유물/그릇·용기","사찰·유적·서사 공간 후보: 시대·용도·보상 역할 확인","이름·폴더 기반 추정","Assets/Korea_TreasureProps/Prefabs/SM_064_Bottle.prefab","20c5dba3a8e3729479272c90c3cf17d9",1,1,3232,3232,0,0,0,0,0,0.1545191,0.3719517,0.1295663,"Screenshots/AssetCatalog/Thumbnails/20c5dba3a8e3729479272c90c3cf17d9.png","rendered"
1144,"prefab","Korea_TreasureProps","SM_065_Bowl","병·항아리·잔·주전자 · SM_065_Bowl","유물/그릇·용기","사찰·유적·서사 공간 후보: 시대·용도·보상 역할 확인","이름·폴더 기반 추정","Assets/Korea_TreasureProps/Prefabs/SM_065_Bowl.prefab","13c9556382dfce341a8c9c50709bd836",1,1,3756,3756,0,0,0,0,0,0.2394272,0.1048632,0.2404844,"Screenshots/AssetCatalog/Thumbnails/13c9556382dfce341a8c9c50709bd836.png","rendered"
1145,"prefab","Korea_TreasureProps","SM_065_Bowl_Lid","병·항아리·잔·주전자 · SM_065_Bowl_Lid","유물/그릇·용기","사찰·유적·서사 공간 후보: 시대·용도·보상 역할 확인","이름·폴더 기반 추정","Assets/Korea_TreasureProps/Prefabs/SM_065_Bowl_Lid.prefab","b312734f8c230ed4d9d0aa5e63e7dc5a",1,1,3686,3686,0,0,0,0,0,0.2265187,0.09296964,0.2276572,"Screenshots/AssetCatalog/Thumbnails/b312734f8c230ed4d9d0aa5e63e7dc5a.png","rendered"
1146,"prefab","Korea_TreasureProps","SM_066_Candlestick","등롱·촛대·횃불 · SM_066_Candlestick","생활 소품/등기구","주막·안식 지점: 원본 복구 후 의미광·발광 상한 별도 적용","이름·폴더 기반 추정","Assets/Korea_TreasureProps/Prefabs/SM_066_Candlestick.prefab","b7753f9a71ea358448f9925d3065d1e6",1,1,7472,7472,0,0,0,0,0,0.1504369,0.325743,0.1502625,"Screenshots/AssetCatalog/Thumbnails/b7753f9a71ea358448f9925d3065d1e6.png","rendered"
1147,"prefab","Korea_TreasureProps","SM_067_Kettle","병·항아리·잔·주전자 · SM_067_Kettle","유물/그릇·용기","사찰·유적·서사 공간 후보: 시대·용도·보상 역할 확인","이름·폴더 기반 추정","Assets/Korea_TreasureProps/Prefabs/SM_067_Kettle.prefab","f806200153fcce4438786df47efdb566",1,1,7869,7869,0,0,0,0,0,0.1439891,0.1704392,0.2015317,"Screenshots/AssetCatalog/Thumbnails/f806200153fcce4438786df47efdb566.png","rendered"
1148,"prefab","Korea_TreasureProps","SM_068_Kettle","병·항아리·잔·주전자 · SM_068_Kettle","유물/그릇·용기","사찰·유적·서사 공간 후보: 시대·용도·보상 역할 확인","이름·폴더 기반 추정","Assets/Korea_TreasureProps/Prefabs/SM_068_Kettle.prefab","19428887734d02f498190a8250f8f727",1,1,7806,7806,0,0,0,0,0,0.1911881,0.1448909,0.1524536,"Screenshots/AssetCatalog/Thumbnails/19428887734d02f498190a8250f8f727.png","rendered"
1149,"prefab","Korea_TreasureProps","SM_069_Incense_Burner","사리구·향로·의례 공예 · SM_069_Incense_Burner","유물/의례·불교 공예","사찰·유적·서사 공간 후보: 시대·용도·보상 역할 확인","이름·폴더 기반 추정","Assets/Korea_TreasureProps/Prefabs/SM_069_Incense_Burner.prefab","80f92e101bf6a58419b0afdbec58e55e",1,1,1254,1254,0,0,0,0,0,0.1558114,0.07888386,0.1580518,"Screenshots/AssetCatalog/Thumbnails/80f92e101bf6a58419b0afdbec58e55e.png","rendered"
1150,"prefab","Korea_TreasureProps","SM_069_Incense_Burner_Lid","사리구·향로·의례 공예 · SM_069_Incense_Burner_Lid","유물/의례·불교 공예","사찰·유적·서사 공간 후보: 시대·용도·보상 역할 확인","이름·폴더 기반 추정","Assets/Korea_TreasureProps/Prefabs/SM_069_Incense_Burner_Lid.prefab","1660a87002f92e94db4cca7d95b5183c",1,1,3964,3964,0,0,0,0,0,0.1164078,0.1392064,0.1154308,"Screenshots/AssetCatalog/Thumbnails/1660a87002f92e94db4cca7d95b5183c.png","rendered"
1151,"prefab","Korea_TreasureProps","SM_070_A_Ceramic_Bottle","병·항아리·잔·주전자 · SM_070_A_Ceramic_Bottle","유물/그릇·용기","사찰·유적·서사 공간 후보: 시대·용도·보상 역할 확인","이름·폴더 기반 추정","Assets/Korea_TreasureProps/Prefabs/SM_070_A_Ceramic_Bottle.prefab","a87554fca91615a4fb9f9298f0496257",1,1,2638,2638,0,0,0,0,0,0.1839867,0.2993779,0.1825465,"Screenshots/AssetCatalog/Thumbnails/a87554fca91615a4fb9f9298f0496257.png","rendered"
1152,"prefab","Korea_TreasureProps","SM_071_Bowl","병·항아리·잔·주전자 · SM_071_Bowl","유물/그릇·용기","사찰·유적·서사 공간 후보: 시대·용도·보상 역할 확인","이름·폴더 기반 추정","Assets/Korea_TreasureProps/Prefabs/SM_071_Bowl.prefab","44d111feca0db5642a3e62ae5d9d4506",1,1,2406,2406,0,0,0,0,0,0.1695986,0.06284808,0.1683417,"Screenshots/AssetCatalog/Thumbnails/44d111feca0db5642a3e62ae5d9d4506.png","rendered"
1153,"prefab","Korea_TreasureProps","SM_072_A_Ceramic_Bottle","병·항아리·잔·주전자 · SM_072_A_Ceramic_Bottle","유물/그릇·용기","사찰·유적·서사 공간 후보: 시대·용도·보상 역할 확인","이름·폴더 기반 추정","Assets/Korea_TreasureProps/Prefabs/SM_072_A_Ceramic_Bottle.prefab","9afacf4c56eb583499b31d9d53c39443",1,1,3740,3740,0,0,0,0,0,0.214976,0.3452442,0.2164583,"Screenshots/AssetCatalog/Thumbnails/9afacf4c56eb583499b31d9d53c39443.png","rendered"
1154,"prefab","Korea_TreasureProps","SM_073_Vase","병·항아리·잔·주전자 · SM_073_Vase","유물/그릇·용기","사찰·유적·서사 공간 후보: 시대·용도·보상 역할 확인","이름·폴더 기반 추정","Assets/Korea_TreasureProps/Prefabs/SM_073_Vase.prefab","58e2e16ecf88697499f3cb0289b39e27",1,1,2420,2420,0,0,0,0,0,0.1135922,0.2568026,0.1133389,"Screenshots/AssetCatalog/Thumbnails/58e2e16ecf88697499f3cb0289b39e27.png","rendered"
1155,"prefab","Korea_TreasureProps","SM_074_Kettle","병·항아리·잔·주전자 · SM_074_Kettle","유물/그릇·용기","사찰·유적·서사 공간 후보: 시대·용도·보상 역할 확인","이름·폴더 기반 추정","Assets/Korea_TreasureProps/Prefabs/SM_074_Kettle.prefab","e45d956a7457f6642ac4f41d901ee1d7",1,1,5004,5004,0,0,0,0,0,0.2139806,0.3439729,0.1590153,"Screenshots/AssetCatalog/Thumbnails/e45d956a7457f6642ac4f41d901ee1d7.png","rendered"
1156,"prefab","Korea_TreasureProps","SM_075_Pot","병·항아리·잔·주전자 · SM_075_Pot","유물/그릇·용기","사찰·유적·서사 공간 후보: 시대·용도·보상 역할 확인","이름·폴더 기반 추정","Assets/Korea_TreasureProps/Prefabs/SM_075_Pot.prefab","94472972f9730ca4b96e4038080671fc",1,1,4002,4002,0,0,0,0,0,0.3451121,0.1943793,0.2791921,"Screenshots/AssetCatalog/Thumbnails/94472972f9730ca4b96e4038080671fc.png","rendered"
1157,"prefab","Korea_TreasureProps","SM_076_Bottle","병·항아리·잔·주전자 · SM_076_Bottle","유물/그릇·용기","사찰·유적·서사 공간 후보: 시대·용도·보상 역할 확인","이름·폴더 기반 추정","Assets/Korea_TreasureProps/Prefabs/SM_076_Bottle.prefab","cd1c1d603aa9fb442a11e64bf2aec970",1,1,3292,3292,0,0,0,0,0,0.1580828,0.3402042,0.1321625,"Screenshots/AssetCatalog/Thumbnails/cd1c1d603aa9fb442a11e64bf2aec970.png","rendered"
1158,"prefab","Korea_TreasureProps","SM_077_Bowl","병·항아리·잔·주전자 · SM_077_Bowl","유물/그릇·용기","사찰·유적·서사 공간 후보: 시대·용도·보상 역할 확인","이름·폴더 기반 추정","Assets/Korea_TreasureProps/Prefabs/SM_077_Bowl.prefab","8b0aec8ce0f9f874b9462420f6de185f",1,1,2532,2532,0,0,0,0,0,0.1881548,0.07957418,0.191773,"Screenshots/AssetCatalog/Thumbnails/8b0aec8ce0f9f874b9462420f6de185f.png","rendered"
1159,"prefab","Korea_TreasureProps","SM_078_Kettle","병·항아리·잔·주전자 · SM_078_Kettle","유물/그릇·용기","사찰·유적·서사 공간 후보: 시대·용도·보상 역할 확인","이름·폴더 기반 추정","Assets/Korea_TreasureProps/Prefabs/SM_078_Kettle.prefab","ee32c3604cef33642b4d15b9dab6b157",1,1,5500,5500,0,0,0,0,0,0.1412705,0.1918239,0.224602,"Screenshots/AssetCatalog/Thumbnails/ee32c3604cef33642b4d15b9dab6b157.png","rendered"
1160,"prefab","Korea_TreasureProps","SM_078_Kettle_Lid","병·항아리·잔·주전자 · SM_078_Kettle_Lid","유물/그릇·용기","사찰·유적·서사 공간 후보: 시대·용도·보상 역할 확인","이름·폴더 기반 추정","Assets/Korea_TreasureProps/Prefabs/SM_078_Kettle_Lid.prefab","fba6b7adce56327419c6a198884e2ebe",1,1,1304,1304,0,0,0,0,0,0.03939597,0.0758605,0.07212309,"Screenshots/AssetCatalog/Thumbnails/fba6b7adce56327419c6a198884e2ebe.png","rendered"
1161,"prefab","Korea_TreasureProps","SM_079_Bowl","병·항아리·잔·주전자 · SM_079_Bowl","유물/그릇·용기","사찰·유적·서사 공간 후보: 시대·용도·보상 역할 확인","이름·폴더 기반 추정","Assets/Korea_TreasureProps/Prefabs/SM_079_Bowl.prefab","b2b0d8223c53018438fc23ce138e81c6",1,1,2604,2604,0,0,0,0,0,0.08355221,0.06199495,0.08288758,"Screenshots/AssetCatalog/Thumbnails/b2b0d8223c53018438fc23ce138e81c6.png","rendered"
1162,"prefab","Korea_TreasureProps","SM_079_Bowl_Lid","병·항아리·잔·주전자 · SM_079_Bowl_Lid","유물/그릇·용기","사찰·유적·서사 공간 후보: 시대·용도·보상 역할 확인","이름·폴더 기반 추정","Assets/Korea_TreasureProps/Prefabs/SM_079_Bowl_Lid.prefab","b1f29b03d3bc28940a5e371f2fafcb4e",1,1,2482,2482,0,0,0,0,0,0.08373541,0.03587645,0.08384033,"Screenshots/AssetCatalog/Thumbnails/b1f29b03d3bc28940a5e371f2fafcb4e.png","rendered"
1163,"prefab","Korea_TreasureProps","SM_080_A_Ceramic_Bottle","병·항아리·잔·주전자 · SM_080_A_Ceramic_Bottle","유물/그릇·용기","사찰·유적·서사 공간 후보: 시대·용도·보상 역할 확인","이름·폴더 기반 추정","Assets/Korea_TreasureProps/Prefabs/SM_080_A_Ceramic_Bottle.prefab","6a68191b0d2f90145bde7f8814fc1a2f",1,1,2504,2504,0,0,0,0,0,0.2297895,0.353833,0.2292137,"Screenshots/AssetCatalog/Thumbnails/6a68191b0d2f90145bde7f8814fc1a2f.png","rendered"
1164,"prefab","Korea_TreasureProps","SM_080_A_Ceramic_Bottle_Lid","병·항아리·잔·주전자 · SM_080_A_Ceramic_Bottle_Lid","유물/그릇·용기","사찰·유적·서사 공간 후보: 시대·용도·보상 역할 확인","이름·폴더 기반 추정","Assets/Korea_TreasureProps/Prefabs/SM_080_A_Ceramic_Bottle_Lid.prefab","bbe9ef7f3cf8ea342b7c9717ac936082",1,1,1268,1268,0,0,0,0,0,0.10818,0.04300472,0.1038807,"Screenshots/AssetCatalog/Thumbnails/bbe9ef7f3cf8ea342b7c9717ac936082.png","rendered"
1165,"prefab","Korea_TreasureProps","SM_081_A_Ceramic_Bottle","병·항아리·잔·주전자 · SM_081_A_Ceramic_Bottle","유물/그릇·용기","사찰·유적·서사 공간 후보: 시대·용도·보상 역할 확인","이름·폴더 기반 추정","Assets/Korea_TreasureProps/Prefabs/SM_081_A_Ceramic_Bottle.prefab","cf3ba03e02b7f4641b394751c486b648",1,1,3732,3732,0,0,0,0,0,0.2145063,0.3483278,0.2165291,"Screenshots/AssetCatalog/Thumbnails/cf3ba03e02b7f4641b394751c486b648.png","rendered"
1166,"prefab","Korea_TreasureProps","SM_082_Kettle","병·항아리·잔·주전자 · SM_082_Kettle","유물/그릇·용기","사찰·유적·서사 공간 후보: 시대·용도·보상 역할 확인","이름·폴더 기반 추정","Assets/Korea_TreasureProps/Prefabs/SM_082_Kettle.prefab","56e0c3244d1ce704192ffce74fca4659",1,1,5648,5648,0,0,0,0,0,0.1349341,0.279549,0.194926,"Screenshots/AssetCatalog/Thumbnails/56e0c3244d1ce704192ffce74fca4659.png","rendered"
1167,"prefab","Korea_TreasureProps","SM_083_Kettle","병·항아리·잔·주전자 · SM_083_Kettle","유물/그릇·용기","사찰·유적·서사 공간 후보: 시대·용도·보상 역할 확인","이름·폴더 기반 추정","Assets/Korea_TreasureProps/Prefabs/SM_083_Kettle.prefab","d640bf4f3f77e6a4ea335970e2761e00",1,1,3740,3740,0,0,0,0,0,0.2209924,0.1921637,0.1498738,"Screenshots/AssetCatalog/Thumbnails/d640bf4f3f77e6a4ea335970e2761e00.png","rendered"
1168,"prefab","Korea_TreasureProps","SM_083_Kettle_Lid","병·항아리·잔·주전자 · SM_083_Kettle_Lid","유물/그릇·용기","사찰·유적·서사 공간 후보: 시대·용도·보상 역할 확인","이름·폴더 기반 추정","Assets/Korea_TreasureProps/Prefabs/SM_083_Kettle_Lid.prefab","6d79aaedba33f504e9af7acf60343794",1,1,640,640,0,0,0,0,0,0.06257661,0.06616575,0.05640402,"Screenshots/AssetCatalog/Thumbnails/6d79aaedba33f504e9af7acf60343794.png","rendered"
1169,"prefab","Korea_TreasureProps","SM_084_Vase","병·항아리·잔·주전자 · SM_084_Vase","유물/그릇·용기","사찰·유적·서사 공간 후보: 시대·용도·보상 역할 확인","이름·폴더 기반 추정","Assets/Korea_TreasureProps/Prefabs/SM_084_Vase.prefab","3829ec67d0c88e149aa0da4ef875498c",1,1,6328,6328,0,0,0,0,0,0.09147382,0.2286817,0.09032381,"Screenshots/AssetCatalog/Thumbnails/3829ec67d0c88e149aa0da4ef875498c.png","rendered"
1170,"prefab","Korea_TreasureProps","SM_085_Bottle","병·항아리·잔·주전자 · SM_085_Bottle","유물/그릇·용기","사찰·유적·서사 공간 후보: 시대·용도·보상 역할 확인","이름·폴더 기반 추정","Assets/Korea_TreasureProps/Prefabs/SM_085_Bottle.prefab","b7be0c970acf3b743a62677462931f8f",1,1,2508,2508,0,0,0,0,0,0.2152317,0.3486039,0.2160551,"Screenshots/AssetCatalog/Thumbnails/b7be0c970acf3b743a62677462931f8f.png","rendered"
1171,"prefab","Korea_TreasureProps","SM_086_Kettle","병·항아리·잔·주전자 · SM_086_Kettle","유물/그릇·용기","사찰·유적·서사 공간 후보: 시대·용도·보상 역할 확인","이름·폴더 기반 추정","Assets/Korea_TreasureProps/Prefabs/SM_086_Kettle.prefab","4df9c2171d2d13d4ea52656e2573ad18",1,1,6714,6714,0,0,0,0,0,0.1950973,0.2494706,0.1441743,"Screenshots/AssetCatalog/Thumbnails/4df9c2171d2d13d4ea52656e2573ad18.png","rendered"
1172,"prefab","Korea_TreasureProps","SM_086_Kettle_Lid","병·항아리·잔·주전자 · SM_086_Kettle_Lid","유물/그릇·용기","사찰·유적·서사 공간 후보: 시대·용도·보상 역할 확인","이름·폴더 기반 추정","Assets/Korea_TreasureProps/Prefabs/SM_086_Kettle_Lid.prefab","d7fc967f04ab6c8428d228a48fb0762f",1,1,636,636,0,0,0,0,0,0.02671345,0.05012129,0.02652461,"Screenshots/AssetCatalog/Thumbnails/d7fc967f04ab6c8428d228a48fb0762f.png","rendered"
1173,"prefab","Korea_TreasureProps","SM_086_Kettle_Tray","병·항아리·잔·주전자 · SM_086_Kettle_Tray","유물/그릇·용기","사찰·유적·서사 공간 후보: 시대·용도·보상 역할 확인","이름·폴더 기반 추정","Assets/Korea_TreasureProps/Prefabs/SM_086_Kettle_Tray.prefab","ea69e0352acaff547969e373e210f9bf",1,1,1236,1236,0,0,0,0,0,0.1812376,0.08675465,0.1832541,"Screenshots/AssetCatalog/Thumbnails/ea69e0352acaff547969e373e210f9bf.png","rendered"
1174,"prefab","Korea_TreasureProps","SM_087_Stationery","문방구·인장·기록물 · SM_087_Stationery","유물/문방·인장","사찰·유적·서사 공간 후보: 시대·용도·보상 역할 확인","이름·폴더 기반 추정","Assets/Korea_TreasureProps/Prefabs/SM_087_Stationery.prefab","f1be9928cf15be04baf0f3726741f1ea",1,1,6770,6770,0,0,0,0,0,0.1758303,0.08765718,0.05228754,"Screenshots/AssetCatalog/Thumbnails/f1be9928cf15be04baf0f3726741f1ea.png","rendered"
1175,"prefab","Korea_TreasureProps","SM_088_Incense_Burner","사리구·향로·의례 공예 · SM_088_Incense_Burner","유물/의례·불교 공예","사찰·유적·서사 공간 후보: 시대·용도·보상 역할 확인","이름·폴더 기반 추정","Assets/Korea_TreasureProps/Prefabs/SM_088_Incense_Burner.prefab","3bf268a3bd52ff14b801cc599ab11941",1,1,6680,6680,0,0,0,0,0,0.1168436,0.0996244,0.1276496,"Screenshots/AssetCatalog/Thumbnails/3bf268a3bd52ff14b801cc599ab11941.png","rendered"
1176,"prefab","Korea_TreasureProps","SM_088_Incense_Burner_Lid","사리구·향로·의례 공예 · SM_088_Incense_Burner_Lid","유물/의례·불교 공예","사찰·유적·서사 공간 후보: 시대·용도·보상 역할 확인","이름·폴더 기반 추정","Assets/Korea_TreasureProps/Prefabs/SM_088_Incense_Burner_Lid.prefab","b9447134b2ddc0b4db63ad466c5a2516",1,1,3982,3982,0,0,0,0,0,0.07438734,0.0674897,0.07633235,"Screenshots/AssetCatalog/Thumbnails/b9447134b2ddc0b4db63ad466c5a2516.png","rendered"
1177,"prefab","Korea_TreasureProps","SM_089_Incense_Burner","사리구·향로·의례 공예 · SM_089_Incense_Burner","유물/의례·불교 공예","사찰·유적·서사 공간 후보: 시대·용도·보상 역할 확인","이름·폴더 기반 추정","Assets/Korea_TreasureProps/Prefabs/SM_089_Incense_Burner.prefab","f0e011ab0acb12447aff48360b58e640",1,1,3762,3762,0,0,0,0,0,0.1612572,0.0855925,0.1599238,"Screenshots/AssetCatalog/Thumbnails/f0e011ab0acb12447aff48360b58e640.png","rendered"
1178,"prefab","Korea_TreasureProps","SM_089_Incense_Burner_Lid","사리구·향로·의례 공예 · SM_089_Incense_Burner_Lid","유물/의례·불교 공예","사찰·유적·서사 공간 후보: 시대·용도·보상 역할 확인","이름·폴더 기반 추정","Assets/Korea_TreasureProps/Prefabs/SM_089_Incense_Burner_Lid.prefab","ea3641914d081aa438345b37b4099879",1,1,4858,4858,0,0,0,0,0,0.1022025,0.08616576,0.1001734,"Screenshots/AssetCatalog/Thumbnails/ea3641914d081aa438345b37b4099879.png","rendered"
1179,"prefab","Korea_TreasureProps","SM_090_Statue_of_the_Buddha","불상·도용·조각 · SM_090_Statue_of_the_Buddha","유물/불상·조각","사찰·유적·서사 공간 후보: 시대·용도·보상 역할 확인","이름·폴더 기반 추정","Assets/Korea_TreasureProps/Prefabs/SM_090_Statue_of_the_Buddha.prefab","f491ae8c643c9414ebbe3f268cccecef",1,1,6148,6148,0,0,0,0,0,0.08975259,0.1088851,0.08175413,"Screenshots/AssetCatalog/Thumbnails/f491ae8c643c9414ebbe3f268cccecef.png","rendered"
1180,"prefab","Korea_TreasureProps","SM_091_Sculpt","불상·도용·조각 · SM_091_Sculpt","유물/불상·조각","사찰·유적·서사 공간 후보: 시대·용도·보상 역할 확인","이름·폴더 기반 추정","Assets/Korea_TreasureProps/Prefabs/SM_091_Sculpt.prefab","d24768598757e5e428f4777cfa21f111",1,1,2612,2612,0,0,0,0,0,0.1073462,0.1301063,0.1006403,"Screenshots/AssetCatalog/Thumbnails/d24768598757e5e428f4777cfa21f111.png","rendered"
1181,"prefab","Korea_TreasureProps","SM_092_Incense_Burner","사리구·향로·의례 공예 · SM_092_Incense_Burner","유물/의례·불교 공예","사찰·유적·서사 공간 후보: 시대·용도·보상 역할 확인","이름·폴더 기반 추정","Assets/Korea_TreasureProps/Prefabs/SM_092_Incense_Burner.prefab","ab5fb2f33d92ab74890125b781e889a6",1,1,6464,6464,0,0,0,0,0,0.1207877,0.1197756,0.1224111,"Screenshots/AssetCatalog/Thumbnails/ab5fb2f33d92ab74890125b781e889a6.png","rendered"
1182,"prefab","Korea_TreasureProps","SM_092_Incense_Burner_Lid","사리구·향로·의례 공예 · SM_092_Incense_Burner_Lid","유물/의례·불교 공예","사찰·유적·서사 공간 후보: 시대·용도·보상 역할 확인","이름·폴더 기반 추정","Assets/Korea_TreasureProps/Prefabs/SM_092_Incense_Burner_Lid.prefab","07b682274c5d1cb47a2051d82be67d1a",1,1,5098,5098,0,0,0,0,0,0.06651717,0.07917656,0.06579696,"Screenshots/AssetCatalog/Thumbnails/07b682274c5d1cb47a2051d82be67d1a.png","rendered"
1183,"prefab","Korea_TreasureProps","SM_093_Bottle","병·항아리·잔·주전자 · SM_093_Bottle","유물/그릇·용기","사찰·유적·서사 공간 후보: 시대·용도·보상 역할 확인","이름·폴더 기반 추정","Assets/Korea_TreasureProps/Prefabs/SM_093_Bottle.prefab","4fa99ea9509441244b834dcc43f4cf7e",1,1,2494,2494,0,0,0,0,0,0.1554235,0.2500651,0.1552679,"Screenshots/AssetCatalog/Thumbnails/4fa99ea9509441244b834dcc43f4cf7e.png","rendered"
1184,"prefab","Korea_TreasureProps","SM_094_Incense_Burner","사리구·향로·의례 공예 · SM_094_Incense_Burner","유물/의례·불교 공예","사찰·유적·서사 공간 후보: 시대·용도·보상 역할 확인","이름·폴더 기반 추정","Assets/Korea_TreasureProps/Prefabs/SM_094_Incense_Burner.prefab","d08f7b2c293d35b4a97a4109d341eb8e",1,1,2632,2632,0,0,0,0,0,0.2014138,0.1052079,0.2018538,"Screenshots/AssetCatalog/Thumbnails/d08f7b2c293d35b4a97a4109d341eb8e.png","rendered"
1185,"prefab","Korea_TreasureProps","SM_094_Incense_Burner_Lid","사리구·향로·의례 공예 · SM_094_Incense_Burner_Lid","유물/의례·불교 공예","사찰·유적·서사 공간 후보: 시대·용도·보상 역할 확인","이름·폴더 기반 추정","Assets/Korea_TreasureProps/Prefabs/SM_094_Incense_Burner_Lid.prefab","f652dc035b20c8044ada221c9088ccdc",1,1,2572,2572,0,0,0,0,0,0.1475278,0.1283187,0.1161624,"Screenshots/AssetCatalog/Thumbnails/f652dc035b20c8044ada221c9088ccdc.png","rendered"
1186,"prefab","Korea_TreasureProps","SM_095_Incense_Burner","사리구·향로·의례 공예 · SM_095_Incense_Burner","유물/의례·불교 공예","사찰·유적·서사 공간 후보: 시대·용도·보상 역할 확인","이름·폴더 기반 추정","Assets/Korea_TreasureProps/Prefabs/SM_095_Incense_Burner.prefab","3cfe0e9c4f41236499742bf50c8bee3b",1,1,2436,2436,0,0,0,0,0,0.1818718,0.1040282,0.1825273,"Screenshots/AssetCatalog/Thumbnails/3cfe0e9c4f41236499742bf50c8bee3b.png","rendered"
1187,"prefab","Korea_TreasureProps","SM_095_Incense_Burner_Lid","사리구·향로·의례 공예 · SM_095_Incense_Burner_Lid","유물/의례·불교 공예","사찰·유적·서사 공간 후보: 시대·용도·보상 역할 확인","이름·폴더 기반 추정","Assets/Korea_TreasureProps/Prefabs/SM_095_Incense_Burner_Lid.prefab","43d65451637aef44ca4610de75b037e5",1,1,3718,3718,0,0,0,0,0,0.1466888,0.1394844,0.1420547,"Screenshots/AssetCatalog/Thumbnails/43d65451637aef44ca4610de75b037e5.png","rendered"
1188,"prefab","Korea_TreasureProps","SM_096_Incense_Burner","사리구·향로·의례 공예 · SM_096_Incense_Burner","유물/의례·불교 공예","사찰·유적·서사 공간 후보: 시대·용도·보상 역할 확인","이름·폴더 기반 추정","Assets/Korea_TreasureProps/Prefabs/SM_096_Incense_Burner.prefab","1d4a4d23f1636bf4597c4f1badb84a8e",1,1,2566,2566,0,0,0,0,0,0.1795171,0.1014654,0.1792678,"Screenshots/AssetCatalog/Thumbnails/1d4a4d23f1636bf4597c4f1badb84a8e.png","rendered"
1189,"prefab","Korea_TreasureProps","SM_096_Incense_Burner_Lid","사리구·향로·의례 공예 · SM_096_Incense_Burner_Lid","유물/의례·불교 공예","사찰·유적·서사 공간 후보: 시대·용도·보상 역할 확인","이름·폴더 기반 추정","Assets/Korea_TreasureProps/Prefabs/SM_096_Incense_Burner_Lid.prefab","667399811df365a458389ca05cca25ec",1,1,2568,2568,0,0,0,0,0,0.1456318,0.131561,0.1165503,"Screenshots/AssetCatalog/Thumbnails/667399811df365a458389ca05cca25ec.png","rendered"
1190,"prefab","Korea_TreasureProps","SM_097_Incense_Burner","사리구·향로·의례 공예 · SM_097_Incense_Burner","유물/의례·불교 공예","사찰·유적·서사 공간 후보: 시대·용도·보상 역할 확인","이름·폴더 기반 추정","Assets/Korea_TreasureProps/Prefabs/SM_097_Incense_Burner.prefab","0027f64857d272344a2bfea432d74a33",1,1,2596,2596,0,0,0,0,0,0.1589436,0.08324303,0.1585686,"Screenshots/AssetCatalog/Thumbnails/0027f64857d272344a2bfea432d74a33.png","rendered"
1191,"prefab","Korea_TreasureProps","SM_097_Incense_Burner_Lid","사리구·향로·의례 공예 · SM_097_Incense_Burner_Lid","유물/의례·불교 공예","사찰·유적·서사 공간 후보: 시대·용도·보상 역할 확인","이름·폴더 기반 추정","Assets/Korea_TreasureProps/Prefabs/SM_097_Incense_Burner_Lid.prefab","7d471928d67fea04fa3c514ba7a6c762",1,1,3810,3810,0,0,0,0,0,0.1166382,0.09707163,0.1158537,"Screenshots/AssetCatalog/Thumbnails/7d471928d67fea04fa3c514ba7a6c762.png","rendered"
1192,"prefab","Korea_TreasureProps","SM_098_Bottle","병·항아리·잔·주전자 · SM_098_Bottle","유물/그릇·용기","사찰·유적·서사 공간 후보: 시대·용도·보상 역할 확인","이름·폴더 기반 추정","Assets/Korea_TreasureProps/Prefabs/SM_098_Bottle.prefab","bc63f737f1ccf4546a16cfdd7ca9fc87",1,1,2562,2562,0,0,0,0,0,0.1943853,0.3951956,0.1951773,"Screenshots/AssetCatalog/Thumbnails/bc63f737f1ccf4546a16cfdd7ca9fc87.png","rendered"
1193,"prefab","Korea_TreasureProps","SM_099_Incense_Burner","사리구·향로·의례 공예 · SM_099_Incense_Burner","유물/의례·불교 공예","사찰·유적·서사 공간 후보: 시대·용도·보상 역할 확인","이름·폴더 기반 추정","Assets/Korea_TreasureProps/Prefabs/SM_099_Incense_Burner.prefab","942978f8770c6b146b642235b1810e8b",1,1,3770,3770,0,0,0,0,0,0.1115567,0.1129759,0.110726,"Screenshots/AssetCatalog/Thumbnails/942978f8770c6b146b642235b1810e8b.png","rendered"
1194,"prefab","Korea_TreasureProps","SM_099_Incense_Burner_Lid","사리구·향로·의례 공예 · SM_099_Incense_Burner_Lid","유물/의례·불교 공예","사찰·유적·서사 공간 후보: 시대·용도·보상 역할 확인","이름·폴더 기반 추정","Assets/Korea_TreasureProps/Prefabs/SM_099_Incense_Burner_Lid.prefab","7562fbeaa47a192499fb12df47bcc647",1,1,4216,4216,0,0,0,0,0,0.07425621,0.1025119,0.06631925,"Screenshots/AssetCatalog/Thumbnails/7562fbeaa47a192499fb12df47bcc647.png","rendered"
1195,"prefab","Korea_TreasureProps","SM_100_Statue_of_the_Buddha","불상·도용·조각 · SM_100_Statue_of_the_Buddha","유물/불상·조각","사찰·유적·서사 공간 후보: 시대·용도·보상 역할 확인","이름·폴더 기반 추정","Assets/Korea_TreasureProps/Prefabs/SM_100_Statue_of_the_Buddha.prefab","09d4c01728387514189abdb42b505b93",1,1,2428,2428,0,0,0,0,0,0.09604339,0.1535739,0.09076262,"Screenshots/AssetCatalog/Thumbnails/09d4c01728387514189abdb42b505b93.png","rendered"
1196,"prefab","Korea_TreasureProps","SM_101_Incense_Burner","사리구·향로·의례 공예 · SM_101_Incense_Burner","유물/의례·불교 공예","사찰·유적·서사 공간 후보: 시대·용도·보상 역할 확인","이름·폴더 기반 추정","Assets/Korea_TreasureProps/Prefabs/SM_101_Incense_Burner.prefab","8ef3d8997daac96408cb5e813684cf1b",1,1,3750,3750,0,0,0,0,0,0.1900128,0.1014153,0.1916273,"Screenshots/AssetCatalog/Thumbnails/8ef3d8997daac96408cb5e813684cf1b.png","rendered"
1197,"prefab","Korea_TreasureProps","SM_101_Incense_Burner_Lid","사리구·향로·의례 공예 · SM_101_Incense_Burner_Lid","유물/의례·불교 공예","사찰·유적·서사 공간 후보: 시대·용도·보상 역할 확인","이름·폴더 기반 추정","Assets/Korea_TreasureProps/Prefabs/SM_101_Incense_Burner_Lid.prefab","6ba7bdf0f838133478700c50e341214e",1,1,2502,2502,0,0,0,0,0,0.1674983,0.1405398,0.1332121,"Screenshots/AssetCatalog/Thumbnails/6ba7bdf0f838133478700c50e341214e.png","rendered"
1198,"prefab","Korea_TreasureProps","SM_102_A_Celadon_Doll","불상·도용·조각 · SM_102_A_Celadon_Doll","유물/불상·조각","사찰·유적·서사 공간 후보: 시대·용도·보상 역할 확인","이름·폴더 기반 추정","Assets/Korea_TreasureProps/Prefabs/SM_102_A_Celadon_Doll.prefab","032bf533825241a4dbcf315460b1c6ab",1,1,3802,3802,0,0,0,0,0,0.1459136,0.2623167,0.1474502,"Screenshots/AssetCatalog/Thumbnails/032bf533825241a4dbcf315460b1c6ab.png","rendered"
1199,"prefab","Korea_TreasureProps","SM_103_Statue_of_the_Buddha","불상·도용·조각 · SM_103_Statue_of_the_Buddha","유물/불상·조각","사찰·유적·서사 공간 후보: 시대·용도·보상 역할 확인","이름·폴더 기반 추정","Assets/Korea_TreasureProps/Prefabs/SM_103_Statue_of_the_Buddha.prefab","87f97447422f366449ee5c40757768b1",1,1,5160,5160,0,0,0,0,0,0.1040126,0.2061253,0.08247712,"Screenshots/AssetCatalog/Thumbnails/87f97447422f366449ee5c40757768b1.png","rendered"
1200,"prefab","Korea_TreasureProps","SM_104_A_Ceramic_Bottle","병·항아리·잔·주전자 · SM_104_A_Ceramic_Bottle","유물/그릇·용기","사찰·유적·서사 공간 후보: 시대·용도·보상 역할 확인","이름·폴더 기반 추정","Assets/Korea_TreasureProps/Prefabs/SM_104_A_Ceramic_Bottle.prefab","456ee06d5b80b6045b776d143a971d84",1,1,3782,3782,0,0,0,0,0,0.1196662,0.3121927,0.1189807,"Screenshots/AssetCatalog/Thumbnails/456ee06d5b80b6045b776d143a971d84.png","rendered"
1201,"prefab","Korea_TreasureProps","SM_105_Bottle","병·항아리·잔·주전자 · SM_105_Bottle","유물/그릇·용기","사찰·유적·서사 공간 후보: 시대·용도·보상 역할 확인","이름·폴더 기반 추정","Assets/Korea_TreasureProps/Prefabs/SM_105_Bottle.prefab","013bc0efa1631794fa0545dc3676155e",1,1,2482,2482,0,0,0,0,0,0.1409595,0.2459277,0.1434044,"Screenshots/AssetCatalog/Thumbnails/013bc0efa1631794fa0545dc3676155e.png","rendered"
1202,"prefab","Korea_TreasureProps","SM_106_Incense_Burner","사리구·향로·의례 공예 · SM_106_Incense_Burner","유물/의례·불교 공예","사찰·유적·서사 공간 후보: 시대·용도·보상 역할 확인","이름·폴더 기반 추정","Assets/Korea_TreasureProps/Prefabs/SM_106_Incense_Burner.prefab","3f9165a1239e4fc4c9e91326d2c7e1f7",1,1,3724,3724,0,0,0,0,0,0.1231404,0.1196233,0.1042514,"Screenshots/AssetCatalog/Thumbnails/3f9165a1239e4fc4c9e91326d2c7e1f7.png","rendered"
1203,"prefab","Korea_TreasureProps","SM_107_Bowl","병·항아리·잔·주전자 · SM_107_Bowl","유물/그릇·용기","사찰·유적·서사 공간 후보: 시대·용도·보상 역할 확인","이름·폴더 기반 추정","Assets/Korea_TreasureProps/Prefabs/SM_107_Bowl.prefab","198dcf819ed36ca489f20ed6c6a82b80",1,1,2468,2468,0,0,0,0,0,0.1978291,0.1249596,0.19463,"Screenshots/AssetCatalog/Thumbnails/198dcf819ed36ca489f20ed6c6a82b80.png","rendered"
1204,"prefab","Korea_TreasureProps","SM_107_Bowl_Lid","병·항아리·잔·주전자 · SM_107_Bowl_Lid","유물/그릇·용기","사찰·유적·서사 공간 후보: 시대·용도·보상 역할 확인","이름·폴더 기반 추정","Assets/Korea_TreasureProps/Prefabs/SM_107_Bowl_Lid.prefab","6273ee5dd2a32c64d8d3a0907cd644cb",1,1,1966,1966,0,0,0,0,0,0.1995547,0.1361726,0.2030727,"Screenshots/AssetCatalog/Thumbnails/6273ee5dd2a32c64d8d3a0907cd644cb.png","rendered"
1205,"prefab","Korea_TreasureProps","SM_108_Stationery","문방구·인장·기록물 · SM_108_Stationery","유물/문방·인장","사찰·유적·서사 공간 후보: 시대·용도·보상 역할 확인","이름·폴더 기반 추정","Assets/Korea_TreasureProps/Prefabs/SM_108_Stationery.prefab","9bda24386e33cfc4b9e1c881ee608467",1,1,2708,2708,0,0,0,0,0,0.1991461,0.1241214,0.08111753,"Screenshots/AssetCatalog/Thumbnails/9bda24386e33cfc4b9e1c881ee608467.png","rendered"
1206,"prefab","Korea_TreasureProps","SM_109_Silver_Cup","병·항아리·잔·주전자 · SM_109_Silver_Cup","유물/그릇·용기","사찰·유적·서사 공간 후보: 시대·용도·보상 역할 확인","이름·폴더 기반 추정","Assets/Korea_TreasureProps/Prefabs/SM_109_Silver_Cup.prefab","b8f2777dc1a5c97469730cf808f3049a",1,1,5946,5946,0,0,0,0,0,0.07784969,0.032196,0.07482775,"Screenshots/AssetCatalog/Thumbnails/b8f2777dc1a5c97469730cf808f3049a.png","rendered"
1207,"prefab","Korea_TreasureProps","SM_020_SaliguSet","사리구·향로·의례 공예 · SM_020_SaliguSet","유물/의례·불교 공예","사찰·유적·서사 공간 후보: 시대·용도·보상 역할 확인","이름·폴더 기반 추정","Assets/Korea_TreasureProps/Prefabs/Sets/SM_020_SaliguSet.prefab","e9ff563cca1a73a4ea3b6094a4292372",3,3,8252,8252,0,0,0,0,0,0.1381845,0.07284672,0.1371604,"Screenshots/AssetCatalog/Thumbnails/e9ff563cca1a73a4ea3b6094a4292372.png","rendered"
1208,"prefab","Korea_TreasureProps","SM_022_Saligu_001Set","사리구·향로·의례 공예 · SM_022_Saligu_001Set","유물/의례·불교 공예","사찰·유적·서사 공간 후보: 시대·용도·보상 역할 확인","이름·폴더 기반 추정","Assets/Korea_TreasureProps/Prefabs/Sets/SM_022_Saligu_001Set.prefab","931a66f0ec29acf4e8235a94446ee70d",2,2,7612,7612,0,0,0,0,0,0.06287798,0.03310683,0.06307191,"Screenshots/AssetCatalog/Thumbnails/931a66f0ec29acf4e8235a94446ee70d.png","rendered"
1209,"prefab","Korea_TreasureProps","SM_022_Saligu_002Set","사리구·향로·의례 공예 · SM_022_Saligu_002Set","유물/의례·불교 공예","사찰·유적·서사 공간 후보: 시대·용도·보상 역할 확인","이름·폴더 기반 추정","Assets/Korea_TreasureProps/Prefabs/Sets/SM_022_Saligu_002Set.prefab","9d58980e5f219b642834db5b5c61ef82",2,2,7502,7502,0,0,0,0,0,0.03858585,0.02253808,0.03829372,"Screenshots/AssetCatalog/Thumbnails/9d58980e5f219b642834db5b5c61ef82.png","rendered"
1210,"prefab","Korea_TreasureProps","SM_022_Saligu_003Set","사리구·향로·의례 공예 · SM_022_Saligu_003Set","유물/의례·불교 공예","사찰·유적·서사 공간 후보: 시대·용도·보상 역할 확인","이름·폴더 기반 추정","Assets/Korea_TreasureProps/Prefabs/Sets/SM_022_Saligu_003Set.prefab","3ea32fd7888b10945b111c12ae370bbf",2,2,8706,8706,0,0,0,0,0,0.03132598,0.01877513,0.03138906,"Screenshots/AssetCatalog/Thumbnails/3ea32fd7888b10945b111c12ae370bbf.png","rendered"
1211,"prefab","Korea_TreasureProps","SM_025_CupSet","병·항아리·잔·주전자 · SM_025_CupSet","유물/그릇·용기","사찰·유적·서사 공간 후보: 시대·용도·보상 역할 확인","이름·폴더 기반 추정","Assets/Korea_TreasureProps/Prefabs/Sets/SM_025_CupSet.prefab","04c382941e5d801468de1debdabef02f",3,3,21064,21064,0,0,0,0,0,0.1947943,0.1397846,0.1955874,"Screenshots/AssetCatalog/Thumbnails/04c382941e5d801468de1debdabef02f.png","rendered"
1212,"prefab","Korea_TreasureProps","SM_039_PotSet","병·항아리·잔·주전자 · SM_039_PotSet","유물/그릇·용기","사찰·유적·서사 공간 후보: 시대·용도·보상 역할 확인","이름·폴더 기반 추정","Assets/Korea_TreasureProps/Prefabs/Sets/SM_039_PotSet.prefab","86a0723943bb47b4bacb55f04aa326b4",2,2,12507,12507,0,0,0,0,0,0.1464643,0.169072,0.1459932,"Screenshots/AssetCatalog/Thumbnails/86a0723943bb47b4bacb55f04aa326b4.png","rendered"
1213,"prefab","Korea_TreasureProps","SM_045_Incense_BurnerSet","사리구·향로·의례 공예 · SM_045_Incense_BurnerSet","유물/의례·불교 공예","사찰·유적·서사 공간 후보: 시대·용도·보상 역할 확인","이름·폴더 기반 추정","Assets/Korea_TreasureProps/Prefabs/Sets/SM_045_Incense_BurnerSet.prefab","d67ed50c0e9fa1e468bc2b903c4d7c0a",2,2,7000,7000,0,0,0,0,0,0.2394933,0.2388298,0.2358669,"Screenshots/AssetCatalog/Thumbnails/d67ed50c0e9fa1e468bc2b903c4d7c0a.png","rendered"
1214,"prefab","Korea_TreasureProps","SM_058_CupSet","병·항아리·잔·주전자 · SM_058_CupSet","유물/그릇·용기","사찰·유적·서사 공간 후보: 시대·용도·보상 역할 확인","이름·폴더 기반 추정","Assets/Korea_TreasureProps/Prefabs/Sets/SM_058_CupSet.prefab","4f29c325ed2916e40bb7e2ecab0abdcd",2,2,8504,8504,0,0,0,0,0,0.1650063,0.1268105,0.1560426,"Screenshots/AssetCatalog/Thumbnails/4f29c325ed2916e40bb7e2ecab0abdcd.png","rendered"
1215,"prefab","Korea_TreasureProps","SM_065_BowlSet","병·항아리·잔·주전자 · SM_065_BowlSet","유물/그릇·용기","사찰·유적·서사 공간 후보: 시대·용도·보상 역할 확인","이름·폴더 기반 추정","Assets/Korea_TreasureProps/Prefabs/Sets/SM_065_BowlSet.prefab","7db024166310b6d44b75cc7ecc308d9a",2,2,7442,7442,0,0,0,0,0,0.2394272,0.1908449,0.2404844,"Screenshots/AssetCatalog/Thumbnails/7db024166310b6d44b75cc7ecc308d9a.png","rendered"
1216,"prefab","Korea_TreasureProps","SM_069_Incense_BurnerSet","사리구·향로·의례 공예 · SM_069_Incense_BurnerSet","유물/의례·불교 공예","사찰·유적·서사 공간 후보: 시대·용도·보상 역할 확인","이름·폴더 기반 추정","Assets/Korea_TreasureProps/Prefabs/Sets/SM_069_Incense_BurnerSet.prefab","7bba53377dbebdb4c8bd299a65401867",2,2,5218,5218,0,0,0,0,0,0.1558114,0.2151353,0.1580518,"Screenshots/AssetCatalog/Thumbnails/7bba53377dbebdb4c8bd299a65401867.png","rendered"
1217,"prefab","Korea_TreasureProps","SM_078_KettleSet","병·항아리·잔·주전자 · SM_078_KettleSet","유물/그릇·용기","사찰·유적·서사 공간 후보: 시대·용도·보상 역할 확인","이름·폴더 기반 추정","Assets/Korea_TreasureProps/Prefabs/Sets/SM_078_KettleSet.prefab","eccca4f3daf5f3b4abe314ad6f91414f",2,2,6804,6804,0,0,0,0,0,0.1412705,0.2433155,0.224602,"Screenshots/AssetCatalog/Thumbnails/eccca4f3daf5f3b4abe314ad6f91414f.png","rendered"
1218,"prefab","Korea_TreasureProps","SM_079_BowlSet","병·항아리·잔·주전자 · SM_079_BowlSet","유물/그릇·용기","사찰·유적·서사 공간 후보: 시대·용도·보상 역할 확인","이름·폴더 기반 추정","Assets/Korea_TreasureProps/Prefabs/Sets/SM_079_BowlSet.prefab","2b78ec92a205d0a4e9c19b50b03c98dd",2,2,5086,5086,0,0,0,0,0,0.08373541,0.09119616,0.08403558,"Screenshots/AssetCatalog/Thumbnails/2b78ec92a205d0a4e9c19b50b03c98dd.png","rendered"
1219,"prefab","Korea_TreasureProps","SM_080_A_Ceramic_BottleSet","병·항아리·잔·주전자 · SM_080_A_Ceramic_BottleSet","유물/그릇·용기","사찰·유적·서사 공간 후보: 시대·용도·보상 역할 확인","이름·폴더 기반 추정","Assets/Korea_TreasureProps/Prefabs/Sets/SM_080_A_Ceramic_BottleSet.prefab","5411ca0dedc7d144aa389692b38f1808",2,2,3772,3772,0,0,0,0,0,0.2297895,0.3753138,0.2292137,"Screenshots/AssetCatalog/Thumbnails/5411ca0dedc7d144aa389692b38f1808.png","rendered"
1220,"prefab","Korea_TreasureProps","SM_083_KettleSet","병·항아리·잔·주전자 · SM_083_KettleSet","유물/그릇·용기","사찰·유적·서사 공간 후보: 시대·용도·보상 역할 확인","이름·폴더 기반 추정","Assets/Korea_TreasureProps/Prefabs/Sets/SM_083_KettleSet.prefab","62f28c6ec54ee1344a5a5b837836b81e",2,2,4380,4380,0,0,0,0,0,0.2209924,0.2330658,0.1498738,"Screenshots/AssetCatalog/Thumbnails/62f28c6ec54ee1344a5a5b837836b81e.png","rendered"
1221,"prefab","Korea_TreasureProps","SM_086_KettleSet","병·항아리·잔·주전자 · SM_086_KettleSet","유물/그릇·용기","사찰·유적·서사 공간 후보: 시대·용도·보상 역할 확인","이름·폴더 기반 추정","Assets/Korea_TreasureProps/Prefabs/Sets/SM_086_KettleSet.prefab","071b1a70438c4e54993e943aa8dc6e87",2,2,7350,7350,0,0,0,0,0,0.1950973,0.2685394,0.1441743,"Screenshots/AssetCatalog/Thumbnails/071b1a70438c4e54993e943aa8dc6e87.png","rendered"
1222,"prefab","Korea_TreasureProps","SM_088_Incense_BurnerSet","사리구·향로·의례 공예 · SM_088_Incense_BurnerSet","유물/의례·불교 공예","사찰·유적·서사 공간 후보: 시대·용도·보상 역할 확인","이름·폴더 기반 추정","Assets/Korea_TreasureProps/Prefabs/Sets/SM_088_Incense_BurnerSet.prefab","948007e90251bfc4eb47cc6cb1171cbb",2,2,10662,10662,0,0,0,0,0,0.1168436,0.1578836,0.1276496,"Screenshots/AssetCatalog/Thumbnails/948007e90251bfc4eb47cc6cb1171cbb.png","rendered"
1223,"prefab","Korea_TreasureProps","SM_089_Incense_BurnerSet","사리구·향로·의례 공예 · SM_089_Incense_BurnerSet","유물/의례·불교 공예","사찰·유적·서사 공간 후보: 시대·용도·보상 역할 확인","이름·폴더 기반 추정","Assets/Korea_TreasureProps/Prefabs/Sets/SM_089_Incense_BurnerSet.prefab","c123326f20d18ee47a674727fa37c389",2,2,8620,8620,0,0,0,0,0,0.1612572,0.165183,0.1599238,"Screenshots/AssetCatalog/Thumbnails/c123326f20d18ee47a674727fa37c389.png","rendered"
1224,"prefab","Korea_TreasureProps","SM_092_Incense_BurnerSet","사리구·향로·의례 공예 · SM_092_Incense_BurnerSet","유물/의례·불교 공예","사찰·유적·서사 공간 후보: 시대·용도·보상 역할 확인","이름·폴더 기반 추정","Assets/Korea_TreasureProps/Prefabs/Sets/SM_092_Incense_BurnerSet.prefab","4e2473613d678dd4685b0a2b329bfc24",2,2,11562,11562,0,0,0,0,0,0.1207877,0.1874448,0.1224111,"Screenshots/AssetCatalog/Thumbnails/4e2473613d678dd4685b0a2b329bfc24.png","rendered"
1225,"prefab","Korea_TreasureProps","SM_094_Incense_BurnerSet","사리구·향로·의례 공예 · SM_094_Incense_BurnerSet","유물/의례·불교 공예","사찰·유적·서사 공간 후보: 시대·용도·보상 역할 확인","이름·폴더 기반 추정","Assets/Korea_TreasureProps/Prefabs/Sets/SM_094_Incense_BurnerSet.prefab","410a9e69ccb8ed44f9dc366e5a2ddd7c",2,2,5204,5204,0,0,0,0,0,0.2014138,0.2267368,0.2018538,"Screenshots/AssetCatalog/Thumbnails/410a9e69ccb8ed44f9dc366e5a2ddd7c.png","rendered"
1226,"prefab","Korea_TreasureProps","SM_095_Incense_BurnerSet","사리구·향로·의례 공예 · SM_095_Incense_BurnerSet","유물/의례·불교 공예","사찰·유적·서사 공간 후보: 시대·용도·보상 역할 확인","이름·폴더 기반 추정","Assets/Korea_TreasureProps/Prefabs/Sets/SM_095_Incense_BurnerSet.prefab","cfdde07dc4af2aa4c93c180db0fe9a1b",2,2,6154,6154,0,0,0,0,0,0.1818718,0.2388752,0.1825273,"Screenshots/AssetCatalog/Thumbnails/cfdde07dc4af2aa4c93c180db0fe9a1b.png","rendered"
1227,"prefab","Korea_TreasureProps","SM_096_Incense_BurnerSet","사리구·향로·의례 공예 · SM_096_Incense_BurnerSet","유물/의례·불교 공예","사찰·유적·서사 공간 후보: 시대·용도·보상 역할 확인","이름·폴더 기반 추정","Assets/Korea_TreasureProps/Prefabs/Sets/SM_096_Incense_BurnerSet.prefab","82b6159cdd3033f45ac2ce4f0ced4732",2,2,5134,5134,0,0,0,0,0,0.1795171,0.2282002,0.1792678,"Screenshots/AssetCatalog/Thumbnails/82b6159cdd3033f45ac2ce4f0ced4732.png","rendered"
1228,"prefab","Korea_TreasureProps","SM_097_Incense_BurnerSet","사리구·향로·의례 공예 · SM_097_Incense_BurnerSet","유물/의례·불교 공예","사찰·유적·서사 공간 후보: 시대·용도·보상 역할 확인","이름·폴더 기반 추정","Assets/Korea_TreasureProps/Prefabs/Sets/SM_097_Incense_BurnerSet.prefab","5b2198b89b3470b47b40726addf7820a",2,2,6406,6406,0,0,0,0,0,0.1589436,0.1769437,0.1585686,"Screenshots/AssetCatalog/Thumbnails/5b2198b89b3470b47b40726addf7820a.png","rendered"
1229,"prefab","Korea_TreasureProps","SM_099_Incense_BurnerSet","사리구·향로·의례 공예 · SM_099_Incense_BurnerSet","유물/의례·불교 공예","사찰·유적·서사 공간 후보: 시대·용도·보상 역할 확인","이름·폴더 기반 추정","Assets/Korea_TreasureProps/Prefabs/Sets/SM_099_Incense_BurnerSet.prefab","d410d47ffddbc3a4f841ece15b5f8334",2,2,7986,7986,0,0,0,0,0,0.1115565,0.1998261,0.1107261,"Screenshots/AssetCatalog/Thumbnails/d410d47ffddbc3a4f841ece15b5f8334.png","rendered"
1230,"prefab","Korea_TreasureProps","SM_101_Incense_BurnerSet","사리구·향로·의례 공예 · SM_101_Incense_BurnerSet","유물/의례·불교 공예","사찰·유적·서사 공간 후보: 시대·용도·보상 역할 확인","이름·폴더 기반 추정","Assets/Korea_TreasureProps/Prefabs/Sets/SM_101_Incense_BurnerSet.prefab","e84d72cf4fe7cd24bbbe8783b1f3daa2",2,2,6252,6252,0,0,0,0,0,0.1900128,0.2384457,0.1916273,"Screenshots/AssetCatalog/Thumbnails/e84d72cf4fe7cd24bbbe8783b1f3daa2.png","rendered"
1231,"prefab","Korea_TreasureProps","SM_107_BowlSet","병·항아리·잔·주전자 · SM_107_BowlSet","유물/그릇·용기","사찰·유적·서사 공간 후보: 시대·용도·보상 역할 확인","이름·폴더 기반 추정","Assets/Korea_TreasureProps/Prefabs/Sets/SM_107_BowlSet.prefab","257243be425682f4c94201beaeb8d7ce",2,2,4434,4434,0,0,0,0,0,0.1995547,0.2461948,0.2030727,"Screenshots/AssetCatalog/Thumbnails/257243be425682f4c94201beaeb8d7ce.png","rendered"
1232,"prefab","KoreanTraditionalFestival","SM_BaeghogiFlag","깃발·깃대·부속 · SM_BaeghogiFlag","생활 소품/깃발","주막·역참·마을 후보: 실제 크기·생활 용도·시대 및 수묵 재질 확인","이름·폴더 기반 추정","Assets/KoreanTraditionalFestival/Prefabs/SM_BaeghogiFlag.prefab","abc00000000012669197557308873451",4,4,8870,4601,1,0,0,0,0,2.842304,5.673979,0.3719853,"Screenshots/AssetCatalog/Thumbnails/abc00000000012669197557308873451.png","rendered"
1233,"prefab","KoreanTraditionalFestival","SM_BalchaeSaddle","소 길마·안장·부리망 · SM_BalchaeSaddle","도구·무기/농업·운반","농가·마을·창고 후보: 작업 흔적과 운반 동선에 맞춰 배치","이름·폴더 기반 추정","Assets/KoreanTraditionalFestival/Prefabs/SM_BalchaeSaddle.prefab","abc00000000003446179661455726328",4,4,23588,13224,1,0,0,0,0,1.230716,0.4326532,1.308759,"Screenshots/AssetCatalog/Thumbnails/abc00000000003446179661455726328.png","rendered"
1234,"prefab","KoreanTraditionalFestival","SM_BanggatHat","삿갓·짚신·우장 · SM_BanggatHat","복식/의복·모자","배치 보류: 정적 장식/리깅/애니메이션 지원과 시대 적합성 확인","이름·폴더 기반 추정","Assets/KoreanTraditionalFestival/Prefabs/SM_BanggatHat.prefab","abc00000000014726666296624326884",4,4,10080,5042,1,0,0,0,0,0.4455513,0.2635172,0.4455791,"Screenshots/AssetCatalog/Thumbnails/abc00000000014726666296624326884.png","rendered"
1235,"prefab","KoreanTraditionalFestival","SM_Basket","바구니·용기·생활 도구 · SM_Basket","생활 소품/생활 도구","주막·역참·마을 후보: 실제 크기·생활 용도·시대 및 수묵 재질 확인","이름·폴더 기반 추정","Assets/KoreanTraditionalFestival/Prefabs/SM_Basket.prefab","abc00000000014816668280188628447",4,4,7683,4104,1,0,0,0,0,0.2929612,0.1306449,0.2153251,"Screenshots/AssetCatalog/Thumbnails/abc00000000014816668280188628447.png","rendered"
1236,"prefab","KoreanTraditionalFestival","SM_BulimangMuzzle","소 길마·안장·부리망 · SM_BulimangMuzzle","도구·무기/농업·운반","농가·마을·창고 후보: 작업 흔적과 운반 동선에 맞춰 배치","이름·폴더 기반 추정","Assets/KoreanTraditionalFestival/Prefabs/SM_BulimangMuzzle.prefab","abc00000000009922821627602327051",4,4,25382,14952,1,0,0,0,0,0.3091931,0.2077681,0.4802495,"Screenshots/AssetCatalog/Thumbnails/abc00000000009922821627602327051.png","rendered"
1237,"prefab","KoreanTraditionalFestival","SM_CarrierCushion","밧줄·멍석·깔개 · SM_CarrierCushion","생활 소품/짚·직물","주막·역참·마을 후보: 실제 크기·생활 용도·시대 및 수묵 재질 확인","이름·폴더 기반 추정","Assets/KoreanTraditionalFestival/Prefabs/SM_CarrierCushion.prefab","abc00000000001186727420086967668",4,4,7316,3902,1,0,0,0,0,0.2881594,0.6544026,0.08381917,"Screenshots/AssetCatalog/Thumbnails/abc00000000001186727420086967668.png","rendered"
1238,"prefab","KoreanTraditionalFestival","SM_CheonglyonggiFlag","깃발·깃대·부속 · SM_CheonglyonggiFlag","생활 소품/깃발","주막·역참·마을 후보: 실제 크기·생활 용도·시대 및 수묵 재질 확인","이름·폴더 기반 추정","Assets/KoreanTraditionalFestival/Prefabs/SM_CheonglyonggiFlag.prefab","abc00000000010097277526959275748",4,4,8891,4645,1,0,0,0,0,2.834963,5.635568,0.3964145,"Screenshots/AssetCatalog/Thumbnails/abc00000000010097277526959275748.png","rendered"
1239,"prefab","KoreanTraditionalFestival","SM_ClothExcellency","전통 의복·구성 부품 · SM_ClothExcellency","복식/의복·모자","배치 보류: 정적 장식/리깅/애니메이션 지원과 시대 적합성 확인","이름·폴더 기반 추정","Assets/KoreanTraditionalFestival/Prefabs/SM_ClothExcellency.prefab","abc00000000013966068447828953061",4,4,29896,16288,1,0,0,0,0,1.1157,1.956141,0.4359593,"Screenshots/AssetCatalog/Thumbnails/abc00000000013966068447828953061.png","rendered"
1240,"prefab","KoreanTraditionalFestival","SM_ClothExcellency_Bot","전통 의복·구성 부품 · SM_ClothExcellency_Bot","복식/의복·모자","배치 보류: 정적 장식/리깅/애니메이션 지원과 시대 적합성 확인","이름·폴더 기반 추정","Assets/KoreanTraditionalFestival/Prefabs/SM_ClothExcellency_Bot.prefab","abc00000000000530279435772670751",4,4,5657,3023,1,0,0,0,0,0.5109008,1.083544,0.3686334,"Screenshots/AssetCatalog/Thumbnails/abc00000000000530279435772670751.png","rendered"
1241,"prefab","KoreanTraditionalFestival","SM_ClothExcellency_Hat","전통 의복·구성 부품 · SM_ClothExcellency_Hat","복식/의복·모자","배치 보류: 정적 장식/리깅/애니메이션 지원과 시대 적합성 확인","이름·폴더 기반 추정","Assets/KoreanTraditionalFestival/Prefabs/SM_ClothExcellency_Hat.prefab","abc00000000000281116060973541295",4,4,7623,4336,1,0,0,0,0,0.3671467,0.3228321,0.2524415,"Screenshots/AssetCatalog/Thumbnails/abc00000000000281116060973541295.png","rendered"
1242,"prefab","KoreanTraditionalFestival","SM_ClothExcellency_Tobacco","전통 의복·구성 부품 · SM_ClothExcellency_Tobacco","복식/의복·모자","배치 보류: 정적 장식/리깅/애니메이션 지원과 시대 적합성 확인","이름·폴더 기반 추정","Assets/KoreanTraditionalFestival/Prefabs/SM_ClothExcellency_Tobacco.prefab","abc00000000000308809767026278105",4,4,2822,1438,1,0,0,0,0,0.03517925,0.06191578,0.7616443,"Screenshots/AssetCatalog/Thumbnails/abc00000000000308809767026278105.png","rendered"
1243,"prefab","KoreanTraditionalFestival","SM_ClothExcellency_Top","전통 의복·구성 부품 · SM_ClothExcellency_Top","복식/의복·모자","배치 보류: 정적 장식/리깅/애니메이션 지원과 시대 적합성 확인","이름·폴더 기반 추정","Assets/KoreanTraditionalFestival/Prefabs/SM_ClothExcellency_Top.prefab","abc00000000011887608029861199489",4,4,16616,8929,1,0,0,0,0,1.1157,0.7760262,0.4359593,"Screenshots/AssetCatalog/Thumbnails/abc00000000011887608029861199489.png","rendered"
1244,"prefab","KoreanTraditionalFestival","SM_ClothWhite","전통 의복·구성 부품 · SM_ClothWhite","복식/의복·모자","배치 보류: 정적 장식/리깅/애니메이션 지원과 시대 적합성 확인","이름·폴더 기반 추정","Assets/KoreanTraditionalFestival/Prefabs/SM_ClothWhite.prefab","abc00000000012358083239165068530",4,4,40032,21350,1,0,0,0,0,0.8857878,1.574935,0.3838022,"Screenshots/AssetCatalog/Thumbnails/abc00000000012358083239165068530.png","rendered"
1245,"prefab","KoreanTraditionalFestival","SM_ClothWhite_Bot","전통 의복·구성 부품 · SM_ClothWhite_Bot","복식/의복·모자","배치 보류: 정적 장식/리깅/애니메이션 지원과 시대 적합성 확인","이름·폴더 기반 추정","Assets/KoreanTraditionalFestival/Prefabs/SM_ClothWhite_Bot.prefab","abc00000000012477133464276998024",4,4,18816,10035,1,0,0,0,0,0.4348298,0.9879527,0.2797682,"Screenshots/AssetCatalog/Thumbnails/abc00000000012477133464276998024.png","rendered"
1246,"prefab","KoreanTraditionalFestival","SM_ClothWhite_Hat","전통 의복·구성 부품 · SM_ClothWhite_Hat","복식/의복·모자","배치 보류: 정적 장식/리깅/애니메이션 지원과 시대 적합성 확인","이름·폴더 기반 추정","Assets/KoreanTraditionalFestival/Prefabs/SM_ClothWhite_Hat.prefab","abc00000000002801129005776585684",4,4,3802,2028,1,0,0,0,0,0.2579113,0.4617751,0.2961376,"Screenshots/AssetCatalog/Thumbnails/abc00000000002801129005776585684.png","rendered"
1247,"prefab","KoreanTraditionalFestival","SM_ClothWhite_Top","전통 의복·구성 부품 · SM_ClothWhite_Top","복식/의복·모자","배치 보류: 정적 장식/리깅/애니메이션 지원과 시대 적합성 확인","이름·폴더 기반 추정","Assets/KoreanTraditionalFestival/Prefabs/SM_ClothWhite_Top.prefab","abc00000000010999381594969387486",4,4,17413,9287,1,0,0,0,0,0.8839051,0.6474085,0.3450093,"Screenshots/AssetCatalog/Thumbnails/abc00000000010999381594969387486.png","rendered"
1248,"prefab","KoreanTraditionalFestival","SM_ClothYellow","전통 의복·구성 부품 · SM_ClothYellow","복식/의복·모자","배치 보류: 정적 장식/리깅/애니메이션 지원과 시대 적합성 확인","이름·폴더 기반 추정","Assets/KoreanTraditionalFestival/Prefabs/SM_ClothYellow.prefab","abc00000000004629681967426688379",4,4,41848,25295,1,0,0,0,0,0.9632287,1.668975,0.3804949,"Screenshots/AssetCatalog/Thumbnails/abc00000000004629681967426688379.png","rendered"
1249,"prefab","KoreanTraditionalFestival","SM_ClothYellow_Bot","전통 의복·구성 부품 · SM_ClothYellow_Bot","복식/의복·모자","배치 보류: 정적 장식/리깅/애니메이션 지원과 시대 적합성 확인","이름·폴더 기반 추정","Assets/KoreanTraditionalFestival/Prefabs/SM_ClothYellow_Bot.prefab","abc00000000007335296110004897121",4,4,20230,12357,1,0,0,0,0,0.4409268,1.068376,0.3115192,"Screenshots/AssetCatalog/Thumbnails/abc00000000007335296110004897121.png","rendered"
1250,"prefab","KoreanTraditionalFestival","SM_ClothYellow_Hat","전통 의복·구성 부품 · SM_ClothYellow_Hat","복식/의복·모자","배치 보류: 정적 장식/리깅/애니메이션 지원과 시대 적합성 확인","이름·폴더 기반 추정","Assets/KoreanTraditionalFestival/Prefabs/SM_ClothYellow_Hat.prefab","abc00000000005679188508222804465",4,4,3849,2472,1,0,0,0,0,0.2391885,0.3617461,0.2856658,"Screenshots/AssetCatalog/Thumbnails/abc00000000005679188508222804465.png","rendered"
1251,"prefab","KoreanTraditionalFestival","SM_ClothYellow_Top","전통 의복·구성 부품 · SM_ClothYellow_Top","복식/의복·모자","배치 보류: 정적 장식/리깅/애니메이션 지원과 시대 적합성 확인","이름·폴더 기반 추정","Assets/KoreanTraditionalFestival/Prefabs/SM_ClothYellow_Top.prefab","abc00000000008259492765220163271",4,4,17770,10466,1,0,0,0,0,0.9632287,0.7196596,0.3583426,"Screenshots/AssetCatalog/Thumbnails/abc00000000008259492765220163271.png","rendered"
1252,"prefab","KoreanTraditionalFestival","SM_Cow","소 모델 · SM_Cow","생물/가축","배치 보류: 정적 장식/리깅/애니메이션 지원과 시대 적합성 확인","이름·폴더 기반 추정","Assets/KoreanTraditionalFestival/Prefabs/SM_Cow.prefab","abc00000000004949269514267785514",4,4,13968,7468,1,0,0,0,0,0.7626083,1.451806,2.236574,"Screenshots/AssetCatalog/Thumbnails/abc00000000004949269514267785514.png","rendered"
1253,"prefab","KoreanTraditionalFestival","SM_CucurbitBucket","바구니·용기·생활 도구 · SM_CucurbitBucket","생활 소품/생활 도구","주막·역참·마을 후보: 실제 크기·생활 용도·시대 및 수묵 재질 확인","이름·폴더 기반 추정","Assets/KoreanTraditionalFestival/Prefabs/SM_CucurbitBucket.prefab","abc00000000001155110386165676488",4,4,7714,4164,1,0,0,0,0,0.4405395,0.092795,0.2042581,"Screenshots/AssetCatalog/Thumbnails/abc00000000001155110386165676488.png","rendered"
1254,"prefab","KoreanTraditionalFestival","SM_DeungsagiFlag","깃발·깃대·부속 · SM_DeungsagiFlag","생활 소품/깃발","주막·역참·마을 후보: 실제 크기·생활 용도·시대 및 수묵 재질 확인","이름·폴더 기반 추정","Assets/KoreanTraditionalFestival/Prefabs/SM_DeungsagiFlag.prefab","abc00000000003898723362054094750",4,4,8787,4633,1,0,0,0,0,2.834512,5.635568,0.3496573,"Screenshots/AssetCatalog/Thumbnails/abc00000000003898723362054094750.png","rendered"
1255,"prefab","KoreanTraditionalFestival","SM_DosjaliMat","밧줄·멍석·깔개 · SM_DosjaliMat","생활 소품/짚·직물","주막·역참·마을 후보: 실제 크기·생활 용도·시대 및 수묵 재질 확인","이름·폴더 기반 추정","Assets/KoreanTraditionalFestival/Prefabs/SM_DosjaliMat.prefab","abc00000000006346853038660012299",4,4,6006,3844,1,0,0,0,0,2.618498,0.08150915,1.47774,"Screenshots/AssetCatalog/Thumbnails/abc00000000006346853038660012299.png","rendered"
1256,"prefab","KoreanTraditionalFestival","SM_DulegiFlag1","깃발·깃대·부속 · SM_DulegiFlag1","생활 소품/깃발","주막·역참·마을 후보: 실제 크기·생활 용도·시대 및 수묵 재질 확인","이름·폴더 기반 추정","Assets/KoreanTraditionalFestival/Prefabs/SM_DulegiFlag1.prefab","abc00000000006930579664699018560",4,4,9404,4998,1,0,0,0,0,0.8980451,5.512298,0.2257311,"Screenshots/AssetCatalog/Thumbnails/abc00000000006930579664699018560.png","rendered"
1257,"prefab","KoreanTraditionalFestival","SM_DulegiFlag2","깃발·깃대·부속 · SM_DulegiFlag2","생활 소품/깃발","주막·역참·마을 후보: 실제 크기·생활 용도·시대 및 수묵 재질 확인","이름·폴더 기반 추정","Assets/KoreanTraditionalFestival/Prefabs/SM_DulegiFlag2.prefab","abc00000000005179651027766669259",4,4,9384,4997,1,0,0,0,0,0.9865873,5.512297,0.282869,"Screenshots/AssetCatalog/Thumbnails/abc00000000005179651027766669259.png","rendered"
1258,"prefab","KoreanTraditionalFestival","SM_DuteuleCushion","밧줄·멍석·깔개 · SM_DuteuleCushion","생활 소품/짚·직물","주막·역참·마을 후보: 실제 크기·생활 용도·시대 및 수묵 재질 확인","이름·폴더 기반 추정","Assets/KoreanTraditionalFestival/Prefabs/SM_DuteuleCushion.prefab","abc00000000003135778143356199456",4,4,9370,4998,1,0,0,0,0,0.442627,0.6837372,0.07181277,"Screenshots/AssetCatalog/Thumbnails/abc00000000003135778143356199456.png","rendered"
1259,"prefab","KoreanTraditionalFestival","SM_EggBag","바구니·용기·생활 도구 · SM_EggBag","생활 소품/생활 도구","주막·역참·마을 후보: 실제 크기·생활 용도·시대 및 수묵 재질 확인","이름·폴더 기반 추정","Assets/KoreanTraditionalFestival/Prefabs/SM_EggBag.prefab","abc00000000009094473745562106330",4,4,14129,7811,1,0,0,0,0,0.7579267,0.8435243,0.4851072,"Screenshots/AssetCatalog/Thumbnails/abc00000000009094473745562106330.png","rendered"
1260,"prefab","KoreanTraditionalFestival","SM_Flail","농기구·운반구 · SM_Flail","도구·무기/농업·운반","농가·마을·창고 후보: 작업 흔적과 운반 동선에 맞춰 배치","이름·폴더 기반 추정","Assets/KoreanTraditionalFestival/Prefabs/SM_Flail.prefab","abc00000000009700013693853274127",4,4,10398,5207,1,0,0,0,0,0.3144147,2.052355,0.1072415,"Screenshots/AssetCatalog/Thumbnails/abc00000000009700013693853274127.png","rendered"
1261,"prefab","KoreanTraditionalFestival","SM_FoodMesh","쌀·식량 · SM_FoodMesh","생활 소품/식량","농가·마을·창고 후보: 작업 흔적과 운반 동선에 맞춰 배치","이름·폴더 기반 추정","Assets/KoreanTraditionalFestival/Prefabs/SM_FoodMesh.prefab","abc00000000010399809417423340634",1,1,617,617,1,0,0,0,0,0.3738319,0.05261724,0.6691405,"Screenshots/AssetCatalog/Thumbnails/abc00000000010399809417423340634.png","rendered"
1262,"prefab","KoreanTraditionalFestival","SM_FrameCarrier","농기구·운반구 · SM_FrameCarrier","도구·무기/농업·운반","농가·마을·창고 후보: 작업 흔적과 운반 동선에 맞춰 배치","이름·폴더 기반 추정","Assets/KoreanTraditionalFestival/Prefabs/SM_FrameCarrier.prefab","abc00000000005320125488343672436",4,4,112168,59824,1,0,0,0,0,2.124841,2.404071,1.974448,"Screenshots/AssetCatalog/Thumbnails/abc00000000005320125488343672436.png","rendered"
1263,"prefab","KoreanTraditionalFestival","SM_GalaeRope","밧줄·멍석·깔개 · SM_GalaeRope","생활 소품/짚·직물","주막·역참·마을 후보: 실제 크기·생활 용도·시대 및 수묵 재질 확인","이름·폴더 기반 추정","Assets/KoreanTraditionalFestival/Prefabs/SM_GalaeRope.prefab","abc00000000016974054493613474541",4,4,9373,4996,1,0,0,0,0,0.3799625,0.3050078,0.2295917,"Screenshots/AssetCatalog/Thumbnails/abc00000000016974054493613474541.png","rendered"
1264,"prefab","KoreanTraditionalFestival","SM_GalaeShovel","농기구·운반구 · SM_GalaeShovel","도구·무기/농업·운반","농가·마을·창고 후보: 작업 흔적과 운반 동선에 맞춰 배치","이름·폴더 기반 추정","Assets/KoreanTraditionalFestival/Prefabs/SM_GalaeShovel.prefab","abc00000000003935274318991282404",4,4,8943,5003,1,0,0,0,0,1.78163,2.687573,0.4112029,"Screenshots/AssetCatalog/Thumbnails/abc00000000003935274318991282404.png","rendered"
1265,"prefab","KoreanTraditionalFestival","SM_GalaeShovel_NoRope","농기구·운반구 · SM_GalaeShovel_NoRope","도구·무기/농업·운반","농가·마을·창고 후보: 작업 흔적과 운반 동선에 맞춰 배치","이름·폴더 기반 추정","Assets/KoreanTraditionalFestival/Prefabs/SM_GalaeShovel_NoRope.prefab","abc00000000004645173051328024214",1,1,420,420,1,0,0,0,0,0.2551202,2.666871,0.05366017,"Screenshots/AssetCatalog/Thumbnails/abc00000000004645173051328024214.png","rendered"
1266,"prefab","KoreanTraditionalFestival","SM_GilmaSaddle","소 길마·안장·부리망 · SM_GilmaSaddle","도구·무기/농업·운반","농가·마을·창고 후보: 작업 흔적과 운반 동선에 맞춰 배치","이름·폴더 기반 추정","Assets/KoreanTraditionalFestival/Prefabs/SM_GilmaSaddle.prefab","abc00000000017116837728742199116",4,4,18517,9906,1,0,0,0,0,1.096064,0.6536723,0.762385,"Screenshots/AssetCatalog/Thumbnails/abc00000000017116837728742199116.png","rendered"
1267,"prefab","KoreanTraditionalFestival","SM_GomulaeRake","농기구·운반구 · SM_GomulaeRake","도구·무기/농업·운반","농가·마을·창고 후보: 작업 흔적과 운반 동선에 맞춰 배치","이름·폴더 기반 추정","Assets/KoreanTraditionalFestival/Prefabs/SM_GomulaeRake.prefab","abc00000000001487812851080265066",4,4,6892,3658,1,0,0,0,0,0.5171083,1.938081,0.2677403,"Screenshots/AssetCatalog/Thumbnails/abc00000000001487812851080265066.png","rendered"
1268,"prefab","KoreanTraditionalFestival","SM_Hamper","바구니·용기·생활 도구 · SM_Hamper","생활 소품/생활 도구","주막·역참·마을 후보: 실제 크기·생활 용도·시대 및 수묵 재질 확인","이름·폴더 기반 추정","Assets/KoreanTraditionalFestival/Prefabs/SM_Hamper.prefab","abc00000000005376421810735002258",4,4,6030,3312,1,0,0,0,0,0.3944359,0.09359003,0.3952775,"Screenshots/AssetCatalog/Thumbnails/abc00000000005376421810735002258.png","rendered"
1269,"prefab","KoreanTraditionalFestival","SM_Haystack","모·볏단·건초·허수아비 · SM_Haystack","생활 소품/농경","농가·마을·창고 후보: 작업 흔적과 운반 동선에 맞춰 배치","이름·폴더 기반 추정","Assets/KoreanTraditionalFestival/Prefabs/SM_Haystack.prefab","abc00000000002971028636968524287",4,4,68002,48885,1,0,0,0,0,1.884822,2.112509,1.851349,"Screenshots/AssetCatalog/Thumbnails/abc00000000002971028636968524287.png","rendered"
1270,"prefab","KoreanTraditionalFestival","SM_HyeonmugiFlag","깃발·깃대·부속 · SM_HyeonmugiFlag","생활 소품/깃발","주막·역참·마을 후보: 실제 크기·생활 용도·시대 및 수묵 재질 확인","이름·폴더 기반 추정","Assets/KoreanTraditionalFestival/Prefabs/SM_HyeonmugiFlag.prefab","abc00000000008658664164131974082",4,4,8856,4607,1,0,0,0,0,2.834963,5.671478,0.4175003,"Screenshots/AssetCatalog/Thumbnails/abc00000000008658664164131974082.png","rendered"
1271,"prefab","KoreanTraditionalFestival","SM_JaenggiPlow","농기구·운반구 · SM_JaenggiPlow","도구·무기/농업·운반","농가·마을·창고 후보: 작업 흔적과 운반 동선에 맞춰 배치","이름·폴더 기반 추정","Assets/KoreanTraditionalFestival/Prefabs/SM_JaenggiPlow.prefab","abc00000000006694537808965132136",4,4,19835,9995,1,0,0,0,0,1.139674,1.264835,4.814755,"Screenshots/AssetCatalog/Thumbnails/abc00000000006694537808965132136.png","rendered"
1272,"prefab","KoreanTraditionalFestival","SM_JeolguThresher","농기구·운반구 · SM_JeolguThresher","도구·무기/농업·운반","농가·마을·창고 후보: 작업 흔적과 운반 동선에 맞춰 배치","이름·폴더 기반 추정","Assets/KoreanTraditionalFestival/Prefabs/SM_JeolguThresher.prefab","abc00000000007453133445091300180",4,4,12858,7194,1,0,0,0,0,0.7999334,0.3751131,0.4115211,"Screenshots/AssetCatalog/Thumbnails/abc00000000007453133445091300180.png","rendered"
1273,"prefab","KoreanTraditionalFestival","SM_JolongtaegiBag","바구니·용기·생활 도구 · SM_JolongtaegiBag","생활 소품/생활 도구","주막·역참·마을 후보: 실제 크기·생활 용도·시대 및 수묵 재질 확인","이름·폴더 기반 추정","Assets/KoreanTraditionalFestival/Prefabs/SM_JolongtaegiBag.prefab","abc00000000014442842805753041546",4,4,9524,4987,1,0,0,0,0,0.4116447,0.3250817,0.5939168,"Screenshots/AssetCatalog/Thumbnails/abc00000000014442842805753041546.png","rendered"
1274,"prefab","KoreanTraditionalFestival","SM_JonggalaeShovel","농기구·운반구 · SM_JonggalaeShovel","도구·무기/농업·운반","농가·마을·창고 후보: 작업 흔적과 운반 동선에 맞춰 배치","이름·폴더 기반 추정","Assets/KoreanTraditionalFestival/Prefabs/SM_JonggalaeShovel.prefab","abc00000000012286023261961425124",4,1,7472,1868,1,0,0,0,0,0.2292712,1.364516,0.04182298,"Screenshots/AssetCatalog/Thumbnails/abc00000000012286023261961425124.png","rendered"
1275,"prefab","KoreanTraditionalFestival","SM_JujaggiFlag","깃발·깃대·부속 · SM_JujaggiFlag","생활 소품/깃발","주막·역참·마을 후보: 실제 크기·생활 용도·시대 및 수묵 재질 확인","이름·폴더 기반 추정","Assets/KoreanTraditionalFestival/Prefabs/SM_JujaggiFlag.prefab","abc00000000006787403695415131718",4,4,8891,4645,1,0,0,0,0,2.834963,5.635568,0.3964145,"Screenshots/AssetCatalog/Thumbnails/abc00000000006787403695415131718.png","rendered"
1276,"prefab","KoreanTraditionalFestival","SM_KoreanHandPlow","농기구·운반구 · SM_KoreanHandPlow","도구·무기/농업·운반","농가·마을·창고 후보: 작업 흔적과 운반 동선에 맞춰 배치","이름·폴더 기반 추정","Assets/KoreanTraditionalFestival/Prefabs/SM_KoreanHandPlow.prefab","abc00000000010143809698281688688",4,4,5420,2902,1,0,0,0,0,0.3611323,0.6585264,0.2120937,"Screenshots/AssetCatalog/Thumbnails/abc00000000010143809698281688688.png","rendered"
1277,"prefab","KoreanTraditionalFestival","SM_LineFan","바구니·용기·생활 도구 · SM_LineFan","생활 소품/생활 도구","주막·역참·마을 후보: 실제 크기·생활 용도·시대 및 수묵 재질 확인","이름·폴더 기반 추정","Assets/KoreanTraditionalFestival/Prefabs/SM_LineFan.prefab","abc00000000005867910821400615466",4,4,4206,2280,1,0,0,0,0,0.7360098,0.8137118,0.09030543,"Screenshots/AssetCatalog/Thumbnails/abc00000000005867910821400615466.png","rendered"
1278,"prefab","KoreanTraditionalFestival","SM_MeHammer","농기구·운반구 · SM_MeHammer","도구·무기/농업·운반","농가·마을·창고 후보: 작업 흔적과 운반 동선에 맞춰 배치","이름·폴더 기반 추정","Assets/KoreanTraditionalFestival/Prefabs/SM_MeHammer.prefab","abc00000000015244271523250826613",4,4,7306,3872,1,0,0,0,0,0.1566928,0.8001548,0.2191389,"Screenshots/AssetCatalog/Thumbnails/abc00000000015244271523250826613.png","rendered"
1279,"prefab","KoreanTraditionalFestival","SM_MeongseogMat","밧줄·멍석·깔개 · SM_MeongseogMat","생활 소품/짚·직물","주막·역참·마을 후보: 실제 크기·생활 용도·시대 및 수묵 재질 확인","이름·폴더 기반 추정","Assets/KoreanTraditionalFestival/Prefabs/SM_MeongseogMat.prefab","abc00000000010555817081341017141",4,4,9233,4980,1,0,0,0,0,1.780707,0.3434276,1.487303,"Screenshots/AssetCatalog/Thumbnails/abc00000000010555817081341017141.png","rendered"
1280,"prefab","KoreanTraditionalFestival","SM_MildaeMop","농기구·운반구 · SM_MildaeMop","도구·무기/농업·운반","농가·마을·창고 후보: 작업 흔적과 운반 동선에 맞춰 배치","이름·폴더 기반 추정","Assets/KoreanTraditionalFestival/Prefabs/SM_MildaeMop.prefab","abc00000000007880152178428759523",4,4,6246,3426,1,0,0,0,0,0.9685818,1.421213,0.2216612,"Screenshots/AssetCatalog/Thumbnails/abc00000000007880152178428759523.png","rendered"
1281,"prefab","KoreanTraditionalFestival","SM_Mortar","농기구·운반구 · SM_Mortar","도구·무기/농업·운반","농가·마을·창고 후보: 작업 흔적과 운반 동선에 맞춰 배치","이름·폴더 기반 추정","Assets/KoreanTraditionalFestival/Prefabs/SM_Mortar.prefab","abc00000000017116659000863689338",4,4,5316,2836,1,0,0,0,0,0.3832986,0.4673187,0.3712366,"Screenshots/AssetCatalog/Thumbnails/abc00000000017116659000863689338.png","rendered"
1282,"prefab","KoreanTraditionalFestival","SM_PanaebagLadle","바구니·용기·생활 도구 · SM_PanaebagLadle","생활 소품/생활 도구","주막·역참·마을 후보: 실제 크기·생활 용도·시대 및 수묵 재질 확인","이름·폴더 기반 추정","Assets/KoreanTraditionalFestival/Prefabs/SM_PanaebagLadle.prefab","abc00000000000943978545598862188",4,4,8032,3844,1,0,0,0,0,0.309398,1.683501,0.1444839,"Screenshots/AssetCatalog/Thumbnails/abc00000000000943978545598862188.png","rendered"
1283,"prefab","KoreanTraditionalFestival","SM_Pestle","농기구·운반구 · SM_Pestle","도구·무기/농업·운반","농가·마을·창고 후보: 작업 흔적과 운반 동선에 맞춰 배치","이름·폴더 기반 추정","Assets/KoreanTraditionalFestival/Prefabs/SM_Pestle.prefab","abc00000000007800431914654668408",4,4,3326,1774,1,0,0,0,0,0.0662581,0.916022,0.06098215,"Screenshots/AssetCatalog/Thumbnails/abc00000000007800431914654668408.png","rendered"
1284,"prefab","KoreanTraditionalFestival","SM_PullCar","농기구·운반구 · SM_PullCar","도구·무기/농업·운반","농가·마을·창고 후보: 작업 흔적과 운반 동선에 맞춰 배치","이름·폴더 기반 추정","Assets/KoreanTraditionalFestival/Prefabs/SM_PullCar.prefab","abc00000000018221663858939926926",4,4,18028,9820,1,0,0,0,0,0.8535804,0.09550271,1.539636,"Screenshots/AssetCatalog/Thumbnails/abc00000000018221663858939926926.png","rendered"
1285,"prefab","KoreanTraditionalFestival","SM_Rake","농기구·운반구 · SM_Rake","도구·무기/농업·운반","농가·마을·창고 후보: 작업 흔적과 운반 동선에 맞춰 배치","이름·폴더 기반 추정","Assets/KoreanTraditionalFestival/Prefabs/SM_Rake.prefab","abc00000000017414439783156927218",4,4,8758,5120,1,0,0,0,0,0.4801802,1.522882,0.1030103,"Screenshots/AssetCatalog/Thumbnails/abc00000000017414439783156927218.png","rendered"
1286,"prefab","KoreanTraditionalFestival","SM_Rice","쌀·식량 · SM_Rice","생활 소품/식량","농가·마을·창고 후보: 작업 흔적과 운반 동선에 맞춰 배치","이름·폴더 기반 추정","Assets/KoreanTraditionalFestival/Prefabs/SM_Rice.prefab","abc00000000013161085867161175106",4,4,62421,32798,1,0,0,0,0,1.143074,0.4990063,0.5756992,"Screenshots/AssetCatalog/Thumbnails/abc00000000013161085867161175106.png","rendered"
1287,"prefab","KoreanTraditionalFestival","SM_RiceBale","쌀·식량 · SM_RiceBale","생활 소품/식량","농가·마을·창고 후보: 작업 흔적과 운반 동선에 맞춰 배치","이름·폴더 기반 추정","Assets/KoreanTraditionalFestival/Prefabs/SM_RiceBale.prefab","abc00000000002077850200073275196",4,4,8802,4770,1,0,0,0,0,0.7639812,0.1329043,0.9064612,"Screenshots/AssetCatalog/Thumbnails/abc00000000002077850200073275196.png","rendered"
1288,"prefab","KoreanTraditionalFestival","SM_RiceSeedlings","모·볏단·건초·허수아비 · SM_RiceSeedlings","생활 소품/농경","농가·마을·창고 후보: 작업 흔적과 운반 동선에 맞춰 배치","이름·폴더 기반 추정","Assets/KoreanTraditionalFestival/Prefabs/SM_RiceSeedlings.prefab","abc00000000011553488786405132428",4,4,16501,8764,1,0,0,0,0,1.134422,0.3282592,0.503085,"Screenshots/AssetCatalog/Thumbnails/abc00000000011553488786405132428.png","rendered"
1289,"prefab","KoreanTraditionalFestival","SM_Rope","밧줄·멍석·깔개 · SM_Rope","생활 소품/짚·직물","주막·역참·마을 후보: 실제 크기·생활 용도·시대 및 수묵 재질 확인","이름·폴더 기반 추정","Assets/KoreanTraditionalFestival/Prefabs/SM_Rope.prefab","abc00000000006616280512868145969",4,4,14701,7418,1,0,0,0,0,0.3708402,0.5584473,0.1367226,"Screenshots/AssetCatalog/Thumbnails/abc00000000006616280512868145969.png","rendered"
1290,"prefab","KoreanTraditionalFestival","SM_SackOfRice","쌀·식량 · SM_SackOfRice","생활 소품/식량","농가·마을·창고 후보: 작업 흔적과 운반 동선에 맞춰 배치","이름·폴더 기반 추정","Assets/KoreanTraditionalFestival/Prefabs/SM_SackOfRice.prefab","abc00000000008926930875721294059",4,4,9420,5000,1,0,0,0,0,1.137964,0.9340177,0.536423,"Screenshots/AssetCatalog/Thumbnails/abc00000000008926930875721294059.png","rendered"
1291,"prefab","KoreanTraditionalFestival","SM_SamtaegiTray","바구니·용기·생활 도구 · SM_SamtaegiTray","생활 소품/생활 도구","주막·역참·마을 후보: 실제 크기·생활 용도·시대 및 수묵 재질 확인","이름·폴더 기반 추정","Assets/KoreanTraditionalFestival/Prefabs/SM_SamtaegiTray.prefab","abc00000000017953238995047107888",4,4,5623,3070,1,0,0,0,0,0.5621983,0.3148087,0.6294572,"Screenshots/AssetCatalog/Thumbnails/abc00000000017953238995047107888.png","rendered"
1292,"prefab","KoreanTraditionalFestival","SM_Scale","바구니·용기·생활 도구 · SM_Scale","생활 소품/생활 도구","주막·역참·마을 후보: 실제 크기·생활 용도·시대 및 수묵 재질 확인","이름·폴더 기반 추정","Assets/KoreanTraditionalFestival/Prefabs/SM_Scale.prefab","abc00000000003316506913000425601",4,4,9808,4976,1,0,0,0,0,1.731862,1.001161,1.316943,"Screenshots/AssetCatalog/Thumbnails/abc00000000003316506913000425601.png","rendered"
1293,"prefab","KoreanTraditionalFestival","SM_Scarecrow","모·볏단·건초·허수아비 · SM_Scarecrow","생활 소품/농경","농가·마을·창고 후보: 작업 흔적과 운반 동선에 맞춰 배치","이름·폴더 기반 추정","Assets/KoreanTraditionalFestival/Prefabs/SM_Scarecrow.prefab","abc00000000000983476385271188806",4,4,50375,27374,1,0,0,0,0,1.116287,1.730923,0.3736261,"Screenshots/AssetCatalog/Thumbnails/abc00000000000983476385271188806.png","rendered"
1294,"prefab","KoreanTraditionalFestival","SM_SheafOfRice","모·볏단·건초·허수아비 · SM_SheafOfRice","생활 소품/농경","농가·마을·창고 후보: 작업 흔적과 운반 동선에 맞춰 배치","이름·폴더 기반 추정","Assets/KoreanTraditionalFestival/Prefabs/SM_SheafOfRice.prefab","abc00000000002406279526183785784",4,4,9092,4998,1,0,0,0,0,0.7955409,0.464465,1.896523,"Screenshots/AssetCatalog/Thumbnails/abc00000000002406279526183785784.png","rendered"
1295,"prefab","KoreanTraditionalFestival","SM_Sickle","농기구·운반구 · SM_Sickle","도구·무기/농업·운반","농가·마을·창고 후보: 작업 흔적과 운반 동선에 맞춰 배치","이름·폴더 기반 추정","Assets/KoreanTraditionalFestival/Prefabs/SM_Sickle.prefab","abc00000000002256369067539421562",4,4,4507,2242,1,0,0,0,0,0.2996392,0.5238143,0.05107365,"Screenshots/AssetCatalog/Thumbnails/abc00000000002256369067539421562.png","rendered"
1296,"prefab","KoreanTraditionalFestival","SM_SorghumBroom","농기구·운반구 · SM_SorghumBroom","도구·무기/농업·운반","농가·마을·창고 후보: 작업 흔적과 운반 동선에 맞춰 배치","이름·폴더 기반 추정","Assets/KoreanTraditionalFestival/Prefabs/SM_SorghumBroom.prefab","abc00000000010264811468563923591",4,4,9696,5100,1,0,0,0,0,0.6739922,0.8658631,0.1434696,"Screenshots/AssetCatalog/Thumbnails/abc00000000010264811468563923591.png","rendered"
1297,"prefab","KoreanTraditionalFestival","SM_SseolaeHarrow","농기구·운반구 · SM_SseolaeHarrow","도구·무기/농업·운반","농가·마을·창고 후보: 작업 흔적과 운반 동선에 맞춰 배치","이름·폴더 기반 추정","Assets/KoreanTraditionalFestival/Prefabs/SM_SseolaeHarrow.prefab","abc00000000010267023527243604788",4,4,15603,7953,1,0,0,0,0,1.865066,1.078179,3.802746,"Screenshots/AssetCatalog/Thumbnails/abc00000000010267023527243604788.png","rendered"
1298,"prefab","KoreanTraditionalFestival","SM_StrawShoes_01","삿갓·짚신·우장 · SM_StrawShoes_01","복식/의복·모자","배치 보류: 정적 장식/리깅/애니메이션 지원과 시대 적합성 확인","이름·폴더 기반 추정","Assets/KoreanTraditionalFestival/Prefabs/SM_StrawShoes_01.prefab","abc00000000013972429272070329332",4,4,9510,4992,1,0,0,0,0,0.4376258,0.08682137,0.2787957,"Screenshots/AssetCatalog/Thumbnails/abc00000000013972429272070329332.png","rendered"
1299,"prefab","KoreanTraditionalFestival","SM_StrawShoes_02","삿갓·짚신·우장 · SM_StrawShoes_02","복식/의복·모자","배치 보류: 정적 장식/리깅/애니메이션 지원과 시대 적합성 확인","이름·폴더 기반 추정","Assets/KoreanTraditionalFestival/Prefabs/SM_StrawShoes_02.prefab","abc00000000008837194419309653775",4,4,19020,9984,1,0,0,0,0,0.561905,0.10695,0.3093188,"Screenshots/AssetCatalog/Thumbnails/abc00000000008837194419309653775.png","rendered"
1300,"prefab","KoreanTraditionalFestival","SM_Thresher","농기구·운반구 · SM_Thresher","도구·무기/농업·운반","농가·마을·창고 후보: 작업 흔적과 운반 동선에 맞춰 배치","이름·폴더 기반 추정","Assets/KoreanTraditionalFestival/Prefabs/SM_Thresher.prefab","abc00000000008582227322961181130",4,4,9226,4892,1,0,0,0,0,0.7458418,0.4906632,0.8309238,"Screenshots/AssetCatalog/Thumbnails/abc00000000008582227322961181130.png","rendered"
1301,"prefab","KoreanTraditionalFestival","SM_ThreshingFan","농기구·운반구 · SM_ThreshingFan","도구·무기/농업·운반","농가·마을·창고 후보: 작업 흔적과 운반 동선에 맞춰 배치","이름·폴더 기반 추정","Assets/KoreanTraditionalFestival/Prefabs/SM_ThreshingFan.prefab","abc00000000016366520824606571212",4,4,9952,5327,1,0,0,0,0,0.9193036,0.09711885,2.062047,"Screenshots/AssetCatalog/Thumbnails/abc00000000016366520824606571212.png","rendered"
1302,"prefab","KoreanTraditionalFestival","SM_Torch","등롱·촛대·횃불 · SM_Torch","생활 소품/등기구","주막·안식 지점: 원본 복구 후 의미광·발광 상한 별도 적용","이름·폴더 기반 추정","Assets/KoreanTraditionalFestival/Prefabs/SM_Torch.prefab","abc00000000018002750285062753789",4,4,9649,5496,1,0,0,0,0,0.1142601,1.094533,0.08956214,"Screenshots/AssetCatalog/Thumbnails/abc00000000018002750285062753789.png","rendered"
1303,"prefab","KoreanTraditionalFestival","SM_TownFlag1","깃발·깃대·부속 · SM_TownFlag1","생활 소품/깃발","주막·역참·마을 후보: 실제 크기·생활 용도·시대 및 수묵 재질 확인","이름·폴더 기반 추정","Assets/KoreanTraditionalFestival/Prefabs/SM_TownFlag1.prefab","abc00000000011659131672705900464",4,4,9375,4997,1,0,0,0,0,0.7867888,4.069722,0.2019104,"Screenshots/AssetCatalog/Thumbnails/abc00000000011659131672705900464.png","rendered"
1304,"prefab","KoreanTraditionalFestival","SM_TownFlag2","깃발·깃대·부속 · SM_TownFlag2","생활 소품/깃발","주막·역참·마을 후보: 실제 크기·생활 용도·시대 및 수묵 재질 확인","이름·폴더 기반 추정","Assets/KoreanTraditionalFestival/Prefabs/SM_TownFlag2.prefab","abc00000000006811409684513766843",4,4,9403,5003,1,0,0,0,0,0.8013865,4.069722,0.1818884,"Screenshots/AssetCatalog/Thumbnails/abc00000000006811409684513766843.png","rendered"
1305,"prefab","KoreanTraditionalFestival","SM_TownFlag3","깃발·깃대·부속 · SM_TownFlag3","생활 소품/깃발","주막·역참·마을 후보: 실제 크기·생활 용도·시대 및 수묵 재질 확인","이름·폴더 기반 추정","Assets/KoreanTraditionalFestival/Prefabs/SM_TownFlag3.prefab","abc00000000013721314313777286130",4,4,9387,4997,1,0,0,0,0,0.7867888,4.069722,0.2019105,"Screenshots/AssetCatalog/Thumbnails/abc00000000013721314313777286130.png","rendered"
1306,"prefab","KoreanTraditionalFestival","SM_TownFlag4","깃발·깃대·부속 · SM_TownFlag4","생활 소품/깃발","주막·역참·마을 후보: 실제 크기·생활 용도·시대 및 수묵 재질 확인","이름·폴더 기반 추정","Assets/KoreanTraditionalFestival/Prefabs/SM_TownFlag4.prefab","abc00000000007105351663165769669",4,4,9375,4999,1,0,0,0,0,0.8013865,4.069722,0.1901096,"Screenshots/AssetCatalog/Thumbnails/abc00000000007105351663165769669.png","rendered"
1307,"prefab","KoreanTraditionalFestival","SM_Tray","바구니·용기·생활 도구 · SM_Tray","생활 소품/생활 도구","주막·역참·마을 후보: 실제 크기·생활 용도·시대 및 수묵 재질 확인","이름·폴더 기반 추정","Assets/KoreanTraditionalFestival/Prefabs/SM_Tray.prefab","abc00000000004945992678648590341",4,4,9644,5080,1,0,0,0,0,0.3463952,0.04842272,0.3483926,"Screenshots/AssetCatalog/Thumbnails/abc00000000004945992678648590341.png","rendered"
1308,"prefab","KoreanTraditionalFestival","SM_TtwaliPedestal","밧줄·멍석·깔개 · SM_TtwaliPedestal","생활 소품/짚·직물","주막·역참·마을 후보: 실제 크기·생활 용도·시대 및 수묵 재질 확인","이름·폴더 기반 추정","Assets/KoreanTraditionalFestival/Prefabs/SM_TtwaliPedestal.prefab","abc00000000013634560452668747450",4,4,9359,4974,1,0,0,0,0,0.5415651,0.0859995,0.4260693,"Screenshots/AssetCatalog/Thumbnails/abc00000000013634560452668747450.png","rendered"
1309,"prefab","KoreanTraditionalFestival","SM_TtwalitaeRope","밧줄·멍석·깔개 · SM_TtwalitaeRope","생활 소품/짚·직물","주막·역참·마을 후보: 실제 크기·생활 용도·시대 및 수묵 재질 확인","이름·폴더 기반 추정","Assets/KoreanTraditionalFestival/Prefabs/SM_TtwalitaeRope.prefab","abc00000000016890408946562648606",4,4,9110,4922,1,0,0,0,0,0.7801499,0.09035116,0.4522619,"Screenshots/AssetCatalog/Thumbnails/abc00000000016890408946562648606.png","rendered"
1310,"prefab","KoreanTraditionalFestival","SM_UjangRaincoat","삿갓·짚신·우장 · SM_UjangRaincoat","복식/의복·모자","배치 보류: 정적 장식/리깅/애니메이션 지원과 시대 적합성 확인","이름·폴더 기반 추정","Assets/KoreanTraditionalFestival/Prefabs/SM_UjangRaincoat.prefab","abc00000000009342618628550006055",4,4,14909,8456,1,0,0,0,0,1.161393,0.1659846,0.9615844,"Screenshots/AssetCatalog/Thumbnails/abc00000000009342618628550006055.png","rendered"
1311,"prefab","KoreanTraditionalFestival","SM_Winnower","농기구·운반구 · SM_Winnower","도구·무기/농업·운반","농가·마을·창고 후보: 작업 흔적과 운반 동선에 맞춰 배치","이름·폴더 기반 추정","Assets/KoreanTraditionalFestival/Prefabs/SM_Winnower.prefab","abc00000000003415571290693129402",4,4,10192,5600,1,0,0,0,0,0.733448,0.1728731,0.7890182,"Screenshots/AssetCatalog/Thumbnails/abc00000000003415571290693129402.png","rendered"
1312,"prefab","KoreanTraditionalFestival","SM_YeonggiFlag1","깃발·깃대·부속 · SM_YeonggiFlag1","생활 소품/깃발","주막·역참·마을 후보: 실제 크기·생활 용도·시대 및 수묵 재질 확인","이름·폴더 기반 추정","Assets/KoreanTraditionalFestival/Prefabs/SM_YeonggiFlag1.prefab","abc00000000002729139527967468666",4,4,6132,3704,1,0,0,0,0,0.8417915,1.448264,0.1453779,"Screenshots/AssetCatalog/Thumbnails/abc00000000002729139527967468666.png","rendered"
1313,"prefab","KoreanTraditionalFestival","SM_YeonggiFlag2","깃발·깃대·부속 · SM_YeonggiFlag2","생활 소품/깃발","주막·역참·마을 후보: 실제 크기·생활 용도·시대 및 수묵 재질 확인","이름·폴더 기반 추정","Assets/KoreanTraditionalFestival/Prefabs/SM_YeonggiFlag2.prefab","abc00000000012201011779688651777",4,4,6558,3956,1,0,0,0,0,0.8660699,1.470384,0.1156437,"Screenshots/AssetCatalog/Thumbnails/abc00000000012201011779688651777.png","rendered"
1314,"prefab","KoreanTraditionalFestival","SM_YongduleLadle","농기구·운반구 · SM_YongduleLadle","도구·무기/농업·운반","농가·마을·창고 후보: 작업 흔적과 운반 동선에 맞춰 배치","이름·폴더 기반 추정","Assets/KoreanTraditionalFestival/Prefabs/SM_YongduleLadle.prefab","abc00000000017437672381125045570",4,4,18646,9554,1,0,0,0,0,2.415212,3.187405,1.830799,"Screenshots/AssetCatalog/Thumbnails/abc00000000017437672381125045570.png","rendered"
1315,"prefab","KoreanTraditionalFestival","SM_YongduleLadle_Base","농기구·운반구 · SM_YongduleLadle_Base","도구·무기/농업·운반","농가·마을·창고 후보: 작업 흔적과 운반 동선에 맞춰 배치","이름·폴더 기반 추정","Assets/KoreanTraditionalFestival/Prefabs/SM_YongduleLadle_Base.prefab","abc00000000002259801416433994178",4,4,5344,3040,1,0,0,0,0,1.831734,3.183768,1.607621,"Screenshots/AssetCatalog/Thumbnails/abc00000000002259801416433994178.png","rendered"
1316,"prefab","KoreanTraditionalFestival","SM_YongduleLadle_Ladle","농기구·운반구 · SM_YongduleLadle_Ladle","도구·무기/농업·운반","농가·마을·창고 후보: 작업 흔적과 운반 동선에 맞춰 배치","이름·폴더 기반 추정","Assets/KoreanTraditionalFestival/Prefabs/SM_YongduleLadle_Ladle.prefab","abc00000000017148392203036890929",4,4,532,284,1,0,0,0,0,2.574077,0.2655262,0.4610561,"Screenshots/AssetCatalog/Thumbnails/abc00000000017148392203036890929.png","rendered"
1317,"prefab","SeyeonjeongPavilion","Plane","Plane · 육안 확인 필요","미분류/육안 확인","보류: 추가 각도·형상 확인 후 역할 결정","육안 확인","Assets/SeyeonjeongPavilion/Prefabs/Plane.prefab","abc00000000014843807687975283571",1,0,0,0,1,0,1,0,0,0,0,0,"Screenshots/AssetCatalog/Thumbnails/abc00000000014843807687975283571.png","FAIL: InvalidOperationException: No renderable geometry"
1318,"prefab","SeyeonjeongPavilion","SM_AphanantheAspera_Fall_1","수목·계절 변형 · SM_AphanantheAspera_Fall_1","식생/수목","산길·마을·정원: 수종·계절·잎 알파·양면·LOD 확인","이름·폴더 기반 추정","Assets/SeyeonjeongPavilion/Prefabs/SM_AphanantheAspera_Fall_1.prefab","abc00000000016076734300413569270",4,4,110873,59132,1,0,0,0,0,14.56071,16.11768,21.35808,"Screenshots/AssetCatalog/Thumbnails/abc00000000016076734300413569270.png","rendered"
1319,"prefab","SeyeonjeongPavilion","SM_AphanantheAspera_Fall_2","수목·계절 변형 · SM_AphanantheAspera_Fall_2","식생/수목","산길·마을·정원: 수종·계절·잎 알파·양면·LOD 확인","이름·폴더 기반 추정","Assets/SeyeonjeongPavilion/Prefabs/SM_AphanantheAspera_Fall_2.prefab","abc00000000010953965446453868765",4,4,111664,59554,1,0,0,0,0,19.918,18.40896,19.65251,"Screenshots/AssetCatalog/Thumbnails/abc00000000010953965446453868765.png","rendered"
1320,"prefab","SeyeonjeongPavilion","SM_AphanantheAspera_Spring_1","수목·계절 변형 · SM_AphanantheAspera_Spring_1","식생/수목","산길·마을·정원: 수종·계절·잎 알파·양면·LOD 확인","이름·폴더 기반 추정","Assets/SeyeonjeongPavilion/Prefabs/SM_AphanantheAspera_Spring_1.prefab","abc00000000018335152442822826374",4,4,110873,59132,1,0,0,0,0,14.56073,16.11768,21.35808,"Screenshots/AssetCatalog/Thumbnails/abc00000000018335152442822826374.png","rendered"
1321,"prefab","SeyeonjeongPavilion","SM_AphanantheAspera_Spring_2","수목·계절 변형 · SM_AphanantheAspera_Spring_2","식생/수목","산길·마을·정원: 수종·계절·잎 알파·양면·LOD 확인","이름·폴더 기반 추정","Assets/SeyeonjeongPavilion/Prefabs/SM_AphanantheAspera_Spring_2.prefab","abc00000000007132596741735718893",4,4,111664,59554,1,0,0,0,0,19.918,18.40896,19.6525,"Screenshots/AssetCatalog/Thumbnails/abc00000000007132596741735718893.png","rendered"
1322,"prefab","SeyeonjeongPavilion","SM_AphanantheAspera_Summer_1","수목·계절 변형 · SM_AphanantheAspera_Summer_1","식생/수목","산길·마을·정원: 수종·계절·잎 알파·양면·LOD 확인","이름·폴더 기반 추정","Assets/SeyeonjeongPavilion/Prefabs/SM_AphanantheAspera_Summer_1.prefab","abc00000000014635615168855697958",4,4,110873,59132,1,0,0,0,0,14.56072,16.11768,21.35808,"Screenshots/AssetCatalog/Thumbnails/abc00000000014635615168855697958.png","rendered"
1323,"prefab","SeyeonjeongPavilion","SM_AphanantheAspera_Summer_2","수목·계절 변형 · SM_AphanantheAspera_Summer_2","식생/수목","산길·마을·정원: 수종·계절·잎 알파·양면·LOD 확인","이름·폴더 기반 추정","Assets/SeyeonjeongPavilion/Prefabs/SM_AphanantheAspera_Summer_2.prefab","abc00000000003188176237981878157",4,4,111664,59554,1,0,0,0,0,19.918,18.40896,19.6525,"Screenshots/AssetCatalog/Thumbnails/abc00000000003188176237981878157.png","rendered"
1324,"prefab","SeyeonjeongPavilion","SM_AphanantheAspera_Winter_1","수목·계절 변형 · SM_AphanantheAspera_Winter_1","식생/수목","산길·마을·정원: 수종·계절·잎 알파·양면·LOD 확인","이름·폴더 기반 추정","Assets/SeyeonjeongPavilion/Prefabs/SM_AphanantheAspera_Winter_1.prefab","abc00000000006778165402249639018",4,4,69830,37244,1,0,0,0,0,12.49433,15.33829,20.41096,"Screenshots/AssetCatalog/Thumbnails/abc00000000006778165402249639018.png","rendered"
1325,"prefab","SeyeonjeongPavilion","SM_AphanantheAspera_Winter_2","수목·계절 변형 · SM_AphanantheAspera_Winter_2","식생/수목","산길·마을·정원: 수종·계절·잎 알파·양면·LOD 확인","이름·폴더 기반 추정","Assets/SeyeonjeongPavilion/Prefabs/SM_AphanantheAspera_Winter_2.prefab","abc00000000010593012895781023409",4,4,65852,35122,1,0,0,0,0,18.53289,17.81117,17.83817,"Screenshots/AssetCatalog/Thumbnails/abc00000000010593012895781023409.png","rendered"
1326,"prefab","SeyeonjeongPavilion","SM_BaseStone","기둥 초석 · SM_BaseStone","건축 부재/기단·초석","주막·역참·마을 조립 후보: 접합 규격·피벗·치수·재질 통일","이름·폴더 기반 추정","Assets/SeyeonjeongPavilion/Prefabs/SM_BaseStone.prefab","abc00000000003470830225373697852",4,4,112498,60000,1,0,0,0,0,9.810974,1.821533,9.539748,"Screenshots/AssetCatalog/Thumbnails/abc00000000003470830225373697852.png","rendered"
1327,"prefab","SeyeonjeongPavilion","SM_Beam_1","보·도리·서까래 · SM_Beam_1","건축 부재/보·도리·서까래","주막·역참·마을 조립 후보: 접합 규격·피벗·치수·재질 통일","이름·폴더 기반 추정","Assets/SeyeonjeongPavilion/Prefabs/SM_Beam_1.prefab","abc00000000000455932422116297799",4,4,352,188,1,0,0,0,0,0.2847888,0.4220494,2.755725,"Screenshots/AssetCatalog/Thumbnails/abc00000000000455932422116297799.png","rendered"
1328,"prefab","SeyeonjeongPavilion","SM_Beam_2","보·도리·서까래 · SM_Beam_2","건축 부재/보·도리·서까래","주막·역참·마을 조립 후보: 접합 규격·피벗·치수·재질 통일","이름·폴더 기반 추정","Assets/SeyeonjeongPavilion/Prefabs/SM_Beam_2.prefab","abc00000000003248702760226198412",4,4,352,188,1,0,0,0,0,0.2947621,0.8111511,8.192835,"Screenshots/AssetCatalog/Thumbnails/abc00000000003248702760226198412.png","rendered"
1329,"prefab","SeyeonjeongPavilion","SM_BrassicaNapus_1","초본·갈대·대나무류 · SM_BrassicaNapus_1","식생/풀·초본","산길·마을·정원: 수종·계절·잎 알파·양면·LOD 확인","이름·폴더 기반 추정","Assets/SeyeonjeongPavilion/Prefabs/SM_BrassicaNapus_1.prefab","abc00000000012851387632375240571",4,4,32288,17220,1,0,0,0,0,0.7678899,1.167563,0.7462751,"Screenshots/AssetCatalog/Thumbnails/abc00000000012851387632375240571.png","rendered"
1330,"prefab","SeyeonjeongPavilion","SM_BrassicaNapus_2","초본·갈대·대나무류 · SM_BrassicaNapus_2","식생/풀·초본","산길·마을·정원: 수종·계절·잎 알파·양면·LOD 확인","이름·폴더 기반 추정","Assets/SeyeonjeongPavilion/Prefabs/SM_BrassicaNapus_2.prefab","abc00000000003855100384647614576",4,4,23075,12307,0,0,0,0,0,0.7781692,1.260795,0.7228057,"Screenshots/AssetCatalog/Thumbnails/abc00000000003855100384647614576.png","rendered"
1331,"prefab","SeyeonjeongPavilion","SM_Camelliajaponica_Fall_1","수목·계절 변형 · SM_Camelliajaponica_Fall_1","식생/수목","산길·마을·정원: 수종·계절·잎 알파·양면·LOD 확인","이름·폴더 기반 추정","Assets/SeyeonjeongPavilion/Prefabs/SM_Camelliajaponica_Fall_1.prefab","abc00000000012122574408881717475",4,4,105338,56180,1,0,0,0,0,7.853251,7.743067,7.117334,"Screenshots/AssetCatalog/Thumbnails/abc00000000012122574408881717475.png","rendered"
1332,"prefab","SeyeonjeongPavilion","SM_Camelliajaponica_Fall_3","수목·계절 변형 · SM_Camelliajaponica_Fall_3","식생/수목","산길·마을·정원: 수종·계절·잎 알파·양면·LOD 확인","이름·폴더 기반 추정","Assets/SeyeonjeongPavilion/Prefabs/SM_Camelliajaponica_Fall_3.prefab","abc00000000006150241198545704609",4,4,106058,56564,1,0,0,0,0,6.949336,8.147239,6.833135,"Screenshots/AssetCatalog/Thumbnails/abc00000000006150241198545704609.png","rendered"
1333,"prefab","SeyeonjeongPavilion","SM_Camelliajaponica_Summer_1","수목·계절 변형 · SM_Camelliajaponica_Summer_1","식생/수목","산길·마을·정원: 수종·계절·잎 알파·양면·LOD 확인","이름·폴더 기반 추정","Assets/SeyeonjeongPavilion/Prefabs/SM_Camelliajaponica_Summer_1.prefab","abc00000000002241099422643388647",4,4,80715,43048,1,0,0,0,0,7.853251,7.743083,7.117334,"Screenshots/AssetCatalog/Thumbnails/abc00000000002241099422643388647.png","rendered"
1334,"prefab","SeyeonjeongPavilion","SM_Camelliajaponica_Summer_2","수목·계절 변형 · SM_Camelliajaponica_Summer_2","식생/수목","산길·마을·정원: 수종·계절·잎 알파·양면·LOD 확인","이름·폴더 기반 추정","Assets/SeyeonjeongPavilion/Prefabs/SM_Camelliajaponica_Summer_2.prefab","abc00000000011023094294081978668",4,4,86501,46134,1,0,0,0,0,7.720576,7.094808,7.649048,"Screenshots/AssetCatalog/Thumbnails/abc00000000011023094294081978668.png","rendered"
1335,"prefab","SeyeonjeongPavilion","SM_Camelliajaponica_Summer_3","수목·계절 변형 · SM_Camelliajaponica_Summer_3","식생/수목","산길·마을·정원: 수종·계절·잎 알파·양면·LOD 확인","이름·폴더 기반 추정","Assets/SeyeonjeongPavilion/Prefabs/SM_Camelliajaponica_Summer_3.prefab","abc00000000004606142982065890421",4,4,88695,47304,1,0,0,0,0,6.949336,8.14724,6.833135,"Screenshots/AssetCatalog/Thumbnails/abc00000000004606142982065890421.png","rendered"
1336,"prefab","SeyeonjeongPavilion","SM_Camelliajaponica_Winter_1","수목·계절 변형 · SM_Camelliajaponica_Winter_1","식생/수목","산길·마을·정원: 수종·계절·잎 알파·양면·LOD 확인","이름·폴더 기반 추정","Assets/SeyeonjeongPavilion/Prefabs/SM_Camelliajaponica_Winter_1.prefab","abc00000000005952529327482662579",4,4,105338,56180,1,0,0,0,0,7.853251,7.743083,7.117334,"Screenshots/AssetCatalog/Thumbnails/abc00000000005952529327482662579.png","rendered"
1337,"prefab","SeyeonjeongPavilion","SM_Camelliajaponica_Winter_2","수목·계절 변형 · SM_Camelliajaponica_Winter_2","식생/수목","산길·마을·정원: 수종·계절·잎 알파·양면·LOD 확인","이름·폴더 기반 추정","Assets/SeyeonjeongPavilion/Prefabs/SM_Camelliajaponica_Winter_2.prefab","abc00000000008130244874155615720",4,4,91875,49000,1,0,0,0,0,7.720576,7.094808,7.649048,"Screenshots/AssetCatalog/Thumbnails/abc00000000008130244874155615720.png","rendered"
1338,"prefab","SeyeonjeongPavilion","SM_Camelliajaponica_Winter_3","수목·계절 변형 · SM_Camelliajaponica_Winter_3","식생/수목","산길·마을·정원: 수종·계절·잎 알파·양면·LOD 확인","이름·폴더 기반 추정","Assets/SeyeonjeongPavilion/Prefabs/SM_Camelliajaponica_Winter_3.prefab","abc00000000009380889429725502833",4,4,106058,56564,1,0,0,0,0,6.949336,8.147239,6.833135,"Screenshots/AssetCatalog/Thumbnails/abc00000000009380889429725502833.png","rendered"
1339,"prefab","SeyeonjeongPavilion","SM_Carex_1","초본·갈대·대나무류 · SM_Carex_1","식생/풀·초본","산길·마을·정원: 수종·계절·잎 알파·양면·LOD 확인","이름·폴더 기반 추정","Assets/SeyeonjeongPavilion/Prefabs/SM_Carex_1.prefab","abc00000000003015348936583505763",4,4,27253,14536,0,0,0,0,0,1.373801,0.6441392,1.401318,"Screenshots/AssetCatalog/Thumbnails/abc00000000003015348936583505763.png","rendered"
1340,"prefab","SeyeonjeongPavilion","SM_Carex_2","초본·갈대·대나무류 · SM_Carex_2","식생/풀·초본","산길·마을·정원: 수종·계절·잎 알파·양면·LOD 확인","이름·폴더 기반 추정","Assets/SeyeonjeongPavilion/Prefabs/SM_Carex_2.prefab","abc00000000014911884922763198040",4,4,30809,16432,0,0,0,0,0,1.384319,0.5970852,0.9746073,"Screenshots/AssetCatalog/Thumbnails/abc00000000014911884922763198040.png","rendered"
1341,"prefab","SeyeonjeongPavilion","SM_Carex_3","초본·갈대·대나무류 · SM_Carex_3","식생/풀·초본","산길·마을·정원: 수종·계절·잎 알파·양면·LOD 확인","이름·폴더 기반 추정","Assets/SeyeonjeongPavilion/Prefabs/SM_Carex_3.prefab","abc00000000015489759799957044513",4,4,31995,17064,0,0,0,0,0,1.312049,0.6419222,1.503324,"Screenshots/AssetCatalog/Thumbnails/abc00000000015489759799957044513.png","rendered"
1342,"prefab","SeyeonjeongPavilion","SM_Ceiling","천장 · SM_Ceiling","건축 부재/천장","주막·역참·마을 조립 후보: 접합 규격·피벗·치수·재질 통일","이름·폴더 기반 추정","Assets/SeyeonjeongPavilion/Prefabs/SM_Ceiling.prefab","abc00000000007049772287320367563",4,4,10214,5448,1,0,0,0,0,5.69983,1.137919,5.709929,"Screenshots/AssetCatalog/Thumbnails/abc00000000007049772287320367563.png","rendered"
1343,"prefab","SeyeonjeongPavilion","SM_ChunyeoMaru","용마루·내림마루·추녀마루 · SM_ChunyeoMaru","건축 부재/용마루·지붕 장식","주막·역참·마을 조립 후보: 접합 규격·피벗·치수·재질 통일","이름·폴더 기반 추정","Assets/SeyeonjeongPavilion/Prefabs/SM_ChunyeoMaru.prefab","abc00000000014649953695869213086",4,4,27205,14510,1,0,0,0,0,0.6772525,1.046861,3.146711,"Screenshots/AssetCatalog/Thumbnails/abc00000000014649953695869213086.png","rendered"
1344,"prefab","SeyeonjeongPavilion","SM_Dendropanaxtrifidus_Fall_1","수목·계절 변형 · SM_Dendropanaxtrifidus_Fall_1","식생/수목","산길·마을·정원: 수종·계절·잎 알파·양면·LOD 확인","이름·폴더 기반 추정","Assets/SeyeonjeongPavilion/Prefabs/SM_Dendropanaxtrifidus_Fall_1.prefab","abc00000000017843939847070573550",4,4,112482,59991,1,0,0,0,0,17.71285,16.3167,19.12951,"Screenshots/AssetCatalog/Thumbnails/abc00000000017843939847070573550.png","rendered"
1345,"prefab","SeyeonjeongPavilion","SM_Dendropanaxtrifidus_Fall_2","수목·계절 변형 · SM_Dendropanaxtrifidus_Fall_2","식생/수목","산길·마을·정원: 수종·계절·잎 알파·양면·LOD 확인","이름·폴더 기반 추정","Assets/SeyeonjeongPavilion/Prefabs/SM_Dendropanaxtrifidus_Fall_2.prefab","abc00000000009483861833699806197",4,4,103903,55416,1,0,0,0,0,15.44023,16.07609,19.42499,"Screenshots/AssetCatalog/Thumbnails/abc00000000009483861833699806197.png","rendered"
1346,"prefab","SeyeonjeongPavilion","SM_Dendropanaxtrifidus_Spring_1","수목·계절 변형 · SM_Dendropanaxtrifidus_Spring_1","식생/수목","산길·마을·정원: 수종·계절·잎 알파·양면·LOD 확인","이름·폴더 기반 추정","Assets/SeyeonjeongPavilion/Prefabs/SM_Dendropanaxtrifidus_Spring_1.prefab","abc00000000007199384588456482942",4,4,112483,59991,1,0,0,0,0,17.71285,16.3167,19.12951,"Screenshots/AssetCatalog/Thumbnails/abc00000000007199384588456482942.png","rendered"
1347,"prefab","SeyeonjeongPavilion","SM_Dendropanaxtrifidus_Spring_2","수목·계절 변형 · SM_Dendropanaxtrifidus_Spring_2","식생/수목","산길·마을·정원: 수종·계절·잎 알파·양면·LOD 확인","이름·폴더 기반 추정","Assets/SeyeonjeongPavilion/Prefabs/SM_Dendropanaxtrifidus_Spring_2.prefab","abc00000000003801320972007240069",4,4,103904,55416,1,0,0,0,0,15.44023,16.07609,19.42498,"Screenshots/AssetCatalog/Thumbnails/abc00000000003801320972007240069.png","rendered"
1348,"prefab","SeyeonjeongPavilion","SM_Dendropanaxtrifidus_Summer_1","수목·계절 변형 · SM_Dendropanaxtrifidus_Summer_1","식생/수목","산길·마을·정원: 수종·계절·잎 알파·양면·LOD 확인","이름·폴더 기반 추정","Assets/SeyeonjeongPavilion/Prefabs/SM_Dendropanaxtrifidus_Summer_1.prefab","abc00000000002127370100399434142",4,4,112482,59991,1,0,0,0,0,17.71285,16.3167,19.12951,"Screenshots/AssetCatalog/Thumbnails/abc00000000002127370100399434142.png","rendered"
1349,"prefab","SeyeonjeongPavilion","SM_Dendropanaxtrifidus_Summer_2","수목·계절 변형 · SM_Dendropanaxtrifidus_Summer_2","식생/수목","산길·마을·정원: 수종·계절·잎 알파·양면·LOD 확인","이름·폴더 기반 추정","Assets/SeyeonjeongPavilion/Prefabs/SM_Dendropanaxtrifidus_Summer_2.prefab","abc00000000006606899449943722533",4,4,103903,55416,1,0,0,0,0,15.44023,16.07609,19.42498,"Screenshots/AssetCatalog/Thumbnails/abc00000000006606899449943722533.png","rendered"
1350,"prefab","SeyeonjeongPavilion","SM_Dendropanaxtrifidus_Winter_1","수목·계절 변형 · SM_Dendropanaxtrifidus_Winter_1","식생/수목","산길·마을·정원: 수종·계절·잎 알파·양면·LOD 확인","이름·폴더 기반 추정","Assets/SeyeonjeongPavilion/Prefabs/SM_Dendropanaxtrifidus_Winter_1.prefab","abc00000000010786760725238785922",4,4,109116,58195,1,0,0,0,0,17.71285,16.3167,19.12951,"Screenshots/AssetCatalog/Thumbnails/abc00000000010786760725238785922.png","rendered"
1351,"prefab","SeyeonjeongPavilion","SM_Dendropanaxtrifidus_Winter_2","수목·계절 변형 · SM_Dendropanaxtrifidus_Winter_2","식생/수목","산길·마을·정원: 수종·계절·잎 알파·양면·LOD 확인","이름·폴더 기반 추정","Assets/SeyeonjeongPavilion/Prefabs/SM_Dendropanaxtrifidus_Winter_2.prefab","abc00000000009320327059837729865",4,4,95261,50806,1,0,0,0,0,15.44023,16.03956,19.42498,"Screenshots/AssetCatalog/Thumbnails/abc00000000009320327059837729865.png","rendered"
1352,"prefab","SeyeonjeongPavilion","SM_Deparia_1","초본·갈대·대나무류 · SM_Deparia_1","식생/풀·초본","산길·마을·정원: 수종·계절·잎 알파·양면·LOD 확인","이름·폴더 기반 추정","Assets/SeyeonjeongPavilion/Prefabs/SM_Deparia_1.prefab","abc00000000015777517078291413634",4,4,7739,4128,0,0,0,0,0,0.9168202,0.3729745,0.9900211,"Screenshots/AssetCatalog/Thumbnails/abc00000000015777517078291413634.png","rendered"
1353,"prefab","SeyeonjeongPavilion","SM_Deparia_2","초본·갈대·대나무류 · SM_Deparia_2","식생/풀·초본","산길·마을·정원: 수종·계절·잎 알파·양면·LOD 확인","이름·폴더 기반 추정","Assets/SeyeonjeongPavilion/Prefabs/SM_Deparia_2.prefab","abc00000000014311083412890357577",4,4,10320,5504,0,0,0,0,0,0.9151077,0.4219021,1.047361,"Screenshots/AssetCatalog/Thumbnails/abc00000000014311083412890357577.png","rendered"
1354,"prefab","SeyeonjeongPavilion","SM_Deparia_3","초본·갈대·대나무류 · SM_Deparia_3","식생/풀·초본","산길·마을·정원: 수종·계절·잎 알파·양면·LOD 확인","이름·폴더 기반 추정","Assets/SeyeonjeongPavilion/Prefabs/SM_Deparia_3.prefab","abc00000000000234982895826865216",4,4,21540,11488,0,0,0,0,0,1.072799,0.534629,1.535516,"Screenshots/AssetCatalog/Thumbnails/abc00000000000234982895826865216.png","rendered"
1355,"prefab","SeyeonjeongPavilion","SM_Deparia_4","초본·갈대·대나무류 · SM_Deparia_4","식생/풀·초본","산길·마을·정원: 수종·계절·잎 알파·양면·LOD 확인","이름·폴더 기반 추정","Assets/SeyeonjeongPavilion/Prefabs/SM_Deparia_4.prefab","abc00000000002745921683633889415",4,4,13875,7400,0,0,0,0,0,0.9458139,0.6334632,1.430856,"Screenshots/AssetCatalog/Thumbnails/abc00000000002745921683633889415.png","rendered"
1356,"prefab","SeyeonjeongPavilion","SM_Door_1_1","문·창호·틀 · SM_Door_1_1","건축 부재/문·창호","주막·역참·마을 조립 후보: 접합 규격·피벗·치수·재질 통일","이름·폴더 기반 추정","Assets/SeyeonjeongPavilion/Prefabs/SM_Door_1_1.prefab","abc00000000017102617990589474658",4,4,4806,2564,1,0,0,0,0,0.1055557,1.51718,0.6105447,"Screenshots/AssetCatalog/Thumbnails/abc00000000017102617990589474658.png","rendered"
1357,"prefab","SeyeonjeongPavilion","SM_Door_1_2","문·창호·틀 · SM_Door_1_2","건축 부재/문·창호","주막·역참·마을 조립 후보: 접합 규격·피벗·치수·재질 통일","이름·폴더 기반 추정","Assets/SeyeonjeongPavilion/Prefabs/SM_Door_1_2.prefab","abc00000000009000919170087038377",4,4,6156,3284,1,0,0,0,0,0.1031795,1.517294,0.6216583,"Screenshots/AssetCatalog/Thumbnails/abc00000000009000919170087038377.png","rendered"
1358,"prefab","SeyeonjeongPavilion","SM_Door_1_3","문·창호·틀 · SM_Door_1_3","건축 부재/문·창호","주막·역참·마을 조립 후보: 접합 규격·피벗·치수·재질 통일","이름·폴더 기반 추정","Assets/SeyeonjeongPavilion/Prefabs/SM_Door_1_3.prefab","abc00000000001159207891115769760",4,4,2400,1280,1,0,0,0,0,0.07729749,1.49708,0.6105447,"Screenshots/AssetCatalog/Thumbnails/abc00000000001159207891115769760.png","rendered"
1359,"prefab","SeyeonjeongPavilion","SM_Door_2_1","문·창호·틀 · SM_Door_2_1","건축 부재/문·창호","주막·역참·마을 조립 후보: 접합 규격·피벗·치수·재질 통일","이름·폴더 기반 추정","Assets/SeyeonjeongPavilion/Prefabs/SM_Door_2_1.prefab","abc00000000016419388742754125837",4,4,6156,3284,1,0,0,0,0,0.103993,1.517301,0.5856293,"Screenshots/AssetCatalog/Thumbnails/abc00000000016419388742754125837.png","rendered"
1360,"prefab","SeyeonjeongPavilion","SM_Door_2_2","문·창호·틀 · SM_Door_2_2","건축 부재/문·창호","주막·역참·마을 조립 후보: 접합 규격·피벗·치수·재질 통일","이름·폴더 기반 추정","Assets/SeyeonjeongPavilion/Prefabs/SM_Door_2_2.prefab","abc00000000009420083599918394022",4,4,2400,1280,1,0,0,0,0,0.0772975,1.49708,0.5757609,"Screenshots/AssetCatalog/Thumbnails/abc00000000009420083599918394022.png","rendered"
1361,"prefab","SeyeonjeongPavilion","SM_Door_2_3","문·창호·틀 · SM_Door_2_3","건축 부재/문·창호","주막·역참·마을 조립 후보: 접합 규격·피벗·치수·재질 통일","이름·폴더 기반 추정","Assets/SeyeonjeongPavilion/Prefabs/SM_Door_2_3.prefab","abc00000000015580889707313216255",4,4,2400,1280,1,0,0,0,0,0.07729749,1.49708,0.5757609,"Screenshots/AssetCatalog/Thumbnails/abc00000000015580889707313216255.png","rendered"
1362,"prefab","SeyeonjeongPavilion","SM_Door_2_4","문·창호·틀 · SM_Door_2_4","건축 부재/문·창호","주막·역참·마을 조립 후보: 접합 규격·피벗·치수·재질 통일","이름·폴더 기반 추정","Assets/SeyeonjeongPavilion/Prefabs/SM_Door_2_4.prefab","abc00000000008060422784452224760",4,4,6156,3284,1,0,0,0,0,0.103993,1.515385,0.5853024,"Screenshots/AssetCatalog/Thumbnails/abc00000000008060422784452224760.png","rendered"
1363,"prefab","SeyeonjeongPavilion","SM_Door_3_1","문·창호·틀 · SM_Door_3_1","건축 부재/문·창호","주막·역참·마을 조립 후보: 접합 규격·피벗·치수·재질 통일","이름·폴더 기반 추정","Assets/SeyeonjeongPavilion/Prefabs/SM_Door_3_1.prefab","abc00000000007723686353507644380",4,4,5700,3040,1,0,0,0,0,0.1023665,0.9541923,0.5848472,"Screenshots/AssetCatalog/Thumbnails/abc00000000007723686353507644380.png","rendered"
1364,"prefab","SeyeonjeongPavilion","SM_Door_3_2","문·창호·틀 · SM_Door_3_2","건축 부재/문·창호","주막·역참·마을 조립 후보: 접합 규격·피벗·치수·재질 통일","이름·폴더 기반 추정","Assets/SeyeonjeongPavilion/Prefabs/SM_Door_3_2.prefab","abc00000000002815730747870672471",4,4,2024,1080,1,0,0,0,0,0.08196795,0.9348798,0.5757609,"Screenshots/AssetCatalog/Thumbnails/abc00000000002815730747870672471.png","rendered"
1365,"prefab","SeyeonjeongPavilion","SM_Door_3_3","문·창호·틀 · SM_Door_3_3","건축 부재/문·창호","주막·역참·마을 조립 후보: 접합 규격·피벗·치수·재질 통일","이름·폴더 기반 추정","Assets/SeyeonjeongPavilion/Prefabs/SM_Door_3_3.prefab","abc00000000009901818728284609438",4,4,2024,1080,1,0,0,0,0,0.08200042,0.9348798,0.5757609,"Screenshots/AssetCatalog/Thumbnails/abc00000000009901818728284609438.png","rendered"
1366,"prefab","SeyeonjeongPavilion","SM_Door_3_4","문·창호·틀 · SM_Door_3_4","건축 부재/문·창호","주막·역참·마을 조립 후보: 접합 규격·피벗·치수·재질 통일","이름·폴더 기반 추정","Assets/SeyeonjeongPavilion/Prefabs/SM_Door_3_4.prefab","abc00000000013655130551155969561",4,4,5700,3040,1,0,0,0,0,0.1057035,0.9540979,0.5869859,"Screenshots/AssetCatalog/Thumbnails/abc00000000013655130551155969561.png","rendered"
1367,"prefab","SeyeonjeongPavilion","SM_Door_4_1","문·창호·틀 · SM_Door_4_1","건축 부재/문·창호","주막·역참·마을 조립 후보: 접합 규격·피벗·치수·재질 통일","이름·폴더 기반 추정","Assets/SeyeonjeongPavilion/Prefabs/SM_Door_4_1.prefab","abc00000000018282779674068907383",4,4,9394,5012,1,0,0,0,0,0.09733709,1.535536,0.5856294,"Screenshots/AssetCatalog/Thumbnails/abc00000000018282779674068907383.png","rendered"
1368,"prefab","SeyeonjeongPavilion","SM_Door_4_2","문·창호·틀 · SM_Door_4_2","건축 부재/문·창호","주막·역참·마을 조립 후보: 접합 규격·피벗·치수·재질 통일","이름·폴더 기반 추정","Assets/SeyeonjeongPavilion/Prefabs/SM_Door_4_2.prefab","abc00000000004615057709915194748",4,4,9396,5012,1,0,0,0,0,0.09733708,1.535536,0.5853024,"Screenshots/AssetCatalog/Thumbnails/abc00000000004615057709915194748.png","rendered"
1369,"prefab","SeyeonjeongPavilion","SM_Door_4_3","문·창호·틀 · SM_Door_4_3","건축 부재/문·창호","주막·역참·마을 조립 후보: 접합 규격·피벗·치수·재질 통일","이름·폴더 기반 추정","Assets/SeyeonjeongPavilion/Prefabs/SM_Door_4_3.prefab","abc00000000012515047245128599237",4,4,1020,544,1,0,0,0,0,0.06462948,0.4835066,0.5782136,"Screenshots/AssetCatalog/Thumbnails/abc00000000012515047245128599237.png","rendered"
1370,"prefab","SeyeonjeongPavilion","SM_Door_5_1","문·창호·틀 · SM_Door_5_1","건축 부재/문·창호","주막·역참·마을 조립 후보: 접합 규격·피벗·치수·재질 통일","이름·폴더 기반 추정","Assets/SeyeonjeongPavilion/Prefabs/SM_Door_5_1.prefab","abc00000000015410055780254382710",4,4,6686,3566,1,0,0,0,0,0.1187973,1.994963,0.6007972,"Screenshots/AssetCatalog/Thumbnails/abc00000000015410055780254382710.png","rendered"
1371,"prefab","SeyeonjeongPavilion","SM_Door_5_2","문·창호·틀 · SM_Door_5_2","건축 부재/문·창호","주막·역참·마을 조립 후보: 접합 규격·피벗·치수·재질 통일","이름·폴더 기반 추정","Assets/SeyeonjeongPavilion/Prefabs/SM_Door_5_2.prefab","abc00000000010287286926294682205",4,4,3514,1874,1,0,0,0,0,0.07945125,1.970196,0.5910097,"Screenshots/AssetCatalog/Thumbnails/abc00000000010287286926294682205.png","rendered"
1372,"prefab","SeyeonjeongPavilion","SM_Door_5_3","문·창호·틀 · SM_Door_5_3","건축 부재/문·창호","주막·역참·마을 조립 후보: 접합 규격·피벗·치수·재질 통일","이름·폴더 기반 추정","Assets/SeyeonjeongPavilion/Prefabs/SM_Door_5_3.prefab","abc00000000001794092321862078772",4,4,3514,1874,1,0,0,0,0,0.08176222,1.970197,0.5910117,"Screenshots/AssetCatalog/Thumbnails/abc00000000001794092321862078772.png","rendered"
1373,"prefab","SeyeonjeongPavilion","SM_Door_5_4","문·창호·틀 · SM_Door_5_4","건축 부재/문·창호","주막·역참·마을 조립 후보: 접합 규격·피벗·치수·재질 통일","이름·폴더 기반 추정","Assets/SeyeonjeongPavilion/Prefabs/SM_Door_5_4.prefab","abc00000000016166583747032430547",4,4,6686,3566,1,0,0,0,0,0.1187939,1.994962,0.6007261,"Screenshots/AssetCatalog/Thumbnails/abc00000000016166583747032430547.png","rendered"
1374,"prefab","SeyeonjeongPavilion","SM_Door_6","문·창호·틀 · SM_Door_6","건축 부재/문·창호","주막·역참·마을 조립 후보: 접합 규격·피벗·치수·재질 통일","이름·폴더 기반 추정","Assets/SeyeonjeongPavilion/Prefabs/SM_Door_6.prefab","abc00000000005569409108800522269",4,4,4667,2490,1,0,0,0,0,0.1215711,1.488882,0.5984712,"Screenshots/AssetCatalog/Thumbnails/abc00000000005569409108800522269.png","rendered"
1375,"prefab","SeyeonjeongPavilion","SM_Door_Hanger_1_1","문·창호·틀 · SM_Door_Hanger_1_1","건축 부재/문·창호","주막·역참·마을 조립 후보: 접합 규격·피벗·치수·재질 통일","이름·폴더 기반 추정","Assets/SeyeonjeongPavilion/Prefabs/SM_Door_Hanger_1_1.prefab","abc00000000014707055222816154836",4,4,5632,3004,1,0,0,0,0,0.1492204,0.6863528,0.1226464,"Screenshots/AssetCatalog/Thumbnails/abc00000000014707055222816154836.png","rendered"
1376,"prefab","SeyeonjeongPavilion","SM_Door_Hanger_1_2","문·창호·틀 · SM_Door_Hanger_1_2","건축 부재/문·창호","주막·역참·마을 조립 후보: 접합 규격·피벗·치수·재질 통일","이름·폴더 기반 추정","Assets/SeyeonjeongPavilion/Prefabs/SM_Door_Hanger_1_2.prefab","abc00000000003221481398257676143",4,4,5631,3004,1,0,0,0,0,0.1487916,0.7364114,0.1346192,"Screenshots/AssetCatalog/Thumbnails/abc00000000003221481398257676143.png","rendered"
1377,"prefab","SeyeonjeongPavilion","SM_Door_Hanger_1_3","문·창호·틀 · SM_Door_Hanger_1_3","건축 부재/문·창호","주막·역참·마을 조립 후보: 접합 규격·피벗·치수·재질 통일","이름·폴더 기반 추정","Assets/SeyeonjeongPavilion/Prefabs/SM_Door_Hanger_1_3.prefab","abc00000000016511821237577109398",4,4,5631,3004,1,0,0,0,0,0.1521752,0.7297043,0.1233797,"Screenshots/AssetCatalog/Thumbnails/abc00000000016511821237577109398.png","rendered"
1378,"prefab","SeyeonjeongPavilion","SM_Door_Hanger_1_4","문·창호·틀 · SM_Door_Hanger_1_4","건축 부재/문·창호","주막·역참·마을 조립 후보: 접합 규격·피벗·치수·재질 통일","이름·폴더 기반 추정","Assets/SeyeonjeongPavilion/Prefabs/SM_Door_Hanger_1_4.prefab","abc00000000014060881201542973233",4,4,5631,3004,1,0,0,0,0,0.1487917,0.6297753,0.1346103,"Screenshots/AssetCatalog/Thumbnails/abc00000000014060881201542973233.png","rendered"
1379,"prefab","SeyeonjeongPavilion","SM_Door_Hanger_1_5","문·창호·틀 · SM_Door_Hanger_1_5","건축 부재/문·창호","주막·역참·마을 조립 후보: 접합 규격·피벗·치수·재질 통일","이름·폴더 기반 추정","Assets/SeyeonjeongPavilion/Prefabs/SM_Door_Hanger_1_5.prefab","abc00000000002112433517152754856",4,4,5631,3004,1,0,0,0,0,0.1487912,0.7824741,0.1346104,"Screenshots/AssetCatalog/Thumbnails/abc00000000002112433517152754856.png","rendered"
1380,"prefab","SeyeonjeongPavilion","SM_Door_Hanger_1_6","문·창호·틀 · SM_Door_Hanger_1_6","건축 부재/문·창호","주막·역참·마을 조립 후보: 접합 규격·피벗·치수·재질 통일","이름·폴더 기반 추정","Assets/SeyeonjeongPavilion/Prefabs/SM_Door_Hanger_1_6.prefab","abc00000000011016725276148529779",4,4,5631,3004,1,0,0,0,0,0.1487914,0.7819133,0.1059698,"Screenshots/AssetCatalog/Thumbnails/abc00000000011016725276148529779.png","rendered"
1381,"prefab","SeyeonjeongPavilion","SM_Door_Hanger_2_1","문·창호·틀 · SM_Door_Hanger_2_1","건축 부재/문·창호","주막·역참·마을 조립 후보: 접합 규격·피벗·치수·재질 통일","이름·폴더 기반 추정","Assets/SeyeonjeongPavilion/Prefabs/SM_Door_Hanger_2_1.prefab","abc00000000009513823090277251307",4,4,5633,3004,1,0,0,0,0,0.1580903,1.074513,0.1051624,"Screenshots/AssetCatalog/Thumbnails/abc00000000009513823090277251307.png","rendered"
1382,"prefab","SeyeonjeongPavilion","SM_Door_Hanger_2_2","문·창호·틀 · SM_Door_Hanger_2_2","건축 부재/문·창호","주막·역참·마을 조립 후보: 접합 규격·피벗·치수·재질 통일","이름·폴더 기반 추정","Assets/SeyeonjeongPavilion/Prefabs/SM_Door_Hanger_2_2.prefab","abc00000000010857627497731272160",4,4,5632,3004,1,0,0,0,0,0.1606183,1.074667,0.09992918,"Screenshots/AssetCatalog/Thumbnails/abc00000000010857627497731272160.png","rendered"
1383,"prefab","SeyeonjeongPavilion","SM_Doorhook","문·창호·틀 · SM_Doorhook","건축 부재/문·창호","주막·역참·마을 조립 후보: 접합 규격·피벗·치수·재질 통일","이름·폴더 기반 추정","Assets/SeyeonjeongPavilion/Prefabs/SM_Doorhook.prefab","abc00000000009334641160826531251",4,4,2880,1536,1,0,0,0,0,0.02720108,0.09613037,0.058029,"Screenshots/AssetCatalog/Thumbnails/abc00000000009334641160826531251.png","rendered"
1384,"prefab","SeyeonjeongPavilion","SM_Duckweed_1","수면 잎·수생 식물 · SM_Duckweed_1","식생/수생 식물","연못·하천·누정 주변: 수위·접지·동선 확인","이름·폴더 기반 추정","Assets/SeyeonjeongPavilion/Prefabs/SM_Duckweed_1.prefab","abc00000000009964217790879515606",4,4,8,2,0,0,0,0,0,2,2.433593E-08,2,"Screenshots/AssetCatalog/Thumbnails/abc00000000009964217790879515606.png","rendered"
1385,"prefab","SeyeonjeongPavilion","SM_Duckweed_2","수면 잎·수생 식물 · SM_Duckweed_2","식생/수생 식물","연못·하천·누정 주변: 수위·접지·동선 확인","이름·폴더 기반 추정","Assets/SeyeonjeongPavilion/Prefabs/SM_Duckweed_2.prefab","abc00000000004847134299435343037",4,4,8,2,0,0,0,0,0,2,2.433593E-08,2,"Screenshots/AssetCatalog/Thumbnails/abc00000000004847134299435343037.png","rendered"
1386,"prefab","SeyeonjeongPavilion","SM_Floor","바닥·마루 · SM_Floor","건축 부재/바닥·포장","주막·역참·마을 조립 후보: 접합 규격·피벗·치수·재질 통일","이름·폴더 기반 추정","Assets/SeyeonjeongPavilion/Prefabs/SM_Floor.prefab","abc00000000006766733409699115764",4,4,44,24,1,0,0,0,0,2.760604,0.1064254,2.790765,"Screenshots/AssetCatalog/Thumbnails/abc00000000006766733409699115764.png","rendered"
1387,"prefab","SeyeonjeongPavilion","SM_Frame_1","문·창호·틀 · SM_Frame_1","건축 부재/문·창호","주막·역참·마을 조립 후보: 접합 규격·피벗·치수·재질 통일","이름·폴더 기반 추정","Assets/SeyeonjeongPavilion/Prefabs/SM_Frame_1.prefab","abc00000000005604451711525337421",4,4,2280,1216,1,0,0,0,0,0.1503985,2.716848,2.042737,"Screenshots/AssetCatalog/Thumbnails/abc00000000005604451711525337421.png","rendered"
1388,"prefab","SeyeonjeongPavilion","SM_Frame_2","문·창호·틀 · SM_Frame_2","건축 부재/문·창호","주막·역참·마을 조립 후보: 접합 규격·피벗·치수·재질 통일","이름·폴더 기반 추정","Assets/SeyeonjeongPavilion/Prefabs/SM_Frame_2.prefab","abc00000000004204763037631192294",4,4,2460,1312,1,0,0,0,0,0.1494559,2.716848,2.51616,"Screenshots/AssetCatalog/Thumbnails/abc00000000004204763037631192294.png","rendered"
1389,"prefab","SeyeonjeongPavilion","SM_Frame_3","문·창호·틀 · SM_Frame_3","건축 부재/문·창호","주막·역참·마을 조립 후보: 접합 규격·피벗·치수·재질 통일","이름·폴더 기반 추정","Assets/SeyeonjeongPavilion/Prefabs/SM_Frame_3.prefab","abc00000000014973989345331334463",4,4,2460,1312,1,0,0,0,0,0.1503821,2.152853,2.516714,"Screenshots/AssetCatalog/Thumbnails/abc00000000014973989345331334463.png","rendered"
1390,"prefab","SeyeonjeongPavilion","SM_Frame_4","문·창호·틀 · SM_Frame_4","건축 부재/문·창호","주막·역참·마을 조립 후보: 접합 규격·피벗·치수·재질 통일","이름·폴더 기반 추정","Assets/SeyeonjeongPavilion/Prefabs/SM_Frame_4.prefab","abc00000000007698405652257055288",4,4,1200,640,1,0,0,0,0,0.1501874,2.716849,2.516338,"Screenshots/AssetCatalog/Thumbnails/abc00000000007698405652257055288.png","rendered"
1391,"prefab","SeyeonjeongPavilion","SM_Frame_5","문·창호·틀 · SM_Frame_5","건축 부재/문·창호","주막·역참·마을 조립 후보: 접합 규격·피벗·치수·재질 통일","이름·폴더 기반 추정","Assets/SeyeonjeongPavilion/Prefabs/SM_Frame_5.prefab","abc00000000008031397299664189441",4,4,2407,1284,1,0,0,0,0,0.07500009,2.713166,2.696307,"Screenshots/AssetCatalog/Thumbnails/abc00000000008031397299664189441.png","rendered"
1392,"prefab","SeyeonjeongPavilion","SM_Frame_6","문·창호·틀 · SM_Frame_6","건축 부재/문·창호","주막·역참·마을 조립 후보: 접합 규격·피벗·치수·재질 통일","이름·폴더 기반 추정","Assets/SeyeonjeongPavilion/Prefabs/SM_Frame_6.prefab","abc00000000017006269121652557946",4,4,9863,5260,1,0,0,0,0,0.09035935,2.713166,2.696306,"Screenshots/AssetCatalog/Thumbnails/abc00000000017006269121652557946.png","rendered"
1393,"prefab","SeyeonjeongPavilion","SM_Grass","풀·관목 · SM_Grass","식생/풀·관목","산길·마을·정원: 수종·계절·잎 알파·양면·LOD 확인","이름·폴더 기반 추정","Assets/SeyeonjeongPavilion/Prefabs/SM_Grass.prefab","abc00000000017177137957827117400",4,4,10,4,1,0,0,0,0,0.5,0.5,0.5,"Screenshots/AssetCatalog/Thumbnails/abc00000000017177137957827117400.png","rendered"
1394,"prefab","SeyeonjeongPavilion","SM_Ground_1","정원 지면 · SM_Ground_1","암석·지형/지면","청림 산길·원경: 실루엣·노멀·LOD·먹 농도 조정","이름·폴더 기반 추정","Assets/SeyeonjeongPavilion/Prefabs/SM_Ground_1.prefab","abc00000000000907159411752289055",4,4,28828,15375,0,0,0,0,0,1.530549,0.02068878,1.028531,"Screenshots/AssetCatalog/Thumbnails/abc00000000000907159411752289055.png","rendered"
1395,"prefab","SeyeonjeongPavilion","SM_Ground_2","정원 지면 · SM_Ground_2","암석·지형/지면","청림 산길·원경: 실루엣·노멀·LOD·먹 농도 조정","이름·폴더 기반 추정","Assets/SeyeonjeongPavilion/Prefabs/SM_Ground_2.prefab","abc00000000012392733236310767748",4,4,8,2,1,0,0,0,0,1.819781,2.214304E-08,0.9062413,"Screenshots/AssetCatalog/Thumbnails/abc00000000012392733236310767748.png","rendered"
1396,"prefab","SeyeonjeongPavilion","SM_Ground_3","정원 지면 · SM_Ground_3","암석·지형/지면","청림 산길·원경: 실루엣·노멀·LOD·먹 농도 조정","이름·폴더 기반 추정","Assets/SeyeonjeongPavilion/Prefabs/SM_Ground_3.prefab","abc00000000013940497117719300781",4,4,11624,6200,1,0,0,0,0,8.814663,0.19548,10.78016,"Screenshots/AssetCatalog/Thumbnails/abc00000000013940497117719300781.png","rendered"
1397,"prefab","SeyeonjeongPavilion","SM_Ground_3_1","정원 지면 · SM_Ground_3_1","암석·지형/지면","청림 산길·원경: 실루엣·노멀·LOD·먹 농도 조정","이름·폴더 기반 추정","Assets/SeyeonjeongPavilion/Prefabs/SM_Ground_3_1.prefab","abc00000000006945622693628191217",4,4,11624,6200,1,0,0,0,0,8.814663,0.19548,10.78016,"Screenshots/AssetCatalog/Thumbnails/abc00000000006945622693628191217.png","rendered"
1398,"prefab","SeyeonjeongPavilion","SM_Ground_4","정원 지면 · SM_Ground_4","암석·지형/지면","청림 산길·원경: 실루엣·노멀·LOD·먹 농도 조정","이름·폴더 기반 추정","Assets/SeyeonjeongPavilion/Prefabs/SM_Ground_4.prefab","abc00000000007931500615273585242",4,4,11624,6200,1,0,0,0,0,8.234395,0.2576741,7.909335,"Screenshots/AssetCatalog/Thumbnails/abc00000000007931500615273585242.png","rendered"
1399,"prefab","SeyeonjeongPavilion","SM_Ground_5","정원 지면 · SM_Ground_5","암석·지형/지면","청림 산길·원경: 실루엣·노멀·LOD·먹 농도 조정","이름·폴더 기반 추정","Assets/SeyeonjeongPavilion/Prefabs/SM_Ground_5.prefab","abc00000000004522119249119723171",4,4,11600,6187,1,0,0,0,0,8.209044,0.5823215,8.185584,"Screenshots/AssetCatalog/Thumbnails/abc00000000004522119249119723171.png","rendered"
1400,"prefab","SeyeonjeongPavilion","SM_Ground_6","정원 지면 · SM_Ground_6","암석·지형/지면","청림 산길·원경: 실루엣·노멀·LOD·먹 농도 조정","이름·폴더 기반 추정","Assets/SeyeonjeongPavilion/Prefabs/SM_Ground_6.prefab","abc00000000010434553114532609944",4,4,11477,6121,1,0,0,0,0,6.669503,0.1939901,6.938367,"Screenshots/AssetCatalog/Thumbnails/abc00000000010434553114532609944.png","rendered"
1401,"prefab","SeyeonjeongPavilion","SM_Ground_7","정원 지면 · SM_Ground_7","암석·지형/지면","청림 산길·원경: 실루엣·노멀·LOD·먹 농도 조정","이름·폴더 기반 추정","Assets/SeyeonjeongPavilion/Prefabs/SM_Ground_7.prefab","abc00000000005775483334739671393",4,4,6280,3350,1,0,0,0,0,5.187489,0.4349772,5.107855,"Screenshots/AssetCatalog/Thumbnails/abc00000000005775483334739671393.png","rendered"
1402,"prefab","SeyeonjeongPavilion","SM_Henonis_1","초본·갈대·대나무류 · SM_Henonis_1","식생/풀·초본","산길·마을·정원: 수종·계절·잎 알파·양면·LOD 확인","이름·폴더 기반 추정","Assets/SeyeonjeongPavilion/Prefabs/SM_Henonis_1.prefab","abc00000000015686236486590720572",4,4,10574,5640,1,0,0,0,0,2.239581,3.88574,2.332411,"Screenshots/AssetCatalog/Thumbnails/abc00000000015686236486590720572.png","rendered"
1403,"prefab","SeyeonjeongPavilion","SM_Henonis_2","초본·갈대·대나무류 · SM_Henonis_2","식생/풀·초본","산길·마을·정원: 수종·계절·잎 알파·양면·LOD 확인","이름·폴더 기반 추정","Assets/SeyeonjeongPavilion/Prefabs/SM_Henonis_2.prefab","abc00000000016645982107288801335",4,4,10245,5464,1,0,0,0,0,2.226171,3.922833,2.365059,"Screenshots/AssetCatalog/Thumbnails/abc00000000016645982107288801335.png","rendered"
1404,"prefab","SeyeonjeongPavilion","SM_HydrangeaMacrophylla_1","정원 관목 · SM_HydrangeaMacrophylla_1","식생/관목","산길·마을·정원: 수종·계절·잎 알파·양면·LOD 확인","이름·폴더 기반 추정","Assets/SeyeonjeongPavilion/Prefabs/SM_HydrangeaMacrophylla_1.prefab","abc00000000016930986934590634893",4,4,103901,55414,0,0,0,0,0,0.8460412,0.8310562,0.7218461,"Screenshots/AssetCatalog/Thumbnails/abc00000000016930986934590634893.png","rendered"
1405,"prefab","SeyeonjeongPavilion","SM_HydrangeaMacrophylla_2","정원 관목 · SM_HydrangeaMacrophylla_2","식생/관목","산길·마을·정원: 수종·계절·잎 알파·양면·LOD 확인","이름·폴더 기반 추정","Assets/SeyeonjeongPavilion/Prefabs/SM_HydrangeaMacrophylla_2.prefab","abc00000000009931681791754903078",4,4,103450,55173,0,0,0,0,0,0.6557688,1.011678,0.6850024,"Screenshots/AssetCatalog/Thumbnails/abc00000000009931681791754903078.png","rendered"
1406,"prefab","SeyeonjeongPavilion","SM_HydrangeaMacrophylla_Winter_1","정원 관목 · SM_HydrangeaMacrophylla_Winter_1","식생/관목","산길·마을·정원: 수종·계절·잎 알파·양면·LOD 확인","이름·폴더 기반 추정","Assets/SeyeonjeongPavilion/Prefabs/SM_HydrangeaMacrophylla_Winter_1.prefab","abc00000000010817254382715796719",4,4,102413,54620,0,0,0,0,0,0.7493135,0.8310562,0.6921434,"Screenshots/AssetCatalog/Thumbnails/abc00000000010817254382715796719.png","rendered"
1407,"prefab","SeyeonjeongPavilion","SM_HydrangeaMacrophylla_Winter_2","정원 관목 · SM_HydrangeaMacrophylla_Winter_2","식생/관목","산길·마을·정원: 수종·계절·잎 알파·양면·LOD 확인","이름·폴더 기반 추정","Assets/SeyeonjeongPavilion/Prefabs/SM_HydrangeaMacrophylla_Winter_2.prefab","abc00000000003856084133564723796",4,4,102910,54885,0,0,0,0,0,0.6403393,1.011678,0.6093385,"Screenshots/AssetCatalog/Thumbnails/abc00000000003856084133564723796.png","rendered"
1408,"prefab","SeyeonjeongPavilion","SM_Ilexcrenata_Fall_1","정원 관목 · SM_Ilexcrenata_Fall_1","식생/관목","산길·마을·정원: 수종·계절·잎 알파·양면·LOD 확인","이름·폴더 기반 추정","Assets/SeyeonjeongPavilion/Prefabs/SM_Ilexcrenata_Fall_1.prefab","abc00000000014286435787512989516",4,4,108041,57622,1,0,0,0,0,3.269033,3.261296,3.555244,"Screenshots/AssetCatalog/Thumbnails/abc00000000014286435787512989516.png","rendered"
1409,"prefab","SeyeonjeongPavilion","SM_Ilexcrenata_Fall_2","정원 관목 · SM_Ilexcrenata_Fall_2","식생/관목","산길·마을·정원: 수종·계절·잎 알파·양면·LOD 확인","이름·폴더 기반 추정","Assets/SeyeonjeongPavilion/Prefabs/SM_Ilexcrenata_Fall_2.prefab","abc00000000013114342388878757383",4,4,110335,58846,1,0,0,0,0,2.991132,3.590273,3.534126,"Screenshots/AssetCatalog/Thumbnails/abc00000000013114342388878757383.png","rendered"
1410,"prefab","SeyeonjeongPavilion","SM_Ilexcrenata_Spring_1","정원 관목 · SM_Ilexcrenata_Spring_1","식생/관목","산길·마을·정원: 수종·계절·잎 알파·양면·LOD 확인","이름·폴더 기반 추정","Assets/SeyeonjeongPavilion/Prefabs/SM_Ilexcrenata_Spring_1.prefab","abc00000000014658833180016170848",4,4,108040,57622,1,0,0,0,0,3.269033,3.261296,3.555244,"Screenshots/AssetCatalog/Thumbnails/abc00000000014658833180016170848.png","rendered"
1411,"prefab","SeyeonjeongPavilion","SM_Ilexcrenata_Spring_2","정원 관목 · SM_Ilexcrenata_Spring_2","식생/관목","산길·마을·정원: 수종·계절·잎 알파·양면·LOD 확인","이름·폴더 기반 추정","Assets/SeyeonjeongPavilion/Prefabs/SM_Ilexcrenata_Spring_2.prefab","abc00000000013315028772562149995",4,4,110336,58846,1,0,0,0,0,2.991132,3.590274,3.534126,"Screenshots/AssetCatalog/Thumbnails/abc00000000013315028772562149995.png","rendered"
1412,"prefab","SeyeonjeongPavilion","SM_Ilexcrenata_Summer_1","정원 관목 · SM_Ilexcrenata_Summer_1","식생/관목","산길·마을·정원: 수종·계절·잎 알파·양면·LOD 확인","이름·폴더 기반 추정","Assets/SeyeonjeongPavilion/Prefabs/SM_Ilexcrenata_Summer_1.prefab","abc00000000009939663542955510392",4,4,108040,57622,1,0,0,0,0,3.269034,3.261296,3.555244,"Screenshots/AssetCatalog/Thumbnails/abc00000000009939663542955510392.png","rendered"
1413,"prefab","SeyeonjeongPavilion","SM_Ilexcrenata_Summer_2","정원 관목 · SM_Ilexcrenata_Summer_2","식생/관목","산길·마을·정원: 수종·계절·잎 알파·양면·LOD 확인","이름·폴더 기반 추정","Assets/SeyeonjeongPavilion/Prefabs/SM_Ilexcrenata_Summer_2.prefab","abc00000000002628627704451206403",4,4,110336,58846,1,0,0,0,0,2.991132,3.590274,3.534126,"Screenshots/AssetCatalog/Thumbnails/abc00000000002628627704451206403.png","rendered"
1414,"prefab","SeyeonjeongPavilion","SM_Ilexcrenata_Winter_1","정원 관목 · SM_Ilexcrenata_Winter_1","식생/관목","산길·마을·정원: 수종·계절·잎 알파·양면·LOD 확인","이름·폴더 기반 추정","Assets/SeyeonjeongPavilion/Prefabs/SM_Ilexcrenata_Winter_1.prefab","abc00000000001780965795593093600",4,4,49264,26275,1,0,0,0,0,3.269033,3.229668,3.555244,"Screenshots/AssetCatalog/Thumbnails/abc00000000001780965795593093600.png","rendered"
1415,"prefab","SeyeonjeongPavilion","SM_Ilexcrenata_Winter_2","정원 관목 · SM_Ilexcrenata_Winter_2","식생/관목","산길·마을·정원: 수종·계절·잎 알파·양면·LOD 확인","이름·폴더 기반 추정","Assets/SeyeonjeongPavilion/Prefabs/SM_Ilexcrenata_Winter_2.prefab","abc00000000000437161388139072747",4,4,104214,55582,1,0,0,0,0,2.991132,3.585651,3.534126,"Screenshots/AssetCatalog/Thumbnails/abc00000000000437161388139072747.png","rendered"
1416,"prefab","SeyeonjeongPavilion","SM_Lagerstroemiaindica_Fall_1","수목·계절 변형 · SM_Lagerstroemiaindica_Fall_1","식생/수목","산길·마을·정원: 수종·계절·잎 알파·양면·LOD 확인","이름·폴더 기반 추정","Assets/SeyeonjeongPavilion/Prefabs/SM_Lagerstroemiaindica_Fall_1.prefab","abc00000000011066847819310011485",4,4,106234,56658,1,0,0,0,0,7.32709,6.002696,7.33606,"Screenshots/AssetCatalog/Thumbnails/abc00000000011066847819310011485.png","rendered"
1417,"prefab","SeyeonjeongPavilion","SM_Lagerstroemiaindica_Fall_2","수목·계절 변형 · SM_Lagerstroemiaindica_Fall_2","식생/수목","산길·마을·정원: 수종·계절·잎 알파·양면·LOD 확인","이름·폴더 기반 추정","Assets/SeyeonjeongPavilion/Prefabs/SM_Lagerstroemiaindica_Fall_2.prefab","abc00000000016189616673269711990",4,4,92390,49274,1,0,0,0,0,5.99404,6.262403,5.64271,"Screenshots/AssetCatalog/Thumbnails/abc00000000016189616673269711990.png","rendered"
1418,"prefab","SeyeonjeongPavilion","SM_Lagerstroemiaindica_Spring_1","수목·계절 변형 · SM_Lagerstroemiaindica_Spring_1","식생/수목","산길·마을·정원: 수종·계절·잎 알파·양면·LOD 확인","이름·폴더 기반 추정","Assets/SeyeonjeongPavilion/Prefabs/SM_Lagerstroemiaindica_Spring_1.prefab","abc00000000006037053368145427069",4,4,106235,56658,1,0,0,0,0,7.32709,6.002697,7.33606,"Screenshots/AssetCatalog/Thumbnails/abc00000000006037053368145427069.png","rendered"
1419,"prefab","SeyeonjeongPavilion","SM_Lagerstroemiaindica_Spring_2","수목·계절 변형 · SM_Lagerstroemiaindica_Spring_2","식생/수목","산길·마을·정원: 수종·계절·잎 알파·양면·LOD 확인","이름·폴더 기반 추정","Assets/SeyeonjeongPavilion/Prefabs/SM_Lagerstroemiaindica_Spring_2.prefab","abc00000000011159822222105127574",4,4,92390,49274,1,0,0,0,0,5.99404,6.262403,5.64271,"Screenshots/AssetCatalog/Thumbnails/abc00000000011159822222105127574.png","rendered"
1420,"prefab","SeyeonjeongPavilion","SM_Lagerstroemiaindica_Summer_1","수목·계절 변형 · SM_Lagerstroemiaindica_Summer_1","식생/수목","산길·마을·정원: 수종·계절·잎 알파·양면·LOD 확인","이름·폴더 기반 추정","Assets/SeyeonjeongPavilion/Prefabs/SM_Lagerstroemiaindica_Summer_1.prefab","abc00000000003933396539400513093",4,4,111950,59706,1,0,0,0,0,7.32709,5.991215,7.33606,"Screenshots/AssetCatalog/Thumbnails/abc00000000003933396539400513093.png","rendered"
1421,"prefab","SeyeonjeongPavilion","SM_Lagerstroemiaindica_Summer_2","수목·계절 변형 · SM_Lagerstroemiaindica_Summer_2","식생/수목","산길·마을·정원: 수종·계절·잎 알파·양면·LOD 확인","이름·폴더 기반 추정","Assets/SeyeonjeongPavilion/Prefabs/SM_Lagerstroemiaindica_Summer_2.prefab","abc00000000005705491118062852158",4,4,102035,54418,1,0,0,0,0,5.99404,6.262403,5.64271,"Screenshots/AssetCatalog/Thumbnails/abc00000000005705491118062852158.png","rendered"
1422,"prefab","SeyeonjeongPavilion","SM_Lagerstroemiaindica_Winter_1","수목·계절 변형 · SM_Lagerstroemiaindica_Winter_1","식생/수목","산길·마을·정원: 수종·계절·잎 알파·양면·LOD 확인","이름·폴더 기반 추정","Assets/SeyeonjeongPavilion/Prefabs/SM_Lagerstroemiaindica_Winter_1.prefab","abc00000000016949578024393931381",4,4,60213,32114,1,0,0,0,0,7.031573,5.930565,7.325684,"Screenshots/AssetCatalog/Thumbnails/abc00000000016949578024393931381.png","rendered"
1423,"prefab","SeyeonjeongPavilion","SM_Lagerstroemiaindica_Winter_2","수목·계절 변형 · SM_Lagerstroemiaindica_Winter_2","식생/수목","산길·마을·정원: 수종·계절·잎 알파·양면·LOD 확인","이름·폴더 기반 추정","Assets/SeyeonjeongPavilion/Prefabs/SM_Lagerstroemiaindica_Winter_2.prefab","abc00000000006862911964055147118",4,4,53743,28664,1,0,0,0,0,5.209663,6.019359,5.400732,"Screenshots/AssetCatalog/Thumbnails/abc00000000006862911964055147118.png","rendered"
1424,"prefab","SeyeonjeongPavilion","SM_Landscape_0","지형·산 메시 · SM_Landscape_0","암석·지형/지형·산","청림 산길·원경: 실루엣·노멀·LOD·먹 농도 조정","이름·폴더 기반 추정","Assets/SeyeonjeongPavilion/Prefabs/SM_Landscape_0.prefab","abc00000000005966715188411504696",1,1,285768,285768,0,0,0,0,0,378,90.54687,378,"Screenshots/AssetCatalog/Thumbnails/abc00000000005966715188411504696.png","rendered"
1425,"prefab","SeyeonjeongPavilion","SM_Landscape_1","지형·산 메시 · SM_Landscape_1","암석·지형/지형·산","청림 산길·원경: 실루엣·노멀·LOD·먹 농도 조정","이름·폴더 기반 추정","Assets/SeyeonjeongPavilion/Prefabs/SM_Landscape_1.prefab","abc00000000006299706835818638849",1,1,2032128,2032128,0,0,0,0,0,1008,215.9453,1008,"Screenshots/AssetCatalog/Thumbnails/abc00000000006299706835818638849.png","rendered"
1426,"prefab","SeyeonjeongPavilion","SM_Maru_1","바닥·마루 · SM_Maru_1","건축 부재/바닥·포장","주막·역참·마을 조립 후보: 접합 규격·피벗·치수·재질 통일","이름·폴더 기반 추정","Assets/SeyeonjeongPavilion/Prefabs/SM_Maru_1.prefab","abc00000000004441273349539814711",4,4,82,44,1,0,0,0,0,0.3602253,0.4983332,2.618292,"Screenshots/AssetCatalog/Thumbnails/abc00000000004441273349539814711.png","rendered"
1427,"prefab","SeyeonjeongPavilion","SM_Maru_2","바닥·마루 · SM_Maru_2","건축 부재/바닥·포장","주막·역참·마을 조립 후보: 접합 규격·피벗·치수·재질 통일","이름·폴더 기반 추정","Assets/SeyeonjeongPavilion/Prefabs/SM_Maru_2.prefab","abc00000000003481527728841733948",4,4,1365,728,1,0,0,0,0,2.201847,0.265061,2.301066,"Screenshots/AssetCatalog/Thumbnails/abc00000000003481527728841733948.png","rendered"
1428,"prefab","SeyeonjeongPavilion","SM_Maru_3","바닥·마루 · SM_Maru_3","건축 부재/바닥·포장","주막·역참·마을 조립 후보: 접합 규격·피벗·치수·재질 통일","이름·폴더 기반 추정","Assets/SeyeonjeongPavilion/Prefabs/SM_Maru_3.prefab","abc00000000009755266751291412613",4,4,712,380,1,0,0,0,0,0.08927752,0.669356,2.186348,"Screenshots/AssetCatalog/Thumbnails/abc00000000009755266751291412613.png","rendered"
1429,"prefab","SeyeonjeongPavilion","SM_MeliaAzedarach_Fall_1","수목·계절 변형 · SM_MeliaAzedarach_Fall_1","식생/수목","산길·마을·정원: 수종·계절·잎 알파·양면·LOD 확인","이름·폴더 기반 추정","Assets/SeyeonjeongPavilion/Prefabs/SM_MeliaAzedarach_Fall_1.prefab","abc00000000000441230629728213805",4,4,102380,54602,1,0,0,0,0,13.14976,14.0294,12.44302,"Screenshots/AssetCatalog/Thumbnails/abc00000000000441230629728213805.png","rendered"
1430,"prefab","SeyeonjeongPavilion","SM_MeliaAzedarach_Fall_2","수목·계절 변형 · SM_MeliaAzedarach_Fall_2","식생/수목","산길·마을·정원: 수종·계절·잎 알파·양면·LOD 확인","이름·폴더 기반 추정","Assets/SeyeonjeongPavilion/Prefabs/SM_MeliaAzedarach_Fall_2.prefab","abc00000000011888669560602033606",4,4,112403,59948,1,0,0,0,0,11.57196,15.42572,10.47952,"Screenshots/AssetCatalog/Thumbnails/abc00000000011888669560602033606.png","rendered"
1431,"prefab","SeyeonjeongPavilion","SM_MeliaAzedarach_Spring_1","수목·계절 변형 · SM_MeliaAzedarach_Spring_1","식생/수목","산길·마을·정원: 수종·계절·잎 알파·양면·LOD 확인","이름·폴더 기반 추정","Assets/SeyeonjeongPavilion/Prefabs/SM_MeliaAzedarach_Spring_1.prefab","abc00000000017084127298661226413",4,4,102380,54602,1,0,0,0,0,13.14976,14.0294,12.44302,"Screenshots/AssetCatalog/Thumbnails/abc00000000017084127298661226413.png","rendered"
1432,"prefab","SeyeonjeongPavilion","SM_MeliaAzedarach_Spring_2","수목·계절 변형 · SM_MeliaAzedarach_Spring_2","식생/수목","산길·마을·정원: 수종·계절·잎 알파·양면·LOD 확인","이름·폴더 기반 추정","Assets/SeyeonjeongPavilion/Prefabs/SM_MeliaAzedarach_Spring_2.prefab","abc00000000010084822155825494598",4,4,112403,59948,1,0,0,0,0,11.57196,15.42572,10.47952,"Screenshots/AssetCatalog/Thumbnails/abc00000000010084822155825494598.png","rendered"
1433,"prefab","SeyeonjeongPavilion","SM_MeliaAzedarach_Summer_1","수목·계절 변형 · SM_MeliaAzedarach_Summer_1","식생/수목","산길·마을·정원: 수종·계절·잎 알파·양면·LOD 확인","이름·폴더 기반 추정","Assets/SeyeonjeongPavilion/Prefabs/SM_MeliaAzedarach_Summer_1.prefab","abc00000000014834769546818759221",4,4,102380,54602,1,0,0,0,0,13.14976,14.0294,12.44302,"Screenshots/AssetCatalog/Thumbnails/abc00000000014834769546818759221.png","rendered"
1434,"prefab","SeyeonjeongPavilion","SM_MeliaAzedarach_Summer_2","수목·계절 변형 · SM_MeliaAzedarach_Summer_2","식생/수목","산길·마을·정원: 수종·계절·잎 알파·양면·LOD 확인","이름·폴더 기반 추정","Assets/SeyeonjeongPavilion/Prefabs/SM_MeliaAzedarach_Summer_2.prefab","abc00000000005131744713374727726",4,4,112403,59948,1,0,0,0,0,11.57196,15.42572,10.47952,"Screenshots/AssetCatalog/Thumbnails/abc00000000005131744713374727726.png","rendered"
1435,"prefab","SeyeonjeongPavilion","SM_MeliaAzedarach_Winter_1","수목·계절 변형 · SM_MeliaAzedarach_Winter_1","식생/수목","산길·마을·정원: 수종·계절·잎 알파·양면·LOD 확인","이름·폴더 기반 추정","Assets/SeyeonjeongPavilion/Prefabs/SM_MeliaAzedarach_Winter_1.prefab","abc00000000006561155578545173541",4,4,33318,17770,1,0,0,0,0,12.69666,14.02674,12.10299,"Screenshots/AssetCatalog/Thumbnails/abc00000000006561155578545173541.png","rendered"
1436,"prefab","SeyeonjeongPavilion","SM_MeliaAzedarach_Winter_2","수목·계절 변형 · SM_MeliaAzedarach_Winter_2","식생/수목","산길·마을·정원: 수종·계절·잎 알파·양면·LOD 확인","이름·폴더 기반 추정","Assets/SeyeonjeongPavilion/Prefabs/SM_MeliaAzedarach_Winter_2.prefab","abc00000000002081626229000885150",4,4,71886,38340,1,0,0,0,0,11.55252,15.48311,9.893574,"Screenshots/AssetCatalog/Thumbnails/abc00000000002081626229000885150.png","rendered"
1437,"prefab","SeyeonjeongPavilion","SM_NameBoard","현판·이름판 · SM_NameBoard","표면 장식/현판·회화","건물·유적 표면: 실제 문구·문양·데칼 여부 및 면 겹침 확인","이름·폴더 기반 추정","Assets/SeyeonjeongPavilion/Prefabs/SM_NameBoard.prefab","abc00000000013634635537564276341",4,4,134,72,1,0,0,0,0,0.3930505,0.7567918,2.053292,"Screenshots/AssetCatalog/Thumbnails/abc00000000013634635537564276341.png","rendered"
1438,"prefab","SeyeonjeongPavilion","SM_NerimMaru","용마루·내림마루·추녀마루 · SM_NerimMaru","건축 부재/용마루·지붕 장식","주막·역참·마을 조립 후보: 접합 규격·피벗·치수·재질 통일","이름·폴더 기반 추정","Assets/SeyeonjeongPavilion/Prefabs/SM_NerimMaru.prefab","abc00000000018277983316899416146",4,4,20167,10756,1,0,0,0,0,0.3801548,2.290727,3.747304,"Screenshots/AssetCatalog/Thumbnails/abc00000000018277983316899416146.png","rendered"
1439,"prefab","SeyeonjeongPavilion","SM_NymphaeaTetragona_1","수면 잎·수생 식물 · SM_NymphaeaTetragona_1","식생/수생 식물","연못·하천·누정 주변: 수위·접지·동선 확인","이름·폴더 기반 추정","Assets/SeyeonjeongPavilion/Prefabs/SM_NymphaeaTetragona_1.prefab","abc00000000000758092494519970746",4,4,19702,10508,0,0,0,0,0,0.6225803,0.1721556,0.6474718,"Screenshots/AssetCatalog/Thumbnails/abc00000000000758092494519970746.png","rendered"
1440,"prefab","SeyeonjeongPavilion","SM_NymphaeaTetragona_2","수면 잎·수생 식물 · SM_NymphaeaTetragona_2","식생/수생 식물","연못·하천·누정 주변: 수위·접지·동선 확인","이름·폴더 기반 추정","Assets/SeyeonjeongPavilion/Prefabs/SM_NymphaeaTetragona_2.prefab","abc00000000005237621844064259137",4,4,26698,14240,0,0,0,0,0,0.6091902,0.1643141,0.7116838,"Screenshots/AssetCatalog/Thumbnails/abc00000000005237621844064259137.png","rendered"
1441,"prefab","SeyeonjeongPavilion","SM_NymphaeaTetragona_3","수면 잎·수생 식물 · SM_NymphaeaTetragona_3","식생/수생 식물","연못·하천·누정 주변: 수위·접지·동선 확인","이름·폴더 기반 추정","Assets/SeyeonjeongPavilion/Prefabs/SM_NymphaeaTetragona_3.prefab","abc00000000004659746966870412664",4,4,33852,18054,0,0,0,0,0,0.6289821,0.1648703,0.6273717,"Screenshots/AssetCatalog/Thumbnails/abc00000000004659746966870412664.png","rendered"
1442,"prefab","SeyeonjeongPavilion","SM_NymphaeaTetragona_4","수면 잎·수생 식물 · SM_NymphaeaTetragona_4","식생/수생 식물","연못·하천·누정 주변: 수위·접지·동선 확인","이름·폴더 기반 추정","Assets/SeyeonjeongPavilion/Prefabs/SM_NymphaeaTetragona_4.prefab","abc00000000012180213889731404159",4,4,31084,16578,0,0,0,0,0,0.588439,0.1780358,0.7052401,"Screenshots/AssetCatalog/Thumbnails/abc00000000012180213889731404159.png","rendered"
1443,"prefab","SeyeonjeongPavilion","SM_NymphaeaTetragona_Leaf_1","수면 잎·수생 식물 · SM_NymphaeaTetragona_Leaf_1","식생/수생 식물","연못·하천·누정 주변: 수위·접지·동선 확인","이름·폴더 기반 추정","Assets/SeyeonjeongPavilion/Prefabs/SM_NymphaeaTetragona_Leaf_1.prefab","abc00000000003002266315221232425",4,4,1549,826,0,0,0,0,0,0.2209689,0.1868408,0.2101158,"Screenshots/AssetCatalog/Thumbnails/abc00000000003002266315221232425.png","rendered"
1444,"prefab","SeyeonjeongPavilion","SM_NymphaeaTetragona_Leaf_2","수면 잎·수생 식물 · SM_NymphaeaTetragona_Leaf_2","식생/수생 식물","연못·하천·누정 주변: 수위·접지·동선 확인","이름·폴더 기반 추정","Assets/SeyeonjeongPavilion/Prefabs/SM_NymphaeaTetragona_Leaf_2.prefab","abc00000000011103965135723668706",4,4,1549,826,0,0,0,0,0,0.2909037,0.1201507,0.2464877,"Screenshots/AssetCatalog/Thumbnails/abc00000000011103965135723668706.png","rendered"
1445,"prefab","SeyeonjeongPavilion","SM_NymphaeaTetragona_Leaf_3","수면 잎·수생 식물 · SM_NymphaeaTetragona_Leaf_3","식생/수생 식물","연못·하천·누정 주변: 수위·접지·동선 확인","이름·폴더 기반 추정","Assets/SeyeonjeongPavilion/Prefabs/SM_NymphaeaTetragona_Leaf_3.prefab","abc00000000000791879332449663787",4,4,1520,810,0,0,0,0,0,0.2026283,0.1335396,0.1988347,"Screenshots/AssetCatalog/Thumbnails/abc00000000000791879332449663787.png","rendered"
1446,"prefab","SeyeonjeongPavilion","SM_NymphaeaTetragona_Leaf_4","수면 잎·수생 식물 · SM_NymphaeaTetragona_Leaf_4","식생/수생 식물","연못·하천·누정 주변: 수위·접지·동선 확인","이름·폴더 기반 추정","Assets/SeyeonjeongPavilion/Prefabs/SM_NymphaeaTetragona_Leaf_4.prefab","abc00000000006470723385609981740",4,4,1549,826,0,0,0,0,0,0.2034846,0.08619409,0.1994207,"Screenshots/AssetCatalog/Thumbnails/abc00000000006470723385609981740.png","rendered"
1447,"prefab","SeyeonjeongPavilion","SM_PIllar_1","기둥·기둥 부속 · SM_PIllar_1","건축 부재/기둥","주막·역참·마을 조립 후보: 접합 규격·피벗·치수·재질 통일","이름·폴더 기반 추정","Assets/SeyeonjeongPavilion/Prefabs/SM_PIllar_1.prefab","abc00000000003206416003274441830",4,4,1859,992,1,0,0,0,0,0.4139576,3.32209,1.026781,"Screenshots/AssetCatalog/Thumbnails/abc00000000003206416003274441830.png","rendered"
1448,"prefab","SeyeonjeongPavilion","SM_PIllar_2","기둥·기둥 부속 · SM_PIllar_2","건축 부재/기둥","주막·역참·마을 조립 후보: 접합 규격·피벗·치수·재질 통일","이름·폴더 기반 추정","Assets/SeyeonjeongPavilion/Prefabs/SM_PIllar_2.prefab","abc00000000004606104677168586957",4,4,2178,1162,1,0,0,0,0,0.753252,3.322511,0.7532954,"Screenshots/AssetCatalog/Thumbnails/abc00000000004606104677168586957.png","rendered"
1449,"prefab","SeyeonjeongPavilion","SM_Panseokbo","판석보 · SM_Panseokbo","건축 조립체/수로·보","연못·하천·누정 주변: 수위·접지·동선 확인","이름·폴더 기반 추정","Assets/SeyeonjeongPavilion/Prefabs/SM_Panseokbo.prefab","abc00000000018097524896420823204",4,4,89197,47572,1,0,0,0,0,2.946797,3.706082,17.46924,"Screenshots/AssetCatalog/Thumbnails/abc00000000018097524896420823204.png","rendered"
1450,"prefab","SeyeonjeongPavilion","SM_ParthenocissusTricuspidata_1","담쟁이 계열 덩굴 · SM_ParthenocissusTricuspidata_1","식생/덩굴","산길·마을·정원: 수종·계절·잎 알파·양면·LOD 확인","이름·폴더 기반 추정","Assets/SeyeonjeongPavilion/Prefabs/SM_ParthenocissusTricuspidata_1.prefab","abc00000000009463828468982233816",4,4,6074,3240,0,0,0,0,0,0.6094431,0.1806163,0.7730082,"Screenshots/AssetCatalog/Thumbnails/abc00000000009463828468982233816.png","rendered"
1451,"prefab","SeyeonjeongPavilion","SM_ParthenocissusTricuspidata_2","담쟁이 계열 덩굴 · SM_ParthenocissusTricuspidata_2","식생/덩굴","산길·마을·정원: 수종·계절·잎 알파·양면·LOD 확인","이름·폴더 기반 추정","Assets/SeyeonjeongPavilion/Prefabs/SM_ParthenocissusTricuspidata_2.prefab","abc00000000016014036556512093155",4,4,3794,2024,0,0,0,0,0,0.795951,0.296804,0.7389795,"Screenshots/AssetCatalog/Thumbnails/abc00000000016014036556512093155.png","rendered"
1452,"prefab","SeyeonjeongPavilion","SM_ParthenocissusTricuspidata_3","담쟁이 계열 덩굴 · SM_ParthenocissusTricuspidata_3","식생/덩굴","산길·마을·정원: 수종·계절·잎 알파·양면·LOD 확인","이름·폴더 기반 추정","Assets/SeyeonjeongPavilion/Prefabs/SM_ParthenocissusTricuspidata_3.prefab","abc00000000005446224262926212506",4,4,6029,3216,0,0,0,0,0,0.8425225,0.2319432,0.9499784,"Screenshots/AssetCatalog/Thumbnails/abc00000000005446224262926212506.png","rendered"
1453,"prefab","SeyeonjeongPavilion","SM_PhragmitesAustralis_1","초본·갈대·대나무류 · SM_PhragmitesAustralis_1","식생/풀·초본","산길·마을·정원: 수종·계절·잎 알파·양면·LOD 확인","이름·폴더 기반 추정","Assets/SeyeonjeongPavilion/Prefabs/SM_PhragmitesAustralis_1.prefab","abc00000000010172918040592891194",4,4,9518,5076,0,0,0,0,0,0.8469954,2.138015,0.8944993,"Screenshots/AssetCatalog/Thumbnails/abc00000000010172918040592891194.png","rendered"
1454,"prefab","SeyeonjeongPavilion","SM_PhragmitesAustralis_2","초본·갈대·대나무류 · SM_PhragmitesAustralis_2","식생/풀·초본","산길·마을·정원: 수종·계절·잎 알파·양면·LOD 확인","이름·폴더 기반 추정","Assets/SeyeonjeongPavilion/Prefabs/SM_PhragmitesAustralis_2.prefab","abc00000000014652447390137179585",4,4,7733,4124,0,0,0,0,0,1.561816,1.851892,1.044931,"Screenshots/AssetCatalog/Thumbnails/abc00000000014652447390137179585.png","rendered"
1455,"prefab","SeyeonjeongPavilion","SM_Pillar_3","기둥·기둥 부속 · SM_Pillar_3","건축 부재/기둥","주막·역참·마을 조립 후보: 접합 규격·피벗·치수·재질 통일","이름·폴더 기반 추정","Assets/SeyeonjeongPavilion/Prefabs/SM_Pillar_3.prefab","abc00000000002394829231214484676",4,4,382,204,1,0,0,0,0,0.2443404,3.844635,0.2460071,"Screenshots/AssetCatalog/Thumbnails/abc00000000002394829231214484676.png","rendered"
1456,"prefab","SeyeonjeongPavilion","SM_PinusDensiflora_3","수목·계절 변형 · SM_PinusDensiflora_3","식생/수목","산길·마을·정원: 수종·계절·잎 알파·양면·LOD 확인","이름·폴더 기반 추정","Assets/SeyeonjeongPavilion/Prefabs/SM_PinusDensiflora_3.prefab","abc00000000016435635895107627552",4,4,892426,475961,1,0,0,0,0,12.8852,7.750218,6.874557,"Screenshots/AssetCatalog/Thumbnails/abc00000000016435635895107627552.png","rendered"
1457,"prefab","SeyeonjeongPavilion","SM_PinusDensiflora_Fall_1","수목·계절 변형 · SM_PinusDensiflora_Fall_1","식생/수목","산길·마을·정원: 수종·계절·잎 알파·양면·LOD 확인","이름·폴더 기반 추정","Assets/SeyeonjeongPavilion/Prefabs/SM_PinusDensiflora_Fall_1.prefab","abc00000000014219868830204431526",4,4,111078,59242,1,0,0,0,0,3.358329,6.255815,3.218889,"Screenshots/AssetCatalog/Thumbnails/abc00000000014219868830204431526.png","rendered"
1458,"prefab","SeyeonjeongPavilion","SM_PinusDensiflora_Fall_2","수목·계절 변형 · SM_PinusDensiflora_Fall_2","식생/수목","산길·마을·정원: 수종·계절·잎 알파·양면·LOD 확인","이름·폴더 기반 추정","Assets/SeyeonjeongPavilion/Prefabs/SM_PinusDensiflora_Fall_2.prefab","abc00000000002772429899330611725",4,4,107133,57138,1,0,0,0,0,3.393384,6.135432,3.182285,"Screenshots/AssetCatalog/Thumbnails/abc00000000002772429899330611725.png","rendered"
1459,"prefab","SeyeonjeongPavilion","SM_PinusDensiflora_Spring_1","수목·계절 변형 · SM_PinusDensiflora_Spring_1","식생/수목","산길·마을·정원: 수종·계절·잎 알파·양면·LOD 확인","이름·폴더 기반 추정","Assets/SeyeonjeongPavilion/Prefabs/SM_PinusDensiflora_Spring_1.prefab","abc00000000001149978237240429974",4,4,108929,58096,1,0,0,0,0,3.358329,6.258701,3.218891,"Screenshots/AssetCatalog/Thumbnails/abc00000000001149978237240429974.png","rendered"
1460,"prefab","SeyeonjeongPavilion","SM_PinusDensiflora_Spring_2","수목·계절 변형 · SM_PinusDensiflora_Spring_2","식생/수목","산길·마을·정원: 수종·계절·잎 알파·양면·LOD 확인","이름·폴더 기반 추정","Assets/SeyeonjeongPavilion/Prefabs/SM_PinusDensiflora_Spring_2.prefab","abc00000000014473953456990281085",4,4,104849,55920,1,0,0,0,0,3.393385,6.135431,3.182285,"Screenshots/AssetCatalog/Thumbnails/abc00000000014473953456990281085.png","rendered"
1461,"prefab","SeyeonjeongPavilion","SM_PinusDensiflora_Winter_1","수목·계절 변형 · SM_PinusDensiflora_Winter_1","식생/수목","산길·마을·정원: 수종·계절·잎 알파·양면·LOD 확인","이름·폴더 기반 추정","Assets/SeyeonjeongPavilion/Prefabs/SM_PinusDensiflora_Winter_1.prefab","abc00000000000826354091524687930",4,4,111079,59242,1,0,0,0,0,3.358329,6.255815,3.218891,"Screenshots/AssetCatalog/Thumbnails/abc00000000000826354091524687930.png","rendered"
1462,"prefab","SeyeonjeongPavilion","SM_PinusDensiflora_Winter_2","수목·계절 변형 · SM_PinusDensiflora_Winter_2","식생/수목","산길·마을·정원: 수종·계절·잎 알파·양면·LOD 확인","이름·폴더 기반 추정","Assets/SeyeonjeongPavilion/Prefabs/SM_PinusDensiflora_Winter_2.prefab","abc00000000005305883441068976321",4,4,107134,57138,1,0,0,0,0,3.393385,6.135431,3.182285,"Screenshots/AssetCatalog/Thumbnails/abc00000000005305883441068976321.png","rendered"
1463,"prefab","SeyeonjeongPavilion","SM_PinusThunbergii_Fall_1","수목·계절 변형 · SM_PinusThunbergii_Fall_1","식생/수목","산길·마을·정원: 수종·계절·잎 알파·양면·LOD 확인","이름·폴더 기반 추정","Assets/SeyeonjeongPavilion/Prefabs/SM_PinusThunbergii_Fall_1.prefab","abc00000000000337158183307451498",4,4,111794,59624,1,0,0,0,0,2.99682,5.167123,3.033105,"Screenshots/AssetCatalog/Thumbnails/abc00000000000337158183307451498.png","rendered"
1464,"prefab","SeyeonjeongPavilion","SM_PinusThunbergii_Fall_2","수목·계절 변형 · SM_PinusThunbergii_Fall_2","식생/수목","산길·마을·정원: 수종·계절·잎 알파·양면·LOD 확인","이름·폴더 기반 추정","Assets/SeyeonjeongPavilion/Prefabs/SM_PinusThunbergii_Fall_2.prefab","abc00000000004152005676838835889",4,4,110765,59074,1,0,0,0,0,3.865346,5.694633,4.207378,"Screenshots/AssetCatalog/Thumbnails/abc00000000004152005676838835889.png","rendered"
1465,"prefab","SeyeonjeongPavilion","SM_PinusThunbergii_Summer_1","수목·계절 변형 · SM_PinusThunbergii_Summer_1","식생/수목","산길·마을·정원: 수종·계절·잎 알파·양면·LOD 확인","이름·폴더 기반 추정","Assets/SeyeonjeongPavilion/Prefabs/SM_PinusThunbergii_Summer_1.prefab","abc00000000011337942401544634226",4,4,109166,58222,1,0,0,0,0,2.99682,5.167123,3.033105,"Screenshots/AssetCatalog/Thumbnails/abc00000000011337942401544634226.png","rendered"
1466,"prefab","SeyeonjeongPavilion","SM_PinusThunbergii_Summer_2","수목·계절 변형 · SM_PinusThunbergii_Summer_2","식생/수목","산길·마을·정원: 수종·계절·잎 알파·양면·LOD 확인","이름·폴더 기반 추정","Assets/SeyeonjeongPavilion/Prefabs/SM_PinusThunbergii_Summer_2.prefab","abc00000000004258161619138127545",4,4,105911,56486,1,0,0,0,0,3.865346,5.694633,4.207378,"Screenshots/AssetCatalog/Thumbnails/abc00000000004258161619138127545.png","rendered"
1467,"prefab","SeyeonjeongPavilion","SM_Quercusacutissima_Fall_1","수목·계절 변형 · SM_Quercusacutissima_Fall_1","식생/수목","산길·마을·정원: 수종·계절·잎 알파·양면·LOD 확인","이름·폴더 기반 추정","Assets/SeyeonjeongPavilion/Prefabs/SM_Quercusacutissima_Fall_1.prefab","abc00000000005410805609862040563",4,4,1675954,893841,1,0,0,0,0,16.56512,18.7799,16.73857,"Screenshots/AssetCatalog/Thumbnails/abc00000000005410805609862040563.png","rendered"
1468,"prefab","SeyeonjeongPavilion","SM_Quercusacutissima_Fall_2","수목·계절 변형 · SM_Quercusacutissima_Fall_2","식생/수목","산길·마을·정원: 수종·계절·잎 알파·양면·LOD 확인","이름·폴더 기반 추정","Assets/SeyeonjeongPavilion/Prefabs/SM_Quercusacutissima_Fall_2.prefab","abc00000000014953257924575817256",4,4,555182,296097,1,0,0,0,0,20.25403,20.81152,20.15513,"Screenshots/AssetCatalog/Thumbnails/abc00000000014953257924575817256.png","rendered"
1469,"prefab","SeyeonjeongPavilion","SM_Quercusacutissima_Summer_1","수목·계절 변형 · SM_Quercusacutissima_Summer_1","식생/수목","산길·마을·정원: 수종·계절·잎 알파·양면·LOD 확인","이름·폴더 기반 추정","Assets/SeyeonjeongPavilion/Prefabs/SM_Quercusacutissima_Summer_1.prefab","abc00000000015994102310827643351",4,4,1675953,893841,1,0,0,0,0,16.56512,18.7799,16.73857,"Screenshots/AssetCatalog/Thumbnails/abc00000000015994102310827643351.png","rendered"
1470,"prefab","SeyeonjeongPavilion","SM_Quercusacutissima_Summer_2","수목·계절 변형 · SM_Quercusacutissima_Summer_2","식생/수목","산길·마을·정원: 수종·계절·잎 알파·양면·LOD 확인","이름·폴더 기반 추정","Assets/SeyeonjeongPavilion/Prefabs/SM_Quercusacutissima_Summer_2.prefab","abc00000000002455313842755063644",4,4,555183,296097,1,0,0,0,0,20.25402,20.81152,20.15514,"Screenshots/AssetCatalog/Thumbnails/abc00000000002455313842755063644.png","rendered"
1471,"prefab","SeyeonjeongPavilion","SM_Quercusacutissima_Winter_1","수목·계절 변형 · SM_Quercusacutissima_Winter_1","식생/수목","산길·마을·정원: 수종·계절·잎 알파·양면·LOD 확인","이름·폴더 기반 추정","Assets/SeyeonjeongPavilion/Prefabs/SM_Quercusacutissima_Winter_1.prefab","abc00000000001965436434317046947",4,4,769712,410513,1,0,0,0,0,15.95616,18.53701,16.29042,"Screenshots/AssetCatalog/Thumbnails/abc00000000001965436434317046947.png","rendered"
1472,"prefab","SeyeonjeongPavilion","SM_Quercusacutissima_Winter_2","수목·계절 변형 · SM_Quercusacutissima_Winter_2","식생/수목","산길·마을·정원: 수종·계절·잎 알파·양면·LOD 확인","이름·폴더 기반 추정","Assets/SeyeonjeongPavilion/Prefabs/SM_Quercusacutissima_Winter_2.prefab","abc00000000007877870299729933720",4,4,240844,128449,1,0,0,0,0,19.35603,19.90327,18.81803,"Screenshots/AssetCatalog/Thumbnails/abc00000000007877870299729933720.png","rendered"
1473,"prefab","SeyeonjeongPavilion","SM_Rock_A","자연 암석 · SM_Rock_A","암석·지형/암석","청림 산길·원경: 실루엣·노멀·LOD·먹 농도 조정","이름·폴더 기반 추정","Assets/SeyeonjeongPavilion/Prefabs/SM_Rock_A.prefab","abc00000000014194041208519987357",4,4,11732,6258,1,0,0,0,0,9.631715,4.006279,4.841717,"Screenshots/AssetCatalog/Thumbnails/abc00000000014194041208519987357.png","rendered"
1474,"prefab","SeyeonjeongPavilion","SM_Rock_B","자연 암석 · SM_Rock_B","암석·지형/암석","청림 산길·원경: 실루엣·노멀·LOD·먹 농도 조정","이름·폴더 기반 추정","Assets/SeyeonjeongPavilion/Prefabs/SM_Rock_B.prefab","abc00000000002245578223482270390",4,4,30532,16284,1,0,0,0,0,3.740484,1.452972,4.644891,"Screenshots/AssetCatalog/Thumbnails/abc00000000002245578223482270390.png","rendered"
1475,"prefab","SeyeonjeongPavilion","SM_Rock_C","자연 암석 · SM_Rock_C","암석·지형/암석","청림 산길·원경: 실루엣·노멀·LOD·먹 농도 조정","이름·폴더 기반 추정","Assets/SeyeonjeongPavilion/Prefabs/SM_Rock_C.prefab","abc00000000007791309047282669455",4,4,9456,5044,1,0,0,0,0,3.491175,2.353125,5.124242,"Screenshots/AssetCatalog/Thumbnails/abc00000000007791309047282669455.png","rendered"
1476,"prefab","SeyeonjeongPavilion","SM_Rock_D","자연 암석 · SM_Rock_D","암석·지형/암석","청림 산길·원경: 실루엣·노멀·LOD·먹 농도 조정","이름·폴더 기반 추정","Assets/SeyeonjeongPavilion/Prefabs/SM_Rock_D.prefab","abc00000000011168764795285138760",4,4,11012,5874,1,0,0,0,0,8.675573,2.700898,6.281301,"Screenshots/AssetCatalog/Thumbnails/abc00000000011168764795285138760.png","rendered"
1477,"prefab","SeyeonjeongPavilion","SM_Rock_E","자연 암석 · SM_Rock_E","암석·지형/암석","청림 산길·원경: 실루엣·노멀·LOD·먹 농도 조정","이름·폴더 기반 추정","Assets/SeyeonjeongPavilion/Prefabs/SM_Rock_E.prefab","abc00000000006029027425540357969",4,4,8696,4638,1,0,0,0,0,5.568259,2.475461,6.064279,"Screenshots/AssetCatalog/Thumbnails/abc00000000006029027425540357969.png","rendered"
1478,"prefab","SeyeonjeongPavilion","SM_Rock_F","자연 암석 · SM_Rock_F","암석·지형/암석","청림 산길·원경: 실루엣·노멀·LOD·먹 농도 조정","이름·폴더 기반 추정","Assets/SeyeonjeongPavilion/Prefabs/SM_Rock_F.prefab","abc00000000002213898457032151562",4,4,8534,4552,1,0,0,0,0,2.086884,1.376263,2.105068,"Screenshots/AssetCatalog/Thumbnails/abc00000000002213898457032151562.png","rendered"
1479,"prefab","SeyeonjeongPavilion","SM_Rock_G","자연 암석 · SM_Rock_G","암석·지형/암석","청림 산길·원경: 실루엣·노멀·LOD·먹 농도 조정","이름·폴더 기반 추정","Assets/SeyeonjeongPavilion/Prefabs/SM_Rock_G.prefab","abc00000000003001824715283496211",4,4,9772,5212,1,0,0,0,0,2.047821,1.268614,1.96192,"Screenshots/AssetCatalog/Thumbnails/abc00000000003001824715283496211.png","rendered"
1480,"prefab","SeyeonjeongPavilion","SM_Rock_H","자연 암석 · SM_Rock_H","암석·지형/암석","청림 산길·원경: 실루엣·노멀·LOD·먹 농도 조정","이름·폴더 기반 추정","Assets/SeyeonjeongPavilion/Prefabs/SM_Rock_H.prefab","abc00000000003709559205719652940",4,4,10548,5626,1,0,0,0,0,3.017958,1.775198,3.939201,"Screenshots/AssetCatalog/Thumbnails/abc00000000003709559205719652940.png","rendered"
1481,"prefab","SeyeonjeongPavilion","SM_Rock_Hokyagam","자연 암석 · SM_Rock_Hokyagam","암석·지형/암석","청림 산길·원경: 실루엣·노멀·LOD·먹 농도 조정","이름·폴더 기반 추정","Assets/SeyeonjeongPavilion/Prefabs/SM_Rock_Hokyagam.prefab","abc00000000014067192405737393109",4,4,11096,5918,1,0,0,0,0,8.461617,3.972203,7.083437,"Screenshots/AssetCatalog/Thumbnails/abc00000000014067192405737393109.png","rendered"
1482,"prefab","SeyeonjeongPavilion","SM_Rock_I","자연 암석 · SM_Rock_I","암석·지형/암석","청림 산길·원경: 실루엣·노멀·LOD·먹 농도 조정","이름·폴더 기반 추정","Assets/SeyeonjeongPavilion/Prefabs/SM_Rock_I.prefab","abc00000000010770210592842975253",4,4,20016,10676,1,0,0,0,0,1.448873,1.22387,2.080542,"Screenshots/AssetCatalog/Thumbnails/abc00000000010770210592842975253.png","rendered"
1483,"prefab","SeyeonjeongPavilion","SM_Rock_J","자연 암석 · SM_Rock_J","암석·지형/암석","청림 산길·원경: 실루엣·노멀·LOD·먹 농도 조정","이름·폴더 기반 추정","Assets/SeyeonjeongPavilion/Prefabs/SM_Rock_J.prefab","abc00000000001067467234375765774",4,4,18632,9938,1,0,0,0,0,1.856185,1.165587,1.751736,"Screenshots/AssetCatalog/Thumbnails/abc00000000001067467234375765774.png","rendered"
1484,"prefab","SeyeonjeongPavilion","SM_Rock_K","자연 암석 · SM_Rock_K","암석·지형/암석","청림 산길·원경: 실루엣·노멀·LOD·먹 농도 조정","이름·폴더 기반 추정","Assets/SeyeonjeongPavilion/Prefabs/SM_Rock_K.prefab","abc00000000002537465807085420807",4,4,7544,4024,1,0,0,0,0,3.991293,1.991227,4.084195,"Screenshots/AssetCatalog/Thumbnails/abc00000000002537465807085420807.png","rendered"
1485,"prefab","SeyeonjeongPavilion","SM_Rock_L","자연 암석 · SM_Rock_L","암석·지형/암석","청림 산길·원경: 실루엣·노멀·LOD·먹 농도 조정","이름·폴더 기반 추정","Assets/SeyeonjeongPavilion/Prefabs/SM_Rock_L.prefab","abc00000000000026527019278396608",4,4,2252,1202,1,0,0,0,0,0.9213457,0.5369735,1.11528,"Screenshots/AssetCatalog/Thumbnails/abc00000000000026527019278396608.png","rendered"
1486,"prefab","SeyeonjeongPavilion","SM_Rock_M","자연 암석 · SM_Rock_M","암석·지형/암석","청림 산길·원경: 실루엣·노멀·LOD·먹 농도 조정","이름·폴더 기반 추정","Assets/SeyeonjeongPavilion/Prefabs/SM_Rock_M.prefab","abc00000000014102627536341888969",4,4,9450,5040,1,0,0,0,0,2.563031,1.966111,2.949839,"Screenshots/AssetCatalog/Thumbnails/abc00000000014102627536341888969.png","rendered"
1487,"prefab","SeyeonjeongPavilion","SM_Rock_N","자연 암석 · SM_Rock_N","암석·지형/암석","청림 산길·원경: 실루엣·노멀·LOD·먹 농도 조정","이름·폴더 기반 추정","Assets/SeyeonjeongPavilion/Prefabs/SM_Rock_N.prefab","abc00000000015569061201742945026",4,4,10766,5742,1,0,0,0,0,3.674474,1.03285,3.698627,"Screenshots/AssetCatalog/Thumbnails/abc00000000015569061201742945026.png","rendered"
1488,"prefab","SeyeonjeongPavilion","SM_Rock_O","자연 암석 · SM_Rock_O","암석·지형/암석","청림 산길·원경: 실루엣·노멀·LOD·먹 농도 조정","이름·폴더 기반 추정","Assets/SeyeonjeongPavilion/Prefabs/SM_Rock_O.prefab","abc00000000016722342456055598923",4,4,21490,11462,1,0,0,0,0,1.926793,1.211583,2.95824,"Screenshots/AssetCatalog/Thumbnails/abc00000000016722342456055598923.png","rendered"
1489,"prefab","SeyeonjeongPavilion","SM_Rock_P","자연 암석 · SM_Rock_P","암석·지형/암석","청림 산길·원경: 실루엣·노멀·LOD·먹 농도 조정","이름·폴더 기반 추정","Assets/SeyeonjeongPavilion/Prefabs/SM_Rock_P.prefab","abc00000000011075215942124934980",4,4,29092,15516,1,0,0,0,0,1.815966,0.8685973,1.565555,"Screenshots/AssetCatalog/Thumbnails/abc00000000011075215942124934980.png","rendered"
1490,"prefab","SeyeonjeongPavilion","SM_Rock_Q","자연 암석 · SM_Rock_Q","암석·지형/암석","청림 산길·원경: 실루엣·노멀·LOD·먹 농도 조정","이름·폴더 기반 추정","Assets/SeyeonjeongPavilion/Prefabs/SM_Rock_Q.prefab","abc00000000013396792064768967533",4,4,23460,12512,1,0,0,0,0,4.574661,2.020912,5.197073,"Screenshots/AssetCatalog/Thumbnails/abc00000000013396792064768967533.png","rendered"
1491,"prefab","SeyeonjeongPavilion","SM_Rock_Satuam","자연 암석 · SM_Rock_Satuam","암석·지형/암석","청림 산길·원경: 실루엣·노멀·LOD·먹 농도 조정","이름·폴더 기반 추정","Assets/SeyeonjeongPavilion/Prefabs/SM_Rock_Satuam.prefab","abc00000000005032864016399719527",4,4,7244,3864,1,0,0,0,0,3.870648,3.671481,6.490336,"Screenshots/AssetCatalog/Thumbnails/abc00000000005032864016399719527.png","rendered"
1492,"prefab","SeyeonjeongPavilion","SM_Rock_Turtle","자연 암석 · SM_Rock_Turtle","암석·지형/암석","청림 산길·원경: 실루엣·노멀·LOD·먹 농도 조정","이름·폴더 기반 추정","Assets/SeyeonjeongPavilion/Prefabs/SM_Rock_Turtle.prefab","abc00000000013458527894111237570",4,4,9648,5146,1,0,0,0,0,4.959496,3.727189,8.570315,"Screenshots/AssetCatalog/Thumbnails/abc00000000013458527894111237570.png","rendered"
1493,"prefab","SeyeonjeongPavilion","SM_Roof_Long","지붕·지붕판 · SM_Roof_Long","건축 부재/지붕","주막·역참·마을 조립 후보: 접합 규격·피벗·치수·재질 통일","이름·폴더 기반 추정","Assets/SeyeonjeongPavilion/Prefabs/SM_Roof_Long.prefab","abc00000000007668836756497257897",4,4,418117,222996,1,0,0,0,0,5.749216,3.109403,10.50274,"Screenshots/AssetCatalog/Thumbnails/abc00000000007668836756497257897.png","rendered"
1494,"prefab","SeyeonjeongPavilion","SM_Roof_Short","지붕·지붕판 · SM_Roof_Short","건축 부재/지붕","주막·역참·마을 조립 후보: 접합 규격·피벗·치수·재질 통일","이름·폴더 기반 추정","Assets/SeyeonjeongPavilion/Prefabs/SM_Roof_Short.prefab","abc00000000009000537217142086039",4,4,219403,117016,1,0,0,0,0,2.697075,1.133825,10.51801,"Screenshots/AssetCatalog/Thumbnails/abc00000000009000537217142086039.png","rendered"
1495,"prefab","SeyeonjeongPavilion","SM_Roof_Support_1","보·도리·서까래 · SM_Roof_Support_1","건축 부재/보·도리·서까래","주막·역참·마을 조립 후보: 접합 규격·피벗·치수·재질 통일","이름·폴더 기반 추정","Assets/SeyeonjeongPavilion/Prefabs/SM_Roof_Support_1.prefab","abc00000000007626753214346425612",4,4,11316,6036,1,0,0,0,0,3.232694,1.3556,11.20123,"Screenshots/AssetCatalog/Thumbnails/abc00000000007626753214346425612.png","rendered"
1496,"prefab","SeyeonjeongPavilion","SM_Roof_Support_2","보·도리·서까래 · SM_Roof_Support_2","건축 부재/보·도리·서까래","주막·역참·마을 조립 후보: 접합 규격·피벗·치수·재질 통일","이름·폴더 기반 추정","Assets/SeyeonjeongPavilion/Prefabs/SM_Roof_Support_2.prefab","abc00000000004833982876236524999",4,4,10768,5743,1,0,0,0,0,3.116538,1.382207,11.03589,"Screenshots/AssetCatalog/Thumbnails/abc00000000004833982876236524999.png","rendered"
1497,"prefab","SeyeonjeongPavilion","SM_Roof_Triangle","지붕·지붕판 · SM_Roof_Triangle","건축 부재/지붕","주막·역참·마을 조립 후보: 접합 규격·피벗·치수·재질 통일","이름·폴더 기반 추정","Assets/SeyeonjeongPavilion/Prefabs/SM_Roof_Triangle.prefab","abc00000000005063123214696693575",4,4,45937,24499,1,0,0,0,0,0.6202986,2.342453,7.756305,"Screenshots/AssetCatalog/Thumbnails/abc00000000005063123214696693575.png","rendered"
1498,"prefab","SeyeonjeongPavilion","SM_Salixpierotii_Fall_1","수목·계절 변형 · SM_Salixpierotii_Fall_1","식생/수목","산길·마을·정원: 수종·계절·잎 알파·양면·LOD 확인","이름·폴더 기반 추정","Assets/SeyeonjeongPavilion/Prefabs/SM_Salixpierotii_Fall_1.prefab","abc00000000012513482884078585958",4,4,69413,37020,1,0,0,0,0,10.43793,13.84266,10.66761,"Screenshots/AssetCatalog/Thumbnails/abc00000000012513482884078585958.png","rendered"
1499,"prefab","SeyeonjeongPavilion","SM_Salixpierotii_Fall_2","수목·계절 변형 · SM_Salixpierotii_Fall_2","식생/수목","산길·마을·정원: 수종·계절·잎 알파·양면·LOD 확인","이름·폴더 기반 추정","Assets/SeyeonjeongPavilion/Prefabs/SM_Salixpierotii_Fall_2.prefab","abc00000000013913171557972731085",4,4,72353,38588,1,0,0,0,0,11.48225,13.70364,9.416064,"Screenshots/AssetCatalog/Thumbnails/abc00000000013913171557972731085.png","rendered"
1500,"prefab","SeyeonjeongPavilion","SM_Salixpierotii_Spring_1","수목·계절 변형 · SM_Salixpierotii_Spring_1","식생/수목","산길·마을·정원: 수종·계절·잎 알파·양면·LOD 확인","이름·폴더 기반 추정","Assets/SeyeonjeongPavilion/Prefabs/SM_Salixpierotii_Spring_1.prefab","abc00000000000327771805657433430",4,4,104138,55540,1,0,0,0,0,10.4804,13.91496,10.66761,"Screenshots/AssetCatalog/Thumbnails/abc00000000000327771805657433430.png","rendered"
1501,"prefab","SeyeonjeongPavilion","SM_Salixpierotii_Spring_2","수목·계절 변형 · SM_Salixpierotii_Spring_2","식생/수목","산길·마을·정원: 수종·계절·잎 알파·양면·LOD 확인","이름·폴더 기반 추정","Assets/SeyeonjeongPavilion/Prefabs/SM_Salixpierotii_Spring_2.prefab","abc00000000013657432387922812477",4,4,108162,57686,1,0,0,0,0,11.6167,13.83473,9.450943,"Screenshots/AssetCatalog/Thumbnails/abc00000000013657432387922812477.png","rendered"
1502,"prefab","SeyeonjeongPavilion","SM_Salixpierotii_Summer_1","수목·계절 변형 · SM_Salixpierotii_Summer_1","식생/수목","산길·마을·정원: 수종·계절·잎 알파·양면·LOD 확인","이름·폴더 기반 추정","Assets/SeyeonjeongPavilion/Prefabs/SM_Salixpierotii_Summer_1.prefab","abc00000000014707318849603646966",4,4,69413,37020,1,0,0,0,0,10.43793,13.84266,10.66761,"Screenshots/AssetCatalog/Thumbnails/abc00000000014707318849603646966.png","rendered"
1503,"prefab","SeyeonjeongPavilion","SM_Salixpierotii_Summer_2","수목·계절 변형 · SM_Salixpierotii_Summer_2","식생/수목","산길·마을·정원: 수종·계절·잎 알파·양면·LOD 확인","이름·폴더 기반 추정","Assets/SeyeonjeongPavilion/Prefabs/SM_Salixpierotii_Summer_2.prefab","abc00000000009584549995643946461",4,4,72353,38588,1,0,0,0,0,11.48225,13.70364,9.416064,"Screenshots/AssetCatalog/Thumbnails/abc00000000009584549995643946461.png","rendered"
1504,"prefab","SeyeonjeongPavilion","SM_Salixpierotii_Winter_1","수목·계절 변형 · SM_Salixpierotii_Winter_1","식생/수목","산길·마을·정원: 수종·계절·잎 알파·양면·LOD 확인","이름·폴더 기반 추정","Assets/SeyeonjeongPavilion/Prefabs/SM_Salixpierotii_Winter_1.prefab","abc00000000016421894870809636602",4,4,52170,27824,1,0,0,0,0,9.294912,13.5456,9.625897,"Screenshots/AssetCatalog/Thumbnails/abc00000000016421894870809636602.png","rendered"
1505,"prefab","SeyeonjeongPavilion","SM_Salixpierotii_Winter_2","수목·계절 변형 · SM_Salixpierotii_Winter_2","식생/수목","산길·마을·정원: 수종·계절·잎 알파·양면·LOD 확인","이름·폴더 기반 추정","Assets/SeyeonjeongPavilion/Prefabs/SM_Salixpierotii_Winter_2.prefab","abc00000000007447023048821268097",4,4,54300,28960,1,0,0,0,0,10.60133,13.47801,8.634829,"Screenshots/AssetCatalog/Thumbnails/abc00000000007447023048821268097.png","rendered"
1506,"prefab","SeyeonjeongPavilion","SM_StoneBridge_1","돌다리 · SM_StoneBridge_1","건축 조립체/다리","연못·하천·누정 주변: 수위·접지·동선 확인","이름·폴더 기반 추정","Assets/SeyeonjeongPavilion/Prefabs/SM_StoneBridge_1.prefab","abc00000000006222618629706652314",4,4,50623,26999,1,0,0,0,0,3.055868,1.149111,1.901055,"Screenshots/AssetCatalog/Thumbnails/abc00000000006222618629706652314.png","rendered"
1507,"prefab","SeyeonjeongPavilion","SM_StoneBridge_2","돌다리 · SM_StoneBridge_2","건축 조립체/다리","연못·하천·누정 주변: 수위·접지·동선 확인","이름·폴더 기반 추정","Assets/SeyeonjeongPavilion/Prefabs/SM_StoneBridge_2.prefab","abc00000000010818097712956520097",4,4,37497,20000,1,0,0,0,0,2.303839,1.107755,1.683997,"Screenshots/AssetCatalog/Thumbnails/abc00000000010818097712956520097.png","rendered"
1508,"prefab","SeyeonjeongPavilion","SM_Stone_1","자연 암석 · SM_Stone_1","암석·지형/암석","청림 산길·원경: 실루엣·노멀·LOD·먹 농도 조정","이름·폴더 기반 추정","Assets/SeyeonjeongPavilion/Prefabs/SM_Stone_1.prefab","abc00000000014441757406884594113",4,4,4106,2190,1,0,0,0,0,0.4527594,0.414787,1.062695,"Screenshots/AssetCatalog/Thumbnails/abc00000000014441757406884594113.png","rendered"
1509,"prefab","SeyeonjeongPavilion","SM_Stone_2","자연 암석 · SM_Stone_2","암석·지형/암석","청림 산길·원경: 실루엣·노멀·LOD·먹 농도 조정","이름·폴더 기반 추정","Assets/SeyeonjeongPavilion/Prefabs/SM_Stone_2.prefab","abc00000000009962228057340305722",4,4,2984,1592,1,0,0,0,0,0.2932964,0.4510282,0.8454503,"Screenshots/AssetCatalog/Thumbnails/abc00000000009962228057340305722.png","rendered"
1510,"prefab","SeyeonjeongPavilion","SM_Stone_3","자연 암석 · SM_Stone_3","암석·지형/암석","청림 산길·원경: 실루엣·노멀·LOD·먹 농도 조정","이름·폴더 기반 추정","Assets/SeyeonjeongPavilion/Prefabs/SM_Stone_3.prefab","abc00000000006552846691186443651",4,4,3476,1854,1,0,0,0,0,0.5685297,0.4334432,0.7015376,"Screenshots/AssetCatalog/Thumbnails/abc00000000006552846691186443651.png","rendered"
1511,"prefab","SeyeonjeongPavilion","SM_Stone_4","자연 암석 · SM_Stone_4","암석·지형/암석","청림 산길·원경: 실루엣·노멀·LOD·먹 농도 조정","이름·폴더 기반 추정","Assets/SeyeonjeongPavilion/Prefabs/SM_Stone_4.prefab","abc00000000002228059057897742052",4,4,2040,1088,1,0,0,0,0,0.3055031,0.3779164,0.6679708,"Screenshots/AssetCatalog/Thumbnails/abc00000000002228059057897742052.png","rendered"
1512,"prefab","SeyeonjeongPavilion","SM_Stone_5","자연 암석 · SM_Stone_5","암석·지형/암석","청림 산길·원경: 실루엣·노멀·LOD·먹 농도 조정","이름·폴더 기반 추정","Assets/SeyeonjeongPavilion/Prefabs/SM_Stone_5.prefab","abc00000000003776104414283097101",4,4,1510,806,1,0,0,0,0,0.193155,0.2639557,0.5638359,"Screenshots/AssetCatalog/Thumbnails/abc00000000003776104414283097101.png","rendered"
1513,"prefab","SeyeonjeongPavilion","SM_Stonestair_1","계단·디딤돌 · SM_Stonestair_1","건축 부재/계단·디딤돌","주막·역참·마을 조립 후보: 접합 규격·피벗·치수·재질 통일","이름·폴더 기반 추정","Assets/SeyeonjeongPavilion/Prefabs/SM_Stonestair_1.prefab","abc00000000011226113355818683544",4,4,8436,4500,1,0,0,0,0,1.525039,0.8772182,2.186455,"Screenshots/AssetCatalog/Thumbnails/abc00000000011226113355818683544.png","rendered"
1514,"prefab","SeyeonjeongPavilion","SM_Stonewall_1","벽·돌담 · SM_Stonewall_1","건축 부재/벽·담장","주막·역참·마을 조립 후보: 접합 규격·피벗·치수·재질 통일","이름·폴더 기반 추정","Assets/SeyeonjeongPavilion/Prefabs/SM_Stonewall_1.prefab","abc00000000011588708352898553413",4,4,290010,154672,1,0,0,0,0,0.8891358,1.219601,9.261015,"Screenshots/AssetCatalog/Thumbnails/abc00000000011588708352898553413.png","rendered"
1515,"prefab","SeyeonjeongPavilion","SM_Stonewall_2","벽·돌담 · SM_Stonewall_2","건축 부재/벽·담장","주막·역참·마을 조립 후보: 접합 규격·피벗·치수·재질 통일","이름·폴더 기반 추정","Assets/SeyeonjeongPavilion/Prefabs/SM_Stonewall_2.prefab","abc00000000013360802931560892478",4,4,187540,100022,1,0,0,0,0,0.75729,1.328854,7.757535,"Screenshots/AssetCatalog/Thumbnails/abc00000000013360802931560892478.png","rendered"
1516,"prefab","SeyeonjeongPavilion","SM_Stonewall_3","벽·돌담 · SM_Stonewall_3","건축 부재/벽·담장","주막·역참·마을 조립 후보: 접합 규격·피벗·치수·재질 통일","이름·폴더 기반 추정","Assets/SeyeonjeongPavilion/Prefabs/SM_Stonewall_3.prefab","abc00000000017356440781838861559",4,4,223382,119138,1,0,0,0,0,0.9375423,1.278001,6.928524,"Screenshots/AssetCatalog/Thumbnails/abc00000000017356440781838861559.png","rendered"
1517,"prefab","SeyeonjeongPavilion","SM_Stonewall_4","벽·돌담 · SM_Stonewall_4","건축 부재/벽·담장","주막·역참·마을 조립 후보: 접합 규격·피벗·치수·재질 통일","이름·폴더 기반 추정","Assets/SeyeonjeongPavilion/Prefabs/SM_Stonewall_4.prefab","abc00000000016142488362438684208",4,4,263336,140446,1,0,0,0,0,0.8202375,1.213418,5.541431,"Screenshots/AssetCatalog/Thumbnails/abc00000000016142488362438684208.png","rendered"
1518,"prefab","SeyeonjeongPavilion","SM_Stonewall_5","벽·돌담 · SM_Stonewall_5","건축 부재/벽·담장","주막·역참·마을 조립 후보: 접합 규격·피벗·치수·재질 통일","이름·폴더 기반 추정","Assets/SeyeonjeongPavilion/Prefabs/SM_Stonewall_5.prefab","abc00000000011124890221103563193",4,4,177400,94614,1,0,0,0,0,0.8213711,1.174493,4.752661,"Screenshots/AssetCatalog/Thumbnails/abc00000000011124890221103563193.png","rendered"
1519,"prefab","SeyeonjeongPavilion","SM_Stonewall_6","벽·돌담 · SM_Stonewall_6","건축 부재/벽·담장","주막·역참·마을 조립 후보: 접합 규격·피벗·치수·재질 통일","이름·폴더 기반 추정","Assets/SeyeonjeongPavilion/Prefabs/SM_Stonewall_6.prefab","abc00000000018204671003510069874",4,4,1319072,703506,1,0,0,0,0,0.6786622,1.32631,11.15229,"Screenshots/AssetCatalog/Thumbnails/abc00000000018204671003510069874.png","rendered"
1520,"prefab","SeyeonjeongPavilion","SM_Stonewall_7","벽·돌담 · SM_Stonewall_7","건축 부재/벽·담장","주막·역참·마을 조립 후보: 접합 규격·피벗·치수·재질 통일","이름·폴더 기반 추정","Assets/SeyeonjeongPavilion/Prefabs/SM_Stonewall_7.prefab","abc00000000011294766374246550587",4,4,9763,5208,1,0,0,0,0,7.06321,0.8801316,7.130397,"Screenshots/AssetCatalog/Thumbnails/abc00000000011294766374246550587.png","rendered"
1521,"prefab","SeyeonjeongPavilion","SM_Stonewall_8","벽·돌담 · SM_Stonewall_8","건축 부재/벽·담장","주막·역참·마을 조립 후보: 접합 규격·피벗·치수·재질 통일","이름·폴더 기반 추정","Assets/SeyeonjeongPavilion/Prefabs/SM_Stonewall_8.prefab","abc00000000009948525109828197220",4,4,263336,140446,1,0,0,0,0,6.300832,1.228995,1.924465,"Screenshots/AssetCatalog/Thumbnails/abc00000000009948525109828197220.png","rendered"
1522,"prefab","SeyeonjeongPavilion","SM_Stonewall_9","벽·돌담 · SM_Stonewall_9","건축 부재/벽·담장","주막·역참·마을 조립 후보: 접합 규격·피벗·치수·재질 통일","이름·폴더 기반 추정","Assets/SeyeonjeongPavilion/Prefabs/SM_Stonewall_9.prefab","abc00000000011496570466213552269",4,4,290010,154672,1,0,0,0,0,2.214751,1.233789,8.50343,"Screenshots/AssetCatalog/Thumbnails/abc00000000011496570466213552269.png","rendered"
1523,"prefab","SeyeonjeongPavilion","SM_TreeRoot_1","노출 나무뿌리 · SM_TreeRoot_1","식생/뿌리","산길·마을·정원: 수종·계절·잎 알파·양면·LOD 확인","이름·폴더 기반 추정","Assets/SeyeonjeongPavilion/Prefabs/SM_TreeRoot_1.prefab","abc00000000010753412127319360606",4,4,24784,13217,1,0,0,0,0,3.402882,0.8401674,3.179036,"Screenshots/AssetCatalog/Thumbnails/abc00000000010753412127319360606.png","rendered"
1524,"prefab","SeyeonjeongPavilion","SM_TreeRoot_2","노출 나무뿌리 · SM_TreeRoot_2","식생/뿌리","산길·마을·정원: 수종·계절·잎 알파·양면·LOD 확인","이름·폴더 기반 추정","Assets/SeyeonjeongPavilion/Prefabs/SM_TreeRoot_2.prefab","abc00000000001778258830354170085",4,4,30828,16441,1,0,0,0,0,3.814461,0.7973331,2.814493,"Screenshots/AssetCatalog/Thumbnails/abc00000000001778258830354170085.png","rendered"
1525,"prefab","SeyeonjeongPavilion","SM_TreeRoot_3","노출 나무뿌리 · SM_TreeRoot_3","식생/뿌리","산길·마을·정원: 수종·계절·잎 알파·양면·LOD 확인","이름·폴더 기반 추정","Assets/SeyeonjeongPavilion/Prefabs/SM_TreeRoot_3.prefab","abc00000000007333233416627066524",4,4,29785,15886,1,0,0,0,0,3.09751,0.7803615,2.980154,"Screenshots/AssetCatalog/Thumbnails/abc00000000007333233416627066524.png","rendered"
1526,"prefab","SeyeonjeongPavilion","SM_UlmusDavidiana_Fall_1","수목·계절 변형 · SM_UlmusDavidiana_Fall_1","식생/수목","산길·마을·정원: 수종·계절·잎 알파·양면·LOD 확인","이름·폴더 기반 추정","Assets/SeyeonjeongPavilion/Prefabs/SM_UlmusDavidiana_Fall_1.prefab","abc00000000017031135492262679199",4,4,107892,57549,1,0,0,0,0,19.23069,12.40692,11.88465,"Screenshots/AssetCatalog/Thumbnails/abc00000000017031135492262679199.png","rendered"
1527,"prefab","SeyeonjeongPavilion","SM_UlmusDavidiana_Fall_2","수목·계절 변형 · SM_UlmusDavidiana_Fall_2","식생/수목","산길·마을·정원: 수종·계절·잎 알파·양면·LOD 확인","이름·폴더 기반 추정","Assets/SeyeonjeongPavilion/Prefabs/SM_UlmusDavidiana_Fall_2.prefab","abc00000000010069965243111606276",4,4,102267,54542,1,0,0,0,0,13.16024,13.60604,11.0966,"Screenshots/AssetCatalog/Thumbnails/abc00000000010069965243111606276.png","rendered"
1528,"prefab","SeyeonjeongPavilion","SM_UlmusDavidiana_Spring_1","수목·계절 변형 · SM_UlmusDavidiana_Spring_1","식생/수목","산길·마을·정원: 수종·계절·잎 알파·양면·LOD 확인","이름·폴더 기반 추정","Assets/SeyeonjeongPavilion/Prefabs/SM_UlmusDavidiana_Spring_1.prefab","abc00000000015431892951755454355",4,4,111038,59227,1,0,0,0,0,19.26915,12.42158,12.09723,"Screenshots/AssetCatalog/Thumbnails/abc00000000015431892951755454355.png","rendered"
1529,"prefab","SeyeonjeongPavilion","SM_UlmusDavidiana_Spring_2","수목·계절 변형 · SM_UlmusDavidiana_Spring_2","식생/수목","산길·마을·정원: 수종·계절·잎 알파·양면·LOD 확인","이름·폴더 기반 추정","Assets/SeyeonjeongPavilion/Prefabs/SM_UlmusDavidiana_Spring_2.prefab","abc00000000005152088958047545288",4,4,109805,58562,1,0,0,0,0,13.16024,13.57395,11.25044,"Screenshots/AssetCatalog/Thumbnails/abc00000000005152088958047545288.png","rendered"
1530,"prefab","SeyeonjeongPavilion","SM_UlmusDavidiana_Summer_1","수목·계절 변형 · SM_UlmusDavidiana_Summer_1","식생/수목","산길·마을·정원: 수종·계절·잎 알파·양면·LOD 확인","이름·폴더 기반 추정","Assets/SeyeonjeongPavilion/Prefabs/SM_UlmusDavidiana_Summer_1.prefab","abc00000000012144015769344471995",4,4,107892,57549,1,0,0,0,0,19.23069,12.40691,11.88465,"Screenshots/AssetCatalog/Thumbnails/abc00000000012144015769344471995.png","rendered"
1531,"prefab","SeyeonjeongPavilion","SM_UlmusDavidiana_Summer_2","수목·계절 변형 · SM_UlmusDavidiana_Summer_2","식생/수목","산길·마을·정원: 수종·계절·잎 알파·양면·LOD 확인","이름·폴더 기반 추정","Assets/SeyeonjeongPavilion/Prefabs/SM_UlmusDavidiana_Summer_2.prefab","abc00000000016991737757536605616",4,4,102267,54542,1,0,0,0,0,13.16024,13.57395,11.0966,"Screenshots/AssetCatalog/Thumbnails/abc00000000016991737757536605616.png","rendered"
1532,"prefab","SeyeonjeongPavilion","SM_UlmusDavidiana_Winter_1","수목·계절 변형 · SM_UlmusDavidiana_Winter_1","식생/수목","산길·마을·정원: 수종·계절·잎 알파·양면·LOD 확인","이름·폴더 기반 추정","Assets/SeyeonjeongPavilion/Prefabs/SM_UlmusDavidiana_Winter_1.prefab","abc00000000010035006105932940247",4,4,92090,49121,1,0,0,0,0,17.92812,12.29315,11.06441,"Screenshots/AssetCatalog/Thumbnails/abc00000000010035006105932940247.png","rendered"
1533,"prefab","SeyeonjeongPavilion","SM_UlmusDavidiana_Winter_2","수목·계절 변형 · SM_UlmusDavidiana_Winter_2","식생/수목","산길·마을·정원: 수종·계절·잎 알파·양면·LOD 확인","이름·폴더 기반 추정","Assets/SeyeonjeongPavilion/Prefabs/SM_UlmusDavidiana_Winter_2.prefab","abc00000000014942961711569912156",4,4,34552,18428,1,0,0,0,0,11.8478,13.1314,9.72707,"Screenshots/AssetCatalog/Thumbnails/abc00000000014942961711569912156.png","rendered"
1534,"prefab","SeyeonjeongPavilion","SM_Viburnumodoratissimum_Fall_1","정원 관목 · SM_Viburnumodoratissimum_Fall_1","식생/관목","산길·마을·정원: 수종·계절·잎 알파·양면·LOD 확인","이름·폴더 기반 추정","Assets/SeyeonjeongPavilion/Prefabs/SM_Viburnumodoratissimum_Fall_1.prefab","abc00000000006573198848257298952",4,4,97136,51806,1,0,0,0,0,5.455159,7.370532,5.419104,"Screenshots/AssetCatalog/Thumbnails/abc00000000006573198848257298952.png","rendered"
1535,"prefab","SeyeonjeongPavilion","SM_Viburnumodoratissimum_Fall_2","정원 관목 · SM_Viburnumodoratissimum_Fall_2","식생/관목","산길·마을·정원: 수종·계절·잎 알파·양면·LOD 확인","이름·폴더 기반 추정","Assets/SeyeonjeongPavilion/Prefabs/SM_Viburnumodoratissimum_Fall_2.prefab","abc00000000015477490607253073875",4,4,103898,55412,1,0,0,0,0,7.031072,10.32742,5.235352,"Screenshots/AssetCatalog/Thumbnails/abc00000000015477490607253073875.png","rendered"
1536,"prefab","SeyeonjeongPavilion","SM_Viburnumodoratissimum_Spring_1","정원 관목 · SM_Viburnumodoratissimum_Spring_1","식생/관목","산길·마을·정원: 수종·계절·잎 알파·양면·LOD 확인","이름·폴더 기반 추정","Assets/SeyeonjeongPavilion/Prefabs/SM_Viburnumodoratissimum_Spring_1.prefab","abc00000000011200328237153455780",4,4,97136,51806,1,0,0,0,0,5.455159,7.370532,5.419102,"Screenshots/AssetCatalog/Thumbnails/abc00000000011200328237153455780.png","rendered"
1537,"prefab","SeyeonjeongPavilion","SM_Viburnumodoratissimum_Spring_2","정원 관목 · SM_Viburnumodoratissimum_Spring_2","식생/관목","산길·마을·정원: 수종·계절·잎 알파·양면·LOD 확인","이름·폴더 기반 추정","Assets/SeyeonjeongPavilion/Prefabs/SM_Viburnumodoratissimum_Spring_2.prefab","abc00000000005681170682521205439",4,4,103897,55412,1,0,0,0,0,7.031072,10.32742,5.235352,"Screenshots/AssetCatalog/Thumbnails/abc00000000005681170682521205439.png","rendered"
1538,"prefab","SeyeonjeongPavilion","SM_Viburnumodoratissimum_Summer_1","정원 관목 · SM_Viburnumodoratissimum_Summer_1","식생/관목","산길·마을·정원: 수종·계절·잎 알파·양면·LOD 확인","이름·폴더 기반 추정","Assets/SeyeonjeongPavilion/Prefabs/SM_Viburnumodoratissimum_Summer_1.prefab","abc00000000006673276626684822028",4,4,97136,51806,1,0,0,0,0,5.455159,7.379484,5.419102,"Screenshots/AssetCatalog/Thumbnails/abc00000000006673276626684822028.png","rendered"
1539,"prefab","SeyeonjeongPavilion","SM_Viburnumodoratissimum_Summer_2","정원 관목 · SM_Viburnumodoratissimum_Summer_2","식생/관목","산길·마을·정원: 수종·계절·잎 알파·양면·LOD 확인","이름·폴더 기반 추정","Assets/SeyeonjeongPavilion/Prefabs/SM_Viburnumodoratissimum_Summer_2.prefab","abc00000000003880506288574921415",4,4,103897,55412,1,0,0,0,0,7.031072,10.32742,5.235349,"Screenshots/AssetCatalog/Thumbnails/abc00000000003880506288574921415.png","rendered"
1540,"prefab","SeyeonjeongPavilion","SM_Viburnumodoratissimum_Winter_1","정원 관목 · SM_Viburnumodoratissimum_Winter_1","식생/관목","산길·마을·정원: 수종·계절·잎 알파·양면·LOD 확인","이름·폴더 기반 추정","Assets/SeyeonjeongPavilion/Prefabs/SM_Viburnumodoratissimum_Winter_1.prefab","abc00000000001234037110633678388",4,4,86768,46276,1,0,0,0,0,5.455159,7.370532,5.419104,"Screenshots/AssetCatalog/Thumbnails/abc00000000001234037110633678388.png","rendered"
1541,"prefab","SeyeonjeongPavilion","SM_Viburnumodoratissimum_Winter_2","정원 관목 · SM_Viburnumodoratissimum_Winter_2","식생/관목","산길·마을·정원: 수종·계절·잎 알파·양면·LOD 확인","이름·폴더 기반 추정","Assets/SeyeonjeongPavilion/Prefabs/SM_Viburnumodoratissimum_Winter_2.prefab","abc00000000001314777499919836751",4,4,92474,49320,1,0,0,0,0,7.031072,10.32742,5.235352,"Screenshots/AssetCatalog/Thumbnails/abc00000000001314777499919836751.png","rendered"
1542,"prefab","SeyeonjeongPavilion","SM_YongMaru","용마루·내림마루·추녀마루 · SM_YongMaru","건축 부재/용마루·지붕 장식","주막·역참·마을 조립 후보: 접합 규격·피벗·치수·재질 통일","이름·폴더 기반 추정","Assets/SeyeonjeongPavilion/Prefabs/SM_YongMaru.prefab","abc00000000008007091703865406106",4,4,70626,37668,1,0,0,0,0,0.4840537,0.9392225,7.063229,"Screenshots/AssetCatalog/Thumbnails/abc00000000008007091703865406106.png","rendered"
1543,"prefab","SeyeonjeongPavilion","SM_thunbergii_1","수목·계절 변형 · SM_thunbergii_1","식생/수목","산길·마을·정원: 수종·계절·잎 알파·양면·LOD 확인","이름·폴더 기반 추정","Assets/SeyeonjeongPavilion/Prefabs/SM_thunbergii_1.prefab","abc00000000013494005557988513151",4,4,423636,225939,1,0,0,0,0,8.142905,7.979661,8.061582,"Screenshots/AssetCatalog/Thumbnails/abc00000000013494005557988513151.png","rendered"
1544,"prefab","SeyeonjeongPavilion","SM_thunbergii_2","수목·계절 변형 · SM_thunbergii_2","식생/수목","산길·마을·정원: 수종·계절·잎 알파·양면·LOD 확인","이름·폴더 기반 추정","Assets/SeyeonjeongPavilion/Prefabs/SM_thunbergii_2.prefab","abc00000000012784459237044067684",4,4,451875,241000,1,0,0,0,0,8.242065,7.720912,8.333904,"Screenshots/AssetCatalog/Thumbnails/abc00000000012784459237044067684.png","rendered"
1545,"prefab","YongmeoriCoast","SM_Landscape_0","지형·산 메시 · SM_Landscape_0","암석·지형/지형·산","청림 산길·원경: 실루엣·노멀·LOD·먹 농도 조정","이름·폴더 기반 추정","Assets/YongmeoriCoast/Prefabs/SM_Landscape_0.prefab","abc00000000009034025644745149699",1,1,388962,388962,0,0,0,0,0,315,84.79297,630,"Screenshots/AssetCatalog/Thumbnails/abc00000000009034025644745149699.png","rendered"
1546,"prefab","YongmeoriCoast","SM_YMC_Bush_01_Large","풀·관목 · SM_YMC_Bush_01_Large","식생/풀·관목","산길·마을·정원: 수종·계절·잎 알파·양면·LOD 확인","이름·폴더 기반 추정","Assets/YongmeoriCoast/Prefabs/SM_YMC_Bush_01_Large.prefab","abc00000000000942670002474871265",1,1,361558,361558,1,0,0,0,0,5.048532,3.23904,4.158143,"Screenshots/AssetCatalog/Thumbnails/abc00000000000942670002474871265.png","rendered"
1547,"prefab","YongmeoriCoast","SM_YMC_Bush_01_Medium","풀·관목 · SM_YMC_Bush_01_Medium","식생/풀·관목","산길·마을·정원: 수종·계절·잎 알파·양면·LOD 확인","이름·폴더 기반 추정","Assets/YongmeoriCoast/Prefabs/SM_YMC_Bush_01_Medium.prefab","abc00000000017099162180767496441",1,1,210262,210262,1,0,0,0,0,2.614183,2.587434,3.575404,"Screenshots/AssetCatalog/Thumbnails/abc00000000017099162180767496441.png","rendered"
1548,"prefab","YongmeoriCoast","SM_YMC_Bush_01_Small","풀·관목 · SM_YMC_Bush_01_Small","식생/풀·관목","산길·마을·정원: 수종·계절·잎 알파·양면·LOD 확인","이름·폴더 기반 추정","Assets/YongmeoriCoast/Prefabs/SM_YMC_Bush_01_Small.prefab","abc00000000001209417167274145849",1,1,44516,44516,1,0,0,0,0,2.273124,1.935748,1.654938,"Screenshots/AssetCatalog/Thumbnails/abc00000000001209417167274145849.png","rendered"
1549,"prefab","YongmeoriCoast","SM_YMC_Bush_02_A","풀·관목 · SM_YMC_Bush_02_A","식생/풀·관목","산길·마을·정원: 수종·계절·잎 알파·양면·LOD 확인","이름·폴더 기반 추정","Assets/YongmeoriCoast/Prefabs/SM_YMC_Bush_02_A.prefab","abc00000000006444745006446071106",1,1,113405,113405,1,0,0,0,0,1.965654,2.338919,1.806008,"Screenshots/AssetCatalog/Thumbnails/abc00000000006444745006446071106.png","rendered"
1550,"prefab","YongmeoriCoast","SM_YMC_Bush_02_G","풀·관목 · SM_YMC_Bush_02_G","식생/풀·관목","산길·마을·정원: 수종·계절·잎 알파·양면·LOD 확인","이름·폴더 기반 추정","Assets/YongmeoriCoast/Prefabs/SM_YMC_Bush_02_G.prefab","abc00000000001811503256332384140",1,1,6302,6302,1,0,0,0,0,0.3249207,0.7868369,0.3817163,"Screenshots/AssetCatalog/Thumbnails/abc00000000001811503256332384140.png","rendered"
1551,"prefab","YongmeoriCoast","SM_YMC_Cliff01A","층리 절벽·암반 · SM_YMC_Cliff01A","암석·지형/해안 절벽","절벽·강변 후보: 해안 층리의 지형 적합성과 스케일 확인","이름·폴더 기반 추정","Assets/YongmeoriCoast/Prefabs/SM_YMC_Cliff01A.prefab","abc00000000018134931333078885627",1,1,2998917,2998917,1,0,0,0,0,47.11698,45.6751,49.02215,"Screenshots/AssetCatalog/Thumbnails/abc00000000018134931333078885627.png","rendered"
1552,"prefab","YongmeoriCoast","SM_YMC_Cliff01B","층리 절벽·암반 · SM_YMC_Cliff01B","암석·지형/해안 절벽","절벽·강변 후보: 해안 층리의 지형 적합성과 스케일 확인","이름·폴더 기반 추정","Assets/YongmeoriCoast/Prefabs/SM_YMC_Cliff01B.prefab","abc00000000009138644085351259632",1,1,1499674,1499674,1,0,0,0,0,21.76826,14.50962,31.42656,"Screenshots/AssetCatalog/Thumbnails/abc00000000009138644085351259632.png","rendered"
1553,"prefab","YongmeoriCoast","SM_YMC_Cliff01C","층리 절벽·암반 · SM_YMC_Cliff01C","암석·지형/해안 절벽","절벽·강변 후보: 해안 층리의 지형 적합성과 스케일 확인","이름·폴더 기반 추정","Assets/YongmeoriCoast/Prefabs/SM_YMC_Cliff01C.prefab","abc00000000016199934880836661369",1,1,3493905,3493905,1,0,0,0,0,51.00705,32.9173,72.83398,"Screenshots/AssetCatalog/Thumbnails/abc00000000016199934880836661369.png","rendered"
1554,"prefab","YongmeoriCoast","SM_YMC_Cliff02A","층리 절벽·암반 · SM_YMC_Cliff02A","암석·지형/해안 절벽","절벽·강변 후보: 해안 층리의 지형 적합성과 스케일 확인","이름·폴더 기반 추정","Assets/YongmeoriCoast/Prefabs/SM_YMC_Cliff02A.prefab","abc00000000001733808146432913462",1,1,1970679,1970679,1,0,0,0,0,72.61365,36.03317,49.88358,"Screenshots/AssetCatalog/Thumbnails/abc00000000001733808146432913462.png","rendered"
1555,"prefab","YongmeoriCoast","SM_YMC_Cliff02B","층리 절벽·암반 · SM_YMC_Cliff02B","암석·지형/해안 절벽","절벽·강변 후보: 해안 층리의 지형 적합성과 스케일 확인","이름·폴더 기반 추정","Assets/YongmeoriCoast/Prefabs/SM_YMC_Cliff02B.prefab","abc00000000013682271131470630429",1,1,1489199,1489199,1,0,0,0,0,50.38942,21.24912,35.1835,"Screenshots/AssetCatalog/Thumbnails/abc00000000013682271131470630429.png","rendered"
1556,"prefab","YongmeoriCoast","SM_YMC_Cliff02C","층리 절벽·암반 · SM_YMC_Cliff02C","암석·지형/해안 절벽","절벽·강변 후보: 해안 층리의 지형 적합성과 스케일 확인","이름·폴더 기반 추정","Assets/YongmeoriCoast/Prefabs/SM_YMC_Cliff02C.prefab","abc00000000012414773822993988084",1,1,949057,949057,1,0,0,0,0,26.11809,23.42811,29.05613,"Screenshots/AssetCatalog/Thumbnails/abc00000000012414773822993988084.png","rendered"
1557,"prefab","YongmeoriCoast","SM_YMC_Cliff02C_1","층리 절벽·암반 · SM_YMC_Cliff02C_1","암석·지형/해안 절벽","절벽·강변 후보: 해안 층리의 지형 적합성과 스케일 확인","이름·폴더 기반 추정","Assets/YongmeoriCoast/Prefabs/SM_YMC_Cliff02C_1.prefab","abc00000000010211256789697766896",1,1,1433876,1433876,1,0,0,0,0,30.07625,24.34246,55.12984,"Screenshots/AssetCatalog/Thumbnails/abc00000000010211256789697766896.png","rendered"
1558,"prefab","YongmeoriCoast","SM_YMC_Cliff03A","층리 절벽·암반 · SM_YMC_Cliff03A","암석·지형/해안 절벽","절벽·강변 후보: 해안 층리의 지형 적합성과 스케일 확인","이름·폴더 기반 추정","Assets/YongmeoriCoast/Prefabs/SM_YMC_Cliff03A.prefab","abc00000000013243455263284279725",1,1,4999926,4999926,1,0,0,0,0,85.69099,47.71474,88.48042,"Screenshots/AssetCatalog/Thumbnails/abc00000000013243455263284279725.png","rendered"
1559,"prefab","YongmeoriCoast","SM_YMC_Cliff03B","층리 절벽·암반 · SM_YMC_Cliff03B","암석·지형/해안 절벽","절벽·강변 후보: 해안 층리의 지형 적합성과 스케일 확인","이름·폴더 기반 추정","Assets/YongmeoriCoast/Prefabs/SM_YMC_Cliff03B.prefab","abc00000000006244150120448547910",1,1,1499740,1499740,1,0,0,0,0,31.10505,33.99463,30.781,"Screenshots/AssetCatalog/Thumbnails/abc00000000006244150120448547910.png","rendered"
1560,"prefab","YongmeoriCoast","SM_YMC_Cliff03C","층리 절벽·암반 · SM_YMC_Cliff03C","암석·지형/해안 절벽","절벽·강변 후보: 해안 층리의 지형 적합성과 스케일 확인","이름·폴더 기반 추정","Assets/YongmeoriCoast/Prefabs/SM_YMC_Cliff03C.prefab","abc00000000000210117557317267999",1,1,4997412,4997412,1,0,0,0,0,34.64579,24.80418,109.6921,"Screenshots/AssetCatalog/Thumbnails/abc00000000000210117557317267999.png","rendered"
1561,"prefab","YongmeoriCoast","SM_YMC_Cliff04B","층리 절벽·암반 · SM_YMC_Cliff04B","암석·지형/해안 절벽","절벽·강변 후보: 해안 층리의 지형 적합성과 스케일 확인","이름·폴더 기반 추정","Assets/YongmeoriCoast/Prefabs/SM_YMC_Cliff04B.prefab","abc00000000006437670825196229747",1,1,1852761,1852761,1,0,0,0,0,61.93864,34.2994,73.71386,"Screenshots/AssetCatalog/Thumbnails/abc00000000006437670825196229747.png","rendered"
1562,"prefab","YongmeoriCoast","SM_YMC_Cliff04C","층리 절벽·암반 · SM_YMC_Cliff04C","암석·지형/해안 절벽","절벽·강변 후보: 해안 층리의 지형 적합성과 스케일 확인","이름·폴더 기반 추정","Assets/YongmeoriCoast/Prefabs/SM_YMC_Cliff04C.prefab","abc00000000005666979257059288810",1,1,958025,958025,1,0,0,0,0,23.30217,22.04996,22.185,"Screenshots/AssetCatalog/Thumbnails/abc00000000005666979257059288810.png","rendered"
1563,"prefab","YongmeoriCoast","SM_YMC_Cliff05B_1","층리 절벽·암반 · SM_YMC_Cliff05B_1","암석·지형/해안 절벽","절벽·강변 후보: 해안 층리의 지형 적합성과 스케일 확인","이름·폴더 기반 추정","Assets/YongmeoriCoast/Prefabs/SM_YMC_Cliff05B_1.prefab","abc00000000013940017103308157720",1,1,2792587,2792587,1,0,0,0,0,64.67258,35.32916,75.51723,"Screenshots/AssetCatalog/Thumbnails/abc00000000013940017103308157720.png","rendered"
1564,"prefab","YongmeoriCoast","SM_YMC_Cliff06B","층리 절벽·암반 · SM_YMC_Cliff06B","암석·지형/해안 절벽","절벽·강변 후보: 해안 층리의 지형 적합성과 스케일 확인","이름·폴더 기반 추정","Assets/YongmeoriCoast/Prefabs/SM_YMC_Cliff06B.prefab","abc00000000016195869037396531193",1,1,1910855,1910855,1,0,0,0,0,80.48592,39.2794,53.43459,"Screenshots/AssetCatalog/Thumbnails/abc00000000016195869037396531193.png","rendered"
1565,"prefab","YongmeoriCoast","SM_YMC_Grass_01_A","풀·관목 · SM_YMC_Grass_01_A","식생/풀·관목","산길·마을·정원: 수종·계절·잎 알파·양면·LOD 확인","이름·폴더 기반 추정","Assets/YongmeoriCoast/Prefabs/SM_YMC_Grass_01_A.prefab","abc00000000010800551613742053631",1,1,6422,6422,1,0,0,0,0,0.9796764,0.4400663,0.9510269,"Screenshots/AssetCatalog/Thumbnails/abc00000000010800551613742053631.png","rendered"
1566,"prefab","YongmeoriCoast","SM_YMC_Grass_01_B","풀·관목 · SM_YMC_Grass_01_B","식생/풀·관목","산길·마을·정원: 수종·계절·잎 알파·양면·LOD 확인","이름·폴더 기반 추정","Assets/YongmeoriCoast/Prefabs/SM_YMC_Grass_01_B.prefab","abc00000000010091005292797608164",1,1,4626,4626,1,0,0,0,0,0.8272197,0.5077879,0.8522923,"Screenshots/AssetCatalog/Thumbnails/abc00000000010091005292797608164.png","rendered"
1567,"prefab","YongmeoriCoast","SM_YMC_Grass_01_C","풀·관목 · SM_YMC_Grass_01_C","식생/풀·관목","산길·마을·정원: 수종·계절·잎 알파·양면·LOD 확인","이름·폴더 기반 추정","Assets/YongmeoriCoast/Prefabs/SM_YMC_Grass_01_C.prefab","abc00000000011639050649182963213",1,1,5945,5945,1,0,0,0,0,0.7652096,0.4270422,0.8363731,"Screenshots/AssetCatalog/Thumbnails/abc00000000011639050649182963213.png","rendered"
1568,"prefab","YongmeoriCoast","SM_YMC_Grass_01_D","풀·관목 · SM_YMC_Grass_01_D","식생/풀·관목","산길·마을·정원: 수종·계절·잎 알파·양면·LOD 확인","이름·폴더 기반 추정","Assets/YongmeoriCoast/Prefabs/SM_YMC_Grass_01_D.prefab","abc00000000017825174292240171834",1,1,2287,2287,1,0,0,0,0,0.6641337,0.6532329,0.6468457,"Screenshots/AssetCatalog/Thumbnails/abc00000000017825174292240171834.png","rendered"
1569,"prefab","YongmeoriCoast","SM_YMC_Grass_01_E","풀·관목 · SM_YMC_Grass_01_E","식생/풀·관목","산길·마을·정원: 수종·계절·잎 알파·양면·LOD 확인","이름·폴더 기반 추정","Assets/YongmeoriCoast/Prefabs/SM_YMC_Grass_01_E.prefab","abc00000000014415792926086309763",1,1,1257,1257,1,0,0,0,0,0.6030858,0.5331647,0.5633665,"Screenshots/AssetCatalog/Thumbnails/abc00000000014415792926086309763.png","rendered"
1570,"prefab","YongmeoriCoast","SM_YMC_Grass_01_F","풀·관목 · SM_YMC_Grass_01_F","식생/풀·관목","산길·마을·정원: 수종·계절·잎 알파·양면·LOD 확인","이름·폴더 기반 추정","Assets/YongmeoriCoast/Prefabs/SM_YMC_Grass_01_F.prefab","abc00000000003280084690881062136",1,1,1466,1466,1,0,0,0,0,0.6085664,0.433907,0.5769915,"Screenshots/AssetCatalog/Thumbnails/abc00000000003280084690881062136.png","rendered"
1571,"prefab","YongmeoriCoast","SM_YMC_Grass_01_G","풀·관목 · SM_YMC_Grass_01_G","식생/풀·관목","산길·마을·정원: 수종·계절·잎 알파·양면·LOD 확인","이름·폴더 기반 추정","Assets/YongmeoriCoast/Prefabs/SM_YMC_Grass_01_G.prefab","abc00000000003857959568074908609",1,1,833,833,1,0,0,0,0,0.4869392,0.42128,0.5545203,"Screenshots/AssetCatalog/Thumbnails/abc00000000003857959568074908609.png","rendered"
1572,"prefab","YongmeoriCoast","SM_YMC_Grass_01_H","풀·관목 · SM_YMC_Grass_01_H","식생/풀·관목","산길·마을·정원: 수종·계절·잎 알파·양면·LOD 확인","이름·폴더 기반 추정","Assets/YongmeoriCoast/Prefabs/SM_YMC_Grass_01_H.prefab","abc00000000013503283114530303422",1,1,653,653,1,0,0,0,0,0.5696764,0.2996858,0.4978701,"Screenshots/AssetCatalog/Thumbnails/abc00000000013503283114530303422.png","rendered"
1573,"prefab","YongmeoriCoast","SM_YMC_Grass_01_I","풀·관목 · SM_YMC_Grass_01_I","식생/풀·관목","산길·마을·정원: 수종·계절·잎 알파·양면·LOD 확인","이름·폴더 기반 추정","Assets/YongmeoriCoast/Prefabs/SM_YMC_Grass_01_I.prefab","abc00000000017498920964808272503",1,1,290,290,1,0,0,0,0,0.4755945,0.9676392,0.4828692,"Screenshots/AssetCatalog/Thumbnails/abc00000000017498920964808272503.png","rendered"
1574,"prefab","YongmeoriCoast","SM_YMC_Grass_01_J","풀·관목 · SM_YMC_Grass_01_J","식생/풀·관목","산길·마을·정원: 수종·계절·잎 알파·양면·LOD 확인","이름·폴더 기반 추정","Assets/YongmeoriCoast/Prefabs/SM_YMC_Grass_01_J.prefab","abc00000000003831199000654559868",1,1,310,310,1,0,0,0,0,0.4043691,0.856989,0.4498453,"Screenshots/AssetCatalog/Thumbnails/abc00000000003831199000654559868.png","rendered"
1575,"prefab","YongmeoriCoast","SM_YMC_Grass_01_K","풀·관목 · SM_YMC_Grass_01_K","식생/풀·관목","산길·마을·정원: 수종·계절·잎 알파·양면·LOD 확인","이름·폴더 기반 추정","Assets/YongmeoriCoast/Prefabs/SM_YMC_Grass_01_K.prefab","abc00000000011731188535867964357",1,1,340,340,1,0,0,0,0,0.3844706,0.7087685,0.4590926,"Screenshots/AssetCatalog/Thumbnails/abc00000000011731188535867964357.png","rendered"
1576,"prefab","YongmeoriCoast","SM_YMC_RockShelf01B","층리 절벽·암반 · SM_YMC_RockShelf01B","암석·지형/해안 절벽","절벽·강변 후보: 해안 층리의 지형 적합성과 스케일 확인","이름·폴더 기반 추정","Assets/YongmeoriCoast/Prefabs/SM_YMC_RockShelf01B.prefab","abc00000000017309737683662426653",1,1,1241415,1241415,1,0,0,0,0,30.7022,3.024191,100.9194,"Screenshots/AssetCatalog/Thumbnails/abc00000000017309737683662426653.png","rendered"
1577,"prefab","YongmeoriCoast","SM_YMC_RockShelf02B","층리 절벽·암반 · SM_YMC_RockShelf02B","암석·지형/해안 절벽","절벽·강변 후보: 해안 층리의 지형 적합성과 스케일 확인","이름·폴더 기반 추정","Assets/YongmeoriCoast/Prefabs/SM_YMC_RockShelf02B.prefab","abc00000000012766110637543055856",1,1,1248216,1248216,1,0,0,0,0,31.35541,2.815628,97.52788,"Screenshots/AssetCatalog/Thumbnails/abc00000000012766110637543055856.png","rendered"
1578,"prefab","YongmeoriCoast","SM_YMC_Rocks_01_coast_land_rocks_02_LOD0","해안 암석 · SM_YMC_Rocks_01_coast_land_rocks_02_LOD0","암석·지형/암석","청림 산길·원경: 실루엣·노멀·LOD·먹 농도 조정","이름·폴더 기반 추정","Assets/YongmeoriCoast/Prefabs/SM_YMC_Rocks_01_coast_land_rocks_02_LOD0.prefab","abc00000000016776632168913619256",1,1,1291146,1291146,1,0,0,0,0,4.888633,1.397528,10.45415,"Screenshots/AssetCatalog/Thumbnails/abc00000000016776632168913619256.png","rendered"
1579,"prefab","YongmeoriCoast","SM_YMC_Rocks_02_coast_land_rocks_03_LOD0","해안 암석 · SM_YMC_Rocks_02_coast_land_rocks_03_LOD0","암석·지형/암석","청림 산길·원경: 실루엣·노멀·LOD·먹 농도 조정","이름·폴더 기반 추정","Assets/YongmeoriCoast/Prefabs/SM_YMC_Rocks_02_coast_land_rocks_03_LOD0.prefab","abc00000000018066044923186501506",1,1,1096655,1096655,1,0,0,0,0,5.630442,1.527695,8.975182,"Screenshots/AssetCatalog/Thumbnails/abc00000000018066044923186501506.png","rendered"
1580,"model_without_prefab","HwaseongForteressGate","SM_W_Mountain","지형·산 메시 · SM_W_Mountain","암석·지형/지형·산","청림 산길·원경: 실루엣·노멀·LOD·먹 농도 조정","이름·폴더 기반 추정","Assets/HwaseongForteressGate/Models/CastleWall/SM_W_Mountain.fbx","abc00000000012589763917233960097",1,1,8566,8566,0,0,0,0,0,0.7624179,3.568374,6.717509,"Screenshots/AssetCatalog/Thumbnails/abc00000000012589763917233960097.png","rendered"
1581,"model_without_prefab","HwaseongForteressGate","SM_FineTree","수목 · SM_FineTree","식생/수목","산길·마을·정원: 수종·계절·잎 알파·양면·LOD 확인","이름·폴더 기반 추정","Assets/HwaseongForteressGate/Models/Prop/Environment/SM_FineTree.fbx","abc00000000016379680498536173423",1,1,13133,13133,0,0,0,0,0,4.049346,5.272472,4.804894,"Screenshots/AssetCatalog/Thumbnails/abc00000000016379680498536173423.png","rendered"
1582,"model_without_prefab","HwaseongForteressGate","SM_WIllowTree","수목 · SM_WIllowTree","식생/수목","산길·마을·정원: 수종·계절·잎 알파·양면·LOD 확인","이름·폴더 기반 추정","Assets/HwaseongForteressGate/Models/Prop/Environment/SM_WIllowTree.fbx","abc00000000015060761098967121933",1,1,17530,17530,0,0,0,0,0,2.768422,6.279001,2.664916,"Screenshots/AssetCatalog/Thumbnails/abc00000000015060761098967121933.png","rendered"
1583,"animation_clip_source","KTinteractiveProp","SK_BesideTable_Open","SK_BesideTable_Open","애니메이션/가구 개폐","동일 이름 가구 프리팹의 개폐 애니메이션. 별도 배치 메시 없음.","AnimationClip 하위 자산 확인","Assets/KTinteractiveProp/Volum 02/Meshes/SK_BesideTable_Open.FBX","d9cf60ac575b53c4b9ff7d22bf840cfd",0,0,0,0,0,0,0,0,0,0,0,0,"","NOT_APPLICABLE_ANIMATION"
1584,"animation_clip_source","KTinteractiveProp","SK_Box_Open","SK_Box_Open","애니메이션/가구 개폐","동일 이름 가구 프리팹의 개폐 애니메이션. 별도 배치 메시 없음.","AnimationClip 하위 자산 확인","Assets/KTinteractiveProp/Volum 02/Meshes/SK_Box_Open.FBX","33d450db9d3ed6844a6b40267bc48ec2",0,0,0,0,0,0,0,0,0,0,0,0,"","NOT_APPLICABLE_ANIMATION"
1585,"animation_clip_source","KTinteractiveProp","SK_Closet_Open","SK_Closet_Open","애니메이션/가구 개폐","동일 이름 가구 프리팹의 개폐 애니메이션. 별도 배치 메시 없음.","AnimationClip 하위 자산 확인","Assets/KTinteractiveProp/Volum 02/Meshes/SK_Closet_Open.FBX","670ec547bfb970a4cb27b431a4ce798e",0,0,0,0,0,0,0,0,0,0,0,0,"","NOT_APPLICABLE_ANIMATION"
1586,"animation_clip_source","KTinteractiveProp","SK_HalfChest_Open","SK_HalfChest_Open","애니메이션/가구 개폐","동일 이름 가구 프리팹의 개폐 애니메이션. 별도 배치 메시 없음.","AnimationClip 하위 자산 확인","Assets/KTinteractiveProp/Volum 02/Meshes/SK_HalfChest_Open.FBX","c28c0eddf75980543b92213343e5b248",0,0,0,0,0,0,0,0,0,0,0,0,"","NOT_APPLICABLE_ANIMATION"
1587,"animation_clip_source","KTinteractiveProp","SK_Mirror_Hide","SK_Mirror_Hide","애니메이션/가구 개폐","동일 이름 가구 프리팹의 개폐 애니메이션. 별도 배치 메시 없음.","AnimationClip 하위 자산 확인","Assets/KTinteractiveProp/Volum 02/Meshes/SK_Mirror_Hide.FBX","12ac1dc2c6e0c744bb205a5c0e1d242c",0,0,0,0,0,0,0,0,0,0,0,0,"","NOT_APPLICABLE_ANIMATION"
1588,"animation_clip_source","KTinteractiveProp","SK_ShelfCabinet_Open","SK_ShelfCabinet_Open","애니메이션/가구 개폐","동일 이름 가구 프리팹의 개폐 애니메이션. 별도 배치 메시 없음.","AnimationClip 하위 자산 확인","Assets/KTinteractiveProp/Volum 02/Meshes/SK_ShelfCabinet_Open.FBX","f2f2b70c3c5bb114f80ab5d9f14b3134",0,0,0,0,0,0,0,0,0,0,0,0,"","NOT_APPLICABLE_ANIMATION"
1589,"animation_clip_source","KTinteractiveProp","SK_StorageCabinets_Open","SK_StorageCabinets_Open","애니메이션/가구 개폐","동일 이름 가구 프리팹의 개폐 애니메이션. 별도 배치 메시 없음.","AnimationClip 하위 자산 확인","Assets/KTinteractiveProp/Volum 02/Meshes/SK_StorageCabinets_Open.FBX","e11d7a7601389d6408404ce64a88ffb4",0,0,0,0,0,0,0,0,0,0,0,0,"","NOT_APPLICABLE_ANIMATION"
1590,"animation_clip_source","KTinteractiveProp","SK_Tabletop_Open","SK_Tabletop_Open","애니메이션/가구 개폐","동일 이름 가구 프리팹의 개폐 애니메이션. 별도 배치 메시 없음.","AnimationClip 하위 자산 확인","Assets/KTinteractiveProp/Volum 02/Meshes/SK_Tabletop_Open.FBX","81091116cefc6ad4783d0669d73bcecf",0,0,0,0,0,0,0,0,0,0,0,0,"","NOT_APPLICABLE_ANIMATION"
